dt,기온_광주,풍속_광주,일사_광주,기온_전주,풍속_전주,일사_전주,기온_군산,풍속_군산,일사_군산,기온_목포,풍속_목포,일사_목포,기온_호남평균,풍속_호남평균,일사_호남평균
2025-01-01 01:00,-0.3,1.1,,-1.4,0.8,,-3.2,1.2,,0.5,0.9,,-1.1,1.0,0.0
2025-01-01 02:00,-0.9,0.3,,-1.8,1.4,,-2.6,2.4,,0.7,1.1,,-1.1500000000000001,1.2999999999999998,0.0
2025-01-01 03:00,-1.0,0.0,,-2.0,1.3,,-2.6,1.3,,0.4,1.6,,-1.2999999999999998,1.05,0.0
2025-01-01 04:00,-1.2,0.6,,-1.7,1.3,,-3.1,2.9,,0.1,1.2,,-1.475,1.5,0.0
2025-01-01 05:00,-1.7,0.4,,-1.6,1.4,,-2.5,2.0,,-0.4,1.8,,-1.55,1.4,0.0
2025-01-01 06:00,-1.8,0.2,,-1.6,1.5,,-3.7,1.1,,-0.4,1.4,,-1.8750000000000002,1.0499999999999998,0.0
2025-01-01 07:00,-2.1,0.1,,-1.5,1.9,,-3.7,0.5,,-0.7,2.8,,-2.0,1.325,0.0
2025-01-01 08:00,-2.0,0.7,0.07,-1.3,1.5,0.01,-3.9,0.0,,-1.0,3.0,0.01,-2.05,1.3,0.03
2025-01-01 09:00,-0.9,0.4,0.43,0.5,1.1,0.31,-2.0,0.4,,0.9,2.3,0.29,-0.375,1.0499999999999998,0.3433333333333333
2025-01-01 10:00,1.0,0.4,1.06,2.6,1.2,0.86,2.2,1.4,,4.1,1.7,0.94,2.475,1.175,0.9533333333333333
2025-01-01 11:00,3.4,0.8,1.59,5.3,0.9,1.36,4.4,2.6,,6.2,2.3,1.49,4.825,1.6500000000000001,1.4800000000000002
2025-01-01 12:00,5.3,0.8,1.93,7.3,0.9,1.68,6.8,2.2,,7.7,1.2,1.86,6.7749999999999995,1.2750000000000001,1.8233333333333333
2025-01-01 13:00,7.0,1.2,2.05,8.7,2.0,1.8,9.0,1.3,,8.2,2.1,1.99,8.225,1.65,1.9466666666666665
2025-01-01 14:00,9.2,1.7,1.94,8.9,2.5,1.73,9.2,3.0,,8.6,2.9,1.89,8.975,2.525,1.8533333333333333
2025-01-01 15:00,9.5,1.6,1.5,8.8,2.4,1.45,8.3,3.4,,8.8,3.9,1.6,8.850000000000001,2.825,1.5166666666666668
2025-01-01 16:00,9.1,1.7,1.08,8.9,2.6,0.95,8.0,2.9,,8.4,3.7,1.11,8.6,2.7249999999999996,1.0466666666666669
2025-01-01 17:00,8.0,1.5,0.5,7.8,3.1,0.4,7.3,2.3,,7.8,2.6,0.51,7.7250000000000005,2.375,0.47000000000000003
2025-01-01 18:00,6.8,1.1,0.09,6.8,1.5,0.03,5.5,0.5,,6.7,2.2,0.05,6.45,1.3250000000000002,0.056666666666666664
2025-01-01 19:00,6.0,0.9,,6.2,0.9,,4.3,0.3,,6.0,1.9,,5.625,1.0,0.0
2025-01-01 20:00,5.3,0.5,,4.5,1.2,,3.4,0.4,,5.3,1.0,,4.625,0.775,0.0
2025-01-01 21:00,4.5,0.0,,3.3,1.4,,2.2,0.6,,5.2,0.0,,3.8,0.5,0.0
2025-01-01 22:00,3.9,0.0,,2.6,0.9,,1.6,0.1,,4.5,1.2,,3.15,0.55,0.0
2025-01-01 23:00,3.1,0.2,,1.5,1.5,,0.8,0.0,,4.0,1.6,,2.3499999999999996,0.825,0.0
2025-01-02 00:00,2.6,0.9,,1.1,1.6,,-0.3,0.3,,3.2,1.4,,1.6500000000000001,1.0499999999999998,0.0
2025-01-02 01:00,1.9,0.0,,0.3,1.5,,-0.3,0.7,,2.9,0.0,,1.2,0.55,0.0
2025-01-02 02:00,1.4,0.0,,0.5,1.1,,-0.4,0.9,,2.6,1.2,,1.025,0.8,0.0
2025-01-02 03:00,0.6,0.0,,0.2,1.7,,-0.5,0.6,,2.3,1.8,,0.6499999999999999,1.025,0.0
2025-01-02 04:00,0.3,0.0,,0.5,1.3,,-1.2,0.0,,2.2,0.2,,0.45000000000000007,0.375,0.0
2025-01-02 05:00,-0.2,0.0,,0.4,1.9,,-1.5,0.0,,1.9,0.5,,0.14999999999999997,0.6,0.0
2025-01-02 06:00,-0.4,0.0,,-0.2,1.4,,-1.8,0.5,,1.7,0.6,,-0.1750000000000001,0.625,0.0
2025-01-02 07:00,-0.6,0.0,,-0.4,1.2,,-2.2,0.2,,1.2,1.0,,-0.5,0.6,0.0
2025-01-02 08:00,-0.6,0.0,0.07,-0.2,0.7,0.01,-2.6,0.1,,0.8,1.0,0.0,-0.6500000000000001,0.44999999999999996,0.02666666666666667
2025-01-02 09:00,0.1,0.3,0.35,0.9,0.6,0.29,-1.2,0.3,,1.5,0.0,0.26,0.325,0.3,0.3
2025-01-02 10:00,2.2,0.3,0.92,3.1,0.2,0.82,1.7,0.3,,3.3,0.4,0.77,2.575,0.30000000000000004,0.8366666666666666
2025-01-02 11:00,4.9,1.0,1.49,4.2,0.9,1.3,3.6,2.0,,5.1,2.3,1.29,4.45,1.5499999999999998,1.36
2025-01-02 12:00,6.7,1.2,1.88,5.4,1.0,1.67,5.1,2.3,,6.1,4.4,1.67,5.825000000000001,2.225,1.74
2025-01-02 13:00,8.5,1.2,2.02,6.6,1.4,1.84,5.8,2.4,,7.1,4.4,1.89,7.0,2.35,1.9166666666666667
2025-01-02 14:00,9.2,1.8,1.95,6.4,1.9,1.75,5.9,3.0,,6.8,5.1,1.87,7.075,2.95,1.8566666666666667
2025-01-02 15:00,8.4,1.6,1.61,7.1,1.7,1.44,7.0,1.5,,6.6,5.3,1.55,7.275,2.525,1.5333333333333332
2025-01-02 16:00,8.1,1.5,1.06,6.7,1.6,0.97,6.1,2.5,,5.7,5.9,1.05,6.6499999999999995,2.875,1.0266666666666666
2025-01-02 17:00,6.8,1.0,0.47,6.1,1.7,0.39,5.4,2.6,,4.8,4.7,0.44,5.7749999999999995,2.5,0.43333333333333335
2025-01-02 18:00,5.7,1.3,0.09,4.5,1.9,0.02,3.3,1.0,,4.3,5.2,0.05,4.45,2.35,0.05333333333333334
2025-01-02 19:00,4.5,1.2,,4.0,0.6,,2.1,1.1,,4.2,4.7,,3.7,1.9,0.0
2025-01-02 20:00,3.5,1.8,,2.7,1.6,,0.7,1.1,,3.9,3.0,,2.7,1.875,0.0
2025-01-02 21:00,3.1,1.3,,2.2,1.4,,0.3,2.2,,3.1,1.8,,2.1750000000000003,1.675,0.0
2025-01-02 22:00,3.2,0.7,,1.6,1.3,,-0.3,0.7,,3.1,2.0,,1.9000000000000004,1.175,0.0
2025-01-02 23:00,2.9,1.4,,1.7,1.1,,-0.5,1.4,,3.1,3.0,,1.7999999999999998,1.725,0.0
2025-01-03 00:00,1.9,2.8,,1.3,0.4,,-0.7,1.6,,2.2,2.2,,1.175,1.75,0.0
2025-01-03 01:00,1.3,1.3,,-0.4,1.3,,-0.5,1.0,,2.6,4.4,,0.75,2.0,0.0
2025-01-03 02:00,1.1,0.8,,-0.5,0.9,,-0.3,0.7,,2.0,2.5,,0.5750000000000001,1.225,0.0
2025-01-03 03:00,0.9,0.8,,-0.7,0.1,,0.1,2.9,,1.9,2.7,,0.55,1.625,0.0
2025-01-03 04:00,0.8,1.1,,-0.8,1.1,,-0.3,0.5,,2.3,2.1,,0.49999999999999994,1.2000000000000002,0.0
2025-01-03 05:00,0.4,0.8,,-0.6,0.6,,-0.6,0.9,,3.8,6.5,,0.75,2.2,0.0
2025-01-03 06:00,0.0,1.2,,-0.6,0.8,,-1.4,0.7,,3.3,8.3,,0.32499999999999996,2.75,0.0
2025-01-03 07:00,-0.7,1.9,,-1.7,2.0,,-1.8,1.3,,2.7,5.0,,-0.375,2.55,0.0
2025-01-03 08:00,-0.5,1.8,0.07,-2.2,1.2,0.01,-2.8,0.2,,2.4,4.1,0.01,-0.775,1.825,0.03
2025-01-03 09:00,0.9,3.0,0.4,-1.3,2.0,0.31,-1.4,0.6,,1.8,4.3,0.28,5.551115123125783e-17,2.4749999999999996,0.33
2025-01-03 10:00,1.8,4.2,0.8,0.5,0.9,0.93,1.0,1.0,,1.4,8.1,0.83,1.1749999999999998,3.55,0.8533333333333334
2025-01-03 11:00,3.2,4.6,1.67,2.2,2.9,1.45,2.5,1.3,,2.2,4.3,1.09,2.5250000000000004,3.2750000000000004,1.4033333333333333
2025-01-03 12:00,3.8,2.8,2.05,2.4,3.4,1.8,2.8,1.8,,2.8,6.2,1.93,2.95,3.55,1.9266666666666665
2025-01-03 13:00,4.7,3.7,2.16,2.7,1.6,1.92,4.7,1.9,,3.0,5.6,2.09,3.7750000000000004,3.2,2.0566666666666666
2025-01-03 14:00,4.4,2.5,2.05,3.5,2.1,1.83,3.4,5.0,,3.1,4.3,1.93,3.6,3.4749999999999996,1.9366666666666665
2025-01-03 15:00,5.0,2.5,1.7,3.7,1.6,1.52,3.2,5.1,,3.5,5.8,1.66,3.8499999999999996,3.75,1.6266666666666667
2025-01-03 16:00,4.8,1.4,1.11,4.1,2.6,0.96,2.8,3.5,,3.3,5.5,0.95,3.75,3.25,1.0066666666666668
2025-01-03 17:00,3.6,1.5,0.56,3.0,2.0,0.42,1.6,2.2,,3.0,2.9,0.42,2.8,2.15,0.4666666666666666
2025-01-03 18:00,2.5,0.9,0.1,2.3,2.4,0.04,0.1,2.6,,2.8,2.5,0.04,1.9249999999999998,2.1,0.060000000000000005
2025-01-03 19:00,2.5,1.1,,1.5,1.5,,-0.4,1.5,,2.1,0.4,,1.425,1.125,0.0
2025-01-03 20:00,2.2,1.6,,1.0,1.1,,-0.5,2.2,,2.3,1.1,,1.25,1.5,0.0
2025-01-03 21:00,2.5,1.5,,0.5,0.0,,-0.7,1.4,,3.7,4.5,,1.5,1.85,0.0
2025-01-03 22:00,2.6,1.1,,0.5,0.3,,-0.9,0.3,,4.1,3.3,,1.575,1.25,0.0
2025-01-03 23:00,2.2,0.7,,0.8,0.8,,-0.7,0.9,,4.5,4.2,,1.7,1.65,0.0
2025-01-04 00:00,2.0,0.2,,0.9,0.4,,-1.2,1.4,,4.3,4.4,,1.5,1.6,0.0
2025-01-04 01:00,1.5,0.0,,0.1,0.6,,-1.1,0.0,,4.0,3.2,,1.125,0.9500000000000001,0.0
2025-01-04 02:00,1.7,0.7,,0.0,0.8,,-0.8,0.1,,4.2,5.0,,1.275,1.65,0.0
2025-01-04 03:00,0.6,1.4,,0.6,0.3,,-1.0,0.7,,4.0,4.6,,1.05,1.75,0.0
2025-01-04 04:00,1.4,0.9,,-0.1,0.8,,-1.7,0.8,,3.8,5.5,,0.8499999999999999,2.0,0.0
2025-01-04 05:00,1.2,0.1,,-1.3,0.9,,-2.9,0.5,,3.8,5.4,,0.19999999999999996,1.725,0.0
2025-01-04 06:00,0.5,1.7,,-0.8,0.6,,-3.4,0.0,,2.8,3.3,,-0.2250000000000001,1.4,0.0
2025-01-04 07:00,0.1,2.5,,-1.9,1.1,,-3.9,0.2,,2.0,2.7,,-0.9249999999999998,1.625,0.0
2025-01-04 08:00,-0.3,1.9,0.07,-2.2,1.3,0.01,-4.3,0.0,,0.5,2.3,0.0,-1.575,1.375,0.02666666666666667
2025-01-04 09:00,1.2,1.3,0.43,-0.4,0.9,0.39,-2.2,0.1,,2.7,1.6,0.33,0.32499999999999996,0.9750000000000001,0.38333333333333336
2025-01-04 10:00,3.2,1.7,1.1,1.5,0.7,0.99,0.0,0.3,,4.4,2.6,0.96,2.2750000000000004,1.325,1.0166666666666666
2025-01-04 11:00,4.2,1.3,1.32,3.2,0.5,1.46,2.1,2.6,,5.0,1.3,1.55,3.625,1.425,1.4433333333333334
2025-01-04 12:00,5.4,0.6,1.97,4.1,1.6,1.75,3.9,1.3,,6.0,1.0,1.89,4.85,1.125,1.8699999999999999
2025-01-04 13:00,5.1,1.4,1.79,4.4,1.3,1.9,4.4,2.9,,6.4,3.1,2.27,5.075,2.175,1.9866666666666666
2025-01-04 14:00,6.2,0.8,0.88,6.0,1.0,1.69,4.1,1.5,,6.7,4.0,2.06,5.749999999999999,1.825,1.5433333333333332
2025-01-04 15:00,7.5,1.7,1.33,5.4,1.4,1.06,4.9,1.0,,6.4,4.5,1.71,6.050000000000001,2.15,1.3666666666666665
2025-01-04 16:00,6.1,1.9,1.18,4.9,1.5,0.5,5.8,1.5,,6.0,5.5,1.21,5.7,2.6,0.9633333333333333
2025-01-04 17:00,5.4,1.7,0.51,4.7,0.8,0.37,4.7,1.1,,5.7,3.5,0.57,5.125,1.775,0.48333333333333334
2025-01-04 18:00,4.6,0.8,0.11,3.8,0.1,0.04,2.3,0.0,,4.8,1.8,0.06,3.875,0.675,0.06999999999999999
2025-01-04 19:00,4.3,0.9,,3.2,0.1,,1.5,1.5,,4.2,1.1,,3.3,0.9,0.0
2025-01-04 20:00,3.2,0.8,,1.4,1.7,,1.1,2.0,,3.9,1.5,,2.4,1.5,0.0
2025-01-04 21:00,2.4,1.2,,0.7,1.4,,-0.2,0.2,,3.0,1.7,,1.4749999999999999,1.125,0.0
2025-01-04 22:00,1.8,0.4,,0.5,1.3,,-1.1,1.7,,2.2,3.6,,0.85,1.75,0.0
2025-01-04 23:00,1.1,0.9,,-0.5,1.2,,-1.4,0.6,,1.9,4.1,,0.275,1.7,0.0
2025-01-05 00:00,0.5,0.6,,-0.6,1.0,,-2.0,1.0,,1.6,1.0,,-0.125,0.9,0.0
2025-01-05 01:00,0.2,1.3,,-0.4,1.5,,-2.2,2.2,,1.4,2.4,,-0.2500000000000001,1.85,0.0
2025-01-05 02:00,0.0,0.5,,-0.6,1.9,,-2.2,2.9,,1.2,2.3,,-0.4000000000000001,1.9,0.0
2025-01-05 03:00,-0.1,0.9,,-0.2,1.6,,-1.0,3.0,,1.1,2.9,,-0.04999999999999999,2.1,0.0
2025-01-05 04:00,-0.8,0.4,,0.2,0.9,,-1.7,1.7,,1.1,2.8,,-0.29999999999999993,1.45,0.0
2025-01-05 05:00,-0.1,0.6,,0.3,1.5,,-0.3,3.7,,1.3,2.8,,0.3,2.1500000000000004,0.0
2025-01-05 06:00,0.3,0.0,,1.2,2.1,,0.6,4.3,,1.8,4.6,,0.9750000000000001,2.75,0.0
2025-01-05 07:00,0.6,1.9,,2.0,1.8,,0.8,3.9,,1.3,4.5,,1.175,3.025,0.0
2025-01-05 08:00,1.4,0.5,0.07,2.6,2.3,0.0,2.1,4.4,,1.3,2.3,0.0,1.8499999999999999,2.375,0.023333333333333334
2025-01-05 09:00,0.8,0.7,0.09,1.6,1.9,0.03,0.8,4.6,,1.9,5.0,0.06,1.275,3.05,0.06
2025-01-05 10:00,1.5,0.2,0.26,1.6,1.8,0.11,0.7,4.6,,3.2,4.2,0.17,1.75,2.7,0.18000000000000002
2025-01-05 11:00,2.6,0.6,0.5,2.2,1.3,0.18,2.1,4.4,,4.0,2.9,0.24,2.725,2.3000000000000003,0.30666666666666664
2025-01-05 12:00,2.6,0.1,0.29,4.6,1.7,0.61,3.8,5.0,,4.9,5.1,0.4,3.975,2.9749999999999996,0.4333333333333333
2025-01-05 13:00,4.2,0.8,0.57,5.3,2.3,0.56,3.9,2.2,,6.2,5.6,0.76,4.9,2.7249999999999996,0.63
2025-01-05 14:00,5.5,0.9,0.88,4.2,1.6,0.15,5.1,3.9,,7.2,4.6,0.83,5.5,2.75,0.62
2025-01-05 15:00,6.4,0.3,0.79,3.6,2.3,0.21,5.6,4.5,,7.9,3.9,0.76,5.875,2.75,0.5866666666666667
2025-01-05 16:00,4.6,1.1,0.17,4.8,2.3,0.32,5.5,4.6,,7.1,1.9,0.09,5.5,2.475,0.19333333333333333
2025-01-05 17:00,4.9,0.5,0.21,4.7,2.4,0.25,5.3,4.0,,7.2,2.6,0.1,5.525,2.375,0.18666666666666665
2025-01-05 18:00,4.7,1.0,0.08,4.8,1.6,0.03,5.0,2.6,,7.3,2.4,0.01,5.45,1.9,0.04
2025-01-05 19:00,4.0,0.7,,4.8,2.3,,4.7,3.1,,6.6,2.8,,5.025,2.2249999999999996,0.0
2025-01-05 20:00,3.8,0.2,,4.5,1.8,,4.1,2.5,,6.0,4.4,,4.6,2.225,0.0
2025-01-05 21:00,3.3,0.2,,4.8,2.1,,4.3,3.3,,5.8,4.4,,4.55,2.5,0.0
2025-01-05 22:00,3.1,0.0,,4.3,1.8,,4.0,1.4,,5.5,3.8,,4.225,1.75,0.0
2025-01-05 23:00,2.3,0.2,,4.4,1.8,,3.3,1.0,,5.2,3.6,,3.8,1.65,0.0
2025-01-06 00:00,1.9,0.0,,4.2,1.5,,3.8,2.1,,5.1,3.6,,3.7499999999999996,1.8,0.0
2025-01-06 01:00,1.8,0.1,,4.0,1.7,,3.8,3.3,,4.8,2.9,,3.5999999999999996,2.0,0.0
2025-01-06 02:00,1.5,0.6,,3.8,1.6,,4.2,1.5,,4.7,2.9,,3.55,1.65,0.0
2025-01-06 03:00,1.3,0.2,,3.5,1.6,,4.3,1.5,,4.2,3.0,,3.325,1.575,0.0
2025-01-06 04:00,1.7,0.7,,4.2,1.4,,3.6,1.5,,4.3,2.9,,3.45,1.625,0.0
2025-01-06 05:00,1.3,0.6,,4.0,1.1,,4.1,1.5,,4.2,2.7,,3.3999999999999995,1.475,0.0
2025-01-06 06:00,1.0,1.1,,3.9,1.4,,3.3,2.0,,5.3,2.2,,3.375,1.675,0.0
2025-01-06 07:00,0.7,0.6,,3.4,1.3,,3.3,0.4,,5.3,2.1,,3.175,1.1,0.0
2025-01-06 08:00,0.6,0.5,0.07,5.2,2.0,0.01,4.5,5.2,,5.7,3.3,0.0,4.0,2.75,0.02666666666666667
2025-01-06 09:00,1.0,0.0,0.22,5.4,3.8,0.16,3.7,1.2,,5.8,3.6,0.2,3.9750000000000005,2.15,0.19333333333333336
2025-01-06 10:00,2.7,0.2,0.54,5.7,2.6,0.48,4.6,1.4,,6.0,3.7,0.37,4.75,1.975,0.4633333333333334
2025-01-06 11:00,4.0,0.5,0.87,4.5,2.4,0.24,4.6,3.6,,6.0,8.0,0.59,4.775,3.625,0.5666666666666665
2025-01-06 12:00,4.7,1.3,0.84,4.3,1.2,0.47,4.9,8.6,,6.0,8.2,1.63,4.975,4.824999999999999,0.98
2025-01-06 13:00,5.5,2.0,0.87,4.6,3.1,0.99,4.7,8.1,,6.2,9.1,1.93,5.25,5.574999999999999,1.2633333333333334
2025-01-06 14:00,5.6,1.9,0.74,5.3,5.0,1.23,4.0,8.2,,5.0,10.3,1.08,4.975,6.35,1.0166666666666666
2025-01-06 15:00,4.5,3.6,0.54,4.2,4.7,0.66,3.5,7.9,,4.5,11.2,0.88,4.175,6.8500000000000005,0.6933333333333334
2025-01-06 16:00,4.4,4.0,0.65,3.7,2.4,0.23,3.2,8.8,,4.1,8.6,0.59,3.85,5.95,0.49
2025-01-06 17:00,3.7,2.0,0.37,3.2,4.6,0.1,2.7,8.7,,3.7,9.8,0.49,3.325,6.275,0.32
2025-01-06 18:00,2.9,2.6,0.09,2.5,3.2,0.01,2.1,9.0,,3.3,10.4,0.04,2.7,6.300000000000001,0.04666666666666666
2025-01-06 19:00,2.6,2.1,,1.8,2.7,,1.7,7.1,,3.1,9.2,,2.3000000000000003,5.275,0.0
2025-01-06 20:00,0.8,2.8,,1.2,3.1,,1.3,6.1,,2.5,8.3,,1.45,5.075,0.0
2025-01-06 21:00,1.1,2.2,,0.6,3.3,,1.0,4.0,,2.2,7.2,,1.225,4.175,0.0
2025-01-06 22:00,0.8,1.2,,0.4,1.8,,-0.6,3.6,,2.6,7.3,,0.8,3.4749999999999996,0.0
2025-01-06 23:00,1.0,1.4,,0.0,2.1,,-0.8,3.3,,2.2,7.4,,0.6000000000000001,3.55,0.0
2025-01-07 00:00,1.1,0.8,,-0.5,1.4,,-1.6,1.1,,1.8,6.6,,0.2,2.475,0.0
2025-01-07 01:00,0.8,1.2,,-1.1,1.6,,-1.7,1.3,,1.1,5.8,,-0.22499999999999998,2.4749999999999996,0.0
2025-01-07 02:00,-0.5,0.4,,-1.6,1.0,,-1.9,0.4,,0.8,4.7,,-0.8,1.625,0.0
2025-01-07 03:00,-0.8,0.1,,-1.4,0.6,,-2.0,0.1,,0.3,5.3,,-0.9750000000000001,1.525,0.0
2025-01-07 04:00,-0.8,1.4,,-1.8,1.4,,-2.1,2.1,,0.1,6.0,,-1.1500000000000001,2.725,0.0
2025-01-07 05:00,-1.4,1.7,,-2.2,1.0,,-2.3,2.2,,0.2,6.3,,-1.425,2.8,0.0
2025-01-07 06:00,-1.8,0.9,,-2.6,0.7,,-3.0,1.0,,0.5,7.6,,-1.725,2.55,0.0
2025-01-07 07:00,-2.1,0.7,,-2.3,0.1,,-3.7,0.9,,-0.6,4.8,,-2.1750000000000003,1.625,0.0
2025-01-07 08:00,-2.2,1.0,0.07,-2.8,1.1,0.01,-3.3,1.2,,-1.1,2.9,0.01,-2.35,1.5499999999999998,0.03
2025-01-07 09:00,-1.6,1.5,0.27,-1.3,0.8,0.3,-2.0,1.5,,-0.7,1.1,0.25,-1.4000000000000001,1.225,0.2733333333333334
2025-01-07 10:00,-0.2,0.6,0.92,0.2,1.0,0.82,-0.6,2.0,,0.2,1.4,0.73,-0.09999999999999999,1.25,0.8233333333333333
2025-01-07 11:00,-1.2,0.6,0.47,0.8,1.8,1.36,-0.7,2.9,,0.8,1.8,0.88,-0.07499999999999996,1.775,0.9033333333333333
2025-01-07 12:00,-1.1,0.5,0.59,1.7,0.8,1.41,-0.3,3.0,,1.9,2.8,1.34,0.5499999999999999,1.775,1.1133333333333333
2025-01-07 13:00,-0.7,0.9,0.25,1.3,2.0,1.08,-0.2,1.9,,3.8,7.9,0.87,1.05,3.175,0.7333333333333334
2025-01-07 14:00,-0.6,0.7,0.24,0.8,1.5,0.8,0.1,2.3,,4.8,9.2,1.35,1.275,3.425,0.7966666666666667
2025-01-07 15:00,1.1,0.8,0.23,1.5,1.2,0.5,1.7,3.1,,4.0,7.1,1.12,2.075,3.05,0.6166666666666667
2025-01-07 16:00,1.0,1.5,0.24,1.3,2.2,0.5,0.9,3.2,,4.2,7.0,1.29,1.85,3.475,0.6766666666666667
2025-01-07 17:00,1.4,1.2,0.27,0.8,1.8,0.43,0.5,2.8,,3.3,4.9,0.63,1.5,2.675,0.44333333333333336
2025-01-07 18:00,0.0,0.7,0.09,0.7,2.8,0.02,-0.1,2.8,,2.6,3.9,0.06,0.8,2.55,0.056666666666666664
2025-01-07 19:00,0.0,0.4,,0.3,2.2,,-1.2,0.3,,3.9,6.3,,0.75,2.3,0.0
2025-01-07 20:00,0.5,1.4,,-0.5,1.6,,-0.8,0.3,,4.3,6.5,,0.875,2.45,0.0
2025-01-07 21:00,-0.3,1.0,,-0.7,0.7,,-0.8,1.4,,3.0,7.9,,0.3,2.75,0.0
2025-01-07 22:00,0.2,1.3,,-0.7,0.0,,-1.5,1.3,,3.4,7.0,,0.35,2.4,0.0
2025-01-07 23:00,0.1,0.7,,-0.7,0.8,,-1.7,1.6,,3.0,5.6,,0.17500000000000004,2.175,0.0
2025-01-08 00:00,-0.1,0.4,,-1.3,0.7,,-1.4,1.6,,2.6,4.1,,-0.04999999999999993,1.7,0.0
2025-01-08 01:00,-1.1,1.0,,-1.6,0.7,,-2.3,1.6,,2.5,2.9,,-0.625,1.5499999999999998,0.0
2025-01-08 02:00,-0.9,1.5,,-1.7,1.1,,-1.7,2.0,,2.3,0.9,,-0.5,1.375,0.0
2025-01-08 03:00,-0.9,0.5,,-1.3,0.5,,-1.9,2.8,,2.5,1.5,,-0.3999999999999999,1.325,0.0
2025-01-08 04:00,-0.9,0.5,,-1.3,0.5,,-1.6,1.9,,3.7,4.8,,-0.025000000000000022,1.9249999999999998,0.0
2025-01-08 05:00,-0.4,0.7,,-1.3,0.5,,-2.4,1.6,,4.5,7.9,,0.10000000000000009,2.675,0.0
2025-01-08 06:00,-1.2,0.9,,-1.8,0.4,,-3.5,0.7,,2.8,6.3,,-0.925,2.075,0.0
2025-01-08 07:00,-1.4,0.9,,-2.2,1.1,,-4.9,1.4,,2.1,2.1,,-1.6,1.375,0.0
2025-01-08 08:00,-1.5,0.6,0.07,-2.6,0.3,0.01,-3.8,1.6,,1.7,2.7,0.0,-1.5499999999999998,1.3,0.02666666666666667
2025-01-08 09:00,-0.1,0.3,0.22,-1.3,0.9,0.19,-3.8,2.2,,3.1,1.8,0.32,-0.525,1.3,0.24333333333333332
2025-01-08 10:00,1.6,0.1,0.71,0.5,1.4,0.46,-1.9,1.1,,5.2,0.5,0.93,1.35,0.775,0.7000000000000001
2025-01-08 11:00,2.8,0.7,1.71,1.8,0.9,1.01,-0.9,0.3,,5.4,1.1,1.48,2.275,0.75,1.3999999999999997
2025-01-08 12:00,4.4,1.1,1.92,0.6,1.0,0.77,1.2,0.4,,7.0,2.5,1.87,3.3,1.25,1.5200000000000002
2025-01-08 13:00,4.0,2.1,1.66,2.7,1.2,1.27,1.1,2.0,,7.5,4.2,2.15,3.825,2.375,1.6933333333333334
2025-01-08 14:00,5.1,1.2,1.41,2.1,2.9,0.88,1.7,1.5,,8.0,2.7,1.94,4.225,2.075,1.4100000000000001
2025-01-08 15:00,5.8,1.4,1.39,1.7,1.2,0.64,0.8,1.7,,8.1,3.9,1.63,4.1,2.05,1.22
2025-01-08 16:00,5.2,1.9,0.58,0.9,1.7,0.22,0.6,4.3,,6.1,5.0,0.51,3.2,3.2249999999999996,0.4366666666666667
2025-01-08 17:00,2.9,1.2,0.46,0.6,2.5,0.11,-0.1,5.6,,3.5,8.4,0.02,1.725,4.425000000000001,0.19666666666666668
2025-01-08 18:00,2.3,1.4,0.08,-0.2,3.1,0.01,-1.0,4.8,,2.8,7.8,0.01,0.9749999999999999,4.275,0.03333333333333333
2025-01-08 19:00,0.8,3.5,,-1.0,1.6,,-1.9,3.7,,1.6,8.5,,-0.12499999999999989,4.325,0.0
2025-01-08 20:00,0.7,1.5,,-1.3,2.6,,-2.3,1.7,,1.4,8.0,,-0.375,3.45,0.0
2025-01-08 21:00,-0.6,1.2,,-1.8,0.9,,-1.0,7.5,,1.0,9.4,,-0.6,4.75,0.0
2025-01-08 22:00,-0.7,1.4,,-1.5,2.4,,-1.5,6.6,,1.2,8.5,,-0.625,4.725,0.0
2025-01-08 23:00,-0.5,0.7,,-2.5,2.2,,-1.5,7.0,,0.4,8.3,,-1.025,4.550000000000001,0.0
2025-01-09 00:00,-1.3,1.9,,-3.0,3.2,,-3.6,4.1,,-0.2,10.2,,-2.025,4.85,0.0
2025-01-09 01:00,-1.5,1.1,,-3.6,2.3,,-4.1,4.4,,-1.0,7.3,,-2.55,3.7750000000000004,0.0
2025-01-09 02:00,-2.1,1.2,,-3.6,3.7,,-4.6,6.6,,-0.4,8.2,,-2.6750000000000003,4.925,0.0
2025-01-09 03:00,-2.4,1.9,,-4.2,5.5,,-6.0,8.1,,-1.6,8.3,,-3.55,5.95,0.0
2025-01-09 04:00,-3.7,3.6,,-6.4,3.9,,-7.0,3.6,,-3.2,10.1,,-5.075,5.3,0.0
2025-01-09 05:00,-4.9,2.8,,-7.4,1.5,,-7.9,0.4,,-3.7,6.9,,-5.9750000000000005,2.9000000000000004,0.0
2025-01-09 06:00,-6.3,2.7,,-7.4,1.2,,-8.5,0.6,,-3.1,4.6,,-6.325,2.275,0.0
2025-01-09 07:00,-6.6,2.9,,-7.5,1.1,,-8.2,0.8,,-3.7,3.8,,-6.499999999999999,2.15,0.0
2025-01-09 08:00,-6.3,1.2,0.07,-7.6,1.0,0.02,-8.3,0.5,,-5.2,1.4,0.01,-6.85,1.025,0.03333333333333333
2025-01-09 09:00,-5.5,1.9,0.36,-7.1,2.2,0.28,-7.5,1.2,,-4.6,1.4,0.19,-6.175000000000001,1.6749999999999998,0.27666666666666667
2025-01-09 10:00,-6.1,2.5,0.55,-6.5,1.6,0.88,-6.4,1.7,,-4.1,2.9,0.19,-5.775,2.175,0.54
2025-01-09 11:00,-6.1,3.1,0.74,-6.2,2.0,1.05,-6.0,1.8,,-1.4,7.9,0.67,-4.925,3.7,0.82
2025-01-09 12:00,-4.3,2.2,1.5,-5.5,2.3,1.84,-6.7,1.9,,-4.3,3.5,1.27,-5.2,2.475,1.5366666666666664
2025-01-09 13:00,-3.1,1.1,2.14,-6.1,2.6,1.23,-6.8,3.4,,-3.5,6.3,1.99,-4.875,3.3499999999999996,1.7866666666666668
2025-01-09 14:00,-3.6,2.2,1.71,-6.8,3.2,0.6,-6.4,5.8,,-4.3,6.2,1.43,-5.275,4.35,1.2466666666666668
2025-01-09 15:00,-4.9,3.4,0.93,-6.6,3.8,0.81,-5.6,6.9,,-4.5,6.0,0.61,-5.4,5.025,0.7833333333333333
2025-01-09 16:00,-5.8,2.2,0.55,-5.5,4.5,0.6,-6.6,7.9,,-3.7,10.7,0.52,-5.3999999999999995,6.325,0.5566666666666666
2025-01-09 17:00,-5.8,0.6,0.23,-6.7,3.8,0.47,-7.3,6.9,,-4.7,12.2,0.38,-6.125,5.875,0.36000000000000004
2025-01-09 18:00,-5.3,1.7,0.08,-7.4,4.0,0.04,-7.2,8.1,,-4.0,11.1,0.04,-5.975,6.225,0.05333333333333334
2025-01-09 19:00,-6.2,3.0,,-8.1,3.6,,-7.9,6.8,,-3.8,9.4,,-6.500000000000001,5.699999999999999,0.0
2025-01-09 20:00,-6.3,2.7,,-8.7,3.3,,-8.4,4.5,,-4.4,9.4,,-6.949999999999999,4.975,0.0
2025-01-09 21:00,-6.3,3.2,,-9.4,3.5,,-9.1,2.2,,-3.9,9.4,,-7.174999999999999,4.575,0.0
2025-01-09 22:00,-7.2,3.5,,-10.0,2.7,,-10.4,1.1,,-3.1,11.1,,-7.675000000000001,4.6,0.0
2025-01-09 23:00,-7.7,2.5,,-10.4,2.4,,-11.0,1.1,,-4.4,9.7,,-8.375,3.925,0.0
2025-01-10 00:00,-9.1,3.4,,-10.6,1.6,,-11.0,1.2,,-3.8,9.5,,-8.625,3.925,0.0
2025-01-10 01:00,-9.4,4.0,,-10.5,1.5,,-11.1,0.8,,-6.0,5.3,,-9.25,2.9,0.0
2025-01-10 02:00,-9.6,3.1,,-10.8,1.0,,-12.6,0.8,,-6.8,2.6,,-9.95,1.875,0.0
2025-01-10 03:00,-9.8,2.8,,-10.3,0.7,,-12.9,1.1,,-7.8,1.1,,-10.2,1.4249999999999998,0.0
2025-01-10 04:00,-10.0,2.5,,-11.1,1.5,,-13.0,1.0,,-8.2,1.5,,-10.575,1.625,0.0
2025-01-10 05:00,-10.0,2.4,,-11.5,1.6,,-13.2,0.5,,-7.9,0.3,,-10.65,1.2,0.0
2025-01-10 06:00,-9.1,1.9,,-11.6,1.5,,-13.3,0.8,,-7.8,2.3,,-10.45,1.625,0.0
2025-01-10 07:00,-9.2,1.8,,-11.5,1.2,,-13.7,0.8,,-7.2,2.3,,-10.4,1.525,0.0
2025-01-10 08:00,-9.2,1.9,0.07,-11.2,1.2,0.01,-13.4,0.9,,-6.7,2.9,0.0,-10.125,1.7249999999999999,0.02666666666666667
2025-01-10 09:00,-8.2,1.2,0.28,-8.9,0.9,0.35,-10.9,0.7,,-5.9,4.5,0.15,-8.475,1.825,0.26
2025-01-10 10:00,-5.5,1.3,0.65,-6.5,0.7,0.95,-8.1,0.5,,-5.1,4.8,0.6,-6.300000000000001,1.825,0.7333333333333334
2025-01-10 11:00,-3.6,2.2,0.98,-5.5,1.3,1.48,-5.6,1.6,,-3.6,5.5,1.45,-4.575,2.65,1.3033333333333335
2025-01-10 12:00,-1.9,1.2,1.44,-3.7,1.6,1.85,-4.5,2.1,,-2.8,5.0,2.05,-3.2249999999999996,2.475,1.78
2025-01-10 13:00,-0.3,3.0,1.59,-2.8,2.4,2.01,-2.6,1.8,,-2.3,5.6,1.96,-1.9999999999999998,3.2,1.8533333333333333
2025-01-10 14:00,0.9,3.6,2.09,-1.9,2.5,1.94,-1.4,1.4,,-2.1,4.2,1.49,-1.125,2.925,1.8399999999999999
2025-01-10 15:00,0.4,3.2,2.05,-2.1,3.7,1.62,-1.5,1.3,,-1.5,4.2,1.46,-1.175,3.1000000000000005,1.71
2025-01-10 16:00,0.0,1.7,1.27,-1.8,1.9,1.14,-1.6,2.6,,-1.1,4.4,1.26,-1.125,2.65,1.2233333333333334
2025-01-10 17:00,-0.5,1.4,0.67,-1.8,0.5,0.54,-3.1,2.6,,-1.4,3.1,0.62,-1.7000000000000002,1.9,0.61
2025-01-10 18:00,-1.7,1.5,0.13,-2.4,0.6,0.06,-4.0,2.1,,-1.9,1.8,0.06,-2.5,1.5,0.08333333333333333
2025-01-10 19:00,-1.6,1.4,,-2.4,0.4,,-4.3,0.8,,-2.0,1.0,,-2.575,0.8999999999999999,0.0
2025-01-10 20:00,-1.6,0.8,,-2.9,0.9,,-4.1,1.1,,-2.0,0.3,,-2.65,0.775,0.0
2025-01-10 21:00,-1.7,2.2,,-2.9,1.1,,-4.1,1.2,,-2.1,0.5,,-2.6999999999999997,1.25,0.0
2025-01-10 22:00,-2.2,1.2,,-3.2,1.0,,-4.1,0.1,,-2.4,1.3,,-2.975,0.9000000000000001,0.0
2025-01-10 23:00,-2.9,0.5,,-3.2,1.0,,-4.1,0.5,,-2.8,1.4,,-3.25,0.85,0.0
2025-01-11 00:00,-2.8,0.5,,-3.5,1.3,,-4.4,1.2,,-3.5,0.9,,-3.55,0.975,0.0
2025-01-11 01:00,-2.9,0.3,,-4.2,1.2,,-4.4,0.2,,-3.4,0.5,,-3.725,0.55,0.0
2025-01-11 02:00,-3.3,0.6,,-4.8,0.7,,-5.2,0.2,,-3.0,1.3,,-4.075,0.7,0.0
2025-01-11 03:00,-3.3,0.4,,-4.8,0.8,,-5.1,0.1,,-2.8,1.2,,-4.0,0.625,0.0
2025-01-11 04:00,-3.5,1.6,,-4.5,1.1,,-5.2,0.2,,-2.4,0.3,,-3.9,0.8,0.0
2025-01-11 05:00,-3.4,0.1,,-4.6,1.2,,-5.0,0.3,,-1.8,0.4,,-3.7,0.5,0.0
2025-01-11 06:00,-3.6,0.4,,-4.9,0.6,,-5.1,0.4,,-2.4,1.5,,-4.0,0.725,0.0
2025-01-11 07:00,-4.3,1.1,,-4.7,0.3,,-5.1,0.6,,-2.5,2.2,,-4.15,1.05,0.0
2025-01-11 08:00,-4.3,0.2,0.07,-4.2,0.4,0.01,-5.4,0.2,,-2.7,1.9,0.0,-4.15,0.675,0.02666666666666667
2025-01-11 09:00,-3.3,0.5,0.27,-3.5,0.5,0.16,-4.9,0.2,,-1.8,1.6,0.19,-3.375,0.7,0.2066666666666667
2025-01-11 10:00,-1.5,1.4,0.88,-2.2,0.6,0.75,-2.2,1.4,,-1.0,2.1,0.77,-1.725,1.375,0.7999999999999999
2025-01-11 11:00,0.1,2.4,1.67,-1.1,0.6,0.81,-1.9,1.9,,-0.9,2.0,0.66,-0.95,1.725,1.0466666666666666
2025-01-11 12:00,0.8,0.7,2.04,0.0,1.0,1.12,0.0,1.9,,-0.1,1.8,0.64,0.17500000000000002,1.3499999999999999,1.2666666666666668
2025-01-11 13:00,1.4,0.8,2.04,0.6,1.8,1.99,0.9,1.2,,0.3,1.4,0.93,0.7999999999999999,1.2999999999999998,1.6533333333333333
2025-01-11 14:00,1.5,0.9,1.4,0.1,0.8,1.35,0.8,0.9,,0.7,1.1,0.69,0.7750000000000001,0.925,1.1466666666666667
2025-01-11 15:00,1.7,0.5,0.92,0.2,0.7,0.61,0.1,2.9,,0.7,0.9,0.38,0.675,1.25,0.6366666666666667
2025-01-11 16:00,1.8,0.8,0.67,0.4,1.0,0.45,-0.9,2.5,,0.7,2.4,0.29,0.5,1.6749999999999998,0.47000000000000003
2025-01-11 17:00,1.4,1.3,0.35,-0.1,0.4,0.17,-1.1,1.1,,0.9,0.6,0.32,0.2749999999999999,0.8500000000000001,0.28
2025-01-11 18:00,1.0,0.5,0.09,-0.8,1.6,0.03,-1.6,0.6,,0.4,1.5,0.08,-0.25,1.05,0.06666666666666667
2025-01-11 19:00,0.4,0.4,,-1.0,1.5,,-1.9,1.1,,0.4,1.6,,-0.525,1.15,0.0
2025-01-11 20:00,-0.1,0.1,,-1.2,1.6,,-1.8,1.6,,0.1,0.0,,-0.75,0.8250000000000001,0.0
2025-01-11 21:00,0.1,0.3,,-1.3,0.6,,-1.9,2.0,,0.1,0.8,,-0.7499999999999999,0.925,0.0
2025-01-11 22:00,-0.1,0.9,,-1.5,0.8,,-2.4,0.7,,0.1,1.2,,-0.975,0.9000000000000001,0.0
2025-01-11 23:00,-0.5,1.2,,-2.3,1.1,,-3.3,0.9,,0.1,0.8,,-1.5,1.0,0.0
2025-01-12 00:00,-0.3,0.7,,-2.4,1.2,,-3.8,0.4,,0.2,1.6,,-1.575,0.975,0.0
2025-01-12 01:00,-0.6,0.2,,-2.9,0.8,,-3.2,0.3,,-0.3,1.6,,-1.75,0.7250000000000001,0.0
2025-01-12 02:00,-0.7,0.2,,-3.3,0.7,,-3.9,0.2,,-0.5,1.9,,-2.1,0.75,0.0
2025-01-12 03:00,-1.2,1.1,,-3.6,0.6,,-3.9,1.3,,-0.9,2.0,,-2.4,1.25,0.0
2025-01-12 04:00,-2.0,1.7,,-4.1,1.0,,-3.6,1.1,,-1.3,4.0,,-2.75,1.9500000000000002,0.0
2025-01-12 05:00,-2.5,1.5,,-4.2,0.7,,-4.1,1.8,,-1.6,2.0,,-3.1,1.5,0.0
2025-01-12 06:00,-2.9,1.9,,-4.6,1.3,,-4.8,2.0,,-1.7,1.6,,-3.5,1.7000000000000002,0.0
2025-01-12 07:00,-3.5,2.5,,-5.1,1.2,,-5.8,1.7,,-2.6,2.4,,-4.25,1.9500000000000002,0.0
2025-01-12 08:00,-3.4,1.8,0.07,-5.3,1.2,0.02,-6.2,0.2,,-3.0,0.1,0.0,-4.475,0.8250000000000001,0.030000000000000002
2025-01-12 09:00,-1.6,1.4,0.44,-3.7,1.2,0.38,-4.9,0.5,,-2.0,1.1,0.45,-3.0500000000000003,1.0499999999999998,0.42333333333333334
2025-01-12 10:00,0.1,1.3,1.05,-1.6,0.6,1.01,-2.8,1.0,,0.5,1.1,1.19,-0.95,1.0,1.0833333333333333
2025-01-12 11:00,0.8,1.2,1.52,-0.4,0.7,1.13,-0.3,1.6,,1.7,0.8,1.71,0.45,1.075,1.4533333333333331
2025-01-12 12:00,1.7,1.5,1.85,1.3,1.1,1.62,0.8,2.8,,1.5,3.1,1.79,1.325,2.125,1.7533333333333332
2025-01-12 13:00,3.1,0.9,2.04,1.9,0.9,1.87,1.5,2.1,,1.8,2.6,1.88,2.075,1.625,1.93
2025-01-12 14:00,3.8,1.4,2.03,2.3,1.6,1.79,2.8,2.3,,2.5,3.7,1.82,2.8499999999999996,2.25,1.88
2025-01-12 15:00,3.9,2.5,1.56,2.5,2.4,1.5,2.5,1.9,,2.8,4.5,1.56,2.925,2.825,1.54
2025-01-12 16:00,3.9,0.9,1.1,2.5,2.0,1.02,2.6,1.7,,3.0,3.5,1.06,3.0,2.025,1.06
2025-01-12 17:00,3.1,1.3,0.52,1.8,1.9,0.42,1.6,1.5,,2.5,1.9,0.51,2.25,1.65,0.48333333333333334
2025-01-12 18:00,2.2,0.5,0.12,1.0,1.4,0.05,-0.3,1.0,,1.8,1.1,0.07,1.175,1.0,0.08
2025-01-12 19:00,1.8,0.4,,0.6,0.5,,-1.0,1.4,,1.1,0.3,,0.625,0.6499999999999999,0.0
2025-01-12 20:00,1.2,0.1,,0.2,1.0,,-0.5,0.7,,1.7,2.6,,0.6499999999999999,1.1,0.0
2025-01-12 21:00,1.0,0.2,,0.0,1.0,,-1.3,0.6,,1.7,1.5,,0.35,0.825,0.0
2025-01-12 22:00,0.9,0.5,,0.0,0.9,,-1.4,1.1,,0.5,2.5,,2.7755575615628914e-17,1.25,0.0
2025-01-12 23:00,0.1,0.0,,-0.4,0.8,,-1.3,0.8,,0.7,1.6,,-0.22500000000000003,0.8,0.0
2025-01-13 00:00,0.2,0.5,,-0.4,0.7,,-1.0,1.7,,0.7,1.2,,-0.125,1.025,0.0
2025-01-13 01:00,0.0,0.5,,-0.1,0.4,,-1.2,1.5,,0.3,0.9,,-0.25,0.825,0.0
2025-01-13 02:00,-0.2,0.4,,-0.4,0.7,,-2.2,0.1,,0.7,1.9,,-0.5250000000000001,0.775,0.0
2025-01-13 03:00,-0.8,0.7,,-0.4,1.0,,-3.0,0.2,,0.9,2.1,,-0.8250000000000001,1.0,0.0
2025-01-13 04:00,-1.5,0.1,,-1.1,1.1,,-3.6,0.0,,0.6,2.5,,-1.4000000000000001,0.925,0.0
2025-01-13 05:00,-1.6,0.5,,-1.1,0.7,,-3.6,0.3,,0.3,1.4,,-1.5000000000000002,0.725,0.0
2025-01-13 06:00,-1.7,0.5,,-2.1,1.2,,-4.5,1.4,,0.1,1.5,,-2.0500000000000003,1.15,0.0
2025-01-13 07:00,-1.7,0.5,,-2.5,1.3,,-3.5,1.3,,-0.2,1.4,,-1.975,1.125,0.0
2025-01-13 08:00,-1.4,0.0,0.07,-2.0,1.5,0.01,-3.8,2.7,,-0.5,0.9,0.01,-1.9249999999999998,1.2750000000000001,0.03
2025-01-13 09:00,-0.6,0.6,0.26,-0.7,1.6,0.24,-2.3,2.3,,1.3,1.4,0.36,-0.575,1.475,0.2866666666666667
2025-01-13 10:00,1.5,1.0,1.11,1.7,1.1,1.14,0.2,2.4,,3.3,1.8,0.98,1.675,1.575,1.0766666666666667
2025-01-13 11:00,2.8,0.5,1.62,3.6,0.9,1.51,1.2,3.4,,4.3,1.7,1.51,2.975,1.625,1.5466666666666666
2025-01-13 12:00,4.2,0.5,1.95,4.2,2.1,1.7,2.3,4.7,,5.3,2.0,1.86,4.0,2.325,1.8366666666666667
2025-01-13 13:00,5.0,1.6,2.06,5.3,2.1,1.85,3.6,3.7,,6.2,2.4,2.0,5.025,2.45,1.97
2025-01-13 14:00,6.2,1.4,1.86,5.5,2.3,1.77,4.9,2.8,,6.6,2.4,1.46,5.800000000000001,2.225,1.6966666666666665
2025-01-13 15:00,6.5,2.1,1.63,5.8,2.8,1.43,5.3,4.7,,7.1,2.0,1.99,6.175000000000001,2.9000000000000004,1.6833333333333333
2025-01-13 16:00,5.6,1.6,1.07,5.4,3.6,0.98,4.7,2.2,,7.0,2.1,1.18,5.675,2.375,1.0766666666666664
2025-01-13 17:00,5.1,1.8,0.45,4.9,1.9,0.41,3.9,2.9,,6.3,1.5,0.58,5.05,2.025,0.48
2025-01-13 18:00,4.5,1.0,0.13,3.7,1.1,0.05,3.1,2.5,,4.8,1.3,0.09,4.0249999999999995,1.4749999999999999,0.09000000000000001
2025-01-13 19:00,3.9,0.4,,4.0,0.8,,2.8,2.7,,3.7,1.9,,3.5999999999999996,1.4500000000000002,0.0
2025-01-13 20:00,2.0,1.2,,3.7,0.9,,2.5,3.1,,3.2,2.9,,2.8499999999999996,2.025,0.0
2025-01-13 21:00,1.5,0.5,,3.6,1.6,,1.9,3.9,,2.6,3.4,,2.4,2.35,0.0
2025-01-13 22:00,1.6,0.0,,3.2,1.4,,1.4,4.0,,2.0,3.9,,2.0500000000000003,2.325,0.0
2025-01-13 23:00,1.2,1.0,,1.9,1.4,,1.8,4.0,,1.8,3.5,,1.6749999999999998,2.475,0.0
2025-01-14 00:00,1.3,0.7,,2.2,2.0,,1.8,3.7,,1.2,2.8,,1.625,2.3,0.0
2025-01-14 01:00,1.7,0.2,,2.8,1.7,,2.0,4.1,,1.7,3.9,,2.05,2.475,0.0
2025-01-14 02:00,1.6,0.3,,2.7,2.4,,1.7,3.4,,1.9,3.7,,1.975,2.45,0.0
2025-01-14 03:00,0.7,0.3,,2.9,2.2,,2.2,3.2,,1.8,3.4,,1.9,2.275,0.0
2025-01-14 04:00,1.2,0.1,,3.2,2.3,,2.3,2.9,,1.9,4.1,,2.15,2.3499999999999996,0.0
2025-01-14 05:00,1.2,0.0,,3.4,1.8,,1.7,2.5,,2.3,4.2,,2.15,2.125,0.0
2025-01-14 06:00,1.1,0.4,,3.3,2.0,,1.7,2.1,,1.9,4.0,,2.0,2.125,0.0
2025-01-14 07:00,0.8,0.0,,3.8,1.8,,1.2,1.9,,1.7,2.4,,1.875,1.525,0.0
2025-01-14 08:00,0.4,0.0,0.07,3.0,1.7,0.01,0.8,2.0,,2.1,2.7,0.01,1.5750000000000002,1.6,0.03
2025-01-14 09:00,1.7,0.0,0.3,4.1,1.5,0.19,2.4,2.5,,3.1,2.5,0.28,2.8249999999999997,1.625,0.25666666666666665
2025-01-14 10:00,3.2,0.5,0.89,6.0,0.8,0.63,4.5,2.4,,5.0,2.5,0.82,4.675,1.55,0.7799999999999999
2025-01-14 11:00,5.1,0.6,1.38,7.8,3.2,0.95,7.2,1.4,,6.5,1.7,1.26,6.6499999999999995,1.725,1.1966666666666665
2025-01-14 12:00,7.6,0.9,1.74,8.3,3.6,1.42,7.6,5.1,,8.8,1.5,1.59,8.075,2.775,1.5833333333333333
2025-01-14 13:00,9.0,0.8,1.95,9.1,3.6,1.63,7.4,5.9,,9.6,2.5,1.64,8.775,3.2,1.74
2025-01-14 14:00,10.2,1.7,1.85,8.7,3.9,1.45,7.5,5.4,,9.9,3.0,1.76,9.075,3.5,1.6866666666666665
2025-01-14 15:00,10.5,3.5,1.61,8.7,3.3,1.16,7.3,5.0,,9.6,4.2,1.48,9.025,4.0,1.4166666666666667
2025-01-14 16:00,9.6,3.7,1.07,7.7,4.5,0.95,6.7,5.3,,8.9,3.8,0.98,8.225,4.325,1.0
2025-01-14 17:00,8.3,1.1,0.5,6.5,3.6,0.36,5.3,4.6,,7.5,4.3,0.43,6.9,3.4000000000000004,0.43
2025-01-14 18:00,6.8,1.5,0.12,5.4,3.3,0.06,4.2,4.0,,6.3,4.7,0.08,5.675,3.375,0.08666666666666667
2025-01-14 19:00,6.0,0.9,,4.2,2.9,,3.0,2.7,,5.5,4.2,,4.675,2.675,0.0
2025-01-14 20:00,5.0,1.5,,3.9,2.2,,2.4,2.1,,4.9,4.5,,4.050000000000001,2.575,0.0
2025-01-14 21:00,3.8,2.6,,2.9,1.4,,1.4,0.1,,4.6,4.5,,3.175,2.15,0.0
2025-01-14 22:00,3.3,1.4,,2.9,0.5,,0.6,0.8,,4.1,4.1,,2.7249999999999996,1.7,0.0
2025-01-14 23:00,2.6,0.2,,2.2,2.1,,1.1,2.8,,3.2,2.7,,2.2750000000000004,1.95,0.0
2025-01-15 00:00,3.2,0.9,,1.7,1.8,,1.1,3.0,,3.3,5.5,,2.325,2.8,0.0
2025-01-15 01:00,1.9,1.5,,1.4,1.3,,1.0,2.9,,3.1,6.5,,1.85,3.05,0.0
2025-01-15 02:00,1.6,1.8,,1.5,1.7,,0.9,6.1,,3.0,9.2,,1.75,4.699999999999999,0.0
2025-01-15 03:00,1.3,1.3,,0.9,2.6,,0.0,5.5,,3.2,8.9,,1.35,4.575,0.0
2025-01-15 04:00,1.4,3.2,,-0.5,3.6,,-0.6,4.5,,3.0,8.6,,0.825,4.975,0.0
2025-01-15 05:00,1.1,2.6,,-1.1,2.0,,-1.0,4.0,,2.5,7.7,,0.375,4.075,0.0
2025-01-15 06:00,0.2,4.1,,-1.7,2.9,,-1.4,5.1,,1.0,7.8,,-0.475,4.975,0.0
2025-01-15 07:00,-0.3,4.2,,-2.2,2.9,,-2.2,2.8,,-0.2,7.7,,-1.225,4.3999999999999995,0.0
2025-01-15 08:00,-0.7,3.9,0.08,-2.5,2.2,0.01,-2.4,2.6,,-0.4,5.7,0.0,-1.5,3.5999999999999996,0.03
2025-01-15 09:00,-0.3,3.4,0.41,-1.7,3.1,0.34,-1.5,3.0,,0.6,9.0,0.24,-0.725,4.625,0.33
2025-01-15 10:00,0.3,2.1,0.88,-0.9,3.5,0.93,-0.6,4.8,,-0.7,9.6,0.83,-0.47500000000000003,5.0,0.88
2025-01-15 11:00,0.6,2.4,1.46,-0.3,2.8,1.47,0.2,4.7,,0.5,6.9,1.04,0.25,4.199999999999999,1.3233333333333333
2025-01-15 12:00,1.8,2.1,2.01,0.7,3.5,1.72,0.3,6.6,,1.8,10.7,1.48,1.15,5.725,1.7366666666666664
2025-01-15 13:00,0.9,2.5,1.53,2.7,2.7,2.12,1.1,7.7,,1.9,10.0,1.86,1.65,5.725,1.836666666666667
2025-01-15 14:00,0.9,3.2,1.59,1.9,3.7,1.32,1.0,7.2,,1.5,10.3,1.53,1.325,6.1000000000000005,1.4800000000000002
2025-01-15 15:00,1.3,2.0,1.14,1.1,3.4,1.54,0.7,7.4,,1.6,10.2,1.18,1.1750000000000003,5.75,1.2866666666666664
2025-01-15 16:00,0.7,2.5,0.88,0.9,4.4,1.17,-0.1,8.2,,1.2,8.2,0.81,0.675,5.824999999999999,0.9533333333333333
2025-01-15 17:00,0.4,1.9,0.42,0.2,3.3,0.61,-1.0,5.2,,0.8,7.9,0.29,0.10000000000000003,4.574999999999999,0.44
2025-01-15 18:00,0.0,2.4,0.1,-1.3,2.6,0.08,-1.6,4.0,,0.4,8.4,0.04,-0.6250000000000001,4.35,0.07333333333333333
2025-01-15 19:00,-0.5,1.9,,-1.6,3.4,,-1.8,2.8,,0.3,7.8,,-0.9000000000000001,3.9749999999999996,0.0
2025-01-15 20:00,-0.7,1.2,,-2.2,1.8,,-1.9,1.6,,0.6,6.7,,-1.0500000000000003,2.825,0.0
2025-01-15 21:00,-0.9,0.7,,-1.9,1.8,,-1.9,2.5,,0.7,7.1,,-0.9999999999999998,3.025,0.0
2025-01-15 22:00,-1.0,1.6,,-2.3,1.5,,-1.9,2.2,,0.8,4.9,,-1.0999999999999999,2.5500000000000003,0.0
2025-01-15 23:00,-1.5,1.9,,-2.7,0.9,,-2.2,0.2,,0.8,6.1,,-1.4000000000000001,2.275,0.0
2025-01-16 00:00,-1.7,1.9,,-2.4,1.4,,-2.3,0.4,,0.8,5.4,,-1.4,2.275,0.0
2025-01-16 01:00,-1.8,2.4,,-2.2,1.3,,-2.4,1.7,,0.8,4.4,,-1.4000000000000001,2.45,0.0
2025-01-16 02:00,-2.1,2.6,,-2.2,0.0,,-2.7,2.9,,0.7,3.4,,-1.5750000000000002,2.225,0.0
2025-01-16 03:00,-2.3,2.7,,-1.9,1.5,,-2.7,2.9,,0.2,2.0,,-1.6749999999999998,2.275,0.0
2025-01-16 04:00,-2.4,1.7,,-1.6,1.3,,-2.5,2.9,,-0.2,1.1,,-1.675,1.75,0.0
2025-01-16 05:00,-1.7,1.2,,-1.5,0.8,,-2.3,2.6,,-0.8,2.5,,-1.575,1.775,0.0
2025-01-16 06:00,-1.7,1.8,,-1.3,0.7,,-2.1,2.7,,-1.2,2.8,,-1.575,2.0,0.0
2025-01-16 07:00,-1.9,0.1,,-1.0,0.7,,-1.8,1.8,,-1.5,1.7,,-1.55,1.075,0.0
2025-01-16 08:00,-1.6,0.6,0.06,-0.9,0.9,0.0,-1.7,2.0,,-1.4,1.6,0.0,-1.4,1.275,0.02
2025-01-16 09:00,-1.1,0.1,0.25,-0.2,0.5,0.09,-1.2,2.9,,-0.7,1.7,0.06,-0.8,1.3,0.13333333333333333
2025-01-16 10:00,0.1,0.5,0.9,1.1,0.7,0.5,0.4,2.7,,1.7,0.9,0.63,0.825,1.2000000000000002,0.6766666666666666
2025-01-16 11:00,1.8,1.4,1.58,3.7,1.0,1.33,2.9,2.4,,3.1,1.7,1.59,2.875,1.625,1.5
2025-01-16 12:00,4.3,1.2,1.95,3.9,2.9,1.3,3.8,4.3,,4.7,6.4,1.96,4.175,3.6999999999999997,1.7366666666666666
2025-01-16 13:00,4.7,2.6,1.97,4.2,2.4,1.36,4.9,5.6,,5.3,6.4,1.9,4.775,4.25,1.7433333333333334
2025-01-16 14:00,5.5,2.5,1.57,5.7,4.1,0.97,4.9,7.3,,5.6,6.2,1.51,5.425000000000001,5.0249999999999995,1.3499999999999999
2025-01-16 15:00,6.0,2.4,0.74,4.8,3.9,1.31,5.2,6.2,,6.2,6.8,1.33,5.55,4.825,1.1266666666666667
2025-01-16 16:00,7.0,1.4,1.29,4.8,3.3,0.68,5.0,5.1,,5.8,7.6,0.71,5.65,4.35,0.8933333333333334
2025-01-16 17:00,5.2,1.1,0.47,4.3,2.9,0.45,4.3,4.6,,5.4,5.8,0.36,4.800000000000001,3.5999999999999996,0.4266666666666666
2025-01-16 18:00,4.2,1.5,0.12,3.6,1.5,0.08,3.1,1.8,,4.7,4.7,0.08,3.9000000000000004,2.375,0.09333333333333334
2025-01-16 19:00,3.2,0.6,,3.2,1.2,,1.4,0.6,,3.7,3.0,,2.875,1.35,0.0
2025-01-16 20:00,3.1,0.6,,2.8,1.0,,0.4,0.0,,3.3,2.9,,2.4000000000000004,1.125,0.0
2025-01-16 21:00,2.5,0.3,,1.4,1.4,,0.5,1.5,,3.0,2.5,,1.85,1.425,0.0
2025-01-16 22:00,1.9,0.4,,1.1,0.7,,1.2,1.0,,2.9,2.8,,1.775,1.225,0.0
2025-01-16 23:00,1.8,0.6,,1.4,0.9,,1.7,2.5,,2.6,2.3,,1.875,1.575,0.0
2025-01-17 00:00,1.4,0.0,,1.5,1.0,,1.2,1.3,,1.6,1.3,,1.4249999999999998,0.8999999999999999,0.0
2025-01-17 01:00,1.6,0.3,,1.6,0.2,,0.1,0.1,,2.0,0.5,,1.3250000000000002,0.275,0.0
2025-01-17 02:00,1.3,1.1,,0.9,0.7,,-1.2,1.7,,2.5,1.2,,0.875,1.175,0.0
2025-01-17 03:00,1.2,0.3,,-0.3,0.7,,-1.5,0.0,,3.2,2.7,,0.65,0.925,0.0
2025-01-17 04:00,0.0,0.1,,-1.8,1.6,,-1.9,0.6,,3.2,6.5,,-0.125,2.2,0.0
2025-01-17 05:00,0.5,0.1,,-0.9,0.4,,-2.6,0.4,,2.3,3.9,,-0.17500000000000004,1.2,0.0
2025-01-17 06:00,-0.2,0.4,,-1.0,1.0,,-3.1,1.4,,1.8,3.5,,-0.625,1.575,0.0
2025-01-17 07:00,-0.8,0.2,,-1.4,1.1,,-3.8,0.1,,0.8,2.8,,-1.3,1.05,0.0
2025-01-17 08:00,-0.9,0.0,0.07,-1.5,0.7,0.01,-3.8,0.3,,0.2,2.4,0.01,-1.4999999999999998,0.85,0.03
2025-01-17 09:00,0.3,0.6,0.41,-0.8,0.4,0.3,-1.5,0.8,,0.7,3.0,0.34,-0.325,1.2,0.35000000000000003
2025-01-17 10:00,1.4,0.4,1.06,0.6,0.8,0.89,0.5,1.0,,1.8,3.7,1.04,1.075,1.475,0.9966666666666667
2025-01-17 11:00,3.1,1.4,1.63,2.2,1.3,1.45,1.4,1.6,,2.7,4.3,1.62,2.3500000000000005,2.1500000000000004,1.5666666666666667
2025-01-17 12:00,4.1,1.1,2.05,2.8,2.0,1.84,2.3,1.9,,3.2,5.2,2.02,3.0999999999999996,2.55,1.97
2025-01-17 13:00,4.9,1.3,2.24,3.7,1.7,2.01,4.1,1.7,,4.2,6.1,2.22,4.2250000000000005,2.7,2.1566666666666667
2025-01-17 14:00,6.2,1.1,2.15,4.4,1.5,1.95,4.8,2.1,,4.3,6.3,2.17,4.925000000000001,2.75,2.09
2025-01-17 15:00,6.6,1.2,1.8,4.9,2.1,1.67,3.7,3.5,,4.6,5.7,1.89,4.949999999999999,3.125,1.7866666666666664
2025-01-17 16:00,6.6,1.2,1.3,5.2,2.8,1.22,4.1,3.3,,4.4,5.5,1.39,5.075,3.2,1.3033333333333335
2025-01-17 17:00,5.2,1.2,0.69,4.5,1.5,0.6,3.4,3.2,,3.6,5.4,0.75,4.175,2.825,0.68
2025-01-17 18:00,3.7,1.4,0.16,2.7,2.0,0.09,1.8,0.6,,2.8,5.6,0.15,2.75,2.4,0.13333333333333333
2025-01-17 19:00,2.4,0.7,,2.4,0.3,,0.3,0.0,,2.4,4.8,,1.875,1.45,0.0
2025-01-17 20:00,1.3,1.7,,1.8,0.9,,-0.1,0.1,,2.1,4.3,,1.275,1.75,0.0
2025-01-17 21:00,1.6,0.5,,0.7,0.4,,-1.5,0.0,,1.2,2.3,,0.49999999999999994,0.7999999999999999,0.0
2025-01-17 22:00,0.8,0.6,,0.2,1.0,,-2.3,0.0,,0.7,3.0,,-0.14999999999999997,1.15,0.0
2025-01-17 23:00,0.5,0.7,,-0.7,1.5,,-2.4,1.0,,0.2,1.6,,-0.5999999999999999,1.2000000000000002,0.0
2025-01-18 00:00,-0.4,0.0,,-1.6,1.6,,-3.3,0.8,,-0.2,1.9,,-1.375,1.0750000000000002,0.0
2025-01-18 01:00,-0.8,0.4,,-1.9,1.0,,-3.3,0.8,,-0.7,1.4,,-1.675,0.9,0.0
2025-01-18 02:00,-1.4,0.0,,-2.1,1.2,,-3.9,0.4,,-1.0,1.3,,-2.1,0.7250000000000001,0.0
2025-01-18 03:00,-1.5,0.2,,-2.4,1.0,,-4.0,0.2,,-1.1,1.2,,-2.25,0.6499999999999999,0.0
2025-01-18 04:00,-2.1,0.6,,-2.9,0.6,,-4.3,0.7,,-1.6,0.0,,-2.725,0.475,0.0
2025-01-18 05:00,-2.7,0.4,,-3.1,1.2,,-4.9,0.0,,-1.8,0.8,,-3.1250000000000004,0.6000000000000001,0.0
2025-01-18 06:00,-2.8,0.2,,-3.4,1.2,,-5.1,0.2,,-2.2,1.2,,-3.375,0.7,0.0
2025-01-18 07:00,-2.8,0.0,,-3.7,1.2,,-5.3,0.3,,-2.6,0.0,,-3.6,0.375,0.0
2025-01-18 08:00,-3.3,0.0,0.07,-3.6,1.1,0.01,-5.5,0.1,,-2.6,0.8,0.01,-3.75,0.5,0.03
2025-01-18 09:00,-1.6,0.0,0.46,-1.8,1.0,0.35,-3.0,0.7,,-0.8,1.0,0.36,-1.8,0.675,0.38999999999999996
2025-01-18 10:00,0.2,0.2,1.03,0.5,0.5,0.98,1.4,0.6,,0.5,0.6,0.7,0.6499999999999999,0.475,0.9033333333333333
2025-01-18 11:00,1.9,0.9,1.43,3.4,0.8,1.48,2.3,2.3,,2.1,0.9,1.14,2.425,1.225,1.3499999999999999
2025-01-18 12:00,4.8,0.7,1.93,5.0,0.7,1.7,3.7,0.9,,4.5,1.4,1.93,4.5,0.9249999999999999,1.8533333333333333
2025-01-18 13:00,6.9,0.4,2.11,7.0,1.1,1.96,6.6,2.4,,5.4,1.8,1.83,6.475,1.425,1.9666666666666668
2025-01-18 14:00,7.8,0.9,1.67,7.3,1.9,1.89,7.0,1.6,,5.9,2.5,1.68,7.0,1.725,1.7466666666666664
2025-01-18 15:00,8.4,0.6,1.26,8.1,1.3,1.41,7.3,1.9,,6.8,2.0,1.45,7.65,1.45,1.3733333333333333
2025-01-18 16:00,8.3,1.3,0.86,7.4,1.5,0.88,6.8,1.7,,6.3,2.2,0.97,7.2,1.675,0.9033333333333333
2025-01-18 17:00,7.9,1.9,0.46,6.8,0.9,0.34,4.3,2.9,,5.6,2.3,0.4,6.15,1.9999999999999998,0.4000000000000001
2025-01-18 18:00,6.6,0.6,0.12,5.9,1.2,0.06,2.8,1.6,,4.6,2.3,0.08,4.975,1.4249999999999998,0.08666666666666667
2025-01-18 19:00,6.3,1.1,,5.3,1.3,,1.6,0.2,,3.9,2.3,,4.2749999999999995,1.225,0.0
2025-01-18 20:00,5.3,0.3,,4.0,1.0,,0.8,0.4,,3.2,1.4,,3.325,0.775,0.0
2025-01-18 21:00,4.2,0.8,,2.9,1.0,,0.6,0.0,,2.8,2.5,,2.625,1.075,0.0
2025-01-18 22:00,3.5,0.5,,1.3,1.6,,-0.3,0.0,,2.1,1.0,,1.65,0.775,0.0
2025-01-18 23:00,2.6,1.0,,0.1,1.1,,-1.9,0.2,,1.5,1.7,,0.5750000000000001,1.0,0.0
2025-01-19 00:00,1.2,0.5,,-0.5,1.8,,-2.4,0.5,,0.8,0.9,,-0.22499999999999998,0.9249999999999999,0.0
2025-01-19 01:00,0.7,0.0,,-1.0,1.4,,-1.9,1.6,,0.7,1.0,,-0.37500000000000006,1.0,0.0
2025-01-19 02:00,-0.2,0.3,,-1.3,1.2,,-3.0,0.2,,-0.1,0.8,,-1.15,0.625,0.0
2025-01-19 03:00,-0.8,0.7,,-1.3,0.8,,-3.4,0.4,,-0.5,1.9,,-1.5,0.95,0.0
2025-01-19 04:00,-1.5,0.6,,-2.3,0.9,,-3.8,1.1,,-0.7,1.0,,-2.0749999999999997,0.9,0.0
2025-01-19 05:00,-1.7,0.1,,-2.7,1.7,,-3.6,0.4,,-1.1,1.3,,-2.275,0.875,0.0
2025-01-19 06:00,-1.7,0.8,,-2.6,1.2,,-4.2,0.2,,-1.1,2.1,,-2.4,1.0750000000000002,0.0
2025-01-19 07:00,-2.7,0.2,,-3.0,2.2,,-4.1,0.3,,-0.8,2.4,,-2.6500000000000004,1.275,0.0
2025-01-19 08:00,-2.5,0.7,0.08,-2.8,1.6,0.02,-3.9,0.4,,-1.1,1.1,0.01,-2.5749999999999997,0.95,0.03666666666666667
2025-01-19 09:00,-0.7,0.5,0.43,-0.8,1.8,0.32,-2.6,0.3,,1.7,2.6,0.37,-0.5999999999999999,1.2999999999999998,0.37333333333333335
2025-01-19 10:00,0.6,1.2,0.97,2.6,1.8,0.74,1.4,1.1,,3.8,2.9,0.97,2.0999999999999996,1.75,0.8933333333333332
2025-01-19 11:00,2.8,1.1,1.55,6.0,1.4,1.36,3.2,2.9,,5.9,3.3,1.5,4.475,2.175,1.47
2025-01-19 12:00,6.0,0.7,1.95,8.2,1.4,1.8,4.2,2.5,,8.2,2.3,1.63,6.6499999999999995,1.7249999999999999,1.7933333333333332
2025-01-19 13:00,7.7,0.5,1.92,8.9,0.7,1.29,5.9,1.0,,8.8,0.6,1.55,7.825,0.7000000000000001,1.5866666666666667
2025-01-19 14:00,9.1,1.4,1.7,9.1,1.6,1.4,9.1,2.0,,9.0,1.9,1.26,9.075,1.725,1.4533333333333331
2025-01-19 15:00,9.3,1.6,1.6,9.6,2.1,0.95,9.8,1.8,,8.9,2.4,1.0,9.4,1.975,1.1833333333333333
2025-01-19 16:00,8.6,1.2,0.89,8.9,2.0,0.83,8.6,1.6,,9.8,2.1,0.95,8.975000000000001,1.725,0.89
2025-01-19 17:00,8.6,1.6,0.68,8.5,2.5,0.43,8.5,1.5,,9.6,1.9,0.81,8.8,1.875,0.64
2025-01-19 18:00,7.4,0.6,0.13,7.4,1.5,0.09,6.6,1.2,,7.9,2.3,0.08,7.324999999999999,1.4,0.09999999999999999
2025-01-19 19:00,6.9,0.7,,7.1,0.3,,5.2,0.2,,7.0,1.6,,6.55,0.7,0.0
2025-01-19 20:00,5.6,0.9,,5.7,0.3,,4.1,0.2,,6.1,1.9,,5.375,0.825,0.0
2025-01-19 21:00,5.0,0.7,,4.3,1.5,,2.5,0.2,,5.2,2.2,,4.25,1.1500000000000001,0.0
2025-01-19 22:00,4.8,0.0,,3.4,1.7,,1.4,1.2,,5.0,2.7,,3.65,1.4,0.0
2025-01-19 23:00,3.7,0.6,,2.9,1.8,,0.8,0.4,,4.8,2.7,,3.05,1.375,0.0
2025-01-20 00:00,2.7,0.0,,2.5,1.5,,0.9,0.4,,4.3,2.0,,2.6,0.975,0.0
2025-01-20 01:00,2.5,0.0,,2.3,1.4,,0.5,0.0,,4.0,2.3,,2.325,0.9249999999999999,0.0
2025-01-20 02:00,1.9,0.0,,1.7,1.3,,0.2,0.0,,3.4,1.9,,1.7999999999999998,0.8,0.0
2025-01-20 03:00,1.0,0.7,,1.5,1.7,,0.2,1.3,,3.1,1.2,,1.4500000000000002,1.225,0.0
2025-01-20 04:00,0.7,0.6,,1.1,1.0,,-0.4,0.0,,2.8,2.0,,1.0499999999999998,0.9,0.0
2025-01-20 05:00,0.3,0.1,,0.7,1.4,,-1.2,2.1,,2.0,2.1,,0.45,1.425,0.0
2025-01-20 06:00,0.1,0.2,,1.0,1.5,,-0.4,0.0,,1.5,1.0,,0.55,0.675,0.0
2025-01-20 07:00,-0.2,0.2,,1.6,1.2,,-0.5,0.3,,1.7,0.8,,0.65,0.625,0.0
2025-01-20 08:00,-0.3,0.0,0.07,1.7,1.2,0.01,-0.6,0.0,,1.8,0.1,0.0,0.65,0.325,0.02666666666666667
2025-01-20 09:00,1.0,0.5,0.31,2.4,0.9,0.11,0.0,0.7,,2.4,0.9,0.24,1.45,0.7499999999999999,0.21999999999999997
2025-01-20 10:00,2.4,0.4,0.73,4.2,0.6,0.38,2.4,0.9,,4.1,0.0,0.74,3.275,0.475,0.6166666666666666
2025-01-20 11:00,4.6,0.9,1.38,4.9,0.2,0.5,4.8,1.4,,6.0,2.2,1.28,5.075,1.175,1.0533333333333335
2025-01-20 12:00,6.6,1.4,1.74,5.4,2.1,0.59,5.8,4.4,,6.7,3.8,1.08,6.125,2.925,1.1366666666666667
2025-01-20 13:00,6.3,0.4,1.33,6.5,2.6,1.35,7.0,2.7,,6.6,4.1,0.88,6.6,2.45,1.1866666666666668
2025-01-20 14:00,8.5,1.1,1.48,6.9,3.1,1.02,7.1,3.5,,7.6,4.9,1.84,7.525,3.1500000000000004,1.4466666666666665
2025-01-20 15:00,9.2,2.2,1.45,7.6,1.9,1.32,6.1,3.1,,7.6,5.4,1.97,7.625,3.15,1.58
2025-01-20 16:00,8.3,0.9,1.45,6.8,2.2,0.58,5.9,3.3,,6.5,5.2,0.97,6.875,2.9000000000000004,1.0
2025-01-20 17:00,6.7,1.1,0.71,6.3,2.6,0.25,5.1,4.5,,6.4,3.8,0.54,6.125,3.0,0.5
2025-01-20 18:00,6.1,1.1,0.12,5.5,2.7,0.04,4.1,2.0,,5.8,3.3,0.12,5.375,2.2750000000000004,0.09333333333333334
2025-01-20 19:00,5.4,2.1,,4.5,2.7,,2.8,1.2,,5.6,2.6,,4.574999999999999,2.1500000000000004,0.0
2025-01-20 20:00,4.7,1.0,,3.9,2.1,,2.2,1.4,,4.9,4.5,,3.9250000000000003,2.25,0.0
2025-01-20 21:00,4.2,1.1,,3.7,1.1,,1.4,0.0,,4.2,3.1,,3.375,1.3250000000000002,0.0
2025-01-20 22:00,3.9,1.0,,2.6,1.3,,1.0,0.1,,3.6,1.8,,2.775,1.05,0.0
2025-01-20 23:00,3.9,0.4,,1.2,1.1,,1.1,0.4,,3.3,2.8,,2.375,1.1749999999999998,0.0
2025-01-21 00:00,3.5,0.5,,1.0,0.9,,0.6,0.0,,2.7,1.8,,1.95,0.8,0.0
2025-01-21 01:00,3.4,0.8,,0.4,0.7,,-0.6,0.2,,2.8,1.4,,1.5,0.7749999999999999,0.0
2025-01-21 02:00,2.4,0.8,,0.1,1.3,,-1.1,0.1,,3.0,1.4,,1.1,0.9,0.0
2025-01-21 03:00,1.7,0.3,,-0.4,0.4,,-1.7,0.6,,2.2,1.3,,0.45,0.6499999999999999,0.0
2025-01-21 04:00,1.0,0.6,,-0.1,1.0,,-1.7,0.0,,1.8,1.7,,0.25,0.825,0.0
2025-01-21 05:00,0.3,0.0,,-0.9,1.3,,-2.6,0.1,,1.8,1.5,,-0.35000000000000003,0.7250000000000001,0.0
2025-01-21 06:00,0.1,0.4,,-1.2,0.9,,-2.3,0.9,,1.6,2.1,,-0.44999999999999984,1.0750000000000002,0.0
2025-01-21 07:00,-0.1,0.1,,-1.0,1.8,,-2.9,0.1,,1.2,2.1,,-0.7,1.025,0.0
2025-01-21 08:00,-0.5,0.7,0.08,-1.1,1.5,0.01,-3.4,0.2,,0.9,1.7,0.01,-1.025,1.0250000000000001,0.03333333333333333
2025-01-21 09:00,1.4,0.9,0.38,0.0,0.3,0.3,-2.2,0.2,,1.7,1.5,0.34,0.22499999999999992,0.725,0.34
2025-01-21 10:00,2.1,1.6,1.0,2.3,0.5,0.82,-0.1,0.2,,4.2,0.4,0.87,2.125,0.675,0.8966666666666666
2025-01-21 11:00,4.4,0.6,1.53,3.7,1.1,1.25,2.1,1.4,,4.9,1.7,1.43,3.7750000000000004,1.2,1.4033333333333333
2025-01-21 12:00,6.9,0.8,1.9,5.9,0.7,1.64,4.1,1.1,,5.8,3.4,1.88,5.675,1.5,1.8066666666666666
2025-01-21 13:00,7.7,1.1,2.1,6.8,1.4,1.84,6.3,1.8,,6.8,3.6,2.07,6.9,1.975,2.0033333333333334
2025-01-21 14:00,9.0,1.7,2.0,7.4,2.2,1.75,6.9,2.7,,7.5,4.1,1.96,7.699999999999999,2.675,1.9033333333333333
2025-01-21 15:00,9.3,1.2,1.71,8.1,1.9,1.51,6.9,3.5,,7.7,4.3,1.74,7.999999999999999,2.7249999999999996,1.6533333333333333
2025-01-21 16:00,9.3,1.4,1.26,7.9,1.2,1.04,6.5,3.9,,7.6,4.5,1.29,7.825000000000001,2.75,1.1966666666666665
2025-01-21 17:00,8.5,0.9,0.66,7.1,1.3,0.5,5.6,2.4,,6.7,4.0,0.71,6.975,2.15,0.6233333333333334
2025-01-21 18:00,7.4,1.0,0.16,6.0,1.3,0.08,4.5,2.0,,5.5,3.2,0.14,5.85,1.875,0.12666666666666668
2025-01-21 19:00,6.0,0.6,,5.2,0.9,,3.0,0.0,,4.8,2.9,,4.75,1.1,0.0
2025-01-21 20:00,5.2,0.6,,4.3,0.5,,2.2,0.1,,4.2,2.6,,3.9749999999999996,0.9500000000000001,0.0
2025-01-21 21:00,4.5,0.9,,3.4,1.1,,1.4,0.0,,3.6,1.4,,3.225,0.85,0.0
2025-01-21 22:00,3.7,0.3,,2.0,1.0,,0.9,0.5,,3.0,1.0,,2.4000000000000004,0.7,0.0
2025-01-21 23:00,2.8,0.4,,1.3,1.2,,0.5,0.3,,2.1,1.6,,1.6749999999999998,0.875,0.0
2025-01-22 00:00,1.9,0.5,,0.7,1.4,,-0.1,0.6,,2.1,2.0,,1.15,1.125,0.0
2025-01-22 01:00,1.3,0.0,,0.1,1.1,,-0.7,0.1,,1.2,1.4,,0.47500000000000003,0.65,0.0
2025-01-22 02:00,0.9,0.2,,-0.4,0.9,,-1.1,1.1,,1.3,0.0,,0.175,0.55,0.0
2025-01-22 03:00,0.2,0.1,,-0.3,1.6,,-1.6,0.7,,1.3,0.8,,-0.10000000000000003,0.8,0.0
2025-01-22 04:00,0.0,0.0,,-0.8,1.2,,-1.9,1.1,,1.3,1.3,,-0.35000000000000003,0.8999999999999999,0.0
2025-01-22 05:00,-0.5,0.8,,-0.5,2.1,,-1.2,2.9,,0.6,2.4,,-0.4,2.0500000000000003,0.0
2025-01-22 06:00,-0.8,1.1,,-0.6,1.3,,-1.1,3.2,,0.3,1.7,,-0.55,1.8250000000000002,0.0
2025-01-22 07:00,-0.7,0.9,,-0.1,1.9,,-2.2,1.0,,0.1,1.5,,-0.725,1.325,0.0
2025-01-22 08:00,-1.0,0.0,0.07,0.1,1.5,0.02,-1.8,0.1,,0.1,1.2,0.01,-0.65,0.7,0.03333333333333333
2025-01-22 09:00,0.6,0.5,0.37,1.9,2.2,0.25,-1.0,0.3,,1.6,1.3,0.29,0.775,1.075,0.3033333333333333
2025-01-22 10:00,1.3,0.7,0.91,4.2,1.2,0.7,1.5,0.4,,4.0,2.4,0.68,2.75,1.1749999999999998,0.7633333333333333
2025-01-22 11:00,3.5,0.8,1.3,6.4,0.8,1.21,4.2,2.2,,6.6,2.1,1.27,5.175000000000001,1.475,1.26
2025-01-22 12:00,5.5,0.8,1.39,8.7,1.0,1.49,6.9,1.1,,8.0,1.9,1.26,7.275,1.2000000000000002,1.38
2025-01-22 13:00,7.6,0.5,1.7,9.8,2.0,1.65,7.0,2.1,,8.2,1.6,1.14,8.149999999999999,1.5499999999999998,1.4966666666666664
2025-01-22 14:00,8.4,0.9,1.16,8.9,2.8,1.14,6.7,3.2,,8.4,1.4,1.01,8.1,2.075,1.1033333333333333
2025-01-22 15:00,8.7,0.2,0.75,8.5,2.2,0.76,7.2,2.7,,8.2,1.6,0.85,8.149999999999999,1.6750000000000003,0.7866666666666666
2025-01-22 16:00,8.9,1.5,0.58,8.1,2.4,0.49,6.5,2.4,,8.4,3.4,0.83,7.975,2.425,0.6333333333333333
2025-01-22 17:00,8.5,0.6,0.34,7.6,2.3,0.25,5.9,2.1,,7.9,3.0,0.35,7.475,2.0,0.31333333333333335
2025-01-22 18:00,7.4,0.5,0.13,6.8,1.6,0.06,5.1,0.6,,7.1,2.3,0.07,6.6,1.25,0.08666666666666667
2025-01-22 19:00,6.6,0.2,,6.1,0.8,,4.0,1.0,,6.5,1.2,,5.8,0.8,0.0
2025-01-22 20:00,6.0,0.0,,5.6,1.1,,3.0,0.9,,6.2,1.2,,5.2,0.8,0.0
2025-01-22 21:00,6.0,0.4,,5.2,0.6,,2.6,0.6,,5.1,1.9,,4.725,0.875,0.0
2025-01-22 22:00,4.8,0.1,,4.6,0.2,,1.9,0.6,,4.9,1.8,,4.05,0.675,0.0
2025-01-22 23:00,4.4,0.0,,4.3,0.7,,1.5,0.1,,3.7,1.9,,3.4749999999999996,0.6749999999999999,0.0
2025-01-23 00:00,3.3,0.1,,4.4,0.7,,0.4,0.0,,3.1,2.7,,2.8,0.875,0.0
2025-01-23 01:00,2.7,0.4,,3.5,0.8,,0.3,0.1,,2.9,3.3,,2.35,1.15,0.0
2025-01-23 02:00,2.4,0.9,,3.0,0.7,,-0.8,0.7,,2.5,1.6,,1.7750000000000001,0.975,0.0
2025-01-23 03:00,2.4,0.5,,2.2,0.8,,-1.4,0.0,,2.3,1.4,,1.375,0.675,0.0
2025-01-23 04:00,1.1,0.0,,1.3,0.3,,-1.6,0.2,,1.8,1.9,,0.6500000000000001,0.6,0.0
2025-01-23 05:00,0.8,0.5,,1.0,0.5,,-2.2,0.0,,1.0,2.3,,0.14999999999999997,0.825,0.0
2025-01-23 06:00,0.3,0.1,,0.1,1.0,,-2.7,1.6,,1.5,2.8,,-0.20000000000000007,1.375,0.0
2025-01-23 07:00,0.5,0.7,,-0.3,0.8,,-3.0,0.9,,0.9,3.0,,-0.475,1.35,0.0
2025-01-23 08:00,0.2,0.3,0.08,-0.4,0.7,0.01,-3.1,0.0,,0.9,1.3,0.01,-0.6000000000000001,0.575,0.03333333333333333
2025-01-23 09:00,0.5,0.6,0.37,-0.1,0.1,0.3,-1.6,0.6,,1.4,1.9,0.38,0.04999999999999993,0.7999999999999999,0.3499999999999999
2025-01-23 10:00,2.0,0.5,1.03,2.5,0.5,0.89,1.4,0.2,,2.9,3.2,0.9,2.2,1.1,0.94
2025-01-23 11:00,4.1,0.9,1.53,2.7,2.0,1.16,3.2,1.4,,4.3,3.8,1.49,3.575,2.025,1.3933333333333333
2025-01-23 12:00,7.2,0.8,1.9,4.8,1.4,1.57,5.8,2.6,,5.8,2.7,1.88,5.9,1.8750000000000002,1.7833333333333332
2025-01-23 13:00,8.7,0.3,2.06,6.2,1.9,1.86,7.1,1.6,,7.4,2.7,2.01,7.35,1.625,1.9766666666666666
2025-01-23 14:00,10.0,1.1,1.95,8.3,1.8,1.86,7.8,2.8,,8.6,3.8,1.94,8.675,2.375,1.9166666666666667
2025-01-23 15:00,11.2,0.8,1.71,8.7,1.2,1.58,6.9,2.5,,8.5,4.7,1.68,8.825,2.3,1.6566666666666665
2025-01-23 16:00,11.5,0.8,1.24,8.8,1.7,1.13,7.0,3.1,,7.4,5.3,1.18,8.675,2.7249999999999996,1.1833333333333333
2025-01-23 17:00,10.1,1.4,0.64,8.4,1.7,0.58,6.1,2.3,,6.6,3.1,0.62,7.800000000000001,2.125,0.6133333333333333
2025-01-23 18:00,8.3,0.9,0.15,7.3,1.2,0.1,4.1,1.0,,5.0,2.8,0.11,6.175000000000001,1.475,0.12
2025-01-23 19:00,6.5,1.3,,5.7,1.1,,2.5,0.5,,4.3,5.0,,4.75,1.975,0.0
2025-01-23 20:00,5.4,2.0,,4.5,0.2,,1.9,0.0,,4.0,4.3,,3.95,1.625,0.0
2025-01-23 21:00,4.9,1.4,,3.1,1.4,,0.3,0.8,,3.4,2.5,,2.9250000000000003,1.525,0.0
2025-01-23 22:00,4.9,1.2,,2.4,1.0,,-1.0,0.1,,2.9,2.7,,2.3000000000000003,1.25,0.0
2025-01-23 23:00,4.0,0.0,,1.9,0.2,,-0.8,0.7,,2.9,2.9,,2.0,0.95,0.0
2025-01-24 00:00,3.0,0.4,,0.5,1.4,,-1.2,0.2,,2.5,2.6,,1.2,1.15,0.0
2025-01-24 01:00,2.5,0.0,,0.2,1.4,,-2.0,1.9,,2.3,1.9,,0.75,1.2999999999999998,0.0
2025-01-24 02:00,2.1,0.0,,-0.3,0.6,,-2.2,1.4,,1.7,1.9,,0.32499999999999996,0.975,0.0
2025-01-24 03:00,1.7,0.0,,-0.6,1.0,,-2.3,0.6,,1.7,3.6,,0.12500000000000006,1.3,0.0
2025-01-24 04:00,1.1,0.0,,-1.2,1.1,,-3.0,0.0,,1.3,2.9,,-0.4499999999999999,1.0,0.0
2025-01-24 05:00,0.4,0.5,,-1.6,0.7,,-3.4,0.2,,0.9,3.0,,-0.9249999999999999,1.1,0.0
2025-01-24 06:00,-0.1,1.0,,-1.7,1.2,,-3.2,0.6,,1.1,1.9,,-0.975,1.175,0.0
2025-01-24 07:00,-0.1,0.6,,-2.2,1.3,,-2.3,1.5,,1.0,0.9,,-0.8999999999999999,1.075,0.0
2025-01-24 08:00,-0.3,0.6,0.07,-2.0,0.8,0.01,-2.2,1.2,,0.8,1.7,0.01,-0.925,1.075,0.03
2025-01-24 09:00,1.3,0.5,0.44,-0.1,0.0,0.37,-0.4,1.1,,1.6,2.0,0.36,0.6,0.9,0.38999999999999996
2025-01-24 10:00,4.2,0.5,1.1,2.1,0.4,0.99,2.3,1.8,,3.7,2.8,1.02,3.075,1.375,1.0366666666666666
2025-01-24 11:00,6.2,1.0,1.67,4.5,1.0,1.53,4.7,1.4,,5.8,2.5,1.6,5.3,1.475,1.6000000000000003
2025-01-24 12:00,9.4,0.8,2.01,5.9,1.4,1.91,7.0,2.2,,7.0,3.0,1.94,7.325,1.85,1.9533333333333331
2025-01-24 13:00,11.7,1.2,2.24,8.0,1.6,2.05,8.3,2.2,,8.3,3.3,2.15,9.075,2.075,2.1466666666666665
2025-01-24 14:00,12.6,1.1,2.14,9.9,1.8,2.01,10.0,2.2,,8.8,3.5,2.08,10.325,2.1500000000000004,2.0766666666666667
2025-01-24 15:00,12.7,1.1,1.79,10.5,1.9,1.62,7.6,3.2,,9.2,3.6,1.79,10.0,2.45,1.7333333333333334
2025-01-24 16:00,12.4,1.4,1.22,10.3,2.9,1.13,7.8,2.6,,8.5,3.9,1.28,9.75,2.7,1.21
2025-01-24 17:00,11.4,1.3,0.65,9.2,1.8,0.6,7.6,1.1,,6.8,3.8,0.5,8.75,2.0,0.5833333333333334
2025-01-24 18:00,8.4,0.8,0.14,7.8,1.9,0.1,5.5,0.3,,5.4,4.7,0.08,6.775,1.925,0.10666666666666667
2025-01-24 19:00,7.2,0.8,,6.9,1.5,,4.3,0.1,,5.0,6.3,,5.8500000000000005,2.175,0.0
2025-01-24 20:00,5.8,1.6,,5.6,1.0,,2.6,1.1,,4.7,4.8,,4.675,2.125,0.0
2025-01-24 21:00,5.3,2.7,,4.8,1.0,,1.5,0.2,,3.8,3.0,,3.8499999999999996,1.725,0.0
2025-01-24 22:00,4.9,2.2,,2.8,1.4,,2.7,0.5,,3.8,2.8,,3.55,1.7249999999999999,0.0
2025-01-24 23:00,4.3,2.4,,2.1,0.7,,2.8,1.1,,3.4,3.1,,3.15,1.8249999999999997,0.0
2025-01-25 00:00,4.2,1.5,,1.1,0.9,,2.5,0.7,,3.0,2.7,,2.7,1.45,0.0
2025-01-25 01:00,3.6,1.9,,-0.2,1.2,,2.0,1.3,,2.4,1.7,,1.9500000000000002,1.525,0.0
2025-01-25 02:00,2.2,0.7,,-0.4,1.8,,1.9,1.0,,2.3,2.7,,1.5,1.55,0.0
2025-01-25 03:00,1.2,0.2,,-0.5,1.1,,1.2,2.2,,1.7,2.3,,0.8999999999999999,1.45,0.0
2025-01-25 04:00,0.9,0.8,,-1.2,1.4,,1.2,2.2,,1.2,2.7,,0.525,1.7750000000000001,0.0
2025-01-25 05:00,0.5,0.0,,-1.5,1.6,,-0.2,0.9,,0.7,1.1,,-0.125,0.9,0.0
2025-01-25 06:00,-0.2,0.2,,-1.5,1.2,,-0.8,1.0,,0.3,1.3,,-0.55,0.925,0.0
2025-01-25 07:00,0.1,0.2,,-2.3,1.4,,0.3,2.2,,-0.2,0.1,,-0.5249999999999999,0.975,0.0
2025-01-25 08:00,-0.1,0.6,0.08,-1.7,1.0,0.01,0.8,2.5,,0.0,1.0,0.01,-0.25,1.275,0.03333333333333333
2025-01-25 09:00,1.1,0.5,0.46,1.3,0.2,0.38,2.6,2.5,,1.0,0.5,0.35,1.5,0.925,0.39666666666666667
2025-01-25 10:00,3.7,0.6,1.17,4.3,0.4,1.01,5.0,2.1,,3.1,2.1,1.01,4.025,1.3,1.0633333333333332
2025-01-25 11:00,7.8,1.9,1.76,7.2,1.1,1.55,7.3,2.9,,5.3,0.5,1.59,6.9,1.6,1.6333333333333335
2025-01-25 12:00,9.7,1.6,2.15,9.6,1.1,1.93,9.4,1.9,,8.2,1.2,1.99,9.224999999999998,1.45,2.0233333333333334
2025-01-25 13:00,11.0,0.9,2.32,10.8,1.7,2.13,9.8,2.9,,9.8,1.9,2.21,10.350000000000001,1.85,2.2199999999999998
2025-01-25 14:00,11.0,0.8,2.24,11.8,1.2,2.14,10.9,3.1,,10.4,2.0,2.08,11.025,1.775,2.1533333333333338
2025-01-25 15:00,12.3,1.2,1.89,12.6,0.9,2.05,11.4,2.5,,10.5,2.7,1.71,11.7,1.825,1.883333333333333
2025-01-25 16:00,11.9,3.3,1.36,11.4,1.8,1.43,11.1,2.1,,9.8,3.4,1.3,11.05,2.65,1.3633333333333333
2025-01-25 17:00,10.5,2.3,0.72,10.2,2.6,0.35,10.4,1.5,,7.3,4.8,0.58,9.6,2.8,0.5499999999999999
2025-01-25 18:00,8.9,2.7,0.17,8.8,2.5,0.06,8.3,2.2,,6.3,4.1,0.11,8.075000000000001,2.875,0.11333333333333334
2025-01-25 19:00,8.5,1.0,,7.8,1.3,,7.9,2.2,,5.9,2.5,,7.525,1.75,0.0
2025-01-25 20:00,7.5,1.7,,6.8,1.3,,7.0,2.1,,5.8,0.3,,6.775,1.3499999999999999,0.0
2025-01-25 21:00,6.7,1.9,,6.1,1.7,,6.4,1.7,,5.3,1.4,,6.125000000000001,1.6749999999999998,0.0
2025-01-25 22:00,6.4,1.5,,5.2,1.3,,6.0,2.3,,5.2,1.1,,5.7,1.5499999999999998,0.0
2025-01-25 23:00,6.2,1.7,,4.7,1.2,,5.7,2.7,,4.9,1.3,,5.375,1.7249999999999999,0.0
2025-01-26 00:00,5.7,1.5,,4.3,1.0,,4.8,1.1,,4.7,1.7,,4.875,1.325,0.0
2025-01-26 01:00,5.6,2.7,,4.0,1.4,,4.1,1.6,,4.7,1.4,,4.6,1.775,0.0
2025-01-26 02:00,4.4,4.3,,4.0,1.6,,3.2,1.4,,4.8,1.0,,4.1000000000000005,2.075,0.0
2025-01-26 03:00,3.7,3.4,,4.3,1.0,,3.2,1.2,,4.0,1.1,,3.8,1.6750000000000003,0.0
2025-01-26 04:00,2.8,2.6,,3.7,2.0,,3.2,1.7,,4.1,2.1,,3.4499999999999997,2.1,0.0
2025-01-26 05:00,2.7,2.0,,3.5,2.2,,2.8,2.1,,3.7,1.7,,3.175,2.0,0.0
2025-01-26 06:00,2.5,0.5,,4.1,1.6,,2.6,2.0,,3.2,0.0,,3.0999999999999996,1.025,0.0
2025-01-26 07:00,2.7,1.5,,3.7,0.3,,2.3,1.8,,2.7,0.0,,2.8499999999999996,0.9,0.0
2025-01-26 08:00,2.3,0.5,0.08,4.2,0.9,0.02,2.3,2.0,,2.5,1.2,0.01,2.825,1.15,0.03666666666666667
2025-01-26 09:00,3.6,0.9,0.31,3.9,0.3,0.23,2.9,1.3,,3.6,0.7,0.32,3.5,0.8,0.2866666666666667
2025-01-26 10:00,5.5,1.5,1.07,4.9,0.8,0.72,5.1,1.4,,5.4,1.5,0.7,5.225,1.2999999999999998,0.8300000000000001
2025-01-26 11:00,7.0,1.3,1.45,6.7,1.2,1.26,6.4,1.9,,6.9,0.9,1.0,6.75,1.3250000000000002,1.2366666666666666
2025-01-26 12:00,7.4,0.6,1.25,6.8,1.2,1.4,7.1,2.4,,7.2,1.7,0.85,7.124999999999999,1.4749999999999999,1.1666666666666667
2025-01-26 13:00,7.9,0.7,1.21,7.6,1.9,1.0,6.7,1.8,,6.9,1.8,0.59,7.275,1.5499999999999998,0.9333333333333332
2025-01-26 14:00,8.2,0.4,0.95,8.3,0.8,0.79,7.1,1.4,,7.1,0.3,0.52,7.675000000000001,0.725,0.7533333333333333
2025-01-26 15:00,7.9,1.0,0.47,8.2,1.4,0.52,7.2,0.7,,7.7,2.4,0.57,7.75,1.375,0.52
2025-01-26 16:00,7.3,0.9,0.32,8.0,1.0,0.44,7.1,0.3,,7.8,1.9,0.44,7.55,1.025,0.39999999999999997
2025-01-26 17:00,6.6,1.4,0.22,7.9,1.2,0.25,6.7,1.3,,7.4,2.2,0.35,7.15,1.525,0.2733333333333333
2025-01-26 18:00,5.8,1.1,0.12,7.2,1.5,0.04,5.4,1.4,,6.5,2.9,0.09,6.225,1.725,0.08333333333333333
2025-01-26 19:00,5.4,1.0,,6.6,1.5,,4.8,0.8,,5.5,2.4,,5.575,1.4249999999999998,0.0
2025-01-26 20:00,4.9,1.7,,5.9,0.9,,4.1,0.2,,5.1,2.6,,5.0,1.35,0.0
2025-01-26 21:00,4.8,1.2,,5.4,0.7,,3.6,0.0,,4.9,1.9,,4.675,0.95,0.0
2025-01-26 22:00,4.7,1.3,,4.7,2.3,,3.8,1.4,,4.7,1.6,,4.475,1.65,0.0
2025-01-26 23:00,4.7,0.8,,3.6,1.5,,3.7,3.7,,4.6,2.6,,4.15,2.15,0.0
2025-01-27 00:00,4.6,0.7,,3.6,1.9,,3.4,2.7,,4.7,0.7,,4.075,1.5,0.0
2025-01-27 01:00,4.4,0.1,,3.8,1.6,,3.5,2.7,,4.5,0.2,,4.05,1.1500000000000001,0.0
2025-01-27 02:00,4.4,0.6,,4.1,0.7,,3.2,2.4,,4.6,1.9,,4.074999999999999,1.4,0.0
2025-01-27 03:00,4.1,0.4,,4.0,1.0,,3.0,1.4,,3.4,2.8,,3.625,1.4,0.0
2025-01-27 04:00,3.4,1.6,,3.3,1.3,,2.7,2.7,,3.2,3.1,,3.1499999999999995,2.1750000000000003,0.0
2025-01-27 05:00,2.7,1.9,,3.2,1.2,,1.6,1.5,,3.1,3.2,,2.65,1.95,0.0
2025-01-27 06:00,1.8,1.4,,1.7,2.1,,1.7,6.0,,3.0,4.6,,2.05,3.525,0.0
2025-01-27 07:00,1.8,1.8,,0.9,1.8,,1.5,7.7,,2.1,7.9,,1.5750000000000002,4.800000000000001,0.0
2025-01-27 08:00,1.6,2.1,0.07,0.8,3.6,0.0,1.5,7.7,,1.0,7.2,0.0,1.225,5.15,0.023333333333333334
2025-01-27 09:00,0.9,1.3,0.1,0.1,4.7,0.06,0.6,7.1,,1.0,7.8,0.11,0.65,5.225,0.09000000000000001
2025-01-27 10:00,0.6,1.5,0.22,-0.1,2.7,0.23,0.3,6.0,,1.9,6.9,0.43,0.675,4.275,0.29333333333333333
2025-01-27 11:00,1.3,1.5,0.67,-0.1,1.8,0.2,1.1,7.2,,2.4,9.0,0.93,1.1749999999999998,4.875,0.6000000000000001
2025-01-27 12:00,1.9,2.9,1.13,0.6,1.1,0.43,1.2,8.6,,2.4,8.0,1.67,1.525,5.15,1.0766666666666664
2025-01-27 13:00,2.4,3.0,1.45,1.0,3.3,0.63,0.5,10.5,,0.9,5.4,1.72,1.2,5.550000000000001,1.2666666666666666
2025-01-27 14:00,2.2,4.0,1.58,0.2,3.6,0.61,0.7,8.8,,1.0,9.1,1.27,1.0250000000000001,6.375,1.1533333333333333
2025-01-27 15:00,1.6,3.5,1.28,0.7,1.6,0.58,1.7,7.8,,1.6,9.0,0.98,1.4,5.475,0.9466666666666667
2025-01-27 16:00,1.4,2.5,0.9,1.1,2.8,0.54,-1.1,6.9,,0.4,7.2,1.11,0.44999999999999996,4.85,0.85
2025-01-27 17:00,0.1,3.8,0.63,-1.3,3.2,0.24,-1.6,8.1,,0.9,5.4,0.55,-0.475,5.125,0.47333333333333333
2025-01-27 18:00,0.5,1.8,0.23,-1.5,2.9,0.05,-0.7,5.9,,0.9,5.9,0.19,-0.19999999999999998,4.125,0.15666666666666668
2025-01-27 19:00,-0.8,3.0,,-1.4,2.0,,0.5,7.1,,-0.7,4.5,,-0.6000000000000001,4.15,0.0
2025-01-27 20:00,-0.3,2.2,,-1.4,2.7,,0.0,6.8,,-0.5,4.5,,-0.55,4.05,0.0
2025-01-27 21:00,-0.7,4.1,,-1.9,3.4,,-1.6,10.8,,-0.4,6.2,,-1.15,6.125,0.0
2025-01-27 22:00,-1.1,2.5,,-1.5,2.5,,-0.7,5.6,,-1.7,7.4,,-1.25,4.5,0.0
2025-01-27 23:00,-1.0,2.6,,-1.5,2.4,,-0.7,8.3,,-0.6,7.4,,-0.9500000000000001,5.175000000000001,0.0
2025-01-28 00:00,-0.8,2.8,,-1.5,4.4,,-0.2,10.5,,-1.8,9.4,,-1.075,6.775,0.0
2025-01-28 01:00,-1.1,3.7,,-1.7,4.0,,-0.3,7.6,,-1.8,10.1,,-1.2249999999999999,6.35,0.0
2025-01-28 02:00,-1.9,1.8,,-1.3,3.4,,-0.3,9.4,,-0.6,8.7,,-1.025,5.825,0.0
2025-01-28 03:00,-1.5,2.3,,-1.3,3.6,,-0.2,8.6,,-1.1,5.8,,-1.025,5.075,0.0
2025-01-28 04:00,-2.0,1.5,,-1.5,3.8,,-0.9,7.0,,-1.0,6.5,,-1.35,4.7,0.0
2025-01-28 05:00,-1.8,2.6,,-1.8,3.7,,-0.3,9.9,,-2.3,7.1,,-1.5499999999999998,5.825000000000001,0.0
2025-01-28 06:00,-1.5,2.7,,-1.7,3.8,,0.1,8.3,,-1.3,6.1,,-1.1,5.225,0.0
2025-01-28 07:00,-2.3,2.8,,-1.8,4.0,,-1.7,10.6,,-1.6,5.7,,-1.85,5.7749999999999995,0.0
2025-01-28 08:00,-2.2,1.6,0.07,-1.2,3.7,0.01,-1.7,7.5,,-0.5,6.7,0.01,-1.4000000000000001,4.875,0.03
2025-01-28 09:00,-1.2,1.9,0.28,-1.7,4.1,0.06,-1.7,8.5,,-0.4,7.2,0.16,-1.25,5.425,0.16666666666666666
2025-01-28 10:00,-1.0,2.2,0.49,-1.0,3.1,0.45,-1.6,6.8,,-0.4,5.3,0.77,-1.0,4.3500000000000005,0.57
2025-01-28 11:00,0.0,1.9,0.72,-0.7,2.8,0.42,-1.6,7.0,,0.3,8.3,1.45,-0.49999999999999994,5.0,0.8633333333333333
2025-01-28 12:00,0.2,3.8,1.13,-0.7,4.2,0.57,-0.6,9.9,,-1.5,9.2,1.35,-0.6499999999999999,6.7749999999999995,1.0166666666666666
2025-01-28 13:00,1.5,5.3,1.43,-0.5,4.4,0.84,0.1,8.6,,0.6,9.0,1.62,0.42500000000000004,6.824999999999999,1.2966666666666666
2025-01-28 14:00,-0.9,5.1,0.92,-1.4,3.6,0.36,0.3,9.2,,1.3,9.8,1.97,-0.17499999999999993,6.925,1.0833333333333333
2025-01-28 15:00,0.8,3.9,1.07,-1.1,3.6,0.35,0.3,8.5,,1.2,6.5,1.35,0.3,5.625,0.9233333333333333
2025-01-28 16:00,1.4,4.5,1.1,-0.9,3.3,0.36,-1.2,9.0,,0.5,8.0,0.73,-0.05000000000000002,6.2,0.73
2025-01-28 17:00,0.7,4.9,0.8,-0.2,2.4,0.25,-0.9,7.8,,0.3,6.7,0.28,-0.025000000000000022,5.45,0.44333333333333336
2025-01-28 18:00,0.5,3.0,0.21,-1.3,3.3,0.05,-1.4,6.9,,0.0,6.7,0.09,-0.55,4.975,0.11666666666666665
2025-01-28 19:00,-0.4,0.9,,-1.1,2.7,,-1.7,5.7,,-1.4,8.2,,-1.15,4.375,0.0
2025-01-28 20:00,-1.5,2.4,,-1.6,3.1,,-1.4,7.7,,0.1,7.8,,-1.1,5.25,0.0
2025-01-28 21:00,-1.4,1.7,,-1.6,2.2,,-1.6,7.7,,-0.3,7.8,,-1.2249999999999999,4.8500000000000005,0.0
2025-01-28 22:00,-1.2,0.7,,-1.6,2.7,,-2.2,7.5,,-0.4,6.9,,-1.35,4.45,0.0
2025-01-28 23:00,-1.3,1.9,,-2.0,3.1,,-1.6,4.2,,-0.4,7.4,,-1.3250000000000002,4.15,0.0
2025-01-29 00:00,-1.8,1.3,,-1.8,2.2,,-2.2,6.7,,-0.8,7.9,,-1.6500000000000001,4.525,0.0
2025-01-29 01:00,-1.9,2.3,,-2.1,1.6,,-2.2,8.5,,-1.3,7.2,,-1.875,4.9,0.0
2025-01-29 02:00,-1.8,2.3,,-2.1,1.8,,-2.4,6.7,,-0.1,6.6,,-1.6,4.35,0.0
2025-01-29 03:00,-1.9,1.1,,-2.0,3.1,,-2.2,6.2,,0.0,7.3,,-1.525,4.425,0.0
2025-01-29 04:00,-1.9,1.9,,-2.1,2.4,,-2.3,5.8,,-0.1,7.3,,-1.5999999999999999,4.35,0.0
2025-01-29 05:00,-2.0,0.9,,-2.2,2.1,,-2.6,5.3,,0.2,6.4,,-1.6500000000000001,3.6750000000000003,0.0
2025-01-29 06:00,-1.8,1.1,,-2.5,1.4,,-2.8,3.8,,-0.4,7.4,,-1.875,3.425,0.0
2025-01-29 07:00,-1.8,0.9,,-2.5,1.6,,-2.3,4.6,,0.0,5.8,,-1.65,3.2249999999999996,0.0
2025-01-29 08:00,-1.8,0.6,0.07,-2.6,0.3,0.01,-2.3,2.2,,-0.3,5.2,0.01,-1.75,2.075,0.03
2025-01-29 09:00,-1.6,1.2,0.12,-2.0,0.4,0.13,-2.0,3.9,,0.4,6.5,0.38,-1.2999999999999998,3.0,0.21
2025-01-29 10:00,-1.0,0.8,0.22,-0.9,1.3,0.58,-1.1,7.2,,0.4,6.5,0.61,-0.65,3.95,0.47
2025-01-29 11:00,-0.5,1.7,0.34,-0.5,2.1,0.95,-1.5,4.3,,0.4,6.8,0.94,-0.525,3.7249999999999996,0.7433333333333333
2025-01-29 12:00,-0.1,1.3,0.31,-0.8,2.6,1.48,-0.2,5.4,,1.7,5.9,0.94,0.14999999999999997,3.8000000000000003,0.91
2025-01-29 13:00,0.9,1.5,0.66,-0.9,3.0,1.26,-0.6,7.6,,1.4,7.8,1.12,0.19999999999999998,4.975,1.0133333333333334
2025-01-29 14:00,0.7,1.9,1.33,-0.3,3.2,1.35,-0.8,7.9,,0.5,8.7,1.6,0.02499999999999998,5.425,1.4266666666666667
2025-01-29 15:00,1.0,3.0,1.8,-0.2,4.1,1.66,-0.1,5.9,,1.7,8.2,1.25,0.6,5.3,1.57
2025-01-29 16:00,1.2,3.6,1.7,-0.4,3.8,1.24,-0.4,7.4,,0.8,9.4,1.21,0.3,6.050000000000001,1.3833333333333335
2025-01-29 17:00,0.0,1.8,0.91,-0.6,2.5,0.64,-0.5,6.6,,0.8,7.9,0.85,-0.07500000000000001,4.699999999999999,0.7999999999999999
2025-01-29 18:00,-0.9,1.2,0.21,-1.4,2.9,0.21,-1.1,5.5,,-0.8,6.2,0.07,-1.05,3.95,0.16333333333333333
2025-01-29 19:00,-0.8,1.4,,-1.9,1.7,,-2.0,1.6,,-0.8,7.0,,-1.375,2.925,0.0
2025-01-29 20:00,-1.2,1.3,,-2.5,1.0,,-3.0,1.1,,-0.5,4.8,,-1.8,2.05,0.0
2025-01-29 21:00,-2.1,1.0,,-3.2,0.4,,-4.1,0.8,,-0.8,2.8,,-2.5500000000000003,1.25,0.0
2025-01-29 22:00,-2.1,0.6,,-4.0,1.4,,-4.7,0.6,,-1.5,0.8,,-3.075,0.8500000000000001,0.0
2025-01-29 23:00,-2.5,1.1,,-5.0,1.3,,-5.8,1.3,,-2.0,1.4,,-3.825,1.275,0.0
2025-01-30 00:00,-2.9,0.3,,-5.8,1.5,,-5.8,0.2,,-1.9,1.3,,-4.1,0.825,0.0
2025-01-30 01:00,-3.2,0.5,,-6.1,0.9,,-5.6,1.5,,-2.2,1.8,,-4.275,1.175,0.0
2025-01-30 02:00,-3.6,0.6,,-6.7,1.3,,-5.1,1.6,,-1.7,2.6,,-4.275,1.525,0.0
2025-01-30 03:00,-3.8,1.1,,-5.8,1.5,,-5.4,1.6,,-1.8,2.4,,-4.2,1.65,0.0
2025-01-30 04:00,-4.1,0.2,,-6.0,1.5,,-4.8,0.1,,-2.0,2.5,,-4.225,1.075,0.0
2025-01-30 05:00,-3.7,0.0,,-5.6,1.6,,-5.3,0.9,,-1.8,3.3,,-4.1000000000000005,1.45,0.0
2025-01-30 06:00,-3.4,0.1,,-4.9,1.1,,-5.4,0.9,,-1.7,3.2,,-3.85,1.3250000000000002,0.0
2025-01-30 07:00,-3.4,0.9,,-4.3,0.8,,-5.5,0.2,,-1.8,3.5,,-3.75,1.35,0.0
2025-01-30 08:00,-3.2,0.7,0.07,-3.8,0.9,0.01,-5.7,0.4,,-1.9,3.4,0.02,-3.65,1.35,0.03333333333333333
2025-01-30 09:00,-2.4,0.4,0.43,-2.9,0.6,0.14,-5.0,0.1,,0.1,3.8,0.48,-2.5500000000000003,1.225,0.35000000000000003
2025-01-30 10:00,-0.6,1.0,1.06,-1.5,0.7,0.46,-2.4,1.3,,1.9,3.0,1.06,-0.65,1.5,0.86
2025-01-30 11:00,0.5,0.8,1.83,-0.2,1.6,1.2,-0.8,1.3,,4.6,2.5,1.57,1.025,1.55,1.5333333333333334
2025-01-30 12:00,2.3,0.9,2.23,1.5,1.7,1.68,1.6,1.8,,5.6,3.3,1.96,2.75,1.925,1.9566666666666668
2025-01-30 13:00,3.5,0.9,2.23,2.9,0.9,2.16,2.5,2.2,,6.7,3.1,2.35,3.9000000000000004,1.775,2.2466666666666666
2025-01-30 14:00,5.0,1.7,2.29,3.8,0.3,2.11,2.6,2.6,,6.6,4.0,2.26,4.5,2.15,2.22
2025-01-30 15:00,6.9,1.4,2.03,3.2,1.6,1.83,3.3,2.0,,6.9,4.1,1.97,5.075000000000001,2.275,1.9433333333333334
2025-01-30 16:00,5.7,0.6,1.08,3.8,1.0,1.34,3.1,2.0,,7.1,1.5,1.44,4.925,1.275,1.2866666666666666
2025-01-30 17:00,5.2,0.4,0.58,3.3,1.0,0.72,2.3,1.1,,6.6,1.9,0.76,4.35,1.1,0.6866666666666665
2025-01-30 18:00,4.5,0.5,0.19,2.3,1.2,0.15,0.6,0.9,,5.1,0.9,0.16,3.125,0.875,0.16666666666666666
2025-01-30 19:00,3.6,0.2,,1.2,1.2,,-0.1,1.1,,4.1,0.1,0.0,2.2,0.65,0.0
2025-01-30 20:00,2.6,0.9,,0.5,0.3,,0.1,1.2,,3.7,1.8,,1.725,1.05,0.0
2025-01-30 21:00,1.9,0.6,,0.0,1.0,,-0.5,0.7,,3.2,1.9,,1.15,1.0499999999999998,0.0
2025-01-30 22:00,1.5,0.3,,-0.4,0.8,,-0.4,1.3,,2.8,2.6,,0.875,1.25,0.0
2025-01-30 23:00,0.8,0.3,,-0.6,1.1,,-0.7,0.7,,2.2,2.7,,0.42500000000000004,1.2000000000000002,0.0
2025-01-31 00:00,0.1,0.5,,-0.7,1.2,,-1.7,0.5,,1.5,2.3,,-0.19999999999999996,1.125,0.0
2025-01-31 01:00,0.2,0.5,,-1.0,1.1,,-2.2,0.8,,1.1,3.3,,-0.475,1.425,0.0
2025-01-31 02:00,-0.4,0.8,,-0.7,1.4,,-2.3,0.3,,0.6,2.9,,-0.7,1.35,0.0
2025-01-31 03:00,-0.6,0.0,,-0.9,1.2,,-2.5,0.7,,0.2,2.1,,-0.95,1.0,0.0
2025-01-31 04:00,-0.7,0.4,,-0.7,1.6,,-3.0,0.6,,-0.1,1.3,,-1.125,0.9750000000000001,0.0
2025-01-31 05:00,-1.1,0.3,,-1.0,1.5,,-3.1,1.1,,0.2,1.6,,-1.25,1.125,0.0
2025-01-31 06:00,-1.3,1.0,,-0.9,1.4,,-3.3,0.5,,1.3,2.8,,-1.05,1.4249999999999998,0.0
2025-01-31 07:00,-1.2,0.9,,-0.5,1.8,,-3.3,0.2,,0.7,3.3,,-1.075,1.55,0.0
2025-01-31 08:00,-0.7,0.5,0.09,0.7,2.1,0.01,-2.8,1.0,,1.1,2.1,0.01,-0.42499999999999993,1.425,0.03666666666666666
2025-01-31 09:00,0.3,0.5,0.17,1.7,1.8,0.15,-1.0,1.1,,2.4,2.1,0.24,0.85,1.375,0.18666666666666668
2025-01-31 10:00,1.0,0.5,0.39,2.9,1.1,0.39,2.3,2.1,,2.4,1.9,0.23,2.15,1.4,0.33666666666666667
2025-01-31 11:00,2.2,1.1,0.63,5.8,1.5,1.19,3.5,2.6,,2.6,2.3,0.25,3.525,1.875,0.69
2025-01-31 12:00,3.6,1.0,0.71,6.4,1.6,1.03,5.0,1.8,,4.6,0.9,0.61,4.9,1.3250000000000002,0.7833333333333333
2025-01-31 13:00,4.3,0.5,0.5,7.0,1.1,0.94,6.2,1.6,,5.9,2.5,0.98,5.85,1.425,0.8066666666666666
2025-01-31 14:00,4.9,0.7,0.49,6.9,1.3,0.8,6.8,2.9,,6.2,3.5,0.7,6.2,2.1,0.6633333333333333
2025-01-31 15:00,5.3,1.2,0.5,7.2,1.6,0.87,7.3,2.5,,7.9,3.1,1.09,6.925000000000001,2.1,0.82
2025-01-31 16:00,5.8,1.2,0.61,7.1,1.6,0.81,7.2,2.5,,7.6,3.6,0.67,6.924999999999999,2.225,0.6966666666666667
2025-01-31 17:00,5.3,1.8,0.28,6.2,2.0,0.26,6.7,1.4,,7.7,3.2,0.16,6.475,2.0999999999999996,0.23333333333333336
2025-01-31 18:00,4.9,1.0,0.09,5.3,1.6,0.03,5.5,0.3,,7.2,1.2,0.02,5.725,1.025,0.04666666666666666
2025-01-31 19:00,3.7,1.6,,3.9,2.1,,4.2,1.9,,6.6,2.1,0.0,4.6,1.9249999999999998,0.0
2025-01-31 20:00,3.6,1.9,,3.7,2.0,,3.9,3.1,,5.6,2.4,,4.2,2.35,0.0
2025-01-31 21:00,3.5,2.2,,3.7,1.7,,3.8,0.6,,5.2,1.8,,4.05,1.575,0.0
2025-01-31 22:00,3.4,1.2,,3.7,1.1,,3.5,0.7,,4.8,2.5,,3.8499999999999996,1.375,0.0
2025-01-31 23:00,3.6,0.5,,3.8,1.6,,3.3,0.2,,4.6,1.2,,3.8249999999999997,0.875,0.0
2025-02-01 01:00,3.5,1.3,,3.8,1.0,,3.4,0.6,,4.7,2.9,,3.8499999999999996,1.45,0.0
2025-02-01 02:00,3.4,1.2,,3.9,0.3,,3.2,0.7,,4.8,2.6,,3.825,1.2000000000000002,0.0
2025-02-01 03:00,3.4,1.4,,3.7,0.3,,2.7,2.2,,4.6,3.4,,3.6,1.8250000000000002,0.0
2025-02-01 04:00,3.5,2.1,,3.4,0.5,,2.2,1.7,,4.7,2.2,,3.45,1.625,0.0
2025-02-01 05:00,3.6,2.3,,3.3,0.6,,1.9,1.5,,4.7,2.8,,3.375,1.8,0.0
2025-02-01 06:00,3.5,2.7,,3.3,0.5,,1.8,1.6,,4.8,4.1,,3.3499999999999996,2.225,0.0
2025-02-01 07:00,3.6,2.9,,3.2,0.6,,1.7,1.5,,4.9,4.1,,3.35,2.275,0.0
2025-02-01 08:00,4.0,4.5,0.07,3.0,1.0,0.01,1.9,0.6,,5.1,4.7,0.0,3.5,2.7,0.02666666666666667
2025-02-01 09:00,4.3,3.7,0.11,3.3,0.4,0.06,2.1,1.5,,5.1,4.5,0.05,3.6999999999999997,2.5250000000000004,0.07333333333333332
2025-02-01 10:00,4.3,4.0,0.18,3.8,0.6,0.18,2.5,1.9,,5.2,4.7,0.12,3.95,2.8,0.16
2025-02-01 11:00,4.5,4.0,0.25,4.3,0.8,0.25,3.3,2.2,,5.2,4.2,0.19,4.325,2.8,0.22999999999999998
2025-02-01 12:00,4.6,4.2,0.32,4.3,0.8,0.29,3.8,1.5,,5.1,3.1,0.26,4.449999999999999,2.4,0.29
2025-02-01 13:00,4.7,3.2,0.33,5.1,0.4,0.39,4.6,3.1,,5.4,2.7,0.38,4.95,2.35,0.3666666666666667
2025-02-01 14:00,4.9,2.7,0.42,6.3,0.3,0.62,5.8,2.1,,5.6,3.3,0.56,5.65,2.0999999999999996,0.5333333333333333
2025-02-01 15:00,5.4,1.7,0.48,7.2,0.3,0.65,7.7,2.2,,5.6,3.3,0.5,6.475,1.875,0.5433333333333333
2025-02-01 16:00,5.5,1.6,0.43,7.7,0.8,0.83,7.9,3.5,,5.6,4.2,0.27,6.675000000000001,2.5250000000000004,0.51
2025-02-01 17:00,5.7,2.0,0.4,6.7,1.7,0.25,7.4,1.7,,5.6,4.4,0.45,6.35,2.45,0.3666666666666667
2025-02-01 18:00,5.3,1.3,0.15,6.4,1.5,0.11,5.9,0.7,,4.9,5.1,0.04,5.625,2.15,0.09999999999999999
2025-02-01 19:00,4.7,1.8,0.06,5.8,1.8,,4.3,0.9,,4.8,4.0,0.0,4.9,2.125,0.02
2025-02-01 20:00,4.3,1.6,,5.7,2.0,,3.0,0.4,,4.6,3.8,,4.4,1.95,0.0
2025-02-01 21:00,4.7,2.1,,5.5,1.6,,2.0,1.4,,4.2,4.6,,4.1,2.425,0.0
2025-02-01 22:00,4.7,2.0,,3.8,0.9,,1.6,1.6,,4.1,2.3,,3.55,1.7,0.0
2025-02-01 23:00,4.0,0.5,,3.1,1.7,,1.2,1.1,,3.9,2.4,,3.05,1.425,0.0
2025-02-02 00:00,4.2,0.9,,2.9,0.9,,0.9,0.1,,3.7,1.3,,2.925,0.8,0.0
2025-02-02 01:00,4.0,0.3,,2.7,0.5,,0.6,0.2,,3.4,2.4,,2.675,0.85,0.0
2025-02-02 02:00,3.4,0.6,,2.0,0.4,,0.6,0.0,,3.7,4.1,,2.425,1.275,0.0
2025-02-02 03:00,3.1,1.0,,1.6,0.6,,0.2,0.1,,3.5,3.8,,2.1,1.375,0.0
2025-02-02 04:00,2.7,0.1,,1.4,0.2,,-0.2,1.0,,3.4,3.6,,1.8249999999999997,1.225,0.0
2025-02-02 05:00,1.4,0.8,,1.5,0.4,,-0.7,0.4,,3.0,3.0,,1.3,1.15,0.0
2025-02-02 06:00,1.3,0.7,,1.6,0.5,,-1.3,0.1,,2.9,4.1,,1.125,1.3499999999999999,0.0
2025-02-02 07:00,0.9,0.4,,1.4,0.1,,-1.5,0.4,,2.0,2.5,,0.7,0.85,0.0
2025-02-02 08:00,1.1,0.8,0.08,1.4,0.9,0.01,-1.8,0.7,,1.9,2.8,0.01,0.6499999999999999,1.3,0.03333333333333333
2025-02-02 09:00,1.7,0.8,0.3,1.4,0.6,0.12,-0.9,0.4,,2.6,3.4,0.27,1.2,1.2999999999999998,0.22999999999999998
2025-02-02 10:00,2.3,1.1,0.65,1.7,0.2,0.26,0.8,2.0,,3.0,4.2,0.58,1.95,1.875,0.49666666666666665
2025-02-02 11:00,3.5,0.3,0.9,1.6,1.4,0.38,3.2,2.6,,3.7,4.1,0.84,3.0,2.0999999999999996,0.7066666666666667
2025-02-02 12:00,6.0,0.2,2.08,3.2,0.8,0.82,5.2,1.8,,5.1,4.3,1.94,4.875,1.775,1.6133333333333333
2025-02-02 13:00,7.6,1.4,2.31,4.7,1.1,1.72,6.6,2.7,,5.8,3.8,1.67,6.175,2.25,1.9000000000000001
2025-02-02 14:00,8.5,0.8,1.83,5.7,1.9,2.05,6.2,4.3,,5.5,4.7,1.25,6.475,2.925,1.71
2025-02-02 15:00,8.1,1.1,1.16,6.5,1.3,1.56,5.7,3.1,,5.7,4.7,1.41,6.5,2.55,1.3766666666666667
2025-02-02 16:00,8.4,0.9,1.58,5.9,2.6,0.76,5.0,3.7,,5.6,5.6,1.51,6.225,3.2,1.2833333333333332
2025-02-02 17:00,7.4,1.1,0.8,5.6,2.5,0.5,5.0,2.8,,4.6,6.0,0.67,5.65,3.1,0.6566666666666667
2025-02-02 18:00,6.0,1.2,0.18,4.6,1.5,0.16,3.7,3.1,,4.0,5.8,0.14,4.575,2.9000000000000004,0.16
2025-02-02 19:00,4.9,1.0,0.06,3.5,1.9,,2.6,3.5,,3.7,6.2,0.0,3.675,3.1500000000000004,0.02
2025-02-02 20:00,4.0,1.0,,2.9,2.0,,2.0,4.1,,3.7,5.7,,3.1500000000000004,3.2,0.0
2025-02-02 21:00,3.2,0.2,,2.2,1.7,,1.8,4.7,,3.6,5.2,,2.7,2.95,0.0
2025-02-02 22:00,3.0,1.1,,1.9,1.9,,1.1,2.0,,3.6,4.8,,2.4,2.45,0.0
2025-02-02 23:00,2.6,0.7,,1.9,1.8,,1.1,0.4,,3.8,5.3,,2.3499999999999996,2.05,0.0
2025-02-03 00:00,3.0,0.6,,2.2,0.4,,1.4,0.3,,3.6,4.6,,2.55,1.4749999999999999,0.0
2025-02-03 01:00,2.8,0.0,,2.3,1.0,,1.1,0.4,,3.7,3.1,,2.4749999999999996,1.125,0.0
2025-02-03 02:00,3.3,0.6,,1.8,1.5,,2.4,4.7,,4.2,6.1,,2.925,3.225,0.0
2025-02-03 03:00,2.9,0.6,,2.1,2.1,,2.5,4.4,,4.0,6.8,,2.875,3.475,0.0
2025-02-03 04:00,3.0,1.3,,2.3,1.6,,1.9,7.3,,3.6,6.2,,2.6999999999999997,4.1,0.0
2025-02-03 05:00,2.3,1.9,,1.7,4.1,,1.3,6.2,,2.7,7.7,,2.0,4.975,0.0
2025-02-03 06:00,1.7,2.0,,1.0,2.7,,0.4,6.7,,3.0,11.4,,1.525,5.7,0.0
2025-02-03 07:00,1.4,2.9,,0.2,2.7,,-0.2,7.4,,1.8,10.4,,0.8,5.85,0.0
2025-02-03 08:00,1.0,2.1,0.12,-0.2,3.9,0.03,-0.7,6.4,,1.6,10.2,0.02,0.42500000000000004,5.65,0.056666666666666664
2025-02-03 09:00,0.8,3.8,0.39,-0.1,3.9,0.43,-0.2,7.1,,1.3,10.7,0.37,0.45,6.375,0.39666666666666667
2025-02-03 10:00,0.7,2.9,0.84,0.3,4.2,1.13,-0.4,10.1,,1.1,10.6,0.78,0.42500000000000004,6.949999999999999,0.9166666666666666
2025-02-03 11:00,1.6,2.7,1.5,0.0,4.3,1.53,-0.7,10.2,,1.3,11.0,1.5,0.55,7.05,1.51
2025-02-03 12:00,1.3,2.7,1.46,0.3,4.3,1.59,-0.1,10.2,,0.7,10.5,1.75,0.55,6.925,1.5999999999999999
2025-02-03 13:00,1.0,3.5,1.65,0.2,5.2,2.16,-0.3,9.4,,0.6,11.2,1.64,0.375,7.325,1.8166666666666667
2025-02-03 14:00,0.8,2.3,1.6,0.5,5.0,2.1,-0.7,8.0,,-0.4,9.0,1.37,0.05000000000000002,6.075,1.6900000000000002
2025-02-03 15:00,0.0,3.2,1.31,1.3,3.8,1.45,-0.8,8.4,,-0.3,9.1,1.02,0.05,6.125,1.26
2025-02-03 16:00,-0.4,2.2,0.99,0.4,3.6,1.49,-0.4,6.6,,-0.6,8.1,0.99,-0.25,5.125,1.1566666666666665
2025-02-03 17:00,-1.0,2.0,0.5,-0.6,3.3,0.9,-1.5,5.9,,-0.4,7.0,0.58,-0.875,4.55,0.66
2025-02-03 18:00,-1.8,2.2,0.23,-1.5,2.9,0.13,-2.2,5.3,,-2.2,4.8,0.17,-1.925,3.8,0.17666666666666667
2025-02-03 19:00,-2.3,1.1,0.06,-2.5,3.0,0.0,-3.0,5.7,,-1.7,5.9,0.0,-2.375,3.9250000000000003,0.02
2025-02-03 20:00,-2.5,1.4,,-3.1,2.8,,-3.2,6.6,,-2.1,4.7,,-2.725,3.875,0.0
2025-02-03 21:00,-2.8,1.5,,-3.1,3.5,,-3.8,5.2,,-2.4,5.7,,-3.025,3.9749999999999996,0.0
2025-02-03 22:00,-2.9,1.8,,-3.7,3.2,,-3.2,6.0,,-2.4,6.3,,-3.0500000000000003,4.325,0.0
2025-02-03 23:00,-3.3,0.6,,-4.2,2.3,,-4.5,4.4,,-3.0,6.6,,-3.75,3.475,0.0
2025-02-04 00:00,-3.5,1.3,,-4.6,3.1,,-4.9,2.5,,-3.2,7.4,,-4.05,3.575,0.0
2025-02-04 01:00,-3.8,1.0,,-5.1,1.9,,-5.2,3.1,,-3.0,6.5,,-4.2749999999999995,3.125,0.0
2025-02-04 02:00,-3.7,0.6,,-5.3,2.5,,-5.6,3.1,,-3.5,7.4,,-4.525,3.4000000000000004,0.0
2025-02-04 03:00,-3.8,1.9,,-5.7,2.9,,-6.1,2.7,,-2.9,6.3,,-4.625,3.45,0.0
2025-02-04 04:00,-4.3,1.3,,-6.1,2.2,,-5.9,5.0,,-2.6,9.1,,-4.725,4.4,0.0
2025-02-04 05:00,-4.9,1.5,,-6.5,2.2,,-6.0,5.5,,-2.4,8.4,,-4.949999999999999,4.4,0.0
2025-02-04 06:00,-5.6,1.5,,-6.4,2.1,,-6.0,5.6,,-2.6,9.7,,-5.15,4.725,0.0
2025-02-04 07:00,-5.7,0.7,,-6.5,2.3,,-6.2,5.0,,-4.2,8.0,,-5.6499999999999995,4.0,0.0
2025-02-04 08:00,-5.6,0.7,0.07,-6.7,1.8,0.03,-5.6,6.0,,-4.0,9.3,0.02,-5.475,4.45,0.04
2025-02-04 09:00,-5.0,0.6,0.18,-5.9,2.5,0.48,-4.9,8.5,,-3.3,8.3,0.24,-4.775,4.975,0.3
2025-02-04 10:00,-3.6,1.3,0.47,-4.5,3.8,0.98,-4.9,6.8,,-3.5,10.5,1.1,-4.125,5.6,0.85
2025-02-04 11:00,-3.6,1.0,1.14,-3.4,4.0,1.31,-4.7,6.6,,-3.6,9.3,1.68,-3.8249999999999997,5.225,1.3766666666666667
2025-02-04 12:00,-3.1,1.6,0.84,-3.8,4.4,1.61,-4.4,6.4,,-2.6,9.0,1.42,-3.475,5.35,1.29
2025-02-04 13:00,-3.3,1.5,0.93,-3.7,4.3,1.54,-3.6,7.6,,-3.2,9.2,1.56,-3.45,5.6499999999999995,1.3433333333333335
2025-02-04 14:00,-2.8,1.2,0.94,-2.2,4.4,2.29,-4.0,8.5,,-2.1,8.7,1.76,-2.775,5.7,1.6633333333333333
2025-02-04 15:00,-2.2,2.2,1.04,-3.1,3.4,1.38,-3.1,5.8,,-1.9,6.8,1.34,-2.575,4.55,1.2533333333333332
2025-02-04 16:00,-3.0,3.4,0.99,-3.2,4.5,0.86,-3.5,7.1,,-1.9,8.2,0.76,-2.9,5.8,0.8700000000000001
2025-02-04 17:00,-3.0,2.7,0.59,-3.7,3.5,0.52,-4.0,6.4,,-1.9,9.2,0.44,-3.15,5.45,0.5166666666666666
2025-02-04 18:00,-3.9,1.9,0.17,-4.3,3.6,0.14,-4.5,5.0,,-2.2,8.4,0.15,-3.7249999999999996,4.725,0.15333333333333335
2025-02-04 19:00,-4.3,0.7,0.06,-4.9,2.7,0.0,-4.9,4.5,,-2.5,7.2,0.01,-4.15,3.7750000000000004,0.02333333333333333
2025-02-04 20:00,-4.6,0.5,,-5.3,1.9,,-5.7,2.1,,-2.7,6.1,,-4.574999999999999,2.65,0.0
2025-02-04 21:00,-4.5,0.3,,-5.9,1.4,,-6.0,2.1,,-2.3,6.9,,-4.675,2.675,0.0
2025-02-04 22:00,-4.7,0.5,,-6.0,1.0,,-6.2,2.3,,-3.1,6.2,,-5.0,2.5,0.0
2025-02-04 23:00,-5.1,0.4,,-5.6,0.7,,-6.5,0.1,,-3.4,3.9,,-5.1499999999999995,1.275,0.0
2025-02-05 00:00,-4.7,0.1,,-6.1,0.5,,-6.4,1.7,,-3.4,5.4,,-5.15,1.925,0.0
2025-02-05 01:00,-5.3,0.6,,-6.2,0.1,,-6.7,1.3,,-3.8,5.8,,-5.5,1.95,0.0
2025-02-05 02:00,-4.7,0.6,,-7.0,1.1,,-7.0,0.2,,-3.6,4.3,,-5.575,1.55,0.0
2025-02-05 03:00,-4.7,1.1,,-6.9,0.5,,-8.1,0.3,,-3.4,3.1,,-5.775,1.25,0.0
2025-02-05 04:00,-4.2,0.5,,-7.4,0.9,,-8.6,0.0,,-2.9,4.3,,-5.775,1.4249999999999998,0.0
2025-02-05 05:00,-5.4,2.6,,-7.9,1.5,,-8.4,0.8,,-2.7,5.9,,-6.1000000000000005,2.7,0.0
2025-02-05 06:00,-6.4,2.6,,-8.4,1.1,,-9.3,1.0,,-2.5,5.4,,-6.65,2.5250000000000004,0.0
2025-02-05 07:00,-7.4,2.5,,-8.2,1.1,,-10.4,1.0,,-4.4,3.5,,-7.6,2.025,0.0
2025-02-05 08:00,-7.4,2.5,0.09,-7.5,0.4,0.03,-10.6,1.4,,-5.8,2.3,0.03,-7.825,1.65,0.049999999999999996
2025-02-05 09:00,-5.8,2.0,0.33,-6.6,1.7,0.48,-7.4,0.3,,-5.4,3.0,0.32,-6.299999999999999,1.75,0.3766666666666667
2025-02-05 10:00,-4.9,2.4,1.21,-5.6,1.2,1.17,-5.6,1.8,,-4.6,1.8,0.77,-5.175000000000001,1.7999999999999998,1.05
2025-02-05 11:00,-4.6,1.5,1.47,-4.9,1.7,1.66,-4.4,1.9,,-3.8,1.3,1.27,-4.425,1.5999999999999999,1.4666666666666668
2025-02-05 12:00,-4.1,0.4,1.47,-3.0,0.9,1.7,-4.5,1.7,,-2.4,0.7,1.7,-3.5,0.925,1.6233333333333333
2025-02-05 13:00,-3.4,0.6,1.85,-3.3,2.0,1.56,-4.0,3.3,,-1.1,1.4,2.31,-2.9499999999999997,1.8250000000000002,1.906666666666667
2025-02-05 14:00,-4.0,0.9,0.87,-2.6,2.6,1.83,-3.9,2.4,,-1.7,3.4,1.33,-3.05,2.325,1.3433333333333335
2025-02-05 15:00,-3.0,1.3,1.03,-2.5,2.5,2.02,-3.0,2.1,,0.3,8.4,0.62,-2.05,3.575,1.2233333333333334
2025-02-05 16:00,-2.0,0.8,1.56,-2.1,2.4,1.55,-2.5,2.4,,-2.5,6.8,0.32,-2.275,3.0999999999999996,1.1433333333333333
2025-02-05 17:00,-2.4,0.8,1.0,-3.3,4.1,0.43,-2.7,6.6,,-2.5,7.6,0.78,-2.7249999999999996,4.775,0.7366666666666667
2025-02-05 18:00,-3.8,1.8,0.35,-4.1,1.3,0.09,-4.1,4.5,,-3.7,7.1,0.26,-3.925,3.675,0.2333333333333333
2025-02-05 19:00,-4.3,1.1,0.06,-4.2,1.3,0.0,-4.4,5.2,,-4.8,5.4,0.0,-4.425,3.25,0.02
2025-02-05 20:00,-4.9,0.6,,-3.9,3.3,,-4.4,4.6,,-5.0,3.8,,-4.550000000000001,3.075,0.0
2025-02-05 21:00,-5.0,0.5,,-4.3,3.4,,-5.0,3.0,,-5.0,3.0,,-4.825,2.475,0.0
2025-02-05 22:00,-5.5,0.7,,-4.8,2.6,,-5.4,2.1,,-5.3,2.2,,-5.25,1.9000000000000001,0.0
2025-02-05 23:00,-5.7,0.6,,-5.1,3.4,,-5.7,1.7,,-5.4,2.1,,-5.475,1.9500000000000002,0.0
2025-02-06 00:00,-5.4,0.3,,-5.4,2.1,,-6.4,0.9,,-3.8,3.9,,-5.250000000000001,1.7999999999999998,0.0
2025-02-06 01:00,-5.1,0.1,,-6.2,1.1,,-7.4,0.7,,-3.4,5.2,,-5.525,1.7750000000000001,0.0
2025-02-06 02:00,-5.8,1.1,,-6.4,1.1,,-7.9,1.3,,-3.4,4.6,,-5.875,2.025,0.0
2025-02-06 03:00,-6.2,0.5,,-6.8,1.1,,-8.7,1.2,,-3.3,3.1,,-6.25,1.475,0.0
2025-02-06 04:00,-6.6,0.6,,-6.9,1.1,,-8.2,1.1,,-3.3,3.4,,-6.25,1.55,0.0
2025-02-06 05:00,-6.8,0.2,,-7.2,1.0,,-8.4,0.7,,-3.2,3.6,,-6.3999999999999995,1.375,0.0
2025-02-06 06:00,-7.6,0.8,,-6.6,0.4,,-9.0,1.2,,-4.2,1.9,,-6.85,1.0750000000000002,0.0
2025-02-06 07:00,-7.0,0.9,,-7.0,0.9,,-8.9,0.3,,-4.3,2.6,,-6.8,1.175,0.0
2025-02-06 08:00,-6.1,0.3,0.09,-6.9,0.6,0.03,-9.2,0.7,,-4.4,1.9,0.01,-6.65,0.875,0.043333333333333335
2025-02-06 09:00,-5.2,0.9,0.29,-4.5,0.8,0.51,-7.0,1.2,,-4.1,3.0,0.17,-5.199999999999999,1.475,0.32333333333333336
2025-02-06 10:00,-4.4,2.0,0.61,-4.2,1.2,1.19,-4.7,0.9,,-2.5,2.5,0.56,-3.95,1.6500000000000001,0.7866666666666666
2025-02-06 11:00,-3.3,1.8,1.01,-2.8,1.3,1.64,-3.1,2.6,,-1.9,2.3,0.85,-2.775,2.0,1.1666666666666667
2025-02-06 12:00,-2.2,2.1,1.76,-2.2,1.3,1.54,-2.3,3.3,,-0.9,1.3,1.47,-1.9000000000000001,2.0,1.5899999999999999
2025-02-06 13:00,-0.9,0.5,2.06,-0.7,0.7,1.79,-2.3,2.3,,0.2,2.5,1.55,-0.9249999999999999,1.5,1.8
2025-02-06 14:00,1.1,1.0,2.23,-0.5,1.3,1.72,-1.4,1.8,,1.3,1.6,2.69,0.12500000000000006,1.4249999999999998,2.2133333333333334
2025-02-06 15:00,0.5,1.5,2.03,0.9,2.2,1.58,-1.1,2.7,,1.0,3.7,1.9,0.32499999999999996,2.5250000000000004,1.8366666666666667
2025-02-06 16:00,1.0,1.6,1.65,0.5,2.3,1.41,0.2,3.0,,0.8,3.4,1.37,0.625,2.575,1.4766666666666666
2025-02-06 17:00,0.2,1.4,0.74,0.4,1.4,0.81,-0.7,3.3,,0.4,3.5,0.7,0.07500000000000004,2.4,0.75
2025-02-06 18:00,-0.3,1.7,0.21,-0.3,2.3,0.14,-2.0,2.2,,0.0,2.3,0.19,-0.65,2.125,0.18000000000000002
2025-02-06 19:00,-1.0,0.9,0.06,-1.2,1.8,0.0,-2.4,2.8,,-0.1,2.0,0.01,-1.1749999999999998,1.875,0.02333333333333333
2025-02-06 20:00,-1.1,1.3,,-2.5,1.4,,-2.8,2.8,,-0.4,0.2,,-1.7000000000000002,1.425,0.0
2025-02-06 21:00,-1.2,1.2,,-2.7,1.0,,-2.7,2.8,,-0.7,2.0,,-1.8250000000000002,1.75,0.0
2025-02-06 22:00,-1.7,1.0,,-2.2,0.6,,-3.0,2.5,,-0.5,2.9,,-1.85,1.75,0.0
2025-02-06 23:00,-1.3,1.0,,-2.2,0.9,,-2.9,2.7,,-0.6,3.1,,-1.75,1.9249999999999998,0.0
2025-02-07 00:00,-1.4,0.6,,-2.2,0.8,,-2.8,1.3,,-1.3,2.2,,-1.925,1.225,0.0
2025-02-07 01:00,-1.3,1.7,,-2.5,0.7,,-2.8,1.5,,-1.2,1.4,,-1.95,1.325,0.0
2025-02-07 02:00,-1.9,2.0,,-2.5,1.0,,-2.7,2.3,,-1.4,2.0,,-2.125,1.825,0.0
2025-02-07 03:00,-1.9,1.1,,-2.5,1.0,,-2.9,2.8,,-1.5,2.0,,-2.2,1.725,0.0
2025-02-07 04:00,-1.5,1.5,,-2.3,1.2,,-2.6,2.6,,-1.0,2.6,,-1.85,1.975,0.0
2025-02-07 05:00,-1.4,1.6,,-2.1,1.1,,-2.7,2.2,,-0.4,3.6,,-1.6500000000000001,2.125,0.0
2025-02-07 06:00,-0.9,1.7,,-2.6,1.2,,-2.2,1.8,,1.1,7.7,,-1.15,3.1,0.0
2025-02-07 07:00,-0.7,1.5,,0.1,3.3,,0.7,9.4,,2.1,7.4,,0.55,5.4,0.0
2025-02-07 08:00,-0.4,2.4,0.08,0.1,2.8,0.01,-3.3,9.6,,1.3,11.8,0.03,-0.575,6.65,0.04
2025-02-07 09:00,-0.8,2.1,0.16,-3.0,5.0,0.24,-4.9,7.5,,-1.8,10.5,0.16,-2.625,6.275,0.18666666666666668
2025-02-07 10:00,-1.6,1.7,0.41,-4.4,3.8,0.81,-5.9,6.1,,-2.4,9.4,0.46,-3.575,5.25,0.5599999999999999
2025-02-07 11:00,-3.7,1.6,0.43,-5.0,4.0,0.62,-5.6,8.6,,-2.6,9.8,0.56,-4.225,6.0,0.5366666666666667
2025-02-07 12:00,-3.4,2.1,0.33,-5.5,3.0,0.53,-4.4,10.6,,-3.8,11.5,0.85,-4.275,6.8,0.57
2025-02-07 13:00,-4.2,2.8,0.42,-5.9,5.6,1.29,-6.1,7.1,,-4.8,11.3,1.13,-5.250000000000001,6.699999999999999,0.9466666666666667
2025-02-07 14:00,-4.9,2.6,0.53,-5.5,4.7,1.6,-6.7,6.4,,-3.7,13.1,1.79,-5.2,6.7,1.3066666666666666
2025-02-07 15:00,-4.9,2.1,0.41,-6.1,4.7,1.38,-7.1,7.8,,-4.4,7.9,1.17,-5.625,5.625,0.9866666666666667
2025-02-07 16:00,-4.9,2.9,0.37,-6.0,5.9,1.34,-6.9,8.5,,-4.9,10.8,0.68,-5.675000000000001,7.025,0.7966666666666667
2025-02-07 17:00,-5.6,1.6,0.25,-6.3,4.3,0.72,-6.8,7.9,,-5.0,10.3,0.57,-5.925,6.025,0.5133333333333333
2025-02-07 18:00,-5.7,1.7,0.11,-7.3,3.8,0.37,-7.3,8.9,,-5.3,11.1,0.15,-6.4,6.375,0.21
2025-02-07 19:00,-6.3,2.7,0.07,-8.4,2.9,0.01,-7.4,6.7,,-4.4,8.7,0.01,-6.625,5.25,0.03
2025-02-07 20:00,-6.4,1.1,,-8.6,0.5,,-7.3,5.7,,-5.1,9.0,,-6.85,4.075,0.0
2025-02-07 21:00,-6.5,1.5,,-8.7,0.6,,-7.2,5.3,,-4.3,8.7,,-6.675,4.025,0.0
2025-02-07 22:00,-6.4,0.9,,-8.6,1.0,,-7.4,3.9,,-4.5,8.0,,-6.725,3.45,0.0
2025-02-07 23:00,-7.2,1.5,,-8.5,0.3,,-7.4,2.5,,-4.3,6.4,,-6.8500000000000005,2.675,0.0
2025-02-08 00:00,-7.5,1.4,,-8.2,1.1,,-6.8,3.1,,-4.6,10.2,,-6.775,3.9499999999999997,0.0
2025-02-08 01:00,-7.5,0.9,,-8.6,1.4,,-6.9,4.5,,-3.3,9.0,,-6.575,3.95,0.0
2025-02-08 02:00,-7.8,0.6,,-9.0,1.0,,-7.2,2.3,,-4.3,7.9,,-7.075,2.95,0.0
2025-02-08 03:00,-7.5,1.2,,-8.7,0.7,,-7.3,2.4,,-4.3,5.9,,-6.95,2.55,0.0
2025-02-08 04:00,-7.6,0.3,,-8.5,0.2,,-8.0,2.2,,-4.6,7.8,,-7.175000000000001,2.625,0.0
2025-02-08 05:00,-8.0,1.2,,-9.1,1.2,,-8.7,0.9,,-4.5,5.4,,-7.575,2.175,0.0
2025-02-08 06:00,-8.7,2.4,,-9.4,1.1,,-10.0,0.4,,-3.8,7.3,,-7.9750000000000005,2.8,0.0
2025-02-08 07:00,-9.0,1.1,,-10.4,1.0,,-9.9,0.8,,-4.3,6.5,,-8.399999999999999,2.35,0.0
2025-02-08 08:00,-8.1,1.3,0.08,-9.8,0.7,0.05,-10.2,1.1,,-5.4,4.6,0.04,-8.375,1.9249999999999998,0.05666666666666667
2025-02-08 09:00,-5.9,2.2,0.28,-7.8,0.6,0.8,-7.3,1.4,,-5.7,4.8,0.26,-6.675,2.25,0.4466666666666667
2025-02-08 10:00,-4.6,2.4,1.27,-5.8,1.2,1.47,-5.4,2.9,,-4.7,3.7,0.66,-5.125,2.55,1.1333333333333335
2025-02-08 11:00,-3.0,0.9,2.03,-5.5,1.7,1.87,-4.2,3.8,,-4.2,4.5,1.41,-4.225,2.725,1.7699999999999998
2025-02-08 12:00,-1.7,2.2,2.47,-4.7,1.4,2.3,-3.0,5.4,,-3.1,4.0,1.64,-3.125,3.25,2.1366666666666663
2025-02-08 13:00,-1.6,2.0,2.76,-3.7,3.0,2.44,-2.4,6.1,,-3.3,3.6,1.25,-2.75,3.675,2.15
2025-02-08 14:00,-1.7,2.0,2.52,-3.2,1.7,2.2,-2.4,5.4,,-2.8,6.0,1.46,-2.5250000000000004,3.7750000000000004,2.06
2025-02-08 15:00,-1.5,2.6,1.98,-2.8,2.7,1.7,-1.9,5.6,,-2.9,4.9,1.33,-2.275,3.95,1.67
2025-02-08 16:00,-1.2,2.1,1.64,-2.0,3.7,1.57,-2.4,6.2,,-3.3,5.2,0.87,-2.2249999999999996,4.3,1.36
2025-02-08 17:00,-1.9,1.7,1.13,-2.4,3.5,0.98,-2.6,4.9,,-2.7,5.2,0.32,-2.4000000000000004,3.825,0.8099999999999999
2025-02-08 18:00,-2.9,1.7,0.37,-3.5,2.9,0.28,-4.1,3.4,,-2.6,5.4,0.14,-3.275,3.35,0.26333333333333336
2025-02-08 19:00,-3.3,1.5,0.06,-4.1,3.3,0.0,-4.5,4.2,,-2.3,5.1,0.01,-3.55,3.525,0.02333333333333333
2025-02-08 20:00,-3.4,0.8,,-4.7,2.5,,-4.4,2.2,,-2.2,5.8,,-3.675,2.825,0.0
2025-02-08 21:00,-3.1,0.5,,-5.1,1.0,,-4.3,2.0,,-2.7,2.8,,-3.8,1.575,0.0
2025-02-08 22:00,-3.0,0.4,,-5.7,1.0,,-4.3,1.3,,-2.3,4.4,,-3.825,1.7750000000000001,0.0
2025-02-08 23:00,-3.1,0.3,,-5.8,1.2,,-4.5,0.8,,-2.9,2.7,,-4.075,1.25,0.0
2025-02-09 00:00,-2.9,0.0,,-5.9,0.8,,-4.8,0.8,,-2.8,2.2,,-4.1000000000000005,0.9500000000000001,0.0
2025-02-09 01:00,-2.9,0.7,,-6.0,1.2,,-5.0,0.6,,-2.2,3.5,,-4.025,1.5,0.0
2025-02-09 02:00,-3.3,1.2,,-5.8,1.0,,-6.2,1.3,,-2.2,3.4,,-4.375,1.725,0.0
2025-02-09 03:00,-3.7,1.3,,-5.9,0.7,,-5.9,1.0,,-2.7,1.8,,-4.550000000000001,1.2,0.0
2025-02-09 04:00,-4.4,1.7,,-6.4,1.3,,-6.3,1.2,,-2.9,1.8,,-5.0,1.5,0.0
2025-02-09 05:00,-4.9,2.0,,-7.2,1.6,,-6.5,1.1,,-3.1,3.2,,-5.425000000000001,1.975,0.0
2025-02-09 06:00,-5.5,1.8,,-7.6,1.7,,-7.4,0.9,,-3.3,2.6,,-5.95,1.75,0.0
2025-02-09 07:00,-5.7,2.2,,-8.1,2.1,,-8.0,2.2,,-3.7,1.5,,-6.375,2.0,0.0
2025-02-09 08:00,-4.9,1.3,0.13,-7.8,1.6,0.05,-8.7,0.6,,-4.1,2.6,0.05,-6.375,1.5250000000000001,0.07666666666666666
2025-02-09 09:00,-3.3,2.5,0.72,-5.5,0.8,0.64,-4.8,2.4,,-3.3,2.3,0.34,-4.2250000000000005,1.9999999999999998,0.5666666666666667
2025-02-09 10:00,-2.0,2.1,1.31,-2.4,0.9,1.3,-3.1,2.5,,-2.0,2.3,1.3,-2.375,1.95,1.3033333333333335
2025-02-09 11:00,-0.5,1.6,1.91,-1.6,1.3,1.8,-1.5,3.0,,-1.4,3.8,1.31,-1.25,2.425,1.6733333333333331
2025-02-09 12:00,0.6,1.3,2.12,-1.5,0.8,1.7,-1.1,1.6,,-1.0,4.0,1.45,-0.75,1.925,1.7566666666666668
2025-02-09 13:00,1.5,2.3,2.46,-1.3,1.5,1.32,-0.5,1.9,,-0.8,4.0,2.28,-0.275,2.425,2.02
2025-02-09 14:00,1.2,1.8,1.6,-0.8,1.7,1.16,-0.4,2.4,,-0.5,3.6,2.09,-0.12500000000000003,2.375,1.6166666666666665
2025-02-09 15:00,1.6,2.2,2.17,0.2,1.1,2.28,0.8,1.6,,-0.3,4.2,2.24,0.5750000000000001,2.2750000000000004,2.23
2025-02-09 16:00,0.9,2.2,1.24,0.1,2.2,1.45,-0.6,2.8,,-0.2,4.3,1.54,0.05,2.875,1.4100000000000001
2025-02-09 17:00,0.6,1.5,0.83,-0.4,2.0,0.9,-0.4,3.3,,-0.1,3.9,0.72,-0.07500000000000001,2.675,0.8166666666666668
2025-02-09 18:00,0.0,2.0,0.39,-0.9,1.0,0.22,-1.2,2.3,,-0.9,2.6,0.33,-0.75,1.975,0.3133333333333333
2025-02-09 19:00,-0.8,0.9,0.06,-1.4,1.2,0.0,-1.8,2.6,,-1.2,2.3,0.01,-1.3,1.75,0.02333333333333333
2025-02-09 20:00,-1.7,0.4,,-1.3,1.4,,-2.3,1.1,,-1.5,1.4,,-1.7,1.075,0.0
2025-02-09 21:00,-2.0,0.2,,-1.9,1.5,,-2.1,1.6,,-1.6,0.0,,-1.9,0.825,0.0
2025-02-09 22:00,-2.0,0.8,,-2.1,0.1,,-2.3,0.5,,-1.6,1.0,,-2.0,0.6,0.0
2025-02-09 23:00,-2.4,0.3,,-2.2,0.9,,-2.9,0.1,,-1.6,0.7,,-2.275,0.5,0.0
2025-02-10 00:00,-2.7,0.6,,-2.6,0.4,,-3.1,0.5,,-1.6,1.9,,-2.5,0.85,0.0
2025-02-10 01:00,-3.0,0.6,,-3.2,0.7,,-3.5,0.1,,-1.7,0.9,,-2.8499999999999996,0.575,0.0
2025-02-10 02:00,-2.8,0.4,,-3.8,0.5,,-4.4,0.4,,-1.8,0.9,,-3.2,0.55,0.0
2025-02-10 03:00,-2.9,0.7,,-3.8,0.1,,-5.1,0.3,,-2.0,1.2,,-3.4499999999999997,0.575,0.0
2025-02-10 04:00,-3.2,0.8,,-4.4,1.1,,-5.8,0.1,,-2.4,0.1,,-3.95,0.525,0.0
2025-02-10 05:00,-4.2,1.7,,-4.5,0.6,,-6.0,0.6,,-2.2,0.2,,-4.225,0.775,0.0
2025-02-10 06:00,-4.3,0.0,,-5.4,1.5,,-5.8,1.4,,-2.7,1.4,,-4.55,1.075,0.0
2025-02-10 07:00,-4.8,0.6,,-5.7,1.4,,-5.6,1.0,,-2.9,1.3,,-4.75,1.075,0.0
2025-02-10 08:00,-4.8,1.0,0.11,-5.5,1.0,0.04,-5.2,1.8,,-2.9,1.6,0.03,-4.6,1.35,0.06
2025-02-10 09:00,-3.7,0.1,0.32,-3.0,0.7,0.53,-4.4,2.4,,-1.9,1.9,0.26,-3.2500000000000004,1.275,0.37000000000000005
2025-02-10 10:00,-2.8,0.4,0.4,-1.8,0.6,0.81,-2.3,1.6,,0.3,1.4,1.36,-1.65,1.0,0.8566666666666668
2025-02-10 11:00,-2.1,0.6,0.66,0.2,0.7,1.37,-0.7,2.3,,0.9,1.3,1.68,-0.42500000000000004,1.2249999999999999,1.2366666666666666
2025-02-10 12:00,-0.6,0.4,1.07,0.4,2.7,2.3,1.1,2.1,,1.3,2.7,1.77,0.55,1.975,1.7133333333333336
2025-02-10 13:00,0.3,0.5,2.17,1.4,2.7,2.53,2.3,2.4,,1.1,3.9,1.78,1.275,2.375,2.1599999999999997
2025-02-10 14:00,1.9,1.4,1.69,1.5,3.1,2.27,1.6,2.1,,1.4,4.3,1.63,1.6,2.7249999999999996,1.8633333333333333
2025-02-10 15:00,2.0,1.7,1.6,2.0,2.6,1.75,1.8,2.6,,1.9,4.5,1.48,1.9249999999999998,2.85,1.61
2025-02-10 16:00,2.1,2.1,1.69,2.2,3.0,1.43,2.1,4.8,,1.9,5.5,1.42,2.075,3.8499999999999996,1.5133333333333334
2025-02-10 17:00,1.5,1.0,0.66,1.7,2.9,0.99,2.3,4.9,,1.7,4.6,1.05,1.8,3.35,0.9
2025-02-10 18:00,1.1,0.6,0.25,1.0,1.5,0.17,0.8,3.5,,1.1,3.7,0.33,1.0,2.325,0.25
2025-02-10 19:00,-0.4,1.2,0.06,0.7,1.8,0.01,-0.8,0.5,,0.6,2.8,0.01,0.024999999999999967,1.575,0.02666666666666666
2025-02-10 20:00,-0.4,0.2,,0.2,1.7,,-1.6,0.1,,0.2,1.5,,-0.4,0.875,0.0
2025-02-10 21:00,-0.8,1.0,,-0.6,0.9,,-2.2,0.3,,-0.2,0.6,,-0.9500000000000001,0.7,0.0
2025-02-10 22:00,-1.3,0.5,,-0.9,0.8,,-2.8,0.2,,-0.5,0.0,,-1.375,0.375,0.0
2025-02-10 23:00,-1.6,0.8,,-2.0,1.1,,-3.2,0.6,,-1.2,0.0,,-2.0,0.625,0.0
2025-02-11 00:00,-2.2,0.6,,-2.5,0.9,,-4.0,0.1,,-1.1,2.1,,-2.4499999999999997,0.925,0.0
2025-02-11 01:00,-2.6,0.0,,-3.3,1.4,,-4.3,0.2,,-1.5,2.2,,-2.925,0.95,0.0
2025-02-11 02:00,-3.3,0.7,,-3.4,0.6,,-4.0,1.3,,-1.1,2.8,,-2.9499999999999997,1.3499999999999999,0.0
2025-02-11 03:00,-3.5,0.5,,-3.8,1.0,,-4.7,0.3,,-0.9,2.9,,-3.225,1.175,0.0
2025-02-11 04:00,-4.0,0.4,,-4.7,1.2,,-5.3,0.2,,-1.4,2.6,,-3.85,1.1,0.0
2025-02-11 05:00,-4.2,0.7,,-5.0,1.6,,-6.2,1.1,,-2.6,1.8,,-4.5,1.3,0.0
2025-02-11 06:00,-4.7,0.4,,-5.3,1.4,,-6.0,0.1,,-3.3,1.9,,-4.825,0.95,0.0
2025-02-11 07:00,-4.7,0.6,,-5.5,1.7,,-6.2,0.1,,-3.0,2.0,,-4.85,1.1,0.0
2025-02-11 08:00,-4.4,0.5,0.11,-5.0,1.5,0.06,-6.3,0.2,,-2.6,1.3,0.04,-4.575,0.875,0.06999999999999999
2025-02-11 09:00,-2.1,1.0,0.91,-2.4,1.1,0.76,-3.6,0.1,,-1.2,1.4,0.5,-2.3249999999999997,0.9,0.7233333333333333
2025-02-11 10:00,-0.7,0.6,1.82,0.7,0.3,1.55,-0.8,1.4,,1.3,0.6,1.2,0.125,0.725,1.5233333333333334
2025-02-11 11:00,1.7,0.2,2.23,2.6,1.0,2.04,1.6,2.0,,3.4,1.1,1.87,2.325,1.0750000000000002,2.0466666666666664
2025-02-11 12:00,4.2,0.5,2.39,4.4,1.0,2.2,3.2,2.6,,6.4,2.1,2.28,4.550000000000001,1.5499999999999998,2.2899999999999996
2025-02-11 13:00,6.6,0.7,2.57,5.6,1.7,2.35,6.2,1.5,,8.1,2.6,2.52,6.625,1.625,2.48
2025-02-11 14:00,8.4,1.2,2.49,6.5,1.4,2.3,7.4,1.5,,9.1,2.8,2.49,7.85,1.7249999999999999,2.4266666666666667
2025-02-11 15:00,9.3,0.6,2.18,8.0,1.2,2.02,7.6,2.4,,9.5,3.6,2.2,8.6,1.9499999999999997,2.1333333333333333
2025-02-11 16:00,9.0,0.8,1.65,8.5,0.9,1.54,8.2,1.8,,9.7,3.3,1.71,8.85,1.7,1.6333333333333335
2025-02-11 17:00,8.8,0.3,0.98,7.9,2.1,0.91,7.6,1.5,,9.2,2.9,1.04,8.375,1.7,0.9766666666666667
2025-02-11 18:00,7.4,1.4,0.33,6.6,0.6,0.26,5.9,1.3,,6.8,3.2,0.34,6.675,1.625,0.31000000000000005
2025-02-11 19:00,6.0,0.4,0.06,5.8,0.8,0.0,3.6,0.6,,5.0,3.8,0.0,5.1,1.4,0.02
2025-02-11 20:00,5.1,1.2,,3.3,1.7,,2.2,0.4,,4.5,2.2,,3.7749999999999995,1.375,0.0
2025-02-11 21:00,4.4,0.4,,2.1,1.6,,1.2,1.0,,4.6,3.4,,3.075,1.6,0.0
2025-02-11 22:00,4.5,0.5,,1.6,1.5,,0.6,0.4,,5.1,4.8,,2.9499999999999997,1.7999999999999998,0.0
2025-02-11 23:00,4.2,0.7,,2.5,0.8,,0.9,1.2,,5.4,4.8,,3.25,1.875,0.0
2025-02-12 00:00,4.3,0.5,,3.2,0.9,,0.9,0.1,,5.5,3.9,,3.475,1.35,0.0
2025-02-12 01:00,3.6,1.3,,2.3,0.8,,0.9,1.7,,5.0,3.7,,2.95,1.875,0.0
2025-02-12 02:00,3.5,1.4,,2.6,1.9,,1.3,1.3,,4.5,2.7,,2.9749999999999996,1.825,0.0
2025-02-12 03:00,1.6,2.4,,3.7,1.4,,2.3,2.9,,3.6,3.4,,2.8000000000000003,2.525,0.0
2025-02-12 04:00,1.0,2.3,,1.0,2.0,,1.0,2.1,,3.0,3.3,,1.5,2.425,0.0
2025-02-12 05:00,1.5,1.9,,0.6,1.1,,0.5,1.7,,2.6,2.8,,1.3,1.875,0.0
2025-02-12 06:00,1.9,2.4,,0.9,1.1,,0.6,1.0,,2.9,2.0,,1.575,1.625,0.0
2025-02-12 07:00,2.0,0.9,,1.4,0.9,,0.5,0.6,,3.4,2.0,,1.825,1.1,0.0
2025-02-12 08:00,2.2,0.9,0.08,2.1,1.8,0.01,0.6,1.4,,3.9,3.2,0.01,2.2,1.825,0.03333333333333333
2025-02-12 09:00,2.6,0.3,0.14,2.5,0.6,0.05,0.9,0.9,,4.4,2.1,0.06,2.6,0.975,0.08333333333333333
2025-02-12 10:00,2.8,0.1,0.15,2.4,0.9,0.1,1.1,1.8,,4.9,2.7,0.1,2.8,1.375,0.11666666666666665
2025-02-12 11:00,3.1,0.2,0.19,3.2,0.5,0.1,1.4,1.2,,5.2,4.5,0.12,3.2250000000000005,1.6,0.1366666666666667
2025-02-12 12:00,3.5,0.1,0.2,3.0,1.4,0.1,1.7,1.5,,6.2,1.6,0.19,3.5999999999999996,1.15,0.16333333333333336
2025-02-12 13:00,4.8,0.4,0.37,3.2,1.6,0.2,2.1,0.7,,7.6,3.5,0.51,4.425,1.55,0.36000000000000004
2025-02-12 14:00,5.1,0.8,0.62,2.8,0.4,0.16,2.6,1.8,,7.9,5.2,0.35,4.6,2.05,0.37666666666666665
2025-02-12 15:00,5.2,1.8,0.2,3.2,0.9,0.17,3.4,1.1,,6.3,11.3,0.5,4.525,3.7750000000000004,0.29
2025-02-12 16:00,5.7,2.7,0.4,3.5,1.5,0.17,3.6,3.2,,5.8,7.1,0.62,4.6499999999999995,3.625,0.39666666666666667
2025-02-12 17:00,5.0,2.3,0.24,4.0,2.7,0.09,4.4,9.3,,5.7,7.0,0.21,4.775,5.325,0.17999999999999997
2025-02-12 18:00,5.2,1.8,0.09,4.2,4.9,0.02,2.9,8.1,,5.4,11.5,0.05,4.425000000000001,6.575,0.05333333333333334
2025-02-12 19:00,3.9,3.3,0.07,2.9,5.1,0.0,2.0,7.8,,4.2,11.8,0.0,3.25,7.0,0.023333333333333334
2025-02-12 20:00,2.9,2.6,,1.7,4.5,,1.5,8.4,,3.5,8.9,,2.4,6.1,0.0
2025-02-12 21:00,2.6,2.7,,1.3,3.4,,1.0,7.7,,2.7,7.4,,1.9000000000000001,5.300000000000001,0.0
2025-02-12 22:00,2.2,2.2,,1.0,4.9,,1.0,8.8,,2.6,9.0,,1.7000000000000002,6.2250000000000005,0.0
2025-02-12 23:00,1.7,2.8,,0.7,4.7,,0.5,6.4,,2.1,10.4,,1.25,6.075,0.0
2025-02-13 00:00,1.6,2.8,,0.2,3.6,,0.4,7.9,,1.9,9.1,,1.025,5.85,0.0
2025-02-13 01:00,1.4,2.4,,-0.3,2.9,,0.0,7.6,,1.8,8.7,,0.725,5.3999999999999995,0.0
2025-02-13 02:00,1.0,3.2,,-1.3,2.8,,-0.8,6.1,,1.7,11.1,,0.14999999999999997,5.8,0.0
2025-02-13 03:00,0.6,3.7,,-1.8,2.2,,-1.4,4.9,,1.1,10.9,,-0.375,5.425000000000001,0.0
2025-02-13 04:00,-0.1,4.7,,-2.3,2.1,,-1.8,4.0,,0.9,8.8,,-0.8250000000000001,4.9,0.0
2025-02-13 05:00,-0.7,2.5,,-2.2,1.9,,-3.1,0.8,,0.7,7.4,,-1.325,3.1500000000000004,0.0
2025-02-13 06:00,-1.0,3.1,,-3.1,1.1,,-3.3,0.7,,0.1,5.0,,-1.825,2.475,0.0
2025-02-13 07:00,-1.3,2.6,,-3.0,1.2,,-3.7,0.3,,-1.0,3.3,,-2.25,1.8499999999999999,0.0
2025-02-13 08:00,-1.9,1.9,0.11,-2.7,0.9,0.06,-4.1,1.2,,-1.3,1.8,0.05,-2.5,1.45,0.07333333333333332
2025-02-13 09:00,0.4,1.6,0.74,-0.9,1.3,0.61,-0.4,1.4,,0.5,1.4,0.59,-0.1,1.4250000000000003,0.6466666666666666
2025-02-13 10:00,2.1,1.5,1.51,1.0,0.8,1.3,0.9,2.9,,2.1,1.9,1.34,1.525,1.775,1.3833333333333335
2025-02-13 11:00,3.4,1.5,2.13,2.1,0.9,1.88,2.8,2.5,,2.8,2.1,1.99,2.7750000000000004,1.75,2.0
2025-02-13 12:00,4.5,1.3,2.54,3.5,0.9,2.28,4.2,1.6,,3.9,3.0,2.43,4.0249999999999995,1.7000000000000002,2.4166666666666665
2025-02-13 13:00,5.1,1.8,2.72,4.4,2.2,2.47,4.0,3.7,,4.5,4.7,2.63,4.5,3.1,2.606666666666667
2025-02-13 14:00,5.9,1.5,2.65,4.8,3.4,2.45,4.9,4.4,,5.1,4.3,2.58,5.175,3.4000000000000004,2.56
2025-02-13 15:00,6.0,2.1,2.31,5.5,3.8,2.14,4.1,4.4,,4.8,6.4,2.31,5.1,4.175000000000001,2.2533333333333334
2025-02-13 16:00,5.8,1.7,1.79,5.0,4.1,1.38,4.4,4.9,,4.7,6.4,1.81,4.9750000000000005,4.275,1.6600000000000001
2025-02-13 17:00,4.7,1.9,1.1,4.7,3.0,0.91,4.0,4.5,,4.6,4.8,1.15,4.5,3.55,1.0533333333333335
2025-02-13 18:00,3.9,2.2,0.39,3.5,3.9,0.34,3.3,3.3,,3.8,4.9,0.42,3.625,3.5749999999999997,0.3833333333333333
2025-02-13 19:00,3.1,1.3,0.06,2.7,2.3,0.01,2.3,1.7,,3.0,2.6,0.01,2.7750000000000004,1.975,0.02666666666666666
2025-02-13 20:00,2.6,0.7,,2.3,1.1,,0.7,0.1,,2.4,2.1,,2.0,1.0,0.0
2025-02-13 21:00,2.4,0.2,,1.9,1.4,,0.2,1.6,,2.0,1.4,,1.625,1.15,0.0
2025-02-13 22:00,1.5,0.0,,0.7,1.6,,0.3,2.0,,1.7,1.0,,1.05,1.15,0.0
2025-02-13 23:00,0.8,0.7,,-0.6,1.5,,-0.1,2.1,,1.2,1.4,,0.325,1.4250000000000003,0.0
2025-02-14 00:00,0.5,0.1,,-0.5,2.0,,-0.8,2.2,,0.6,0.7,,-0.05000000000000002,1.2500000000000002,0.0
2025-02-14 01:00,-0.2,0.1,,-0.8,1.6,,-0.9,2.8,,0.2,0.0,,-0.425,1.125,0.0
2025-02-14 02:00,-1.0,0.1,,-1.1,1.8,,-0.8,2.5,,0.2,0.0,,-0.675,1.1,0.0
2025-02-14 03:00,-1.0,0.9,,-1.7,1.8,,-1.4,2.3,,-0.1,1.9,,-1.0499999999999998,1.725,0.0
2025-02-14 04:00,-1.6,1.4,,-1.9,1.7,,-2.1,1.4,,0.0,0.9,,-1.4,1.35,0.0
2025-02-14 05:00,-2.1,0.4,,-2.1,1.6,,-2.8,0.7,,-0.6,1.3,,-1.9,1.0,0.0
2025-02-14 06:00,-1.9,0.0,,-2.0,1.6,,-2.7,1.4,,-0.9,1.0,,-1.875,1.0,0.0
2025-02-14 07:00,-2.1,0.1,,-2.1,1.7,,-2.7,0.8,,-1.2,2.2,,-2.025,1.2000000000000002,0.0
2025-02-14 08:00,-2.2,0.4,0.12,-1.5,1.1,0.07,-2.8,1.1,,-1.1,2.6,0.06,-1.9,1.3,0.08333333333333333
2025-02-14 09:00,0.0,0.2,0.74,0.9,1.7,0.6,0.6,1.1,,1.6,2.5,0.64,0.775,1.375,0.66
2025-02-14 10:00,2.3,0.2,1.44,3.7,1.7,1.24,3.3,2.9,,3.6,2.5,1.32,3.225,1.825,1.3333333333333333
2025-02-14 11:00,4.7,1.2,2.02,7.0,0.6,1.8,5.1,2.3,,6.4,1.3,1.95,5.799999999999999,1.3499999999999999,1.9233333333333336
2025-02-14 12:00,6.0,0.6,2.45,7.6,1.2,2.2,7.8,1.6,,7.4,2.4,2.38,7.199999999999999,1.45,2.3433333333333333
2025-02-14 13:00,8.0,0.8,2.63,8.4,1.3,2.35,8.0,2.7,,7.6,2.3,2.52,8.0,1.7750000000000001,2.5
2025-02-14 14:00,9.2,1.0,2.54,8.8,2.8,2.3,7.8,3.8,,8.5,3.2,2.54,8.575,2.7,2.46
2025-02-14 15:00,10.5,1.8,2.18,9.3,2.5,2.05,7.7,3.9,,8.6,3.5,2.21,9.025,2.925,2.146666666666667
2025-02-14 16:00,9.9,1.1,1.63,9.7,1.9,1.55,7.9,3.7,,7.8,3.2,1.58,8.825,2.475,1.5866666666666667
2025-02-14 17:00,9.3,1.6,1.0,8.7,2.0,0.93,7.0,3.6,,7.0,3.1,0.61,8.0,2.575,0.8466666666666667
2025-02-14 18:00,7.5,1.6,0.36,7.1,2.7,0.3,5.5,1.9,,6.2,3.0,0.3,6.575,2.3000000000000003,0.32
2025-02-14 19:00,6.1,0.9,0.06,6.0,2.1,0.01,3.6,1.2,,5.1,3.0,0.01,5.199999999999999,1.8,0.02666666666666666
2025-02-14 20:00,4.9,0.5,,5.1,1.0,,2.4,0.4,,4.3,2.7,,4.175,1.15,0.0
2025-02-14 21:00,4.6,0.6,,4.6,0.2,,1.6,0.2,,3.7,1.7,,3.625,0.675,0.0
2025-02-14 22:00,4.4,0.7,,2.4,1.5,,0.9,0.2,,3.6,1.8,,2.825,1.05,0.0
2025-02-14 23:00,3.2,0.3,,1.4,1.7,,0.3,1.1,,3.5,0.0,,2.0999999999999996,0.775,0.0
2025-02-15 00:00,2.7,0.4,,1.1,1.0,,-0.6,0.0,,2.4,1.4,,1.4,0.7,0.0
2025-02-15 01:00,2.0,0.5,,0.6,1.2,,-1.0,0.0,,2.4,0.0,,1.0,0.425,0.0
2025-02-15 02:00,1.3,0.0,,-0.3,1.1,,-1.5,0.1,,1.6,1.6,,0.275,0.7000000000000001,0.0
2025-02-15 03:00,0.5,0.3,,-0.7,1.3,,-1.9,0.0,,1.4,0.9,,-0.17499999999999993,0.625,0.0
2025-02-15 04:00,0.1,0.0,,-0.7,0.9,,-2.5,0.5,,0.9,1.4,,-0.55,0.7,0.0
2025-02-15 05:00,-0.4,0.9,,-1.2,1.1,,-3.1,0.9,,0.7,0.1,,-1.0,0.75,0.0
2025-02-15 06:00,-0.3,0.2,,-1.4,1.2,,-3.1,0.0,,0.6,0.8,,-1.05,0.55,0.0
2025-02-15 07:00,0.1,0.2,,-0.7,0.9,,-2.3,0.1,,0.8,2.0,,-0.5249999999999999,0.8,0.0
2025-02-15 08:00,0.4,0.2,0.09,-0.2,1.0,0.05,-1.7,0.2,,1.1,1.0,0.01,-0.09999999999999998,0.6,0.05000000000000001
2025-02-15 09:00,1.5,0.2,0.33,1.4,0.4,0.36,-0.6,0.1,,2.0,1.1,0.2,1.075,0.45000000000000007,0.29666666666666663
2025-02-15 10:00,2.5,1.1,0.46,2.6,0.5,0.79,1.1,1.5,,2.9,1.7,0.3,2.275,1.2,0.5166666666666667
2025-02-15 11:00,3.5,0.6,0.7,4.8,1.1,0.94,3.5,2.1,,3.8,2.3,0.61,3.9000000000000004,1.525,0.75
2025-02-15 12:00,3.1,0.2,0.37,5.9,0.2,0.8,3.8,1.3,,4.2,2.1,0.42,4.25,0.9500000000000001,0.5299999999999999
2025-02-15 13:00,4.5,0.3,0.75,7.1,0.6,0.85,5.2,1.6,,6.3,2.3,1.27,5.775,1.2,0.9566666666666667
2025-02-15 14:00,4.6,0.3,0.39,7.4,1.2,0.63,6.3,0.7,,6.2,3.1,0.33,6.125,1.3250000000000002,0.45
2025-02-15 15:00,5.5,0.1,0.6,7.3,1.6,1.01,8.1,1.8,,6.2,1.2,0.24,6.7749999999999995,1.175,0.6166666666666666
2025-02-15 16:00,6.2,0.3,0.43,8.3,1.2,0.69,9.3,2.1,,6.4,2.3,0.27,7.550000000000001,1.475,0.4633333333333333
2025-02-15 17:00,6.3,0.3,0.33,8.0,0.7,0.67,8.2,1.0,,6.5,2.4,0.28,7.25,1.1,0.4266666666666667
2025-02-15 18:00,5.9,0.3,0.16,7.3,1.8,0.14,6.3,1.9,,6.1,0.1,0.09,6.4,1.025,0.13
2025-02-15 19:00,5.4,0.1,0.07,6.9,0.8,0.01,5.0,0.0,,5.5,1.4,0.0,5.7,0.575,0.02666666666666667
2025-02-15 20:00,5.4,0.4,,6.0,0.9,,4.7,0.3,,5.0,1.7,,5.275,0.825,0.0
2025-02-15 21:00,4.9,0.0,,5.6,0.9,,4.0,0.8,,4.6,2.3,,4.775,1.0,0.0
2025-02-15 22:00,4.3,0.3,,4.9,1.0,,3.5,1.0,,4.3,2.8,,4.25,1.275,0.0
2025-02-15 23:00,3.7,0.1,,4.2,0.8,,3.0,1.4,,3.8,0.6,,3.675,0.725,0.0
2025-02-16 00:00,2.7,0.2,,3.6,1.3,,2.3,1.3,,3.7,0.5,,3.075,0.825,0.0
2025-02-16 01:00,2.2,0.2,,3.3,1.1,,1.8,0.7,,3.0,0.6,,2.575,0.65,0.0
2025-02-16 02:00,1.9,0.0,,3.0,0.9,,1.6,0.9,,2.4,1.0,,2.225,0.7,0.0
2025-02-16 03:00,0.8,0.6,,2.5,1.3,,0.8,0.6,,2.1,0.5,,1.5499999999999998,0.75,0.0
2025-02-16 04:00,0.2,0.7,,2.1,1.0,,0.7,1.4,,1.7,0.8,,1.175,0.9749999999999999,0.0
2025-02-16 05:00,1.2,0.7,,2.0,1.3,,0.6,1.5,,1.6,1.2,,1.35,1.175,0.0
2025-02-16 06:00,1.0,0.4,,1.5,1.6,,0.4,0.1,,1.2,2.4,,1.025,1.125,0.0
2025-02-16 07:00,0.1,0.6,,1.1,1.5,,-0.4,0.1,,0.8,2.3,,0.4,1.125,0.0
2025-02-16 08:00,0.1,0.9,0.16,2.2,1.3,0.08,-0.7,1.4,,0.9,1.7,0.09,0.6250000000000001,1.325,0.10999999999999999
2025-02-16 09:00,1.4,0.3,0.62,4.7,0.4,0.58,1.8,0.4,,2.8,1.7,0.56,2.675,0.7,0.5866666666666667
2025-02-16 10:00,3.8,1.3,1.07,6.9,1.2,1.12,5.8,1.3,,5.4,1.7,0.94,5.475,1.375,1.0433333333333334
2025-02-16 11:00,6.2,0.7,1.48,8.4,1.3,1.13,6.6,3.1,,8.6,1.0,1.74,7.450000000000001,1.525,1.45
2025-02-16 12:00,8.5,1.0,1.71,9.3,2.4,1.5,8.9,2.6,,9.5,2.8,1.83,9.05,2.2,1.68
2025-02-16 13:00,10.6,2.0,2.38,10.8,2.8,2.18,9.9,3.9,,10.2,3.2,2.45,10.375,2.9749999999999996,2.336666666666667
2025-02-16 14:00,12.0,1.4,2.38,10.3,3.5,2.13,10.4,2.7,,10.8,3.0,2.33,10.875,2.6500000000000004,2.28
2025-02-16 15:00,11.8,2.1,1.89,10.7,2.5,1.06,8.9,2.6,,11.2,3.2,1.98,10.649999999999999,2.5999999999999996,1.6433333333333333
2025-02-16 16:00,11.0,2.7,1.33,10.2,4.6,1.12,8.9,1.3,,10.3,4.4,1.42,10.100000000000001,3.25,1.29
2025-02-16 17:00,10.0,3.0,0.74,9.5,4.3,0.6,7.7,5.3,,9.3,4.1,0.76,9.125,4.175,0.6999999999999998
2025-02-16 18:00,8.9,2.1,0.28,8.2,3.0,0.18,5.9,4.5,,8.2,4.0,0.21,7.8,3.4,0.22333333333333336
2025-02-16 19:00,7.7,1.4,0.06,6.8,3.1,0.01,4.3,5.9,,6.4,3.8,0.01,6.300000000000001,3.55,0.02666666666666666
2025-02-16 20:00,6.3,2.4,,5.0,3.7,,4.1,6.6,,5.3,5.4,,5.175,4.525,0.0
2025-02-16 21:00,4.8,1.7,,4.3,2.3,,4.0,6.5,,4.8,5.7,,4.475,4.05,0.0
2025-02-16 22:00,4.3,2.2,,4.0,3.9,,3.7,6.0,,4.6,6.6,,4.15,4.675,0.0
2025-02-16 23:00,4.3,1.1,,3.9,3.2,,3.0,6.7,,4.5,4.9,,3.925,3.975,0.0
2025-02-17 00:00,4.2,1.6,,2.8,3.9,,2.0,5.7,,4.1,9.6,,3.275,5.199999999999999,0.0
2025-02-17 01:00,3.5,2.0,,2.0,3.5,,1.3,4.0,,3.7,7.4,,2.625,4.225,0.0
2025-02-17 02:00,2.7,2.2,,1.3,3.2,,0.9,5.3,,3.1,7.7,,2.0,4.6,0.0
2025-02-17 03:00,1.9,2.9,,0.5,1.9,,0.4,4.6,,2.7,10.1,,1.375,4.875,0.0
2025-02-17 04:00,1.5,2.8,,0.1,2.1,,0.3,5.1,,2.2,9.2,,1.0250000000000001,4.8,0.0
2025-02-17 05:00,1.4,5.3,,-0.2,2.1,,0.1,4.3,,2.3,10.8,,0.8999999999999999,5.625,0.0
2025-02-17 06:00,1.2,4.9,,-0.4,1.8,,0.1,5.5,,2.1,12.6,,0.75,6.199999999999999,0.0
2025-02-17 07:00,1.0,4.2,,-0.3,2.1,,-0.2,4.3,,1.8,9.9,,0.575,5.125,0.0
2025-02-17 08:00,0.9,3.6,0.12,-0.2,1.7,0.08,-0.8,1.9,,1.9,7.9,0.07,0.44999999999999996,3.775,0.09000000000000001
2025-02-17 09:00,2.3,2.9,0.79,1.1,2.1,0.63,1.3,2.1,,2.5,7.7,0.65,1.8,3.7,0.69
2025-02-17 10:00,3.5,3.1,1.54,2.4,2.1,1.34,3.0,5.6,,3.3,9.8,1.42,3.05,5.15,1.4333333333333333
2025-02-17 11:00,4.3,3.5,2.17,3.4,2.6,1.91,3.7,6.6,,3.9,9.0,1.9,3.8249999999999997,5.425,1.9933333333333334
2025-02-17 12:00,4.9,2.0,2.59,4.8,4.0,2.33,4.4,8.2,,4.4,8.7,2.26,4.625,5.725,2.393333333333333
2025-02-17 13:00,5.7,3.7,2.7,4.4,5.1,2.43,4.2,10.3,,4.2,8.5,1.98,4.625,6.9,2.3700000000000006
2025-02-17 14:00,5.3,3.3,2.21,5.5,6.3,2.4,4.4,9.1,,4.2,7.7,1.74,4.8500000000000005,6.6,2.1166666666666667
2025-02-17 15:00,4.7,3.6,2.08,5.1,5.9,2.22,3.5,7.9,,4.3,8.5,2.07,4.4,6.475,2.1233333333333335
2025-02-17 16:00,4.5,3.2,1.57,3.8,6.3,1.75,2.6,9.1,,4.2,8.9,2.08,3.7750000000000004,6.875,1.8
2025-02-17 17:00,3.6,5.0,1.03,2.4,6.1,1.07,1.8,8.2,,3.4,9.7,1.29,2.8,7.249999999999999,1.1300000000000001
2025-02-17 18:00,2.6,2.7,0.4,1.1,3.8,0.38,0.4,8.2,,2.3,8.0,0.31,1.6,5.675,0.36333333333333334
2025-02-17 19:00,1.3,2.5,0.07,0.1,2.8,0.01,-0.4,5.8,,1.6,8.2,0.01,0.65,4.824999999999999,0.03
2025-02-17 20:00,0.6,2.3,,-0.4,3.1,,-0.9,5.0,,1.3,9.1,,0.15,4.875,0.0
2025-02-17 21:00,0.2,2.9,,-1.1,2.1,,-1.7,1.2,,0.8,9.9,,-0.45,4.025,0.0
2025-02-17 22:00,-0.2,2.4,,-1.8,2.5,,-2.4,0.9,,0.4,6.7,,-1.0,3.125,0.0
2025-02-17 23:00,-0.6,2.5,,-2.0,1.7,,-3.0,0.2,,0.3,7.7,,-1.325,3.0250000000000004,0.0
2025-02-18 00:00,-1.0,1.1,,-1.8,2.1,,-3.2,0.5,,0.1,8.0,,-1.475,2.925,0.0
2025-02-18 01:00,-1.0,0.9,,-1.6,2.5,,-3.5,0.4,,0.1,6.9,,-1.5,2.675,0.0
2025-02-18 02:00,-1.0,1.9,,-2.0,1.9,,-2.3,4.3,,0.3,6.2,,-1.25,3.575,0.0
2025-02-18 03:00,-0.9,1.9,,-3.1,1.7,,-2.6,3.5,,0.5,7.2,,-1.525,3.575,0.0
2025-02-18 04:00,-1.2,2.8,,-2.7,1.8,,-3.7,0.5,,0.4,8.4,,-1.8,3.375,0.0
2025-02-18 05:00,-1.5,1.9,,-2.8,1.5,,-4.1,1.1,,0.3,7.1,,-2.0249999999999995,2.9,0.0
2025-02-18 06:00,-2.2,2.6,,-2.6,1.8,,-3.5,2.8,,0.5,7.0,,-1.9500000000000002,3.55,0.0
2025-02-18 07:00,-2.3,2.6,,-3.1,1.5,,-3.5,2.8,,0.3,7.3,,-2.15,3.55,0.0
2025-02-18 08:00,-1.8,1.6,0.14,-3.5,0.7,0.1,-3.9,1.4,,0.5,7.1,0.07,-2.175,2.6999999999999997,0.10333333333333335
2025-02-18 09:00,-0.2,2.2,0.79,-2.2,2.3,0.66,-1.8,4.7,,0.6,9.0,0.59,-0.9,4.55,0.68
2025-02-18 10:00,0.6,3.8,1.58,-0.8,5.0,1.39,-0.6,6.8,,0.4,10.2,1.37,-0.1,6.45,1.4466666666666665
2025-02-18 11:00,1.5,3.5,2.23,0.5,3.5,2.01,0.6,6.0,,1.0,10.1,2.06,0.9,5.775,2.1
2025-02-18 12:00,2.1,4.4,2.68,1.3,3.8,2.41,1.8,6.1,,1.5,10.4,2.54,1.675,6.175,2.5433333333333334
2025-02-18 13:00,3.3,5.9,2.84,2.7,3.0,2.59,1.9,8.1,,1.7,8.9,2.7,2.4,6.475,2.7099999999999995
2025-02-18 14:00,3.3,3.3,2.76,4.3,3.6,2.32,2.3,8.5,,2.2,10.8,2.24,3.0249999999999995,6.550000000000001,2.44
2025-02-18 15:00,3.6,3.0,2.52,2.8,4.4,2.01,3.0,9.2,,2.2,11.1,2.11,2.9000000000000004,6.925000000000001,2.213333333333333
2025-02-18 16:00,2.7,2.2,1.47,2.6,4.5,1.7,2.4,8.8,,2.1,10.4,1.54,2.45,6.475,1.57
2025-02-18 17:00,2.3,2.5,1.22,2.3,5.2,1.07,1.8,8.3,,2.0,10.3,1.07,2.0999999999999996,6.575,1.12
2025-02-18 18:00,1.6,2.2,0.44,1.4,4.3,0.38,0.5,8.3,,1.7,9.9,0.33,1.3,6.175000000000001,0.38333333333333336
2025-02-18 19:00,0.8,3.3,0.07,0.2,3.1,0.01,-0.1,5.7,,1.4,8.9,0.02,0.575,5.25,0.03333333333333333
2025-02-18 20:00,0.5,1.7,,-0.2,2.1,,-0.2,6.0,,1.4,7.7,,0.375,4.375,0.0
2025-02-18 21:00,-0.1,1.5,,-0.6,1.5,,-0.1,6.2,,1.2,7.0,,0.1,4.05,0.0
2025-02-18 22:00,0.2,0.4,,-0.4,2.4,,-0.3,5.7,,0.9,5.3,,0.1,3.45,0.0
2025-02-18 23:00,0.4,0.4,,-0.6,3.3,,-1.0,5.5,,0.7,4.4,,-0.125,3.4,0.0
2025-02-19 00:00,0.7,1.4,,-1.6,1.7,,-1.5,6.0,,0.7,4.1,,-0.4250000000000001,3.3,0.0
2025-02-19 01:00,0.7,1.4,,-1.8,3.0,,-2.0,5.2,,1.3,7.8,,-0.45,4.3500000000000005,0.0
2025-02-19 02:00,0.3,2.7,,-2.9,2.0,,-3.1,1.0,,1.2,5.8,,-1.125,2.875,0.0
2025-02-19 03:00,-0.3,1.6,,-3.4,1.4,,-3.9,0.9,,0.9,6.0,,-1.6749999999999998,2.475,0.0
2025-02-19 04:00,-0.7,1.9,,-3.6,1.2,,-4.7,0.8,,0.6,5.5,,-2.1,2.3499999999999996,0.0
2025-02-19 05:00,-1.8,1.4,,-3.9,1.2,,-5.3,0.4,,0.5,5.1,,-2.625,2.025,0.0
2025-02-19 06:00,-2.9,2.0,,-3.4,0.3,,-6.2,0.9,,-0.2,2.6,,-3.175,1.45,0.0
2025-02-19 07:00,-3.3,1.7,,-4.1,0.7,,-5.8,1.2,,-1.0,3.6,,-3.55,1.7999999999999998,0.0
2025-02-19 08:00,-2.5,1.0,0.13,-3.5,0.6,0.09,-4.8,1.3,,-1.0,3.1,0.07,-2.95,1.5,0.09666666666666668
2025-02-19 09:00,-0.8,0.7,0.8,-1.7,0.6,0.68,-2.4,1.2,,-0.1,3.2,0.51,-1.25,1.425,0.6633333333333333
2025-02-19 10:00,0.6,2.2,1.45,-1.3,1.0,1.07,-0.2,0.9,,1.3,7.2,1.36,0.09999999999999998,2.825,1.2933333333333332
2025-02-19 11:00,1.6,3.3,2.1,-0.1,2.7,1.53,0.5,7.6,,1.7,8.7,1.82,0.925,5.574999999999999,1.8166666666666667
2025-02-19 12:00,2.6,1.5,2.7,1.8,2.5,2.31,1.3,6.7,,2.2,9.5,2.36,1.975,5.05,2.4566666666666666
2025-02-19 13:00,2.9,2.2,2.54,2.3,3.3,2.48,1.7,6.2,,1.6,10.2,2.55,2.125,5.475,2.523333333333333
2025-02-19 14:00,3.1,5.0,2.79,2.7,5.0,2.24,1.3,7.8,,1.6,8.4,2.55,2.1750000000000003,6.550000000000001,2.526666666666667
2025-02-19 15:00,2.5,4.0,2.45,2.0,5.6,2.28,1.3,8.2,,0.8,9.9,1.97,1.65,6.924999999999999,2.2333333333333334
2025-02-19 16:00,2.2,2.6,1.93,1.9,5.3,1.78,1.2,7.6,,0.7,8.5,1.22,1.5,6.0,1.6433333333333333
2025-02-19 17:00,1.2,2.0,1.22,1.0,5.4,1.13,0.6,6.5,,0.4,8.6,0.64,0.8,5.625,0.9966666666666666
2025-02-19 18:00,0.5,1.9,0.48,-0.2,3.9,0.4,-0.7,5.9,,0.3,8.9,0.3,-0.024999999999999994,5.15,0.3933333333333333
2025-02-19 19:00,-0.3,1.6,0.07,-1.0,4.0,0.01,-1.4,5.4,,0.0,7.3,0.02,-0.675,4.575,0.03333333333333333
2025-02-19 20:00,-0.9,1.4,,-1.6,2.5,,-1.8,3.7,,-0.2,7.9,,-1.125,3.875,0.0
2025-02-19 21:00,-1.3,1.6,,-1.7,2.4,,-2.3,3.1,,-0.2,9.6,,-1.375,4.175,0.0
2025-02-19 22:00,-1.8,1.3,,-2.6,2.4,,-3.5,1.1,,-0.5,6.9,,-2.1,2.9250000000000003,0.0
2025-02-19 23:00,-1.4,1.9,,-2.9,1.8,,-4.0,0.1,,-0.5,7.9,,-2.2,2.9250000000000003,0.0
2025-02-20 00:00,-1.7,0.8,,-2.8,1.5,,-3.1,3.3,,-0.3,6.2,,-1.9749999999999999,2.95,0.0
2025-02-20 01:00,-1.4,1.5,,-2.9,2.5,,-4.2,1.1,,-0.3,7.5,,-2.2,3.15,0.0
2025-02-20 02:00,-1.9,3.0,,-3.7,0.8,,-4.4,0.0,,-0.6,5.0,,-2.65,2.2,0.0
2025-02-20 03:00,-2.9,2.7,,-3.5,0.8,,-5.1,1.1,,-1.1,2.8,,-3.15,1.8499999999999999,0.0
2025-02-20 04:00,-3.1,2.4,,-4.0,0.8,,-5.4,0.8,,-1.4,2.4,,-3.475,1.6,0.0
2025-02-20 05:00,-3.2,2.2,,-4.8,1.3,,-6.0,0.5,,-1.6,1.3,,-3.9,1.325,0.0
2025-02-20 06:00,-3.6,1.8,,-5.2,0.6,,-6.6,0.4,,-1.8,2.0,,-4.3,1.2,0.0
2025-02-20 07:00,-3.7,1.6,,-5.5,1.2,,-6.7,0.1,,-2.1,2.3,,-4.5,1.2999999999999998,0.0
2025-02-20 08:00,-3.4,1.3,0.12,-4.7,1.0,0.1,-6.1,1.2,,-2.2,2.1,0.06,-4.1,1.4,0.09333333333333334
2025-02-20 09:00,-1.3,2.3,0.75,-2.5,0.8,0.66,-2.5,1.4,,-1.1,3.2,0.55,-1.85,1.925,0.6533333333333334
2025-02-20 10:00,0.7,0.8,1.52,-0.9,1.2,1.32,-0.9,2.2,,0.2,3.8,1.35,-0.22500000000000003,2.0,1.3966666666666665
2025-02-20 11:00,2.2,1.8,2.15,0.3,2.2,1.91,0.3,1.3,,0.8,5.1,1.98,0.8999999999999999,2.5999999999999996,2.013333333333333
2025-02-20 12:00,2.4,2.4,2.55,1.1,2.2,2.33,1.4,5.6,,1.7,6.6,2.2,1.6500000000000001,4.199999999999999,2.36
2025-02-20 13:00,3.0,2.1,2.66,1.6,2.2,2.58,1.4,6.8,,2.2,8.5,2.49,2.05,4.9,2.5766666666666667
2025-02-20 14:00,3.5,1.4,2.65,2.1,2.9,2.33,1.7,6.7,,1.8,9.0,2.46,2.275,5.0,2.48
2025-02-20 15:00,3.4,3.0,2.41,3.0,4.1,2.27,1.8,7.7,,1.7,8.6,1.99,2.475,5.85,2.223333333333333
2025-02-20 16:00,3.2,2.5,1.93,2.3,5.2,1.76,1.6,7.9,,1.6,10.0,1.66,2.175,6.4,1.7833333333333332
2025-02-20 17:00,1.7,2.7,1.24,1.6,5.8,1.12,0.5,9.6,,0.9,10.3,1.16,1.175,7.1000000000000005,1.1733333333333336
2025-02-20 18:00,0.5,2.6,0.46,0.1,4.3,0.41,-0.5,7.1,,0.4,9.7,0.41,0.125,5.925,0.4266666666666667
2025-02-20 19:00,-0.3,1.4,0.08,-0.7,3.5,0.01,-1.1,6.5,,0.3,8.4,0.02,-0.45,4.95,0.03666666666666667
2025-02-20 20:00,-0.6,2.8,,-1.3,3.6,,-1.4,5.1,,0.4,9.4,,-0.725,5.225,0.0
2025-02-20 21:00,-1.2,2.1,,-1.9,2.2,,-1.7,4.7,,0.6,9.6,,-1.05,4.65,0.0
2025-02-20 22:00,-1.0,1.7,,-2.1,2.2,,-2.7,1.5,,0.4,8.2,,-1.35,3.4,0.0
2025-02-20 23:00,-1.1,1.4,,-2.4,1.2,,-3.7,1.4,,0.2,5.7,,-1.75,2.425,0.0
2025-02-21 00:00,-1.6,1.6,,-2.6,2.2,,-3.2,2.3,,0.3,5.2,,-1.7750000000000001,2.825,0.0
2025-02-21 01:00,-2.2,1.8,,-3.2,1.8,,-3.6,1.9,,0.2,5.9,,-2.2,2.85,0.0
2025-02-21 02:00,-1.5,0.7,,-3.4,1.2,,-3.3,4.4,,0.1,7.5,,-2.025,3.45,0.0
2025-02-21 03:00,-1.6,2.2,,-3.6,1.0,,-4.0,1.1,,-0.1,7.7,,-2.3249999999999997,3.0,0.0
2025-02-21 04:00,-2.1,2.6,,-4.0,1.2,,-4.8,0.4,,-0.8,6.5,,-2.925,2.675,0.0
2025-02-21 05:00,-2.6,2.4,,-4.0,0.5,,-5.4,0.8,,-1.3,4.0,,-3.325,1.925,0.0
2025-02-21 06:00,-3.1,1.7,,-4.4,0.4,,-5.4,0.8,,-1.8,3.0,,-3.6750000000000003,1.475,0.0
2025-02-21 07:00,-3.2,2.0,,-4.2,0.0,,-5.6,0.9,,-1.8,3.7,,-3.7,1.65,0.0
2025-02-21 08:00,-2.6,1.7,0.13,-4.1,0.6,0.1,-5.7,0.9,,-1.7,3.4,0.04,-3.5249999999999995,1.65,0.09000000000000001
2025-02-21 09:00,-1.4,2.0,0.53,-3.0,0.6,0.46,-2.9,1.2,,-1.2,3.5,0.32,-2.125,1.825,0.4366666666666667
2025-02-21 10:00,-0.4,2.1,0.99,-1.8,0.8,0.92,-1.1,2.3,,-0.5,5.2,0.88,-0.9500000000000001,2.6,0.93
2025-02-21 11:00,1.3,2.0,1.99,-0.3,1.8,1.95,-0.3,2.2,,0.3,5.5,1.97,0.25,2.875,1.97
2025-02-21 12:00,2.2,2.7,2.65,0.3,3.1,2.23,0.5,5.4,,1.3,6.7,2.39,1.075,4.4750000000000005,2.4233333333333333
2025-02-21 13:00,2.4,2.0,2.49,0.9,2.3,1.87,1.2,5.8,,1.5,8.4,1.97,1.5,4.625,2.11
2025-02-21 14:00,3.1,2.5,2.53,2.5,2.8,2.24,1.2,7.4,,2.1,8.0,2.36,2.225,5.175,2.3766666666666665
2025-02-21 15:00,3.3,3.8,2.35,2.5,4.5,2.35,1.6,7.1,,1.9,9.9,2.51,2.325,6.325,2.4033333333333333
2025-02-21 16:00,3.1,2.8,1.89,2.3,5.5,1.72,1.6,7.7,,1.6,8.9,1.94,2.15,6.225,1.8499999999999999
2025-02-21 17:00,2.2,2.2,1.25,1.9,3.7,1.12,1.5,6.0,,1.2,8.6,1.25,1.7,5.125,1.2066666666666668
2025-02-21 18:00,0.9,4.0,0.5,0.7,4.4,0.41,0.2,6.3,,0.7,8.3,0.49,0.625,5.75,0.4666666666666666
2025-02-21 19:00,0.0,1.1,0.08,-0.4,3.6,0.01,-0.6,5.5,,0.4,8.7,0.03,-0.15,4.725,0.04
2025-02-21 20:00,-0.4,1.9,,-0.9,2.4,,-1.1,3.8,,0.2,6.9,,-0.55,3.75,0.0
2025-02-21 21:00,-0.7,1.8,,-1.3,1.4,,-2.1,1.9,,0.0,6.5,,-1.025,2.9,0.0
2025-02-21 22:00,-1.2,1.5,,-1.8,1.4,,-3.0,0.5,,-0.2,4.8,,-1.55,2.05,0.0
2025-02-21 23:00,-1.2,0.4,,-2.1,0.9,,-3.4,1.3,,-0.4,5.4,,-1.775,2.0,0.0
2025-02-22 00:00,-1.4,0.8,,-1.9,1.8,,-2.6,2.5,,-0.7,4.2,,-1.6500000000000001,2.325,0.0
2025-02-22 01:00,-1.4,0.7,,-1.9,1.5,,-3.2,0.5,,-0.7,3.2,,-1.8,1.475,0.0
2025-02-22 02:00,-1.6,0.5,,-2.3,0.3,,-3.1,1.1,,-1.5,2.0,,-2.125,0.9750000000000001,0.0
2025-02-22 03:00,-1.6,0.8,,-2.2,0.4,,-2.6,0.8,,-1.2,1.4,,-1.9000000000000001,0.85,0.0
2025-02-22 04:00,-1.9,1.0,,-3.1,1.2,,-3.3,0.7,,-0.6,3.3,,-2.225,1.55,0.0
2025-02-22 05:00,-1.8,0.9,,-3.6,0.1,,-3.3,0.5,,0.0,4.6,,-2.175,1.525,0.0
2025-02-22 06:00,-2.7,0.4,,-3.5,0.0,,-3.9,1.1,,0.3,4.9,,-2.4499999999999997,1.6,0.0
2025-02-22 07:00,-2.5,0.1,,-3.8,0.6,,-4.9,0.7,,-0.2,3.9,,-2.8499999999999996,1.325,0.0
2025-02-22 08:00,-1.9,1.6,0.1,-3.4,0.4,0.1,-4.8,0.4,,0.7,6.3,0.06,-2.35,2.175,0.08666666666666667
2025-02-22 09:00,-0.3,2.2,0.6,-2.4,0.9,0.66,-2.4,2.0,,0.9,6.6,0.55,-1.0499999999999998,2.925,0.6033333333333334
2025-02-22 10:00,0.1,2.8,1.45,-1.6,2.4,1.33,-1.1,2.4,,0.9,7.9,0.88,-0.42500000000000004,3.875,1.22
2025-02-22 11:00,1.2,2.5,2.38,-0.8,1.2,2.4,-0.2,2.3,,1.3,7.1,1.67,0.375,3.275,2.15
2025-02-22 12:00,2.0,2.7,2.72,0.4,2.8,2.61,0.7,2.4,,1.3,8.2,2.47,1.0999999999999999,4.025,2.6
2025-02-22 13:00,2.9,3.1,2.89,1.2,2.3,2.69,0.7,4.2,,1.9,5.8,2.74,1.6749999999999998,3.8500000000000005,2.7733333333333334
2025-02-22 14:00,3.4,2.0,2.81,2.1,2.8,2.6,0.9,6.0,,1.8,6.8,2.75,2.0500000000000003,4.4,2.72
2025-02-22 15:00,3.7,2.6,2.4,3.0,1.4,2.16,1.5,6.1,,1.3,7.4,1.94,2.375,4.375,2.1666666666666665
2025-02-22 16:00,4.1,1.7,1.95,2.6,2.8,1.89,0.9,7.1,,1.2,8.0,1.32,2.1999999999999997,4.9,1.72
2025-02-22 17:00,2.2,1.7,1.23,1.8,2.9,1.12,0.6,6.2,,0.7,7.9,1.26,1.325,4.675000000000001,1.2033333333333334
2025-02-22 18:00,1.3,1.8,0.51,0.1,3.2,0.39,-0.6,6.5,,0.1,7.0,0.44,0.22500000000000003,4.625,0.4466666666666667
2025-02-22 19:00,0.0,1.6,0.07,-0.9,2.5,0.01,-1.3,5.0,,0.0,6.6,0.02,-0.55,3.925,0.03333333333333333
2025-02-22 20:00,-0.7,0.9,,-1.6,1.3,,-1.6,5.8,,0.0,5.5,,-0.975,3.375,0.0
2025-02-22 21:00,-1.1,1.0,,-1.9,1.4,,-2.0,4.4,,-0.1,5.5,,-1.275,3.075,0.0
2025-02-22 22:00,-1.5,0.7,,-2.0,1.2,,-3.0,1.1,,0.1,6.9,,-1.6,2.475,0.0
2025-02-22 23:00,-1.3,1.4,,-2.5,1.9,,-3.7,0.7,,-0.1,6.1,,-1.9,2.525,0.0
2025-02-23 00:00,-1.6,2.0,,-2.6,1.4,,-4.1,0.0,,-0.4,6.2,,-2.1750000000000003,2.4,0.0
2025-02-23 01:00,-1.3,1.2,,-2.7,0.4,,-4.1,1.8,,-0.2,6.5,,-2.0749999999999997,2.475,0.0
2025-02-23 02:00,-1.3,1.4,,-2.5,1.3,,-3.8,1.6,,-0.3,6.7,,-1.9749999999999999,2.75,0.0
2025-02-23 03:00,-1.6,1.6,,-3.4,1.1,,-3.5,2.3,,-0.5,7.3,,-2.25,3.075,0.0
2025-02-23 04:00,-2.0,2.2,,-4.5,1.5,,-4.4,0.8,,-0.8,5.3,,-2.9250000000000003,2.45,0.0
2025-02-23 05:00,-2.7,2.6,,-4.2,1.5,,-5.3,0.9,,-0.6,5.5,,-3.1999999999999997,2.625,0.0
2025-02-23 06:00,-3.4,1.1,,-4.4,0.9,,-5.6,0.8,,-1.3,3.3,,-3.6750000000000003,1.525,0.0
2025-02-23 07:00,-3.9,1.2,,-4.6,1.0,,-6.1,1.0,,-1.7,3.4,,-4.075,1.65,0.0
2025-02-23 08:00,-3.1,0.9,0.18,-3.8,0.1,0.12,-5.7,1.1,,-2.0,3.5,0.05,-3.6500000000000004,1.4,0.11666666666666665
2025-02-23 09:00,-1.6,1.5,0.83,-2.1,0.6,0.71,-2.8,1.4,,-1.2,4.4,0.64,-1.925,1.975,0.7266666666666667
2025-02-23 10:00,0.3,2.4,1.66,-0.5,1.9,1.21,-0.9,2.9,,-0.9,5.3,1.23,-0.5,3.125,1.3666666666666665
2025-02-23 11:00,1.2,3.3,2.21,-0.2,2.8,1.79,0.4,5.8,,0.6,6.7,2.15,0.5,4.6499999999999995,2.0500000000000003
2025-02-23 12:00,1.2,2.9,1.92,0.9,5.1,1.77,-0.1,6.0,,0.8,7.7,1.91,0.7,5.425,1.8666666666666665
2025-02-23 13:00,0.6,2.9,1.62,0.5,4.3,1.24,0.9,9.0,,0.6,9.1,1.36,0.65,6.324999999999999,1.406666666666667
2025-02-23 14:00,-1.6,2.5,1.11,0.8,5.8,1.55,1.5,11.2,,-1.5,7.7,1.34,-0.2,6.8,1.3333333333333333
2025-02-23 15:00,1.2,3.1,1.43,0.4,6.9,0.88,0.1,10.8,,-1.5,9.2,1.78,0.050000000000000044,7.5,1.3633333333333333
2025-02-23 16:00,0.6,3.8,0.94,0.1,6.4,0.86,0.4,10.6,,0.4,9.7,0.9,0.375,7.624999999999999,0.8999999999999999
2025-02-23 17:00,0.6,2.9,0.7,-0.5,5.2,0.7,-0.9,10.9,,0.4,9.7,0.48,-0.1,7.175,0.6266666666666666
2025-02-23 18:00,-0.7,3.2,0.31,-1.2,4.9,0.28,-1.4,8.6,,0.1,9.4,0.24,-0.7999999999999999,6.525,0.27666666666666667
2025-02-23 19:00,-0.9,2.7,0.07,-1.9,4.8,0.01,-1.7,8.2,,-0.2,8.9,0.01,-1.175,6.15,0.03
2025-02-23 20:00,-1.4,2.2,,-2.3,3.5,,-1.7,5.7,,-0.6,8.0,,-1.4999999999999998,4.85,0.0
2025-02-23 21:00,-2.5,2.2,,-2.8,2.0,,-2.0,5.6,,-0.5,9.7,,-1.95,4.875,0.0
2025-02-23 22:00,-2.1,1.6,,-3.2,1.4,,-2.0,5.2,,-0.6,9.1,,-1.975,4.324999999999999,0.0
2025-02-23 23:00,-1.9,1.5,,-3.4,0.8,,-1.9,4.3,,-0.6,7.5,,-1.9499999999999997,3.525,0.0
2025-02-24 00:00,-1.6,2.4,,-3.2,0.9,,-1.9,4.6,,-1.8,8.4,,-2.1250000000000004,4.075,0.0
2025-02-24 01:00,-1.9,1.9,,-3.1,1.5,,-2.9,2.8,,-1.4,7.5,,-2.325,3.425,0.0
2025-02-24 02:00,-2.1,1.9,,-3.4,1.1,,-3.7,0.7,,-0.9,6.0,,-2.525,2.425,0.0
2025-02-24 03:00,-1.9,1.2,,-4.4,1.4,,-4.6,0.1,,-1.3,5.2,,-3.0500000000000003,1.975,0.0
2025-02-24 04:00,-2.6,1.9,,-3.8,0.4,,-4.9,0.7,,-1.5,5.1,,-3.2,2.025,0.0
2025-02-24 05:00,-3.4,1.2,,-4.1,0.7,,-5.8,1.3,,-0.6,6.9,,-3.475,2.5250000000000004,0.0
2025-02-24 06:00,-3.7,0.4,,-5.1,0.9,,-6.1,1.6,,-0.3,5.3,,-3.8000000000000003,2.05,0.0
2025-02-24 07:00,-3.7,0.9,,-5.3,1.0,,-5.5,2.3,,-0.2,5.1,,-3.675,2.3249999999999997,0.0
2025-02-24 08:00,-3.1,1.6,0.17,-4.2,0.9,0.12,-4.2,2.5,,0.3,5.5,0.06,-2.8,2.625,0.11666666666666668
2025-02-24 09:00,-1.1,0.4,0.92,-1.7,0.8,0.7,-1.7,1.7,,1.1,5.7,0.56,-0.85,2.1500000000000004,0.7266666666666667
2025-02-24 10:00,0.3,1.2,1.67,-0.9,0.9,1.4,0.2,1.4,,1.7,6.7,1.29,0.32499999999999996,2.55,1.4533333333333331
2025-02-24 11:00,2.1,1.6,2.23,0.4,2.4,1.87,0.9,4.6,,2.2,7.1,1.29,1.4,3.925,1.7966666666666666
2025-02-24 12:00,3.2,2.3,2.42,2.4,2.5,2.62,1.5,6.8,,2.2,6.7,1.62,2.325,4.575,2.22
2025-02-24 13:00,4.3,1.9,2.95,3.6,2.5,2.51,1.9,7.3,,2.5,6.4,1.94,3.075,4.525,2.466666666666667
2025-02-24 14:00,4.0,2.7,2.86,3.5,3.6,2.72,2.1,7.6,,2.3,7.2,1.33,2.9749999999999996,5.275,2.3033333333333332
2025-02-24 15:00,5.0,2.4,2.55,3.7,3.7,2.38,2.4,7.5,,2.5,7.4,1.06,3.4,5.25,1.9966666666666668
2025-02-24 16:00,4.5,1.9,2.01,3.5,4.0,1.88,2.4,6.4,,2.9,7.3,1.43,3.325,4.9,1.7733333333333332
2025-02-24 17:00,3.4,2.4,1.32,2.9,4.3,1.2,2.7,6.9,,2.7,7.4,1.34,2.925,5.25,1.2866666666666668
2025-02-24 18:00,2.6,1.4,0.55,2.3,3.2,0.47,1.8,5.4,,1.7,7.3,0.55,2.1,4.325,0.5233333333333333
2025-02-24 19:00,1.6,1.6,0.08,1.4,2.9,0.02,0.8,4.2,,1.4,6.9,0.03,1.2999999999999998,3.9,0.043333333333333335
2025-02-24 20:00,0.8,1.6,,0.4,1.9,,0.1,3.1,,0.8,3.9,,0.5250000000000001,2.625,0.0
2025-02-24 21:00,0.0,1.8,,0.1,1.5,,-0.9,0.8,,0.1,2.0,,-0.17500000000000002,1.525,0.0
2025-02-24 22:00,-0.3,1.3,,-0.6,1.3,,-2.0,1.3,,-0.4,1.5,,-0.825,1.35,0.0
2025-02-24 23:00,-1.2,1.9,,-1.4,1.3,,-2.3,1.6,,-0.7,0.9,,-1.4,1.4250000000000003,0.0
2025-02-25 00:00,-0.7,0.4,,-2.1,1.0,,-2.8,0.8,,-1.1,0.0,,-1.6749999999999998,0.55,0.0
2025-02-25 01:00,-1.0,0.6,,-2.5,0.7,,-3.2,1.8,,-1.1,0.0,,-1.9500000000000002,0.7749999999999999,0.0
2025-02-25 02:00,-1.5,0.0,,-3.0,1.2,,-3.5,1.8,,-1.1,0.8,,-2.275,0.95,0.0
2025-02-25 03:00,-1.9,0.9,,-3.5,1.3,,-3.5,1.3,,-1.9,0.9,,-2.7,1.1,0.0
2025-02-25 04:00,-2.7,0.0,,-3.8,1.6,,-4.0,0.9,,-2.0,1.3,,-3.125,0.95,0.0
2025-02-25 05:00,-3.2,0.1,,-3.9,2.0,,-5.2,0.9,,-2.2,1.5,,-3.625,1.125,0.0
2025-02-25 06:00,-3.2,1.7,,-3.9,1.7,,-5.2,1.0,,-2.4,1.7,,-3.6750000000000003,1.5250000000000001,0.0
2025-02-25 07:00,-3.7,1.1,,-4.3,1.5,,-5.5,0.8,,-2.6,1.4,,-4.025,1.2000000000000002,0.0
2025-02-25 08:00,-3.4,0.1,0.18,-3.1,0.5,0.12,-4.9,1.2,,-1.8,1.3,0.12,-3.3000000000000003,0.7749999999999999,0.13999999999999999
2025-02-25 09:00,-0.8,0.1,0.93,-0.5,1.0,0.78,-0.9,2.2,,0.6,1.9,0.83,-0.4,1.3,0.8466666666666667
2025-02-25 10:00,2.5,1.2,1.77,2.0,0.8,1.37,2.0,2.9,,3.8,1.3,1.56,2.575,1.55,1.5666666666666667
2025-02-25 11:00,3.5,1.2,2.3,4.0,0.9,1.86,4.0,3.2,,4.5,3.2,2.2,4.0,2.125,2.12
2025-02-25 12:00,5.6,2.2,2.69,5.1,1.2,2.51,4.6,2.1,,5.3,2.9,2.61,5.1499999999999995,2.1,2.603333333333333
2025-02-25 13:00,6.4,1.7,2.55,6.0,2.7,2.43,4.9,2.5,,5.9,3.7,2.66,5.800000000000001,2.6500000000000004,2.546666666666667
2025-02-25 14:00,6.9,2.8,2.0,6.5,3.2,2.14,6.3,2.8,,5.6,2.7,1.79,6.324999999999999,2.875,1.9766666666666668
2025-02-25 15:00,7.5,3.4,1.4,8.2,3.0,2.18,5.3,2.1,,5.5,3.2,1.09,6.625,2.925,1.5566666666666666
2025-02-25 16:00,7.2,2.5,1.13,7.1,1.5,1.44,4.9,3.0,,5.3,4.0,0.77,6.125000000000001,2.75,1.1133333333333333
2025-02-25 17:00,6.0,1.8,0.67,6.0,3.2,0.68,4.8,3.1,,5.3,3.1,0.45,5.525,2.8,0.6
2025-02-25 18:00,5.6,2.5,0.3,5.3,3.2,0.24,4.5,3.0,,5.1,3.0,0.19,5.125,2.925,0.24333333333333332
2025-02-25 19:00,5.0,3.7,0.07,4.9,2.5,0.01,4.1,3.6,,4.9,3.2,0.03,4.725,3.25,0.03666666666666667
2025-02-25 20:00,4.8,1.6,,4.9,2.7,,3.6,3.6,,4.8,3.1,,4.5249999999999995,2.75,0.0
2025-02-25 21:00,4.7,1.2,,4.5,1.0,,4.1,3.5,,5.0,2.1,,4.574999999999999,1.9500000000000002,0.0
2025-02-25 22:00,4.3,1.4,,4.6,1.4,,4.0,3.0,,4.9,1.2,,4.449999999999999,1.75,0.0
2025-02-25 23:00,4.1,1.0,,4.6,1.4,,3.7,2.9,,4.7,2.8,,4.2749999999999995,2.025,0.0
2025-02-26 00:00,4.1,1.2,,4.5,1.2,,3.0,3.0,,4.7,2.6,,4.075,2.0,0.0
2025-02-26 01:00,4.1,1.2,,4.9,1.7,,3.1,1.7,,4.5,2.6,,4.15,1.7999999999999998,0.0
2025-02-26 02:00,4.0,1.0,,4.9,2.1,,2.3,3.1,,4.2,2.2,,3.8499999999999996,2.1,0.0
2025-02-26 03:00,3.6,0.8,,5.0,2.4,,2.6,2.4,,4.0,1.7,,3.8,1.825,0.0
2025-02-26 04:00,3.1,0.4,,5.1,1.7,,2.4,2.3,,3.9,1.7,,3.625,1.5250000000000001,0.0
2025-02-26 05:00,3.0,0.3,,4.8,2.2,,2.0,1.5,,4.0,2.1,,3.45,1.525,0.0
2025-02-26 06:00,2.4,0.8,,4.2,1.7,,1.1,2.0,,3.3,0.0,,2.75,1.125,0.0
2025-02-26 07:00,1.7,0.3,,3.6,1.4,,0.3,2.1,,2.9,0.4,,2.125,1.05,0.0
2025-02-26 08:00,2.1,0.2,0.18,3.6,1.0,0.1,1.0,0.5,,2.9,1.2,0.06,2.4,0.725,0.11333333333333334
2025-02-26 09:00,3.5,0.6,0.66,4.7,2.1,0.44,3.2,0.5,,4.4,1.1,0.41,3.9499999999999997,1.0750000000000002,0.5033333333333333
2025-02-26 10:00,5.8,0.9,1.34,5.5,2.3,0.99,4.9,4.2,,6.5,1.5,1.2,5.675000000000001,2.225,1.1766666666666667
2025-02-26 11:00,7.1,1.2,1.92,7.0,1.7,1.42,5.8,5.0,,7.3,4.9,1.9,6.8,3.2,1.7466666666666668
2025-02-26 12:00,8.6,1.1,2.45,7.8,2.4,2.22,6.0,4.4,,7.3,3.4,2.19,7.425,2.825,2.2866666666666666
2025-02-26 13:00,10.4,1.5,2.71,9.4,3.0,2.55,5.6,3.5,,8.3,4.6,2.48,8.425,3.15,2.58
2025-02-26 14:00,11.2,2.2,2.81,9.8,2.3,2.65,5.4,5.3,,8.0,5.1,2.63,8.6,3.725,2.6966666666666668
2025-02-26 15:00,11.5,1.5,2.55,9.7,3.2,2.34,5.6,2.8,,8.2,4.3,2.33,8.75,2.95,2.4066666666666667
2025-02-26 16:00,11.1,2.0,2.01,9.6,3.6,1.89,5.6,2.3,,8.3,4.1,1.91,8.649999999999999,3.0,1.9366666666666665
2025-02-26 17:00,9.9,1.9,1.35,8.9,4.1,1.23,5.5,2.4,,7.8,3.0,1.26,8.025,2.85,1.28
2025-02-26 18:00,8.8,1.7,0.57,7.6,2.6,0.48,4.1,1.1,,6.3,2.4,0.54,6.7,1.9500000000000002,0.5299999999999999
2025-02-26 19:00,7.5,1.7,0.08,6.2,1.7,0.02,2.6,1.3,,4.6,1.4,0.04,5.225,1.525,0.04666666666666667
2025-02-26 20:00,6.3,1.2,,4.9,1.4,,1.0,1.6,,3.2,1.4,,3.8499999999999996,1.4,0.0
2025-02-26 21:00,4.9,0.0,,3.2,0.7,,0.2,0.3,,2.4,2.2,,2.6750000000000003,0.8,0.0
2025-02-26 22:00,4.6,0.5,,2.7,0.2,,0.3,0.8,,1.6,0.3,,2.3,0.45,0.0
2025-02-26 23:00,3.3,0.1,,1.2,1.2,,-0.5,0.9,,1.4,1.4,,1.35,0.9,0.0
2025-02-27 00:00,2.2,1.0,,0.6,1.6,,-1.7,1.1,,1.0,1.4,,0.5250000000000001,1.275,0.0
2025-02-27 01:00,1.5,0.3,,-0.3,1.7,,-2.3,0.3,,0.5,2.0,,-0.14999999999999997,1.075,0.0
2025-02-27 02:00,0.7,0.8,,-0.4,1.9,,-2.3,0.1,,0.0,2.3,,-0.5,1.275,0.0
2025-02-27 03:00,0.1,0.3,,-0.6,1.4,,-3.1,0.2,,-0.4,1.6,,-1.0,0.875,0.0
2025-02-27 04:00,-0.5,0.0,,-0.4,1.8,,-3.7,0.2,,-0.6,1.4,,-1.3,0.85,0.0
2025-02-27 05:00,-0.8,0.5,,-1.0,1.0,,-4.1,0.2,,-1.0,2.1,,-1.7249999999999999,0.95,0.0
2025-02-27 06:00,-1.0,0.0,,-1.3,1.4,,-4.1,0.0,,-1.3,1.5,,-1.9249999999999998,0.725,0.0
2025-02-27 07:00,-1.6,0.0,,-1.3,1.1,,-4.1,0.3,,-1.6,1.6,,-2.15,0.75,0.0
2025-02-27 08:00,-0.9,0.9,0.19,0.3,1.0,0.14,-3.4,0.1,,-1.0,0.7,0.1,-1.25,0.675,0.14333333333333334
2025-02-27 09:00,1.2,0.2,0.64,3.3,1.2,0.62,-0.6,1.2,,1.7,1.2,0.59,1.4,0.95,0.6166666666666667
2025-02-27 10:00,3.4,0.5,1.18,6.5,0.7,1.39,3.8,0.4,,4.7,0.6,1.2,4.6,0.55,1.2566666666666666
2025-02-27 11:00,7.2,0.9,2.22,9.8,0.5,2.09,6.5,1.5,,9.3,1.9,2.24,8.2,1.2,2.1833333333333336
2025-02-27 12:00,10.5,0.7,2.74,12.6,1.0,2.48,9.5,1.8,,11.5,3.1,2.67,11.025,1.65,2.6300000000000003
2025-02-27 13:00,13.5,0.6,2.78,14.3,0.7,2.64,13.3,2.1,,13.3,4.8,2.79,13.600000000000001,2.05,2.736666666666667
2025-02-27 14:00,13.6,0.7,2.08,15.1,1.2,2.49,14.6,2.4,,14.9,3.8,2.45,14.549999999999999,2.025,2.3400000000000003
2025-02-27 15:00,14.8,1.0,1.96,15.6,1.4,2.28,14.8,2.8,,13.8,5.9,2.23,14.75,2.775,2.1566666666666667
2025-02-27 16:00,14.2,3.0,1.44,16.1,2.3,1.85,15.1,2.3,,12.9,4.6,1.38,14.575,3.05,1.5566666666666666
2025-02-27 17:00,13.5,2.2,0.72,16.1,1.1,1.14,13.1,1.8,,11.6,4.5,0.5,13.575000000000001,2.4000000000000004,0.7866666666666666
2025-02-27 18:00,12.1,3.4,0.19,14.7,0.9,0.42,9.9,2.5,,10.2,3.4,0.09,11.724999999999998,2.55,0.2333333333333333
2025-02-27 19:00,11.1,3.9,0.07,11.4,3.4,0.01,7.8,2.5,,9.4,3.5,0.0,9.925,3.325,0.02666666666666667
2025-02-27 20:00,9.5,4.4,,9.5,0.8,,6.9,1.3,,9.2,5.7,,8.774999999999999,3.05,0.0
2025-02-27 21:00,9.3,1.6,,9.2,0.5,,6.4,0.2,,9.0,2.5,,8.475,1.2000000000000002,0.0
2025-02-27 22:00,8.6,1.7,,8.9,1.2,,6.5,1.7,,8.8,3.1,,8.2,1.9249999999999998,0.0
2025-02-27 23:00,7.8,1.4,,7.2,1.6,,6.8,1.5,,8.5,4.0,,7.575,2.125,0.0
2025-02-28 00:00,7.5,1.1,,7.2,0.5,,7.3,1.2,,8.4,3.3,,7.6,1.525,0.0
2025-02-28 01:00,7.4,1.0,,7.4,1.2,,7.3,2.6,,8.3,2.5,,7.6000000000000005,1.8250000000000002,0.0
2025-02-28 02:00,7.2,0.8,,7.4,0.9,,7.4,2.1,,8.2,1.5,,7.55,1.3250000000000002,0.0
2025-02-28 03:00,6.6,1.3,,7.0,1.3,,7.0,1.0,,8.0,1.3,,7.15,1.225,0.0
2025-02-28 04:00,6.0,1.0,,5.9,0.8,,6.2,2.0,,7.7,1.2,,6.45,1.25,0.0
2025-02-28 05:00,6.1,1.8,,6.1,1.1,,5.7,1.6,,7.3,1.8,,6.3,1.575,0.0
2025-02-28 06:00,5.8,1.4,,6.5,1.4,,5.7,1.0,,7.1,0.8,,6.275,1.15,0.0
2025-02-28 07:00,6.1,0.7,,6.7,0.7,,6.0,1.8,,7.1,1.6,,6.475,1.2000000000000002,0.0
2025-02-28 08:00,6.3,0.5,0.09,6.9,0.1,0.03,6.1,0.6,,7.0,2.0,0.02,6.574999999999999,0.8,0.04666666666666666
2025-02-28 09:00,6.8,0.3,0.23,7.6,0.6,0.12,7.2,1.6,,8.0,0.6,0.32,7.3999999999999995,0.775,0.2233333333333333
2025-02-28 10:00,8.1,1.2,0.4,8.7,0.7,0.28,8.2,1.4,,9.0,0.8,0.6,8.5,1.025,0.4266666666666667
2025-02-28 11:00,10.2,1.1,1.53,9.8,0.7,0.74,9.9,1.6,,9.6,0.7,0.71,9.875,1.0250000000000001,0.9933333333333333
2025-02-28 12:00,11.9,1.2,1.35,12.8,0.9,1.68,11.4,0.6,,10.8,0.5,0.83,11.725000000000001,0.8,1.2866666666666668
2025-02-28 13:00,13.1,0.7,1.53,12.0,1.3,1.51,12.7,2.2,,11.7,2.4,1.46,12.375,1.65,1.5
2025-02-28 14:00,13.4,0.8,1.92,13.5,0.7,1.66,12.6,2.6,,12.1,3.5,2.06,12.9,1.9,1.8800000000000001
2025-02-28 15:00,13.5,0.4,1.54,14.2,1.5,1.63,12.2,2.1,,12.9,3.4,2.14,13.2,1.85,1.7700000000000002
2025-02-28 16:00,15.7,1.3,1.96,14.4,1.5,1.91,12.5,2.3,,14.0,2.2,1.93,14.15,1.825,1.9333333333333333
2025-02-28 17:00,15.1,1.3,1.27,14.6,0.4,1.14,11.3,3.0,,13.3,2.0,1.25,13.575,1.675,1.22
2025-02-28 18:00,14.4,0.9,0.52,13.3,0.8,0.43,9.8,1.1,,11.8,1.9,0.52,12.325,1.175,0.49
2025-02-28 19:00,12.7,1.2,0.08,12.4,1.4,0.02,7.2,0.9,,9.7,1.5,0.04,10.5,1.25,0.04666666666666667
2025-02-28 20:00,12.6,0.3,,11.0,1.5,,5.8,0.1,,8.7,1.8,,9.525,0.925,0.0
2025-02-28 21:00,10.9,0.0,,9.6,0.6,,5.0,0.1,,7.7,0.0,,8.3,0.175,0.0
2025-02-28 22:00,9.9,0.5,,8.7,0.9,,4.4,0.7,,7.0,0.3,,7.5,0.5999999999999999,0.0
2025-02-28 23:00,8.7,0.4,,7.3,0.4,,4.9,0.3,,6.5,0.7,,6.85,0.45,0.0
2025-03-01 01:00,7.5,0.0,,5.6,1.1,,2.8,1.5,,5.6,0.3,,5.375,0.725,0.0
2025-03-01 02:00,6.8,0.6,,4.7,1.1,,2.6,0.1,,5.2,0.2,,4.825,0.5000000000000001,0.0
2025-03-01 03:00,6.2,0.8,,4.3,1.0,,1.7,0.2,,5.8,1.4,,4.5,0.85,0.0
2025-03-01 04:00,5.8,0.7,,4.2,1.2,,0.9,0.8,,5.9,0.0,,4.2,0.675,0.0
2025-03-01 05:00,5.7,0.1,,3.7,1.7,,0.5,0.1,,6.4,1.3,,4.075,0.8,0.0
2025-03-01 06:00,5.6,1.1,,3.9,1.4,,0.9,0.3,,7.1,2.1,,4.375,1.225,0.0
2025-03-01 07:00,7.1,2.1,,3.9,1.0,,0.6,0.6,,7.3,3.3,,4.725,1.75,0.0
2025-03-01 08:00,6.4,0.2,0.12,5.6,1.0,0.13,2.6,1.3,,7.2,1.5,0.06,5.45,1.0,0.10333333333333333
2025-03-01 09:00,8.1,1.3,0.3,8.1,1.1,0.21,4.2,0.4,,7.7,2.8,0.26,7.0249999999999995,1.4,0.25666666666666665
2025-03-01 10:00,10.6,0.9,0.96,9.6,1.3,0.19,5.3,0.8,,11.4,2.0,1.12,9.225,1.25,0.7566666666666667
2025-03-01 11:00,13.7,0.3,1.66,11.0,0.3,0.26,6.5,1.1,,13.4,2.3,1.34,11.15,1.0,1.0866666666666667
2025-03-01 12:00,14.0,0.9,0.77,9.4,1.5,0.31,7.0,1.2,,13.8,2.5,0.54,11.05,1.525,0.54
2025-03-01 13:00,13.6,1.0,0.72,11.9,0.8,0.52,7.5,3.4,,13.3,1.4,0.37,11.575,1.65,0.5366666666666666
2025-03-01 14:00,13.2,1.1,0.42,12.8,1.0,0.46,7.9,2.8,,13.3,2.2,0.33,11.8,1.7750000000000001,0.4033333333333333
2025-03-01 15:00,12.0,1.2,0.26,12.9,0.9,0.26,7.8,2.3,,13.2,2.3,0.47,11.474999999999998,1.675,0.33
2025-03-01 16:00,12.3,0.9,0.28,11.8,1.9,0.16,8.4,3.3,,13.3,2.5,0.23,11.45,2.15,0.22333333333333336
2025-03-01 17:00,12.6,0.9,0.24,10.7,0.5,0.2,9.3,1.3,,13.6,3.0,0.16,11.549999999999999,1.425,0.19999999999999998
2025-03-01 18:00,12.2,1.2,0.11,12.3,0.7,0.15,9.1,1.6,,13.6,4.1,0.05,11.8,1.9,0.10333333333333333
2025-03-01 19:00,12.1,0.7,0.07,11.9,0.9,0.01,9.2,3.1,,13.5,3.6,0.01,11.675,2.075,0.03
2025-03-01 20:00,12.2,1.2,,12.8,1.2,,9.4,1.9,,13.3,1.7,,11.925,1.5,0.0
2025-03-01 21:00,12.1,1.2,,12.7,1.0,,9.5,3.6,,13.2,2.9,,11.875,2.1750000000000003,0.0
2025-03-01 22:00,12.4,0.4,,11.4,0.6,,9.4,2.9,,13.1,2.8,,11.575000000000001,1.6749999999999998,0.0
2025-03-01 23:00,12.5,0.4,,11.6,0.8,,9.6,1.3,,13.4,2.2,,11.775,1.175,0.0
2025-03-02 00:00,12.6,0.8,,11.2,1.0,,9.3,4.7,,13.2,1.4,,11.575,1.975,0.0
2025-03-02 01:00,12.6,0.9,,11.8,0.5,,9.1,2.4,,13.3,1.6,,11.7,1.35,0.0
2025-03-02 02:00,12.4,0.4,,10.5,2.1,,9.3,2.3,,13.1,1.7,,11.325000000000001,1.625,0.0
2025-03-02 03:00,12.5,0.0,,10.4,0.2,,9.4,1.6,,13.0,1.9,,11.325,0.925,0.0
2025-03-02 04:00,12.5,0.5,,10.8,0.3,,9.6,1.4,,13.1,2.6,,11.5,1.2000000000000002,0.0
2025-03-02 05:00,12.3,0.5,,10.6,1.0,,9.6,1.7,,12.9,1.5,,11.35,1.175,0.0
2025-03-02 06:00,12.3,0.5,,10.4,0.4,,9.7,2.0,,12.6,1.7,,11.250000000000002,1.15,0.0
2025-03-02 07:00,12.5,0.0,,9.8,1.4,,10.1,1.7,,12.7,2.7,,11.274999999999999,1.45,0.0
2025-03-02 08:00,12.6,1.2,0.11,9.7,1.5,0.02,10.6,2.0,,13.2,3.2,0.08,11.524999999999999,1.975,0.07
2025-03-02 09:00,13.6,0.6,0.31,10.4,0.1,0.12,10.1,2.0,,13.6,3.8,0.18,11.925,1.625,0.20333333333333334
2025-03-02 10:00,14.8,0.7,0.51,11.9,0.5,0.35,10.2,2.4,,14.1,5.3,0.5,12.750000000000002,2.2249999999999996,0.4533333333333333
2025-03-02 11:00,16.4,1.3,0.8,15.0,1.4,1.7,11.0,2.1,,14.6,3.6,0.58,14.25,2.1,1.0266666666666666
2025-03-02 12:00,19.1,3.2,1.68,17.3,1.6,1.8,12.5,1.4,,15.4,4.0,0.93,16.075000000000003,2.5500000000000003,1.47
2025-03-02 13:00,19.2,2.6,1.8,18.9,1.4,2.02,14.6,1.9,,16.0,4.0,1.05,17.174999999999997,2.475,1.6233333333333333
2025-03-02 14:00,21.0,1.3,2.46,20.3,0.6,1.83,17.2,2.8,,16.4,3.2,0.75,18.725,1.9749999999999999,1.68
2025-03-02 15:00,19.9,4.0,1.31,21.1,2.2,1.83,17.4,5.2,,16.7,3.2,0.41,18.775,3.6500000000000004,1.1833333333333333
2025-03-02 16:00,18.7,2.5,0.52,20.0,2.7,1.3,17.2,2.6,,15.8,2.9,0.27,17.925,2.6750000000000003,0.6966666666666667
2025-03-02 17:00,16.7,3.6,0.2,18.9,1.9,0.46,15.7,3.1,,15.8,2.3,0.28,16.775,2.7249999999999996,0.31333333333333335
2025-03-02 18:00,16.6,0.7,0.14,16.1,1.6,0.05,14.6,3.8,,15.5,2.6,0.04,15.700000000000001,2.175,0.07666666666666667
2025-03-02 19:00,16.0,0.8,0.06,13.9,1.3,0.0,11.8,4.7,,14.9,5.5,0.0,14.15,3.075,0.02
2025-03-02 20:00,15.6,2.2,,13.7,2.1,,9.3,7.1,,13.5,3.6,,13.024999999999999,3.75,0.0
2025-03-02 21:00,14.8,3.8,,12.4,4.4,,8.2,4.1,,12.4,6.2,,11.950000000000001,4.625,0.0
2025-03-02 22:00,13.7,2.3,,10.5,3.6,,7.7,5.3,,12.5,3.7,,11.1,3.7249999999999996,0.0
2025-03-02 23:00,13.5,1.7,,10.0,2.1,,6.8,5.5,,12.0,8.2,,10.575,4.375,0.0
2025-03-03 00:00,12.1,1.5,,9.5,1.7,,5.6,6.2,,11.3,7.1,,9.625,4.125,0.0
2025-03-03 01:00,11.7,1.5,,8.6,2.3,,5.1,6.5,,10.8,4.6,,9.05,3.725,0.0
2025-03-03 02:00,9.8,2.0,,5.9,4.7,,4.2,8.0,,10.2,1.9,,7.525,4.1499999999999995,0.0
2025-03-03 03:00,8.9,2.7,,5.1,4.6,,3.6,7.7,,9.8,3.2,,6.8500000000000005,4.55,0.0
2025-03-03 04:00,6.9,5.0,,5.0,3.9,,4.0,5.0,,8.9,4.3,,6.2,4.55,0.0
2025-03-03 05:00,6.2,5.4,,5.6,2.7,,3.9,3.2,,8.5,4.0,,6.050000000000001,3.825,0.0
2025-03-03 06:00,5.1,6.9,,6.8,3.4,,3.7,4.2,,7.8,3.3,,5.85,4.45,0.0
2025-03-03 07:00,5.0,4.4,0.07,5.6,1.2,0.0,3.4,5.5,,7.4,4.1,,5.35,3.8000000000000003,0.023333333333333334
2025-03-03 08:00,4.9,5.5,0.08,5.2,1.9,0.02,3.1,4.8,,5.9,4.7,0.01,4.775,4.225,0.03666666666666667
2025-03-03 09:00,4.9,5.1,0.22,5.0,1.2,0.22,2.9,4.3,,6.2,2.0,0.09,4.75,3.15,0.17666666666666667
2025-03-03 10:00,5.5,5.9,0.4,6.1,2.9,0.49,3.7,4.1,,6.5,2.1,0.25,5.45,3.75,0.38000000000000006
2025-03-03 11:00,6.9,4.4,1.04,7.3,2.7,1.01,5.7,4.3,,6.6,2.7,0.3,6.625,3.5250000000000004,0.7833333333333332
2025-03-03 12:00,7.9,5.7,1.22,9.2,3.0,1.65,6.1,4.7,,7.0,3.3,0.78,7.550000000000001,4.175,1.2166666666666668
2025-03-03 13:00,8.3,3.6,1.06,9.2,4.2,2.74,6.6,3.7,,7.1,4.8,0.92,7.800000000000001,4.075,1.5733333333333335
2025-03-03 14:00,8.5,3.0,1.03,8.6,4.3,2.11,6.6,5.3,,7.3,3.9,0.75,7.750000000000001,4.125,1.2966666666666666
2025-03-03 15:00,9.0,5.8,0.72,7.9,5.3,1.12,6.1,4.8,,7.2,4.6,0.85,7.55,5.125,0.8966666666666666
2025-03-03 16:00,8.2,6.0,1.14,7.2,5.4,0.72,6.5,4.5,,7.0,3.9,0.39,7.225,4.95,0.75
2025-03-03 17:00,7.0,6.6,0.42,7.3,3.7,0.65,5.8,6.8,,6.9,4.1,0.4,6.75,5.300000000000001,0.49000000000000005
2025-03-03 18:00,6.2,6.6,0.3,6.4,4.2,0.23,5.2,4.5,,6.4,2.3,0.15,6.050000000000001,4.4,0.22666666666666668
2025-03-03 19:00,5.6,5.7,0.07,6.1,2.7,0.03,4.6,5.9,,5.7,3.9,0.0,5.499999999999999,4.55,0.03333333333333333
2025-03-03 20:00,5.1,4.5,,5.5,3.6,,4.3,5.0,,4.9,5.1,,4.949999999999999,4.55,0.0
2025-03-03 21:00,5.1,3.0,,5.3,3.8,,3.9,4.9,,4.7,3.5,,4.75,3.8,0.0
2025-03-03 22:00,4.5,4.3,,5.3,3.5,,3.8,4.1,,4.3,3.2,,4.4750000000000005,3.7749999999999995,0.0
2025-03-03 23:00,3.9,4.1,,5.4,2.1,,3.9,3.0,,4.4,3.1,,4.4,3.0749999999999997,0.0
2025-03-04 00:00,3.9,4.0,,5.1,3.0,,3.9,3.5,,4.6,4.0,,4.375,3.625,0.0
2025-03-04 01:00,3.8,4.6,,4.4,3.0,,4.0,3.3,,4.2,4.1,,4.1,3.7499999999999996,0.0
2025-03-04 02:00,2.8,3.7,,4.3,2.2,,3.7,3.4,,4.0,2.3,,3.7,2.9000000000000004,0.0
2025-03-04 03:00,2.7,4.2,,3.7,1.8,,2.8,4.6,,3.7,2.1,,3.2249999999999996,3.175,0.0
2025-03-04 04:00,2.9,5.1,,3.9,3.6,,2.6,3.6,,3.6,2.6,,3.25,3.7249999999999996,0.0
2025-03-04 05:00,3.0,4.7,,4.2,2.0,,2.6,4.3,,3.4,2.0,,3.3000000000000003,3.25,0.0
2025-03-04 06:00,3.0,4.9,,4.9,3.2,,2.7,2.4,,3.0,2.8,,3.4000000000000004,3.325,0.0
2025-03-04 07:00,2.5,4.7,0.06,4.9,4.4,0.0,2.7,3.7,,2.9,3.7,,3.2500000000000004,4.125,0.02
2025-03-04 08:00,2.5,5.3,0.11,5.1,3.2,0.03,3.1,4.8,,3.3,3.0,0.04,3.5,4.075,0.060000000000000005
2025-03-04 09:00,2.8,5.2,0.25,4.4,1.5,0.1,2.2,3.5,,3.7,2.3,0.18,3.2750000000000004,3.125,0.17666666666666667
2025-03-04 10:00,3.0,3.4,0.34,3.7,0.9,0.34,1.5,3.2,,3.3,4.7,0.33,2.875,3.05,0.33666666666666667
2025-03-04 11:00,3.6,4.2,0.65,3.5,1.1,0.43,1.8,3.5,,3.2,3.1,0.35,3.0250000000000004,2.975,0.47666666666666674
2025-03-04 12:00,3.6,2.6,0.43,3.6,1.6,0.46,2.5,3.3,,2.7,4.5,0.29,3.0999999999999996,3.0,0.3933333333333333
2025-03-04 13:00,3.4,3.3,0.64,3.6,0.8,0.24,2.3,3.4,,3.0,5.0,0.78,3.075,3.125,0.5533333333333333
2025-03-04 14:00,4.4,2.7,0.88,3.1,0.8,0.37,2.7,3.5,,4.0,4.2,0.9,3.55,2.8,0.7166666666666667
2025-03-04 15:00,6.6,5.7,2.1,4.1,2.4,0.93,3.6,3.2,,5.5,3.7,1.48,4.949999999999999,3.75,1.5033333333333332
2025-03-04 16:00,6.6,3.3,1.75,5.7,1.1,1.72,5.1,4.1,,6.4,2.8,1.07,5.949999999999999,2.825,1.5133333333333334
2025-03-04 17:00,6.5,4.7,0.78,7.0,0.5,1.06,5.5,2.4,,6.3,2.5,0.72,6.325,2.525,0.8533333333333334
2025-03-04 18:00,6.1,3.4,0.29,6.5,2.2,0.33,4.9,2.9,,6.0,2.5,0.25,5.875,2.75,0.29
2025-03-04 19:00,5.9,3.1,0.08,6.2,2.7,0.03,4.7,2.5,,5.9,2.7,0.01,5.675000000000001,2.75,0.04
2025-03-04 20:00,5.3,3.4,,5.8,3.2,,4.4,2.8,,5.5,2.6,,5.25,2.9999999999999996,0.0
2025-03-04 21:00,4.7,2.8,,4.7,1.0,,4.2,3.3,,5.2,3.4,,4.7,2.625,0.0
2025-03-04 22:00,4.7,3.9,,4.3,1.2,,4.0,2.5,,4.9,1.9,,4.475,2.375,0.0
2025-03-04 23:00,4.5,2.5,,4.7,0.0,,3.9,2.4,,4.8,0.9,,4.475,1.4500000000000002,0.0
2025-03-05 00:00,4.7,0.3,,4.3,0.7,,3.9,2.7,,4.8,1.2,,4.425,1.225,0.0
2025-03-05 01:00,5.2,0.6,,4.4,0.4,,3.9,2.0,,4.7,1.4,,4.550000000000001,1.1,0.0
2025-03-05 02:00,4.3,0.6,,4.0,0.3,,4.2,2.5,,5.0,2.1,,4.375,1.375,0.0
2025-03-05 03:00,4.9,0.8,,4.0,0.2,,3.9,2.2,,4.9,1.3,,4.425000000000001,1.125,0.0
2025-03-05 04:00,4.9,1.6,,4.2,0.8,,3.8,1.9,,4.8,1.1,,4.425000000000001,1.35,0.0
2025-03-05 05:00,4.7,0.8,,4.1,1.0,,3.7,2.0,,4.9,1.7,,4.35,1.375,0.0
2025-03-05 06:00,4.4,2.1,,4.2,1.6,,3.7,1.9,,4.9,0.6,,4.300000000000001,1.5499999999999998,0.0
2025-03-05 07:00,3.9,1.5,0.07,4.1,1.7,0.0,3.6,1.0,,4.7,1.0,0.0,4.075,1.3,0.023333333333333334
2025-03-05 08:00,4.4,1.3,0.13,4.3,1.8,0.03,3.6,1.0,,4.8,0.5,0.06,4.2749999999999995,1.15,0.07333333333333333
2025-03-05 09:00,4.7,1.5,0.26,4.6,0.6,0.18,4.0,0.8,,5.0,1.0,0.16,4.575,0.9750000000000001,0.19999999999999998
2025-03-05 10:00,5.7,1.3,0.81,5.4,0.3,0.34,4.2,1.6,,5.4,2.5,0.42,5.175000000000001,1.425,0.5233333333333333
2025-03-05 11:00,6.4,1.2,0.86,5.7,0.4,0.39,5.0,1.3,,6.0,2.1,0.9,5.775,1.25,0.7166666666666667
2025-03-05 12:00,7.4,1.3,1.33,6.2,0.5,0.57,4.8,2.3,,6.3,2.5,1.0,6.175000000000001,1.65,0.9666666666666667
2025-03-05 13:00,7.7,0.2,0.93,7.0,2.0,0.83,5.6,2.2,,6.8,3.3,1.39,6.7749999999999995,1.925,1.05
2025-03-05 14:00,7.7,1.6,0.77,7.3,1.3,1.06,6.4,3.1,,6.4,4.3,1.1,6.949999999999999,2.575,0.9766666666666667
2025-03-05 15:00,7.6,1.1,0.37,7.4,2.0,0.64,6.8,2.2,,6.6,3.6,0.95,7.1,2.225,0.6533333333333333
2025-03-05 16:00,7.2,0.8,0.25,7.1,2.2,0.25,6.0,2.7,,5.9,4.0,0.64,6.550000000000001,2.425,0.38000000000000006
2025-03-05 17:00,7.0,1.1,0.21,6.5,0.8,0.12,5.9,2.0,,5.2,3.4,0.21,6.1499999999999995,1.8250000000000002,0.17999999999999997
2025-03-05 18:00,6.7,0.9,0.14,6.6,1.7,0.04,5.6,1.7,,4.7,4.5,0.09,5.8999999999999995,2.2,0.09000000000000001
2025-03-05 19:00,6.4,0.8,0.07,6.2,1.6,0.0,5.5,0.8,,4.6,5.1,0.01,5.675000000000001,2.075,0.02666666666666667
2025-03-05 20:00,6.2,0.8,,6.1,1.0,,5.3,0.0,,4.5,4.5,,5.525,1.575,0.0
2025-03-05 21:00,6.1,0.7,,5.9,1.2,,5.2,1.9,,4.6,4.3,,5.449999999999999,2.025,0.0
2025-03-05 22:00,5.9,1.3,,5.9,0.7,,5.3,1.4,,4.7,4.6,,5.45,2.0,0.0
2025-03-05 23:00,5.7,0.0,,5.8,0.8,,5.2,0.9,,4.4,4.5,,5.275,1.55,0.0
2025-03-06 00:00,5.6,0.9,,5.9,1.4,,4.7,1.8,,4.4,5.6,,5.15,2.425,0.0
2025-03-06 01:00,5.3,1.6,,5.3,2.2,,3.5,1.8,,4.5,6.8,,4.65,3.1,0.0
2025-03-06 02:00,5.1,1.5,,4.6,1.9,,2.5,0.3,,4.2,6.4,,4.1,2.525,0.0
2025-03-06 03:00,4.9,0.8,,4.2,1.8,,1.5,1.0,,4.1,6.8,,3.6750000000000003,2.6,0.0
2025-03-06 04:00,4.5,1.7,,4.0,1.5,,1.7,0.9,,4.0,5.3,,3.55,2.35,0.0
2025-03-06 05:00,4.0,1.3,,3.8,1.1,,1.6,0.5,,4.0,5.7,,3.35,2.1500000000000004,0.0
2025-03-06 06:00,3.7,0.9,,3.8,1.2,,0.6,0.7,,4.0,5.0,,3.025,1.95,0.0
2025-03-06 07:00,3.7,0.3,0.06,3.2,1.0,0.01,-0.2,0.5,,3.8,6.4,0.0,2.625,2.0500000000000003,0.02333333333333333
2025-03-06 08:00,4.0,0.1,0.2,3.2,1.9,0.13,0.0,1.4,,3.7,6.4,0.14,2.725,2.45,0.15666666666666668
2025-03-06 09:00,5.0,0.7,0.86,4.0,1.6,0.57,2.5,2.0,,4.5,5.8,0.64,4.0,2.525,0.69
2025-03-06 10:00,6.5,0.8,1.58,5.4,0.7,1.42,4.7,1.5,,5.1,6.6,1.59,5.425000000000001,2.4,1.53
2025-03-06 11:00,7.7,1.5,2.39,7.3,1.7,2.12,5.9,3.2,,6.3,5.8,2.24,6.8,3.05,2.25
2025-03-06 12:00,9.4,2.1,2.84,7.6,2.8,2.5,6.5,5.0,,6.7,5.9,2.52,7.55,3.95,2.6199999999999997
2025-03-06 13:00,8.8,2.7,2.05,9.2,2.4,2.01,6.6,6.7,,7.2,6.8,2.69,7.95,4.65,2.25
2025-03-06 14:00,9.1,3.2,2.04,8.4,4.1,1.44,7.5,6.3,,7.7,7.8,2.62,8.175,5.35,2.033333333333333
2025-03-06 15:00,10.0,1.9,2.63,8.4,3.4,1.26,7.4,6.5,,7.2,8.9,2.62,8.25,5.175000000000001,2.17
2025-03-06 16:00,8.9,2.5,1.99,8.8,4.7,1.14,7.3,6.9,,6.6,8.6,2.04,7.9,5.675000000000001,1.7233333333333334
2025-03-06 17:00,7.7,2.6,1.23,7.7,4.7,0.86,6.8,6.7,,5.9,8.1,1.37,7.025,5.525,1.1533333333333333
2025-03-06 18:00,6.8,2.1,0.55,6.9,3.2,0.51,5.4,5.8,,5.1,6.1,0.59,6.050000000000001,4.300000000000001,0.5499999999999999
2025-03-06 19:00,5.9,1.6,0.11,5.2,2.4,0.04,4.3,4.7,,4.3,6.9,0.06,4.925000000000001,3.9,0.06999999999999999
2025-03-06 20:00,4.9,1.1,,4.4,2.2,,3.6,3.3,,3.9,5.0,,4.2,2.9,0.0
2025-03-06 21:00,4.3,1.1,,4.1,1.8,,3.0,3.3,,3.7,4.4,,3.7749999999999995,2.6500000000000004,0.0
2025-03-06 22:00,3.5,0.8,,3.5,1.8,,2.4,2.2,,3.7,5.9,,3.2750000000000004,2.6750000000000003,0.0
2025-03-06 23:00,3.2,0.4,,3.0,0.8,,1.2,1.2,,3.3,4.4,,2.675,1.7000000000000002,0.0
2025-03-07 00:00,2.6,1.2,,2.0,0.9,,0.4,1.4,,2.5,2.8,,1.875,1.575,0.0
2025-03-07 01:00,1.8,1.9,,1.9,0.5,,-0.2,2.3,,2.0,2.2,,1.375,1.7249999999999999,0.0
2025-03-07 02:00,2.1,0.6,,1.4,0.5,,-0.6,2.1,,1.5,0.0,,1.1,0.8,0.0
2025-03-07 03:00,1.0,0.9,,0.4,1.6,,-0.8,0.7,,1.5,2.5,,0.5249999999999999,1.425,0.0
2025-03-07 04:00,0.6,0.7,,0.1,0.9,,-1.4,0.4,,1.2,1.9,,0.125,0.975,0.0
2025-03-07 05:00,0.0,0.5,,-0.4,0.9,,-2.1,1.1,,0.6,2.7,,-0.475,1.3,0.0
2025-03-07 06:00,-0.4,0.4,,-0.3,1.3,,-1.8,2.0,,0.5,1.9,,-0.5,1.4,0.0
2025-03-07 07:00,-0.2,0.1,0.06,-0.7,1.3,0.0,-2.2,1.5,,1.2,2.6,0.0,-0.47500000000000003,1.375,0.02
2025-03-07 08:00,0.6,0.2,0.3,0.7,0.7,0.22,-1.2,1.4,,1.1,1.8,0.22,0.3,1.025,0.24666666666666667
2025-03-07 09:00,2.4,0.8,1.04,2.8,0.5,0.81,1.8,1.1,,3.2,0.8,0.94,2.55,0.8,0.93
2025-03-07 10:00,5.3,0.8,1.8,5.3,0.7,1.52,4.9,2.7,,5.3,1.9,1.63,5.2,1.525,1.6500000000000001
2025-03-07 11:00,7.4,1.2,2.25,7.1,1.0,2.07,5.8,2.5,,7.9,1.1,2.16,7.050000000000001,1.4500000000000002,2.16
2025-03-07 12:00,9.3,1.9,2.61,10.1,1.2,2.08,7.4,2.6,,9.4,3.5,2.68,9.049999999999999,2.3,2.4566666666666666
2025-03-07 13:00,12.1,2.1,2.8,10.8,3.2,2.5,9.4,2.2,,10.4,3.7,2.78,10.674999999999999,2.8000000000000003,2.6933333333333334
2025-03-07 14:00,11.7,2.6,2.5,11.2,2.0,2.65,10.1,3.0,,11.1,3.8,2.63,11.025,2.8499999999999996,2.5933333333333333
2025-03-07 15:00,12.6,1.6,2.25,11.7,2.6,2.1,8.1,5.0,,10.3,3.7,2.25,10.675,3.2249999999999996,2.1999999999999997
2025-03-07 16:00,11.7,1.9,1.52,10.2,3.9,1.62,7.6,4.0,,9.9,2.1,1.41,9.85,2.975,1.5166666666666666
2025-03-07 17:00,10.9,2.6,0.79,9.2,2.5,0.85,7.4,3.7,,9.3,3.0,1.03,9.2,2.95,0.89
2025-03-07 18:00,9.7,2.3,0.34,7.6,3.4,0.3,6.5,2.8,,7.2,3.2,0.44,7.749999999999999,2.925,0.36000000000000004
2025-03-07 19:00,8.0,1.5,0.08,6.6,1.8,0.03,5.6,1.5,,5.7,3.4,0.05,6.475,2.05,0.05333333333333334
2025-03-07 20:00,7.0,1.0,,6.2,1.0,,4.7,1.0,,5.5,3.4,,5.85,1.6,0.0
2025-03-07 21:00,6.6,0.1,,6.0,0.9,,4.1,0.1,,5.1,1.4,,5.449999999999999,0.625,0.0
2025-03-07 22:00,6.5,0.1,,6.0,0.8,,3.4,1.4,,5.1,1.9,,5.25,1.0499999999999998,0.0
2025-03-07 23:00,6.5,0.5,,5.6,0.7,,2.9,1.5,,4.8,1.3,,4.95,1.0,0.0
2025-03-08 00:00,6.1,0.6,,5.8,0.4,,2.6,1.4,,4.6,2.2,,4.7749999999999995,1.15,0.0
2025-03-08 01:00,4.9,0.6,,5.2,1.2,,2.8,0.9,,4.2,0.3,,4.275,0.7499999999999999,0.0
2025-03-08 02:00,5.1,0.5,,5.5,1.3,,2.3,0.1,,4.0,0.7,,4.225,0.65,0.0
2025-03-08 03:00,4.8,0.1,,6.3,1.6,,2.0,0.1,,4.2,1.8,,4.325,0.9000000000000001,0.0
2025-03-08 04:00,4.4,0.6,,6.2,1.1,,2.0,1.3,,4.1,2.8,,4.175000000000001,1.45,0.0
2025-03-08 05:00,4.6,0.5,,6.4,0.5,,1.8,0.4,,4.2,1.3,,4.25,0.675,0.0
2025-03-08 06:00,4.8,0.5,,4.5,1.7,,1.6,0.3,,4.5,2.1,,3.85,1.15,0.0
2025-03-08 07:00,4.1,0.2,0.06,4.5,0.4,0.0,1.5,0.4,,5.1,1.1,0.0,3.8,0.525,0.02
2025-03-08 08:00,4.9,0.8,0.25,4.6,0.0,0.13,2.0,0.1,,5.4,1.2,0.17,4.225,0.525,0.18333333333333335
2025-03-08 09:00,6.5,1.2,0.7,6.3,0.0,0.47,4.0,0.5,,5.5,2.8,0.22,5.575,1.125,0.4633333333333333
2025-03-08 10:00,6.3,1.0,0.59,7.3,0.9,0.82,5.5,1.0,,5.7,2.6,0.47,6.2,1.375,0.6266666666666666
2025-03-08 11:00,8.4,0.9,1.33,7.9,1.9,0.98,5.6,0.7,,6.1,3.7,0.72,7.0,1.8,1.01
2025-03-08 12:00,9.2,1.0,2.15,7.3,1.1,0.93,7.1,0.7,,6.3,3.8,0.74,7.4750000000000005,1.65,1.2733333333333334
2025-03-08 13:00,9.6,2.1,1.86,7.7,1.8,0.95,8.2,2.5,,6.4,3.3,0.83,7.975,2.425,1.2133333333333334
2025-03-08 14:00,9.3,2.4,1.21,8.6,0.3,1.79,8.1,2.1,,6.2,2.5,0.54,8.05,1.825,1.18
2025-03-08 15:00,10.1,2.2,1.05,9.9,2.8,1.66,8.6,4.0,,6.7,2.2,0.8,8.825000000000001,2.8,1.17
2025-03-08 16:00,10.5,3.1,1.74,9.5,2.6,1.2,8.6,4.8,,7.4,1.9,0.79,9.0,3.1,1.2433333333333334
2025-03-08 17:00,9.6,1.1,0.65,9.5,3.3,0.83,7.9,4.1,,8.1,1.4,0.8,8.775,2.475,0.7600000000000001
2025-03-08 18:00,9.0,2.3,0.41,8.1,3.5,0.47,6.5,4.3,,7.6,2.0,0.67,7.800000000000001,3.025,0.5166666666666666
2025-03-08 19:00,8.0,2.0,0.1,6.5,2.5,0.04,5.5,3.5,,6.5,0.7,0.07,6.625,2.175,0.07
2025-03-08 20:00,6.7,1.1,,5.8,1.7,,4.7,2.8,,5.3,3.0,,5.625,2.15,0.0
2025-03-08 21:00,5.8,0.6,,5.5,0.2,,4.0,1.0,,4.6,2.9,,4.975,1.175,0.0
2025-03-08 22:00,5.3,1.1,,5.1,1.1,,3.3,0.5,,4.5,3.7,,4.55,1.6,0.0
2025-03-08 23:00,4.5,0.5,,4.1,1.1,,3.0,0.9,,3.5,3.2,,3.775,1.425,0.0
2025-03-09 00:00,3.8,2.1,,3.5,1.0,,2.2,0.3,,3.5,2.4,,3.25,1.45,0.0
2025-03-09 01:00,3.3,1.6,,2.6,1.3,,1.4,0.0,,3.0,0.2,,2.575,0.7750000000000001,0.0
2025-03-09 02:00,3.3,1.0,,1.8,1.2,,0.6,0.8,,3.0,1.4,,2.175,1.1,0.0
2025-03-09 03:00,3.3,1.2,,1.6,1.1,,0.3,0.4,,2.6,2.2,,1.9500000000000002,1.225,0.0
2025-03-09 04:00,2.4,0.3,,1.0,1.1,,0.0,0.1,,2.1,0.2,,1.375,0.42500000000000004,0.0
2025-03-09 05:00,2.3,0.7,,0.9,1.1,,-0.4,0.6,,1.6,1.1,,1.1,0.875,0.0
2025-03-09 06:00,1.5,0.0,,0.6,0.8,,-1.0,0.3,,1.6,1.8,,0.675,0.7250000000000001,0.0
2025-03-09 07:00,1.0,0.6,0.06,0.7,1.1,0.0,-0.7,0.0,,1.6,3.0,0.0,0.65,1.175,0.02
2025-03-09 08:00,1.9,0.1,0.3,1.5,1.0,0.23,-0.2,0.2,,2.8,2.4,0.2,1.5,0.925,0.24333333333333332
2025-03-09 09:00,4.7,1.7,0.94,4.0,0.5,0.86,2.2,0.6,,4.1,1.0,0.83,3.7499999999999996,0.9500000000000001,0.8766666666666666
2025-03-09 10:00,7.0,1.3,1.71,7.1,0.5,1.55,4.9,1.3,,6.3,2.8,1.58,6.325,1.475,1.6133333333333333
2025-03-09 11:00,9.6,2.1,2.36,8.4,1.1,2.18,7.3,3.1,,7.9,3.8,2.24,8.3,2.5250000000000004,2.2600000000000002
2025-03-09 12:00,11.7,1.4,2.81,11.1,1.9,2.62,9.7,2.2,,9.3,3.4,2.72,10.45,2.225,2.716666666666667
2025-03-09 13:00,12.2,1.0,2.98,11.2,2.6,2.82,11.2,2.5,,10.8,4.8,2.92,11.349999999999998,2.7249999999999996,2.9066666666666663
2025-03-09 14:00,13.4,1.4,2.9,12.8,2.8,2.72,9.9,4.2,,11.0,4.6,2.85,11.775,3.2499999999999996,2.8233333333333337
2025-03-09 15:00,13.9,1.9,2.58,13.0,2.4,2.38,9.9,3.1,,11.1,5.3,2.53,11.975,3.175,2.4966666666666666
2025-03-09 16:00,14.4,1.2,2.04,13.2,2.9,1.92,9.9,3.7,,10.7,5.4,2.02,12.05,3.3,1.9933333333333334
2025-03-09 17:00,13.8,1.7,1.33,12.9,2.3,1.24,9.2,3.1,,9.9,5.7,1.33,11.450000000000001,3.2,1.3
2025-03-09 18:00,12.9,0.7,0.59,11.5,2.6,0.52,7.2,3.5,,9.3,3.3,0.59,10.225,2.525,0.5666666666666665
2025-03-09 19:00,11.2,1.1,0.1,9.1,2.4,0.05,6.1,2.5,,7.8,3.0,0.07,8.549999999999999,2.25,0.07333333333333335
2025-03-09 20:00,9.7,1.3,,8.4,0.4,,5.2,0.8,,6.7,1.7,,7.5,1.05,0.0
2025-03-09 21:00,9.3,2.4,,7.7,0.9,,4.5,0.1,,5.9,0.5,,6.85,0.975,0.0
2025-03-09 22:00,8.3,0.9,,7.0,0.5,,4.1,1.8,,5.5,2.3,,6.225,1.375,0.0
2025-03-09 23:00,8.1,0.9,,6.2,0.7,,3.1,2.4,,5.3,0.7,,5.675000000000001,1.175,0.0
2025-03-10 00:00,6.7,0.0,,5.6,0.6,,2.6,2.3,,4.8,0.1,,4.925,0.75,0.0
2025-03-10 01:00,6.0,0.0,,5.1,0.3,,2.5,1.3,,4.4,1.7,,4.5,0.825,0.0
2025-03-10 02:00,5.5,0.0,,4.8,0.7,,2.6,0.9,,4.4,0.2,,4.325,0.45,0.0
2025-03-10 03:00,4.8,0.0,,4.5,0.5,,2.1,0.7,,4.5,2.6,,3.975,0.95,0.0
2025-03-10 04:00,4.4,0.0,,4.5,1.5,,1.6,0.1,,4.5,3.5,,3.75,1.275,0.0
2025-03-10 05:00,3.7,0.0,,3.6,1.4,,1.1,0.0,,3.6,1.6,,3.0,0.75,0.0
2025-03-10 06:00,3.6,0.6,,3.5,1.7,,0.4,0.6,,3.6,2.1,,2.775,1.25,0.0
2025-03-10 07:00,3.6,0.8,0.06,3.2,1.7,0.0,0.1,0.5,,2.8,1.5,0.0,2.425,1.125,0.02
2025-03-10 08:00,3.6,0.3,0.3,4.5,1.2,0.24,1.0,0.2,,3.6,0.5,0.24,3.175,0.55,0.26
2025-03-10 09:00,6.5,0.2,1.02,7.1,0.8,0.88,4.4,0.6,,6.3,0.5,0.9,6.075,0.525,0.9333333333333332
2025-03-10 10:00,9.8,0.8,1.68,10.4,0.7,1.49,7.7,0.7,,9.2,1.5,1.26,9.275,0.925,1.4766666666666666
2025-03-10 11:00,12.4,1.8,2.38,12.1,0.7,2.07,11.9,2.2,,10.9,3.6,1.6,11.825,2.075,2.016666666666666
2025-03-10 12:00,12.5,0.4,2.19,12.7,1.0,2.0,12.1,2.3,,12.6,4.2,2.34,12.475,1.975,2.1766666666666663
2025-03-10 13:00,14.1,0.8,2.27,14.4,1.5,2.29,13.3,2.8,,13.0,3.0,2.2,13.7,2.025,2.2533333333333334
2025-03-10 14:00,13.4,0.7,1.37,13.8,2.7,1.43,13.4,3.6,,12.4,2.7,1.06,13.25,2.425,1.2866666666666666
2025-03-10 15:00,14.0,0.7,0.9,15.1,2.2,1.89,12.9,4.7,,12.6,3.5,1.18,13.65,2.7750000000000004,1.3233333333333333
2025-03-10 16:00,14.1,2.1,1.52,14.6,3.2,1.77,12.3,5.1,,12.4,1.1,0.77,13.35,2.875,1.3533333333333335
2025-03-10 17:00,13.5,1.7,0.8,13.9,2.5,1.19,11.0,4.6,,12.9,1.9,1.03,12.825,2.6750000000000003,1.0066666666666666
2025-03-10 18:00,12.6,1.9,0.61,11.8,2.9,0.5,9.7,3.3,,11.5,1.7,0.48,11.399999999999999,2.4499999999999997,0.5299999999999999
2025-03-10 19:00,11.4,0.9,0.11,10.1,1.5,0.05,8.4,2.1,,10.2,1.1,0.07,10.024999999999999,1.4,0.07666666666666667
2025-03-10 20:00,10.5,0.8,,9.3,1.4,,6.9,0.2,,9.2,1.5,,8.975000000000001,0.9750000000000001,0.0
2025-03-10 21:00,9.6,0.2,,9.0,1.0,,5.9,0.2,,8.8,2.0,,8.325,0.85,0.0
2025-03-10 22:00,8.4,0.3,,7.8,1.2,,5.7,0.0,,8.1,1.8,,7.5,0.825,0.0
2025-03-10 23:00,7.7,0.0,,6.7,1.2,,4.2,0.5,,7.0,0.8,,6.4,0.625,0.0
2025-03-11 00:00,7.0,0.6,,6.0,1.2,,3.4,0.0,,6.0,1.5,,5.6,0.825,0.0
2025-03-11 01:00,6.3,0.7,,5.4,0.7,,2.3,0.0,,5.6,2.1,,4.9,0.875,0.0
2025-03-11 02:00,5.8,0.0,,4.5,1.7,,2.1,0.9,,5.1,1.7,,4.375,1.075,0.0
2025-03-11 03:00,4.8,0.5,,4.1,1.7,,2.1,0.3,,5.0,0.9,,3.9999999999999996,0.85,0.0
2025-03-11 04:00,4.4,0.0,,3.6,1.4,,2.0,0.3,,4.5,0.0,,3.625,0.425,0.0
2025-03-11 05:00,3.6,0.1,,3.5,1.4,,1.8,0.5,,4.2,0.9,,3.2750000000000004,0.725,0.0
2025-03-11 06:00,3.4,0.1,,2.7,1.5,,1.5,0.3,,4.8,2.6,,3.0999999999999996,1.125,0.0
2025-03-11 07:00,3.1,0.8,0.06,2.9,1.7,0.0,1.0,0.4,,4.7,2.1,0.0,2.925,1.25,0.02
2025-03-11 08:00,4.0,0.5,0.36,4.4,1.1,0.27,2.5,1.3,,5.2,0.5,0.27,4.025,0.8500000000000001,0.3
2025-03-11 09:00,7.0,0.7,1.12,7.3,0.2,0.9,6.4,1.3,,7.8,0.6,1.03,7.125000000000001,0.7000000000000001,1.0166666666666666
2025-03-11 10:00,9.8,0.8,1.87,10.4,0.8,1.6,9.6,1.3,,9.6,1.1,1.73,9.850000000000001,1.0,1.7333333333333334
2025-03-11 11:00,13.1,1.8,2.49,12.5,1.9,2.23,11.1,3.0,,11.5,2.7,2.37,12.05,2.35,2.3633333333333337
2025-03-11 12:00,14.7,1.1,2.91,13.7,1.3,2.65,13.0,2.8,,12.7,3.0,2.74,13.524999999999999,2.05,2.766666666666667
2025-03-11 13:00,15.6,1.3,3.05,15.0,1.7,2.83,14.6,2.7,,14.4,3.0,3.04,14.9,2.175,2.973333333333333
2025-03-11 14:00,16.8,1.4,2.99,17.1,0.8,2.77,14.8,3.2,,15.2,2.4,2.98,15.975000000000001,1.9500000000000002,2.9133333333333336
2025-03-11 15:00,17.9,1.4,2.66,16.8,2.0,2.46,14.5,2.9,,15.0,2.6,2.68,16.05,2.225,2.6
2025-03-11 16:00,17.8,0.8,2.09,17.2,1.9,1.95,13.3,3.0,,15.8,2.7,2.15,16.025,2.1,2.063333333333333
2025-03-11 17:00,18.1,1.6,1.37,16.5,2.7,1.28,12.5,3.1,,15.6,2.0,1.45,15.675,2.35,1.366666666666667
2025-03-11 18:00,16.9,1.7,0.61,15.8,0.8,0.55,11.6,3.0,,14.1,1.5,0.66,14.600000000000001,1.75,0.6066666666666668
2025-03-11 19:00,14.2,2.4,0.1,12.3,2.0,0.04,9.4,0.4,,10.6,2.8,0.05,11.625,1.9000000000000001,0.06333333333333334
2025-03-11 20:00,12.0,1.9,,10.5,1.0,,7.9,2.0,,8.8,3.0,,9.8,1.975,0.0
2025-03-11 21:00,10.8,1.0,,9.7,1.8,,6.9,1.5,,8.2,3.1,,8.899999999999999,1.85,0.0
2025-03-11 22:00,11.1,0.9,,9.6,0.7,,6.4,2.5,,7.3,2.6,,8.6,1.6749999999999998,0.0
2025-03-11 23:00,10.3,0.9,,9.6,0.5,,5.9,2.8,,7.0,2.3,,8.2,1.6249999999999998,0.0
2025-03-12 00:00,9.0,1.6,,8.9,0.8,,5.7,2.6,,7.2,1.3,,7.699999999999999,1.575,0.0
2025-03-12 01:00,9.1,0.4,,8.4,1.0,,4.8,2.7,,6.7,2.3,,7.25,1.5999999999999999,0.0
2025-03-12 02:00,7.8,0.9,,8.8,0.5,,4.3,0.7,,6.1,0.6,,6.75,0.6749999999999999,0.0
2025-03-12 03:00,8.0,0.5,,6.4,0.5,,3.3,2.0,,5.9,0.7,,5.9,0.925,0.0
2025-03-12 04:00,6.9,0.8,,6.1,0.5,,4.1,0.5,,5.5,1.4,,5.65,0.8,0.0
2025-03-12 05:00,6.2,0.9,,6.2,1.2,,4.5,0.1,,5.4,1.6,,5.574999999999999,0.9500000000000001,0.0
2025-03-12 06:00,6.0,0.1,,6.0,1.0,,3.7,1.5,,5.0,0.0,,5.175,0.65,0.0
2025-03-12 07:00,5.5,0.7,0.07,5.5,1.0,0.0,3.6,2.1,,4.8,0.6,0.0,4.85,1.0999999999999999,0.023333333333333334
2025-03-12 08:00,6.2,0.2,0.35,6.6,1.3,0.24,4.4,0.1,,6.2,1.9,0.22,5.8500000000000005,0.875,0.26999999999999996
2025-03-12 09:00,8.7,0.8,1.02,9.0,0.3,0.82,5.8,0.2,,7.1,0.8,0.34,7.65,0.525,0.7266666666666666
2025-03-12 10:00,9.8,0.9,1.11,10.0,0.9,0.72,7.0,0.4,,7.8,1.2,0.31,8.65,0.8500000000000001,0.7133333333333334
2025-03-12 11:00,10.3,0.7,0.52,11.1,0.4,0.64,8.9,1.4,,9.3,0.3,0.6,9.899999999999999,0.7,0.5866666666666668
2025-03-12 12:00,11.3,0.9,0.85,12.6,1.7,0.81,10.9,1.9,,10.7,0.8,0.91,11.375,1.325,0.8566666666666668
2025-03-12 13:00,14.3,0.5,1.76,13.3,1.8,1.26,11.8,2.7,,12.2,2.0,1.32,12.900000000000002,1.75,1.4466666666666665
2025-03-12 14:00,15.3,1.2,2.47,13.8,1.7,1.4,13.0,2.1,,12.7,1.8,1.45,13.7,1.7,1.7733333333333334
2025-03-12 15:00,17.4,1.9,2.45,15.4,2.2,1.92,13.1,3.4,,13.1,1.5,1.16,14.75,2.25,1.8433333333333335
2025-03-12 16:00,16.8,1.6,1.81,15.1,2.7,2.01,12.4,2.5,,13.6,2.3,1.78,14.475,2.2750000000000004,1.8666666666666665
2025-03-12 17:00,15.5,1.9,0.91,14.8,2.4,1.08,10.8,5.7,,12.9,3.0,1.04,13.5,3.25,1.01
2025-03-12 18:00,14.5,1.1,0.54,13.3,2.6,0.41,9.3,4.1,,11.1,3.6,0.39,12.05,2.85,0.4466666666666666
2025-03-12 19:00,12.8,1.8,0.1,10.7,2.8,0.04,8.0,3.6,,9.6,3.1,0.05,10.275,2.8249999999999997,0.06333333333333334
2025-03-12 20:00,10.6,2.0,,10.0,3.4,,7.9,3.6,,8.9,5.7,,9.35,3.675,0.0
2025-03-12 21:00,9.4,1.7,,9.2,1.6,,7.8,3.0,,7.8,5.1,,8.55,2.8499999999999996,0.0
2025-03-12 22:00,8.9,0.4,,9.0,0.8,,7.5,0.7,,7.8,4.1,,8.299999999999999,1.5,0.0
2025-03-12 23:00,9.3,1.5,,8.6,0.2,,7.3,2.0,,8.1,4.2,,8.325,1.975,0.0
2025-03-13 00:00,8.5,2.2,,7.9,1.3,,6.5,0.1,,7.8,3.9,,7.675,1.875,0.0
2025-03-13 01:00,8.2,1.2,,7.5,1.7,,5.3,0.7,,7.4,4.8,,7.1,2.0999999999999996,0.0
2025-03-13 02:00,7.6,1.3,,7.2,0.1,,4.7,0.8,,6.8,5.1,,6.575,1.825,0.0
2025-03-13 03:00,7.8,3.6,,6.5,1.0,,4.3,1.8,,6.4,2.8,,6.25,2.3,0.0
2025-03-13 04:00,7.4,1.0,,5.8,1.2,,4.1,0.7,,6.2,2.5,,5.874999999999999,1.35,0.0
2025-03-13 05:00,7.5,1.2,,5.9,0.3,,2.9,1.1,,6.3,3.0,,5.65,1.4,0.0
2025-03-13 06:00,7.8,2.7,,5.7,0.4,,3.0,1.0,,6.4,3.2,,5.725,1.825,0.0
2025-03-13 07:00,8.4,2.6,0.07,5.7,0.2,0.0,3.8,1.0,,6.2,2.4,0.0,6.025,1.55,0.023333333333333334
2025-03-13 08:00,9.3,3.3,0.2,6.2,0.2,0.17,5.3,1.4,,6.5,0.5,0.11,6.825,1.35,0.16
2025-03-13 09:00,11.6,3.1,0.82,8.9,0.1,0.74,6.8,1.6,,8.4,2.7,0.72,8.925,1.8750000000000002,0.7600000000000001
2025-03-13 10:00,12.7,5.9,1.26,10.9,2.2,1.27,8.7,1.7,,9.9,2.1,0.95,10.549999999999999,2.975,1.1600000000000001
2025-03-13 11:00,13.6,4.2,1.16,13.0,4.6,1.32,11.3,1.9,,11.3,4.1,1.2,12.3,3.7,1.2266666666666666
2025-03-13 12:00,15.8,2.1,2.11,14.0,3.6,1.68,13.0,2.5,,12.4,6.5,1.7,13.799999999999999,3.675,1.83
2025-03-13 13:00,16.6,3.5,2.32,14.6,5.4,1.95,14.3,2.9,,12.8,8.7,2.41,14.575,5.125,2.2266666666666666
2025-03-13 14:00,17.8,3.6,2.83,15.5,4.4,2.62,16.0,3.2,,13.8,8.4,2.7,15.774999999999999,4.9,2.716666666666667
2025-03-13 15:00,18.2,4.3,2.62,16.3,2.5,2.42,16.1,5.4,,13.8,7.7,2.38,16.1,4.975,2.473333333333333
2025-03-13 16:00,17.9,3.7,2.22,17.1,2.4,2.04,15.9,6.2,,13.7,6.2,2.22,16.15,4.625,2.16
2025-03-13 17:00,17.4,3.9,1.52,16.3,3.6,1.36,15.9,3.5,,11.8,5.5,1.5,15.350000000000001,4.125,1.46
2025-03-13 18:00,16.1,2.9,0.71,15.8,2.5,0.58,15.0,1.5,,10.5,6.8,0.72,14.350000000000001,3.425,0.6699999999999999
2025-03-13 19:00,14.1,1.9,0.11,13.5,2.6,0.05,11.1,1.5,,9.2,5.4,0.08,11.975000000000001,2.85,0.08
2025-03-13 20:00,12.9,0.9,,12.2,1.7,,11.2,3.3,,8.4,3.1,,11.174999999999999,2.25,0.0
2025-03-13 21:00,12.5,1.0,,11.6,1.4,,10.8,3.2,,8.2,2.8,,10.775000000000002,2.0999999999999996,0.0
2025-03-13 22:00,11.8,2.2,,11.0,1.5,,10.1,2.0,,8.2,1.8,,10.274999999999999,1.875,0.0
2025-03-13 23:00,11.0,0.7,,10.1,0.7,,9.6,1.2,,7.2,1.9,,9.475000000000001,1.125,0.0
2025-03-14 00:00,10.0,0.1,,9.8,0.2,,9.3,2.3,,6.7,1.4,,8.950000000000001,0.9999999999999999,0.0
2025-03-14 01:00,9.8,0.7,,9.3,0.3,,9.2,1.9,,6.7,1.1,,8.75,1.0,0.0
2025-03-14 02:00,9.5,0.4,,8.2,1.3,,8.7,1.3,,6.5,2.7,,8.225,1.425,0.0
2025-03-14 03:00,8.5,1.1,,7.3,1.5,,7.9,0.9,,6.2,2.4,,7.4750000000000005,1.475,0.0
2025-03-14 04:00,8.2,1.6,,6.9,0.6,,7.9,2.0,,6.5,2.8,,7.375,1.75,0.0
2025-03-14 05:00,8.5,2.4,,6.0,1.4,,7.1,2.0,,6.8,1.5,,7.1000000000000005,1.825,0.0
2025-03-14 06:00,9.0,3.0,,5.5,1.3,,6.6,1.9,,6.2,1.0,,6.825,1.7999999999999998,0.0
2025-03-14 07:00,9.5,2.0,0.06,4.7,1.3,0.0,6.1,1.6,,6.4,0.3,0.0,6.674999999999999,1.3,0.02
2025-03-14 08:00,8.7,2.3,0.39,7.1,0.5,0.31,7.8,1.8,,6.6,0.9,0.18,7.549999999999999,1.375,0.2933333333333333
2025-03-14 09:00,11.0,1.1,1.23,10.9,0.3,1.01,10.5,2.9,,9.3,0.5,1.03,10.425,1.2,1.09
2025-03-14 10:00,13.7,1.0,1.99,13.7,0.7,1.72,12.4,3.2,,11.9,2.3,1.86,12.924999999999999,1.8,1.8566666666666667
2025-03-14 11:00,17.0,1.7,2.59,16.0,1.5,2.31,15.0,2.2,,14.2,1.0,2.49,15.55,1.6,2.4633333333333334
2025-03-14 12:00,19.6,1.2,2.99,18.9,1.4,2.71,16.8,3.8,,17.7,1.7,2.91,18.25,2.025,2.8699999999999997
2025-03-14 13:00,19.9,0.9,3.15,20.9,2.6,2.89,18.5,3.7,,17.4,2.6,3.09,19.174999999999997,2.45,3.043333333333333
2025-03-14 14:00,21.2,1.9,3.04,21.0,3.0,2.82,19.8,3.3,,18.6,3.1,2.98,20.15,2.8249999999999997,2.9466666666666668
2025-03-14 15:00,22.1,1.4,2.66,21.8,3.5,2.5,20.4,3.1,,18.0,3.5,2.61,20.575000000000003,2.875,2.59
2025-03-14 16:00,21.8,0.8,2.07,21.3,2.7,1.95,20.5,3.2,,15.6,4.2,2.12,19.8,2.725,2.0466666666666664
2025-03-14 17:00,21.3,2.2,1.35,20.7,3.3,1.07,15.1,1.4,,15.5,3.5,1.35,18.15,2.6,1.2566666666666666
2025-03-14 18:00,19.3,2.2,0.59,19.4,3.1,0.49,13.5,0.7,,15.0,1.8,0.44,16.8,1.9500000000000002,0.5066666666666667
2025-03-14 19:00,17.0,3.1,0.11,18.2,2.2,0.05,11.6,0.1,,12.4,1.4,0.03,14.8,1.7000000000000002,0.06333333333333334
2025-03-14 20:00,15.7,1.7,,17.2,1.5,,15.1,2.1,,12.6,1.2,,15.15,1.6250000000000002,0.0
2025-03-14 21:00,15.3,0.2,,16.1,0.5,,14.6,2.5,,12.7,1.7,,14.675,1.225,0.0
2025-03-14 22:00,14.7,0.6,,16.0,1.9,,14.4,3.4,,11.9,1.8,,14.25,1.925,0.0
2025-03-14 23:00,13.9,1.7,,15.7,2.1,,13.8,3.2,,12.8,2.2,,14.05,2.3,0.0
2025-03-15 00:00,13.5,1.6,,15.1,3.1,,12.7,2.2,,11.7,1.4,,13.25,2.075,0.0
2025-03-15 01:00,13.1,0.2,,14.2,2.2,,11.8,2.9,,11.6,2.1,,12.674999999999999,1.85,0.0
2025-03-15 02:00,12.5,3.2,,13.8,2.3,,11.1,4.6,,10.9,1.7,,12.075,2.9499999999999997,0.0
2025-03-15 03:00,12.2,1.2,,12.8,2.3,,10.3,3.9,,10.1,1.7,,11.35,2.275,0.0
2025-03-15 04:00,11.9,1.2,,11.5,1.0,,9.5,4.9,,11.4,5.1,,11.075,3.05,0.0
2025-03-15 05:00,11.6,0.6,,11.0,1.7,,9.2,3.3,,9.3,2.8,,10.275,2.0999999999999996,0.0
2025-03-15 06:00,9.4,2.8,,10.2,1.0,,9.1,3.7,,8.0,1.8,,9.175,2.325,0.0
2025-03-15 07:00,8.4,2.2,0.06,11.3,2.7,0.0,8.9,2.9,,7.5,3.6,0.0,9.025,2.85,0.02
2025-03-15 08:00,8.3,2.0,0.12,9.1,3.1,0.02,8.4,1.6,,7.4,3.2,0.05,8.299999999999999,2.4749999999999996,0.06333333333333334
2025-03-15 09:00,8.5,2.3,0.36,8.8,3.9,0.29,9.2,2.7,,7.5,4.0,0.21,8.5,3.2249999999999996,0.2866666666666666
2025-03-15 10:00,9.2,3.5,0.66,9.0,4.0,1.45,10.4,5.7,,7.9,2.6,0.45,9.125,3.9499999999999997,0.8533333333333334
2025-03-15 11:00,10.3,3.7,1.12,9.7,4.0,1.19,9.9,3.6,,9.6,4.2,1.3,9.875,3.875,1.2033333333333334
2025-03-15 12:00,11.3,4.5,2.11,10.7,3.3,0.92,11.8,2.5,,11.1,3.8,2.12,11.225,3.5250000000000004,1.7166666666666668
2025-03-15 13:00,12.0,4.8,2.43,12.2,5.2,2.39,12.7,4.1,,11.7,4.2,2.0,12.149999999999999,4.575,2.2733333333333334
2025-03-15 14:00,12.1,4.7,1.55,13.4,3.5,2.81,13.3,3.7,,11.3,3.5,0.99,12.524999999999999,3.8499999999999996,1.7833333333333334
2025-03-15 15:00,11.5,4.6,1.16,13.2,3.5,2.23,13.8,3.8,,10.7,4.5,0.47,12.3,4.1,1.2866666666666664
2025-03-15 16:00,11.5,4.0,0.71,12.4,3.4,1.86,13.1,4.1,,9.7,3.9,0.26,11.675,3.85,0.9433333333333334
2025-03-15 17:00,10.7,4.4,0.64,11.6,3.1,0.97,12.0,3.6,,9.6,3.5,0.31,10.975,3.65,0.64
2025-03-15 18:00,9.8,4.5,0.39,10.8,2.7,0.31,11.1,3.9,,8.7,4.6,0.13,10.100000000000001,3.925,0.27666666666666667
2025-03-15 19:00,8.8,3.4,0.11,9.9,2.7,0.03,10.1,3.3,,8.0,3.8,0.03,9.200000000000001,3.3,0.05666666666666667
2025-03-15 20:00,8.5,3.5,,9.5,2.4,,9.3,1.8,,7.6,2.9,,8.725,2.65,0.0
2025-03-15 21:00,8.1,2.4,,9.1,2.3,,8.9,2.0,,7.3,2.5,,8.35,2.3,0.0
2025-03-15 22:00,7.2,2.8,,8.8,0.9,,7.8,1.2,,7.0,3.2,,7.7,2.025,0.0
2025-03-15 23:00,7.1,2.1,,8.3,1.0,,7.3,1.5,,6.7,3.4,,7.35,2.0,0.0
2025-03-16 00:00,7.0,1.9,,8.1,0.6,,6.7,1.4,,6.6,2.8,,7.1,1.6749999999999998,0.0
2025-03-16 01:00,7.3,1.5,,7.1,1.6,,6.6,0.9,,6.7,3.0,,6.925,1.75,0.0
2025-03-16 02:00,7.3,0.6,,7.2,1.1,,6.6,1.3,,6.8,3.0,,6.9750000000000005,1.5,0.0
2025-03-16 03:00,7.0,1.8,,7.1,0.8,,6.5,1.2,,6.7,2.7,,6.825,1.625,0.0
2025-03-16 04:00,6.8,1.0,,7.2,0.9,,6.3,3.0,,6.2,4.8,,6.625,2.425,0.0
2025-03-16 05:00,7.1,0.4,,6.9,1.3,,5.9,4.0,,5.7,7.5,,6.3999999999999995,3.3,0.0
2025-03-16 06:00,6.5,1.7,,5.7,2.5,,5.4,1.2,,5.7,7.1,,5.825,3.125,0.0
2025-03-16 07:00,6.2,1.3,0.07,5.7,0.6,0.01,5.3,3.4,,5.5,6.8,0.0,5.675,3.025,0.02666666666666667
2025-03-16 08:00,6.1,1.6,0.24,5.5,3.2,0.17,5.6,4.4,,5.6,6.7,0.23,5.699999999999999,3.9750000000000005,0.21333333333333335
2025-03-16 09:00,6.7,1.6,0.63,6.2,2.4,0.5,5.2,6.6,,6.0,7.1,0.63,6.025,4.425,0.5866666666666666
2025-03-16 10:00,6.6,1.9,0.78,6.0,4.4,0.5,5.3,6.4,,5.3,7.0,0.74,5.8,4.925000000000001,0.6733333333333333
2025-03-16 11:00,6.3,1.5,0.55,5.0,4.1,0.2,5.6,8.5,,6.0,8.8,0.65,5.725,5.725,0.4666666666666666
2025-03-16 12:00,5.2,1.4,0.57,5.7,5.2,0.34,5.8,10.1,,5.9,9.9,1.35,5.65,6.65,0.7533333333333333
2025-03-16 13:00,5.7,2.3,0.61,6.2,6.7,0.91,5.2,11.1,,5.8,11.2,1.78,5.7250000000000005,7.825,1.0999999999999999
2025-03-16 14:00,6.8,2.9,1.55,5.8,6.7,1.82,5.2,10.9,,4.6,11.8,1.46,5.6,8.075,1.61
2025-03-16 15:00,6.2,3.6,2.56,6.1,6.0,1.87,4.5,13.6,,5.0,11.0,2.25,5.45,8.55,2.2266666666666666
2025-03-16 16:00,4.9,4.3,2.22,5.0,7.2,1.7,3.9,13.3,,4.2,12.0,2.09,4.5,9.2,2.0033333333333334
2025-03-16 17:00,3.7,4.4,1.48,3.5,7.0,1.39,3.2,11.6,,3.6,13.8,1.62,3.5,9.2,1.4966666666666668
2025-03-16 18:00,2.8,3.5,0.64,2.7,5.5,0.69,2.1,13.1,,3.2,12.7,0.65,2.7,8.7,0.66
2025-03-16 19:00,2.4,3.6,0.12,1.7,6.0,0.08,1.8,10.7,,2.4,12.5,0.05,2.0749999999999997,8.2,0.08333333333333333
2025-03-16 20:00,1.3,3.7,,1.6,5.1,,1.8,9.7,,1.6,10.7,,1.5750000000000002,7.3,0.0
2025-03-16 21:00,2.1,2.2,,1.6,4.8,,1.7,8.9,,2.0,7.6,,1.85,5.875,0.0
2025-03-16 22:00,2.0,3.3,,1.2,5.0,,1.9,10.7,,1.7,9.3,,1.7,7.075,0.0
2025-03-16 23:00,1.9,3.2,,1.5,3.0,,2.3,10.7,,2.0,11.3,,1.9249999999999998,7.05,0.0
2025-03-17 00:00,2.0,2.3,,2.1,5.4,,2.6,8.1,,2.1,11.3,,2.1999999999999997,6.775,0.0
2025-03-17 01:00,1.5,4.4,,2.2,4.9,,2.3,8.5,,2.4,9.1,,2.1,6.725,0.0
2025-03-17 02:00,2.1,1.6,,1.9,3.7,,2.0,6.4,,2.5,9.7,,2.125,5.35,0.0
2025-03-17 03:00,1.9,1.3,,1.4,2.9,,1.8,6.1,,2.6,9.4,,1.9249999999999998,4.925000000000001,0.0
2025-03-17 04:00,2.1,1.7,,1.0,2.1,,1.3,4.1,,2.7,8.0,,1.7750000000000001,3.9749999999999996,0.0
2025-03-17 05:00,1.9,1.8,,0.8,2.2,,1.0,3.7,,2.5,9.0,,1.55,4.175,0.0
2025-03-17 06:00,1.5,0.8,,0.3,1.1,,0.0,2.2,,2.4,8.2,,1.05,3.075,0.0
2025-03-17 07:00,1.6,1.0,0.07,0.2,0.6,0.01,0.5,3.8,,2.4,7.9,0.0,1.1749999999999998,3.325,0.02666666666666667
2025-03-17 08:00,2.1,1.2,0.37,1.6,2.2,0.37,1.8,4.4,,2.4,7.4,0.16,1.975,3.8000000000000003,0.3
2025-03-17 09:00,3.3,2.3,1.24,2.7,2.9,1.1,3.0,4.3,,3.0,7.7,0.7,3.0,4.3,1.0133333333333334
2025-03-17 10:00,4.0,1.9,1.62,4.2,2.4,1.85,3.7,4.9,,4.0,8.3,1.63,3.9749999999999996,4.375,1.7
2025-03-17 11:00,5.3,1.9,2.48,4.7,3.6,2.46,3.9,6.0,,4.4,6.4,2.39,4.575,4.475,2.4433333333333334
2025-03-17 12:00,6.0,2.0,3.07,5.3,3.8,2.82,3.9,5.9,,4.4,5.9,2.31,4.9,4.4,2.733333333333333
2025-03-17 13:00,6.9,2.5,3.17,5.8,3.1,3.0,4.8,7.2,,5.5,7.0,2.98,5.75,4.95,3.0500000000000003
2025-03-17 14:00,7.9,1.8,3.14,6.1,3.8,2.83,4.7,5.6,,6.1,6.6,3.12,6.199999999999999,4.449999999999999,3.03
2025-03-17 15:00,7.2,1.9,2.81,7.1,2.6,2.61,4.8,6.3,,6.2,4.8,2.69,6.325,3.9000000000000004,2.703333333333333
2025-03-17 16:00,7.4,2.0,2.26,6.8,4.0,2.08,4.7,4.7,,6.5,4.2,2.32,6.35,3.7249999999999996,2.22
2025-03-17 17:00,7.0,1.8,1.53,6.4,4.4,1.42,5.1,4.4,,5.9,3.8,1.57,6.1,3.6000000000000005,1.5066666666666668
2025-03-17 18:00,5.9,2.7,0.74,5.5,3.3,0.65,4.3,3.4,,5.4,2.9,0.76,5.275,3.075,0.7166666666666668
2025-03-17 19:00,4.9,1.6,0.14,4.5,2.2,0.07,3.4,1.2,,4.4,1.9,0.11,4.300000000000001,1.725,0.10666666666666667
2025-03-17 20:00,4.3,0.9,,3.4,1.0,,2.0,2.1,,4.2,2.3,,3.4749999999999996,1.575,0.0
2025-03-17 21:00,3.7,1.2,,3.5,0.6,,1.8,3.1,,4.1,2.1,,3.275,1.75,0.0
2025-03-17 22:00,3.2,1.5,,2.2,2.2,,2.1,3.0,,3.5,2.6,,2.75,2.325,0.0
2025-03-17 23:00,3.3,2.5,,1.8,1.7,,1.5,4.1,,3.1,2.9,,2.425,2.8000000000000003,0.0
2025-03-18 00:00,3.3,1.6,,3.0,2.5,,2.2,5.3,,3.2,4.1,,2.925,3.3749999999999996,0.0
2025-03-18 01:00,3.9,2.9,,3.4,2.9,,0.6,3.0,,3.9,9.4,,2.9499999999999997,4.550000000000001,0.0
2025-03-18 02:00,0.5,1.8,,0.8,4.7,,0.9,3.1,,3.7,5.1,,1.475,3.675,0.0
2025-03-18 03:00,1.3,1.6,,1.1,2.0,,2.7,7.0,,3.9,6.6,,2.25,4.3,0.0
2025-03-18 04:00,2.0,1.5,,1.9,3.1,,2.6,7.0,,3.4,8.6,,2.475,5.05,0.0
2025-03-18 05:00,1.7,1.9,,1.8,3.4,,1.9,8.1,,2.3,7.9,,1.925,5.324999999999999,0.0
2025-03-18 06:00,1.7,2.6,,1.2,2.4,,0.4,7.6,,2.7,8.3,,1.5,5.225,0.0
2025-03-18 07:00,1.6,1.7,0.07,-0.6,3.5,0.01,1.0,8.4,,2.5,7.7,0.01,1.125,5.325,0.03
2025-03-18 08:00,0.4,1.5,0.38,-0.2,3.0,0.11,1.8,9.5,,1.8,9.2,0.32,0.95,5.8,0.27
2025-03-18 09:00,-0.5,1.8,0.34,1.6,3.9,0.53,1.8,10.3,,0.2,5.7,0.13,0.7750000000000001,5.425,0.3333333333333333
2025-03-18 10:00,-0.1,2.7,0.32,1.9,4.9,0.54,2.3,10.3,,2.2,8.7,1.08,1.575,6.65,0.6466666666666667
2025-03-18 11:00,1.3,3.1,0.45,2.0,6.4,0.98,1.7,14.3,,2.5,9.3,1.68,1.875,8.275,1.0366666666666666
2025-03-18 12:00,1.7,3.1,1.0,1.4,6.5,0.43,2.0,11.0,,2.2,6.8,1.61,1.825,6.8500000000000005,1.0133333333333334
2025-03-18 13:00,3.2,2.7,1.0,2.1,5.9,0.26,2.3,10.8,,3.5,10.2,1.91,2.7750000000000004,7.4,1.0566666666666666
2025-03-18 14:00,3.2,3.4,1.43,2.1,3.7,0.3,2.6,9.5,,3.8,11.3,1.48,2.925,6.9750000000000005,1.07
2025-03-18 15:00,3.4,2.6,1.68,3.3,5.1,0.92,1.5,7.2,,3.0,9.6,0.8,2.8,6.125,1.1333333333333335
2025-03-18 16:00,2.9,2.3,1.1,2.5,3.4,0.54,3.1,6.0,,3.1,10.3,0.42,2.9,5.5,0.6866666666666666
2025-03-18 17:00,2.4,2.4,0.48,2.8,3.6,0.36,3.0,6.3,,2.8,11.7,0.18,2.75,6.0,0.34
2025-03-18 18:00,2.3,2.0,0.38,3.2,3.3,0.09,3.1,8.2,,2.8,9.1,0.18,2.8499999999999996,5.65,0.21666666666666665
2025-03-18 19:00,2.4,2.4,0.09,2.9,2.7,0.01,2.4,5.8,,2.6,9.8,0.02,2.5749999999999997,5.175,0.04
2025-03-18 20:00,2.1,2.3,,2.7,2.4,,2.1,6.2,,2.4,9.2,,2.325,5.0249999999999995,0.0
2025-03-18 21:00,1.9,2.5,,2.4,3.9,,2.0,6.2,,2.1,9.6,,2.1,5.550000000000001,0.0
2025-03-18 22:00,1.7,2.1,,2.3,3.6,,2.2,5.0,,2.1,7.0,,2.075,4.425,0.0
2025-03-18 23:00,1.5,1.9,,1.9,1.8,,2.0,3.9,,2.3,6.2,,1.925,3.45,0.0
2025-03-19 00:00,1.5,1.6,,1.4,1.9,,1.3,3.5,,2.2,7.7,,1.6,3.675,0.0
2025-03-19 01:00,1.3,0.8,,1.2,1.6,,0.6,2.8,,2.0,6.0,,1.275,2.8,0.0
2025-03-19 02:00,0.7,1.0,,1.0,1.4,,-0.6,0.5,,2.0,5.6,,0.775,2.125,0.0
2025-03-19 03:00,0.1,0.0,,0.4,0.4,,-1.4,1.5,,2.0,2.7,,0.275,1.15,0.0
2025-03-19 04:00,-0.4,2.1,,-0.6,1.4,,-1.2,1.9,,2.2,5.4,,0.0,2.7,0.0
2025-03-19 05:00,-0.9,1.4,,-1.7,1.5,,-1.6,1.3,,1.1,2.6,,-0.775,1.7000000000000002,0.0
2025-03-19 06:00,-0.6,0.2,,-2.3,1.8,,-2.3,1.1,,0.9,1.5,,-1.0749999999999997,1.15,0.0
2025-03-19 07:00,-0.5,0.3,0.08,-2.2,1.8,0.01,-2.5,1.9,,1.1,1.0,0.01,-1.025,1.25,0.03333333333333333
2025-03-19 08:00,0.0,0.6,0.26,-0.7,1.6,0.4,-0.2,1.8,,2.1,0.8,0.33,0.30000000000000004,1.2,0.33
2025-03-19 09:00,1.4,0.7,0.84,2.1,0.8,1.11,2.6,1.2,,3.5,2.5,1.15,2.4,1.3,1.0333333333333334
2025-03-19 10:00,3.8,0.6,1.94,4.5,0.5,1.83,4.9,1.5,,4.0,5.4,1.58,4.300000000000001,2.0,1.7833333333333332
2025-03-19 11:00,4.9,1.3,2.1,5.5,2.6,2.15,4.8,3.9,,5.5,4.7,1.87,5.175,3.125,2.04
2025-03-19 12:00,6.2,1.5,2.68,5.1,2.0,2.04,4.7,5.4,,4.9,5.2,1.52,5.225,3.5250000000000004,2.08
2025-03-19 13:00,6.8,1.7,3.18,6.8,2.3,2.08,5.4,5.5,,5.6,6.6,2.27,6.15,4.025,2.51
2025-03-19 14:00,6.9,2.1,2.67,7.1,3.2,2.2,5.7,5.4,,6.1,5.6,2.33,6.449999999999999,4.075,2.4
2025-03-19 15:00,7.4,1.9,2.75,7.3,3.0,2.52,5.4,5.5,,6.3,6.0,2.6,6.6000000000000005,4.1,2.623333333333333
2025-03-19 16:00,7.3,2.5,2.27,6.4,4.1,2.01,4.9,5.7,,5.8,5.7,2.29,6.1000000000000005,4.5,2.19
2025-03-19 17:00,7.1,1.6,1.56,6.2,3.2,1.42,4.8,5.8,,5.6,5.5,1.56,5.925000000000001,4.025,1.5133333333333334
2025-03-19 18:00,5.7,2.0,0.74,4.9,3.1,0.64,3.8,4.2,,5.1,3.9,0.76,4.875,3.3000000000000003,0.7133333333333333
2025-03-19 19:00,4.2,1.6,0.15,3.7,2.7,0.09,3.1,2.9,,4.1,3.1,0.12,3.775,2.575,0.12
2025-03-19 20:00,3.6,1.2,,3.0,1.0,,2.7,2.5,,3.8,3.5,,3.2750000000000004,2.05,0.0
2025-03-19 21:00,3.2,0.5,,2.6,1.0,,2.1,0.8,,3.3,2.1,,2.8,1.1,0.0
2025-03-19 22:00,2.4,0.4,,2.7,0.2,,0.8,2.5,,2.8,0.5,,2.175,0.9,0.0
2025-03-19 23:00,2.5,0.3,,1.3,1.5,,0.0,2.6,,2.3,0.1,,1.525,1.125,0.0
2025-03-20 00:00,2.0,0.6,,0.6,1.7,,0.0,2.8,,2.1,2.7,,1.175,1.95,0.0
2025-03-20 01:00,1.6,0.8,,0.5,1.5,,0.1,3.6,,1.8,2.9,,1.0,2.2,0.0
2025-03-20 02:00,0.9,0.1,,0.2,1.3,,-0.5,2.9,,1.6,3.3,,0.55,1.9,0.0
2025-03-20 03:00,0.5,0.0,,0.8,1.2,,-0.6,2.7,,1.5,4.2,,0.55,2.0250000000000004,0.0
2025-03-20 04:00,0.4,0.2,,0.6,1.5,,-1.7,1.8,,1.2,4.2,,0.125,1.925,0.0
2025-03-20 05:00,0.0,0.0,,0.7,1.7,,-1.6,2.4,,1.3,3.8,,0.09999999999999998,1.9749999999999999,0.0
2025-03-20 06:00,-0.3,0.7,,0.6,1.9,,-0.8,0.2,,1.4,4.5,,0.22499999999999998,1.825,0.0
2025-03-20 07:00,-0.1,0.9,0.08,0.8,1.5,0.02,-1.3,1.3,,1.5,3.9,0.01,0.225,1.9,0.03666666666666667
2025-03-20 08:00,0.8,0.0,0.45,3.2,1.7,0.38,1.6,1.4,,3.1,3.9,0.36,2.175,1.75,0.39666666666666667
2025-03-20 09:00,3.8,0.3,,6.1,1.8,1.07,5.3,2.8,,6.2,3.2,1.09,5.35,2.0250000000000004,0.7200000000000001
2025-03-20 10:00,6.2,0.8,,9.8,1.9,1.77,8.5,2.8,,9.6,3.4,1.84,8.525,2.225,1.2033333333333334
2025-03-20 11:00,10.1,1.8,,10.9,4.3,2.26,11.6,3.8,,11.0,4.2,2.47,10.9,3.5249999999999995,1.5766666666666669
2025-03-20 12:00,12.1,1.8,,11.5,4.8,1.81,11.9,3.6,,12.0,4.9,2.87,11.875,3.775,1.5599999999999998
2025-03-20 13:00,14.6,3.5,,12.4,4.1,1.8,11.7,3.8,,12.2,5.1,3.03,12.725000000000001,4.125,1.61
2025-03-20 14:00,14.5,2.7,,13.5,5.2,2.42,12.7,3.1,,12.3,6.4,2.98,13.25,4.35,1.8
2025-03-20 15:00,15.1,3.9,,14.4,3.9,2.22,12.5,3.8,,12.1,5.3,2.67,13.525,4.225,1.6300000000000001
2025-03-20 16:00,14.9,3.2,,13.9,4.2,1.91,11.8,4.1,,12.0,5.6,2.11,13.15,4.275,1.3399999999999999
2025-03-20 17:00,13.7,3.5,,13.3,3.8,1.24,11.0,4.3,,11.6,4.7,1.43,12.4,4.075,0.89
2025-03-20 18:00,12.3,2.4,,11.9,4.2,0.54,10.0,2.7,,10.7,4.1,0.69,11.225000000000001,3.35,0.41
2025-03-20 19:00,10.7,2.0,,10.7,2.5,0.07,8.9,2.9,,9.6,3.3,0.11,9.975,2.675,0.06
2025-03-20 20:00,9.4,2.9,,10.4,1.4,,8.8,3.1,,9.2,4.5,,9.45,2.975,0.0
2025-03-20 21:00,8.4,2.8,,10.4,1.4,,8.7,3.5,,9.3,4.5,,9.2,3.05,0.0
2025-03-20 22:00,8.2,2.1,,10.3,1.1,,8.5,2.8,,9.2,4.3,,9.05,2.575,0.0
2025-03-20 23:00,7.9,2.3,,10.1,1.3,,8.3,3.0,,9.2,3.5,,8.875,2.525,0.0
2025-03-21 00:00,7.7,1.9,,9.5,1.3,,7.9,3.4,,9.1,4.1,,8.55,2.675,0.0
2025-03-21 01:00,7.5,2.0,,9.4,1.6,,7.2,3.6,,9.5,4.7,,8.399999999999999,2.975,0.0
2025-03-21 02:00,7.3,1.6,,7.9,1.5,,6.5,2.4,,8.9,3.2,,7.65,2.175,0.0
2025-03-21 03:00,7.5,1.0,,7.5,1.8,,6.5,1.8,,9.1,3.8,,7.65,2.0999999999999996,0.0
2025-03-21 04:00,6.9,0.1,,7.5,2.2,,6.9,2.0,,9.7,4.3,,7.75,2.1500000000000004,0.0
2025-03-21 05:00,6.4,0.4,,6.5,1.8,,6.3,2.8,,9.8,4.3,,7.25,2.325,0.0
2025-03-21 06:00,5.8,0.1,,6.5,1.6,,5.9,3.1,,9.5,2.9,,6.925000000000001,1.9250000000000003,0.0
2025-03-21 07:00,6.1,0.0,,7.0,2.0,0.02,5.8,3.1,,8.8,3.9,0.01,6.925,2.25,0.01
2025-03-21 08:00,6.9,0.0,,9.0,1.9,0.38,7.6,3.0,,9.6,3.4,0.37,8.275,2.075,0.25
2025-03-21 09:00,10.3,0.4,,11.4,2.1,1.09,10.2,3.2,,12.1,2.2,1.12,11.0,1.975,0.7366666666666667
2025-03-21 10:00,13.2,1.6,,14.7,1.4,1.77,13.3,3.5,,13.6,3.0,1.85,13.700000000000001,2.375,1.2066666666666668
2025-03-21 11:00,14.8,2.3,,17.2,2.1,2.34,15.9,4.3,,15.8,1.9,2.47,15.925,2.65,1.6033333333333335
2025-03-21 12:00,18.1,2.1,2.96,19.4,2.4,2.71,16.5,2.9,,17.0,3.4,2.95,17.75,2.7,2.8733333333333335
2025-03-21 13:00,20.9,3.1,3.13,19.7,4.5,2.92,16.9,3.8,,17.1,4.2,3.16,18.65,3.8999999999999995,3.0700000000000003
2025-03-21 14:00,21.2,6.0,3.1,20.5,4.4,2.86,16.3,3.5,,17.2,3.3,3.08,18.8,4.3,3.013333333333333
2025-03-21 15:00,20.7,5.0,2.77,19.6,4.7,2.53,14.6,3.2,,16.7,3.8,2.74,17.9,4.175,2.6799999999999997
2025-03-21 16:00,19.9,4.7,2.2,17.3,4.4,2.01,13.5,4.5,,15.6,5.2,2.19,16.575,4.7,2.1333333333333333
2025-03-21 17:00,18.6,4.0,1.47,16.1,2.5,1.36,12.3,4.0,,15.4,2.9,1.47,15.6,3.35,1.4333333333333333
2025-03-21 18:00,16.5,1.8,0.71,14.2,2.6,0.63,11.0,4.5,,13.8,3.7,0.71,13.875,3.1500000000000004,0.6833333333333332
2025-03-21 19:00,14.6,2.1,0.15,11.9,3.1,0.08,9.7,2.5,,11.8,1.9,0.11,12.0,2.4,0.11333333333333333
2025-03-21 20:00,12.8,2.3,,10.7,1.3,,8.9,2.1,,10.9,2.9,,10.825,2.15,0.0
2025-03-21 21:00,11.5,1.6,,10.0,0.6,,8.3,2.5,,11.0,2.9,,10.2,1.9,0.0
2025-03-21 22:00,10.3,1.4,,9.8,0.7,,7.9,1.7,,10.4,2.8,,9.6,1.65,0.0
2025-03-21 23:00,10.2,1.8,,8.7,0.8,,7.9,2.7,,9.1,1.8,,8.975,1.7750000000000001,0.0
2025-03-22 00:00,9.6,0.7,,8.5,1.4,,7.4,2.6,,8.5,1.7,,8.5,1.5999999999999999,0.0
2025-03-22 01:00,8.9,0.5,,7.8,1.3,,6.6,2.3,,7.8,2.2,,7.7749999999999995,1.575,0.0
2025-03-22 02:00,8.6,0.8,,7.9,1.1,,6.2,2.3,,7.6,3.0,,7.574999999999999,1.8,0.0
2025-03-22 03:00,8.7,0.8,,7.9,1.6,,5.5,2.7,,7.6,2.9,,7.425000000000001,2.0,0.0
2025-03-22 04:00,8.1,0.4,,8.2,1.5,,5.5,1.0,,7.5,3.4,,7.324999999999999,1.575,0.0
2025-03-22 05:00,7.0,0.0,,8.6,1.7,,4.7,1.4,,7.6,4.7,,6.975,1.95,0.0
2025-03-22 06:00,6.8,0.0,,8.2,1.0,,5.3,0.6,,7.5,2.2,,6.95,0.9500000000000001,0.0
2025-03-22 07:00,6.3,0.0,0.08,8.6,1.5,0.02,4.8,0.8,,7.6,3.3,0.01,6.824999999999999,1.4,0.03666666666666667
2025-03-22 08:00,7.1,0.2,0.47,10.6,1.0,0.39,7.0,1.1,,9.0,4.2,0.4,8.425,1.625,0.42
2025-03-22 09:00,9.4,0.9,1.21,13.7,1.3,1.06,11.6,2.8,,11.8,2.7,1.14,11.625,1.925,1.1366666666666667
2025-03-22 10:00,13.2,1.3,1.94,16.9,0.9,1.74,14.2,1.5,,14.5,2.5,1.9,14.7,1.55,1.86
2025-03-22 11:00,16.3,2.1,2.56,19.5,1.2,2.3,16.9,2.3,,16.2,2.8,2.51,17.224999999999998,2.0999999999999996,2.4566666666666666
2025-03-22 12:00,17.5,1.7,2.93,20.6,3.8,2.67,17.3,2.8,,17.0,2.7,2.9,18.1,2.75,2.8333333333333335
2025-03-22 13:00,22.4,1.4,3.08,21.5,2.6,2.86,17.7,2.7,,17.2,3.1,3.09,19.7,2.45,3.01
2025-03-22 14:00,22.7,3.6,3.0,22.3,3.3,2.78,18.0,3.7,,18.2,3.0,3.02,20.3,3.4000000000000004,2.933333333333333
2025-03-22 15:00,22.9,3.2,2.7,22.7,3.4,2.48,16.7,5.2,,17.8,4.1,2.7,20.025,3.975,2.6266666666666665
2025-03-22 16:00,21.3,5.1,2.15,21.7,3.1,1.98,15.7,4.5,,18.3,3.3,2.21,19.25,4.0,2.1133333333333333
2025-03-22 17:00,20.6,2.8,1.47,20.9,3.9,1.33,15.5,2.1,,17.8,2.9,1.53,18.7,2.925,1.4433333333333334
2025-03-22 18:00,19.1,2.5,0.7,19.6,2.8,0.64,13.9,3.2,,16.0,3.8,0.75,17.15,3.075,0.6966666666666667
2025-03-22 19:00,16.8,2.2,0.15,14.3,3.0,0.08,12.1,2.3,,14.2,2.3,0.13,14.350000000000001,2.45,0.12
2025-03-22 20:00,15.7,1.6,,12.4,1.8,,11.5,1.8,,13.1,2.4,,13.175,1.9,0.0
2025-03-22 21:00,13.7,1.7,,12.2,0.4,,10.5,1.9,,12.3,1.4,,12.175,1.35,0.0
2025-03-22 22:00,12.3,1.6,,12.7,0.3,,10.6,2.3,,11.3,1.9,,11.725000000000001,1.525,0.0
2025-03-22 23:00,11.8,1.2,,11.8,1.2,,9.9,2.8,,10.5,2.8,,11.0,1.9999999999999998,0.0
2025-03-23 00:00,11.1,1.6,,10.4,1.4,,7.8,2.2,,10.1,4.1,,9.85,2.325,0.0
2025-03-23 01:00,11.4,0.5,,9.8,1.2,,8.3,1.7,,9.5,2.6,,9.75,1.5,0.0
2025-03-23 02:00,10.2,0.0,,9.7,1.7,,8.1,1.9,,9.2,3.1,,9.3,1.6749999999999998,0.0
2025-03-23 03:00,9.4,0.0,,9.9,1.6,,7.5,2.2,,9.2,3.5,,9.0,1.8250000000000002,0.0
2025-03-23 04:00,8.7,0.0,,10.0,1.6,,7.5,1.2,,9.0,3.0,,8.8,1.45,0.0
2025-03-23 05:00,7.9,0.0,,9.2,1.2,,6.3,1.8,,9.0,3.7,,8.100000000000001,1.675,0.0
2025-03-23 06:00,7.6,0.0,,9.7,1.9,,6.3,1.1,,9.2,4.7,,8.2,1.925,0.0
2025-03-23 07:00,7.1,0.2,0.08,9.6,1.8,0.02,4.9,0.2,,9.1,3.3,0.02,7.675000000000001,1.375,0.04
2025-03-23 08:00,8.1,0.0,0.5,11.8,1.8,0.41,6.7,0.8,,10.2,3.4,0.38,9.2,1.5,0.43
2025-03-23 09:00,11.5,0.1,1.26,14.6,1.2,1.1,11.8,1.2,,12.5,3.4,1.1,12.600000000000001,1.475,1.1533333333333335
2025-03-23 10:00,14.4,0.8,1.99,17.3,0.6,1.81,15.0,2.6,,14.9,4.0,1.82,15.4,2.0,1.8733333333333333
2025-03-23 11:00,18.0,1.4,2.53,20.7,1.6,2.37,16.3,1.8,,17.1,3.9,2.46,18.025,2.175,2.4533333333333336
2025-03-23 12:00,20.0,1.2,2.86,23.4,1.8,2.77,18.9,1.6,,19.0,3.5,2.89,20.325,2.025,2.84
2025-03-23 13:00,22.9,2.4,3.05,24.0,1.9,2.79,20.6,2.5,,19.0,5.5,3.02,21.625,3.075,2.953333333333333
2025-03-23 14:00,23.6,2.9,2.96,25.4,3.5,2.8,18.8,4.9,,19.1,4.7,2.98,21.725,4.0,2.9133333333333336
2025-03-23 15:00,24.0,3.2,2.49,25.0,3.7,2.38,18.5,4.6,,18.6,5.2,2.42,21.525,4.175,2.43
2025-03-23 16:00,23.4,4.4,1.64,23.6,2.9,1.92,18.6,3.9,,20.2,2.5,2.15,21.45,3.4250000000000003,1.903333333333333
2025-03-23 17:00,22.1,2.4,1.35,21.2,1.8,0.99,17.7,2.4,,20.0,2.1,1.39,20.25,2.175,1.2433333333333332
2025-03-23 18:00,20.5,1.3,0.7,18.9,1.8,0.41,16.7,2.8,,18.6,1.4,0.6,18.674999999999997,1.8250000000000002,0.57
2025-03-23 19:00,19.2,0.9,0.1,19.2,2.7,0.06,13.6,3.4,,17.2,1.3,0.07,17.3,2.075,0.07666666666666667
2025-03-23 20:00,18.3,0.7,,17.7,0.6,,12.8,0.3,,15.2,2.9,,16.0,1.125,0.0
2025-03-23 21:00,17.3,0.9,,16.5,0.9,,12.1,0.8,,13.3,3.6,,14.8,1.55,0.0
2025-03-23 22:00,16.7,1.2,,16.3,0.5,,11.4,0.7,,12.7,4.1,,14.274999999999999,1.625,0.0
2025-03-23 23:00,16.2,1.2,,15.9,0.7,,11.0,1.6,,12.5,4.4,,13.9,1.975,0.0
2025-03-24 00:00,14.9,0.6,,15.3,0.6,,11.6,2.4,,12.3,3.2,,13.525000000000002,1.7,0.0
2025-03-24 01:00,13.8,0.8,,14.6,1.3,,12.5,2.7,,11.9,4.6,,13.2,2.35,0.0
2025-03-24 02:00,13.2,1.1,,14.7,1.4,,13.0,2.6,,12.0,3.9,,13.225,2.25,0.0
2025-03-24 03:00,13.1,1.0,,15.2,1.5,,13.2,3.0,,11.9,3.7,,13.35,2.3,0.0
2025-03-24 04:00,12.6,0.2,,16.0,1.0,,13.4,2.5,,11.9,3.3,,13.475,1.75,0.0
2025-03-24 05:00,13.2,0.5,,16.8,4.6,,14.0,2.6,,12.8,3.8,,14.2,2.875,0.0
2025-03-24 06:00,13.8,2.0,,16.0,2.3,,13.2,3.3,,12.6,2.4,,13.9,2.5,0.0
2025-03-24 07:00,12.7,0.7,0.07,15.1,1.4,0.01,14.6,5.9,,12.6,3.4,0.01,13.75,2.85,0.03
2025-03-24 08:00,14.1,0.1,0.33,16.3,1.9,0.23,14.2,3.6,,14.2,3.4,0.41,14.7,2.25,0.3233333333333333
2025-03-24 09:00,16.4,1.3,1.12,18.4,2.2,0.82,15.7,3.1,,16.4,4.0,0.95,16.725,2.65,0.9633333333333333
2025-03-24 10:00,19.3,2.6,1.86,20.5,1.6,1.58,18.6,4.5,,17.5,5.2,1.66,18.975,3.4749999999999996,1.7000000000000002
2025-03-24 11:00,20.7,3.4,2.34,20.2,4.5,2.17,18.4,4.8,,18.5,5.3,2.21,19.45,4.5,2.2399999999999998
2025-03-24 12:00,22.0,3.4,2.68,20.7,6.4,2.47,17.8,3.8,,18.2,4.6,2.64,19.675,4.550000000000001,2.596666666666667
2025-03-24 13:00,22.8,3.5,2.88,21.1,4.6,2.64,18.2,3.9,,18.5,6.9,2.9,20.150000000000002,4.725,2.8066666666666666
2025-03-24 14:00,22.7,4.8,2.81,21.7,3.6,2.58,17.2,5.9,,18.2,5.2,2.82,19.95,4.875,2.736666666666667
2025-03-24 15:00,22.3,4.0,2.46,20.1,4.4,2.26,17.2,4.0,,16.6,8.1,2.42,19.050000000000004,5.125,2.38
2025-03-24 16:00,20.6,3.0,1.84,19.4,4.6,1.72,16.4,3.8,,16.4,4.6,1.84,18.2,3.9999999999999996,1.8
2025-03-24 17:00,18.3,3.9,0.96,17.7,2.6,1.03,15.2,3.4,,15.8,3.6,0.96,16.75,3.375,0.9833333333333334
2025-03-24 18:00,16.8,3.3,0.45,16.3,3.6,0.49,13.3,4.3,,15.2,4.8,0.55,15.400000000000002,4.0,0.49666666666666665
2025-03-24 19:00,15.6,2.1,0.12,14.6,2.2,0.06,12.6,2.8,,14.3,4.5,0.1,14.274999999999999,2.9000000000000004,0.09333333333333334
2025-03-24 20:00,14.9,2.5,,14.1,2.3,,12.3,3.2,,13.8,3.6,,13.774999999999999,2.9,0.0
2025-03-24 21:00,13.9,2.2,,13.4,1.0,,12.2,3.8,,13.6,4.6,,13.275,2.9,0.0
2025-03-24 22:00,13.3,2.2,,13.3,0.6,,12.1,2.8,,13.0,1.8,,12.925,1.8499999999999999,0.0
2025-03-24 23:00,13.1,2.3,,13.5,0.6,,11.7,1.9,,12.7,3.2,,12.75,2.0,0.0
2025-03-25 00:00,12.6,2.1,,12.8,0.6,,11.0,1.8,,12.2,3.0,,12.149999999999999,1.875,0.0
2025-03-25 01:00,12.2,1.5,,12.6,0.6,,10.7,1.0,,11.5,2.6,,11.75,1.425,0.0
2025-03-25 02:00,11.8,1.7,,11.7,1.1,,10.5,2.6,,11.0,2.5,,11.25,1.975,0.0
2025-03-25 03:00,11.3,2.1,,11.0,1.0,,9.9,2.2,,10.3,1.1,,10.625,1.6,0.0
2025-03-25 04:00,10.7,1.1,,11.3,0.7,,9.9,1.6,,9.4,2.3,,10.325,1.425,0.0
2025-03-25 05:00,10.8,0.8,,10.6,0.5,,9.8,1.9,,9.2,1.1,,10.1,1.0750000000000002,0.0
2025-03-25 06:00,10.5,0.5,,10.2,1.1,,9.4,1.8,,9.1,2.1,,9.8,1.375,0.0
2025-03-25 07:00,10.0,0.3,0.08,10.8,0.3,0.03,9.0,2.1,,9.1,2.9,0.02,9.725,1.4,0.043333333333333335
2025-03-25 08:00,10.7,0.4,0.47,12.2,2.1,0.43,8.9,3.8,,9.9,3.3,0.37,10.424999999999999,2.4,0.42333333333333334
2025-03-25 09:00,12.8,0.7,1.16,15.5,2.2,1.07,10.6,2.8,,12.4,4.7,1.14,12.825,2.6,1.1233333333333333
2025-03-25 10:00,16.2,0.5,1.9,19.3,1.5,1.71,14.3,2.9,,15.0,5.3,1.82,16.2,2.55,1.8099999999999998
2025-03-25 11:00,18.9,1.4,2.42,22.1,2.1,2.18,18.5,4.0,,18.1,4.0,2.31,19.4,2.875,2.3033333333333332
2025-03-25 12:00,22.8,3.6,2.7,24.6,2.4,2.4,21.2,5.4,,19.0,5.4,2.61,21.900000000000002,4.2,2.57
2025-03-25 13:00,24.8,3.7,2.72,25.4,5.6,2.54,24.7,6.4,,21.6,4.1,2.75,24.125,4.95,2.67
2025-03-25 14:00,25.4,4.1,2.7,25.8,6.2,2.55,24.5,9.6,,21.9,6.8,2.79,24.4,6.675,2.6799999999999997
2025-03-25 15:00,26.2,3.4,2.47,25.5,8.6,2.06,20.7,5.8,,22.9,6.5,2.57,23.825000000000003,6.075,2.3666666666666667
2025-03-25 16:00,23.9,5.7,1.61,21.3,5.5,0.88,17.6,5.2,,20.4,5.4,2.04,20.8,5.449999999999999,1.51
2025-03-25 17:00,22.0,5.1,1.32,18.4,4.9,0.69,14.7,11.7,,19.2,4.7,1.33,18.575,6.6,1.1133333333333333
2025-03-25 18:00,19.9,2.3,0.62,15.5,5.1,0.43,12.8,5.7,,17.3,5.1,0.59,16.375,4.55,0.5466666666666667
2025-03-25 19:00,16.7,2.4,0.13,13.9,4.0,0.07,11.6,3.7,,15.2,3.9,0.1,14.350000000000001,3.5000000000000004,0.10000000000000002
2025-03-25 20:00,15.2,1.4,,12.9,2.8,,10.4,1.3,,13.2,4.8,,12.925,2.5749999999999997,0.0
2025-03-25 21:00,14.4,1.2,,12.0,2.7,,10.2,0.8,,12.2,2.4,,12.2,1.775,0.0
2025-03-25 22:00,13.0,1.5,,11.4,1.0,,8.8,1.5,,11.4,2.4,,11.15,1.6,0.0
2025-03-25 23:00,12.6,1.1,,11.2,0.9,,8.1,1.1,,10.9,2.0,,10.7,1.275,0.0
2025-03-26 00:00,11.9,1.2,,10.5,0.3,,7.4,1.7,,10.2,0.5,,10.0,0.925,0.0
2025-03-26 01:00,11.3,0.1,,9.4,1.5,,7.0,0.3,,9.5,1.6,,9.3,0.875,0.0
2025-03-26 02:00,10.6,0.6,,8.7,1.5,,6.0,0.6,,9.1,1.3,,8.6,1.0,0.0
2025-03-26 03:00,9.6,0.1,,8.2,1.1,,6.2,1.4,,8.9,1.6,,8.225,1.05,0.0
2025-03-26 04:00,9.2,0.6,,7.7,1.9,,6.0,1.5,,8.3,1.5,,7.8,1.375,0.0
2025-03-26 05:00,8.4,0.9,,7.2,1.3,,4.8,0.8,,8.4,0.7,,7.200000000000001,0.925,0.0
2025-03-26 06:00,8.3,0.2,,6.9,1.7,,4.1,0.6,,7.9,2.1,,6.800000000000001,1.15,0.0
2025-03-26 07:00,8.4,0.6,0.1,7.3,1.3,0.04,4.0,1.1,,8.6,2.2,0.02,7.074999999999999,1.3,0.05333333333333334
2025-03-26 08:00,9.9,0.4,0.53,10.3,1.2,0.45,6.5,0.4,,10.2,3.0,0.41,9.225000000000001,1.25,0.4633333333333333
2025-03-26 09:00,12.7,0.6,1.23,14.8,1.4,1.17,9.8,1.3,,13.2,3.7,1.12,12.625,1.75,1.1733333333333333
2025-03-26 10:00,15.4,0.3,1.97,18.5,1.0,1.82,13.4,2.5,,16.0,5.3,1.85,15.825,2.275,1.8800000000000001
2025-03-26 11:00,19.4,1.0,2.58,20.9,1.0,2.31,16.8,2.1,,19.6,3.9,2.47,19.174999999999997,2.0,2.4533333333333336
2025-03-26 12:00,24.5,1.3,2.94,24.7,0.9,2.69,21.5,3.0,,22.4,6.3,2.93,23.275,2.875,2.8533333333333335
2025-03-26 13:00,25.9,1.8,3.13,26.8,2.6,2.96,23.4,3.8,,23.5,7.2,3.15,24.9,3.8499999999999996,3.08
2025-03-26 14:00,26.9,2.1,3.03,27.4,3.4,2.9,25.7,5.2,,24.1,6.1,3.12,26.025,4.199999999999999,3.016666666666667
2025-03-26 15:00,27.2,3.3,2.73,28.5,2.5,2.57,27.3,5.0,,24.3,6.3,2.81,26.825,4.275,2.703333333333333
2025-03-26 16:00,27.0,3.0,2.23,28.3,3.6,2.03,28.0,5.2,,23.5,6.2,2.27,26.7,4.5,2.1766666666666663
2025-03-26 17:00,25.6,4.5,1.52,27.7,3.6,1.38,27.7,5.3,,22.9,5.8,1.53,25.975,4.8,1.4766666666666666
2025-03-26 18:00,23.3,3.1,0.74,26.4,3.5,0.65,26.4,4.9,,21.0,4.0,0.73,24.275,3.875,0.7066666666666667
2025-03-26 19:00,20.8,3.5,0.17,24.6,3.4,0.08,24.4,5.3,,18.0,6.0,0.13,21.950000000000003,4.55,0.12666666666666668
2025-03-26 20:00,18.5,3.3,,22.8,3.1,,22.8,3.8,,16.9,5.7,,20.25,3.9749999999999996,0.0
2025-03-26 21:00,17.6,2.6,,21.8,3.5,,21.3,4.4,,16.6,4.7,,19.325000000000003,3.8,0.0
2025-03-26 22:00,17.8,3.3,,20.6,2.6,,20.4,7.4,,16.7,4.2,,18.875,4.375,0.0
2025-03-26 23:00,17.9,3.5,,19.6,3.7,,18.3,5.4,,16.9,3.8,,18.174999999999997,4.1000000000000005,0.0
2025-03-27 00:00,17.9,1.3,,19.2,4.1,,18.6,5.0,,18.5,7.1,,18.549999999999997,4.375,0.0
2025-03-27 01:00,18.3,2.0,,19.8,3.8,,18.7,6.1,,18.4,6.5,,18.799999999999997,4.6,0.0
2025-03-27 02:00,19.1,2.3,,20.1,3.3,,19.2,4.3,,18.7,4.3,,19.275000000000002,3.55,0.0
2025-03-27 03:00,19.7,3.1,,20.5,3.7,,19.8,4.0,,18.9,5.3,,19.725,4.025,0.0
2025-03-27 04:00,20.3,2.0,,21.3,2.2,,19.9,4.5,,18.7,3.3,,20.05,3.0,0.0
2025-03-27 05:00,20.3,0.9,,21.0,3.0,,17.4,3.9,,18.3,5.0,,19.25,3.2,0.0
2025-03-27 06:00,20.2,0.5,,20.2,1.9,,17.1,3.2,,17.6,5.8,,18.775,2.8499999999999996,0.0
2025-03-27 07:00,19.6,2.4,0.07,19.1,2.2,0.01,17.5,2.3,,16.6,1.7,0.0,18.200000000000003,2.15,0.02666666666666667
2025-03-27 08:00,19.0,2.7,0.21,18.5,3.0,0.12,13.6,5.1,,17.2,2.5,0.08,17.075,3.325,0.13666666666666666
2025-03-27 09:00,19.1,2.3,0.4,17.2,2.3,0.06,13.0,4.6,,16.1,3.2,0.2,16.35,3.0999999999999996,0.22
2025-03-27 10:00,19.8,2.3,0.65,15.9,2.2,0.1,11.6,3.6,,15.3,2.3,0.25,15.650000000000002,2.5999999999999996,0.3333333333333333
2025-03-27 11:00,20.7,0.4,1.0,15.0,2.0,0.18,11.7,2.0,,14.5,3.2,0.29,15.475000000000001,1.9000000000000001,0.49
2025-03-27 12:00,19.7,1.7,0.58,14.0,2.3,0.19,13.5,0.9,,14.1,2.8,0.39,15.325000000000001,1.925,0.3866666666666667
2025-03-27 13:00,19.5,0.9,0.62,14.2,0.1,0.32,13.2,2.9,,12.1,5.1,0.35,14.750000000000002,2.25,0.43
2025-03-27 14:00,17.5,1.6,0.48,14.3,2.0,0.21,14.6,4.4,,11.8,4.8,0.28,14.55,3.2,0.3233333333333333
2025-03-27 15:00,15.7,1.9,0.2,13.4,3.2,0.18,18.0,3.8,,9.4,8.3,0.16,14.125,4.3,0.18000000000000002
2025-03-27 16:00,14.5,2.3,0.14,13.5,1.3,0.24,18.1,1.7,,9.9,8.8,0.19,14.0,3.5250000000000004,0.19000000000000003
2025-03-27 17:00,13.6,2.3,0.26,13.3,2.6,0.23,11.6,9.2,,9.7,12.4,0.21,12.05,6.625,0.2333333333333333
2025-03-27 18:00,14.1,1.4,0.24,12.8,2.1,0.18,9.3,4.9,,9.1,12.8,0.14,11.325000000000001,5.300000000000001,0.18666666666666668
2025-03-27 19:00,13.4,1.7,0.09,12.1,3.1,0.02,8.6,3.1,,8.1,10.2,0.04,10.55,4.525,0.049999999999999996
2025-03-27 20:00,11.1,2.7,,9.9,2.9,,9.1,4.0,,7.3,14.1,,9.35,5.925,0.0
2025-03-27 21:00,10.3,1.3,,9.4,1.6,,9.2,3.5,,7.3,10.5,,9.05,4.225,0.0
2025-03-27 22:00,10.5,1.1,,9.3,2.4,,8.3,3.8,,7.2,11.5,,8.825000000000001,4.7,0.0
2025-03-27 23:00,8.8,2.2,,8.3,3.9,,7.1,5.1,,6.6,10.5,,7.700000000000001,5.425,0.0
2025-03-28 00:00,8.4,2.2,,7.1,2.3,,5.4,5.1,,6.7,10.2,,6.8999999999999995,4.949999999999999,0.0
2025-03-28 01:00,7.0,1.3,,6.2,3.2,,5.5,3.3,,5.7,9.2,,6.1,4.25,0.0
2025-03-28 02:00,6.3,1.9,,5.8,2.8,,5.6,5.9,,5.7,6.7,,5.85,4.325,0.0
2025-03-28 03:00,5.9,1.4,,5.6,2.5,,5.3,3.4,,5.8,7.6,,5.65,3.7249999999999996,0.0
2025-03-28 04:00,5.5,1.6,,5.4,2.8,,5.1,2.6,,5.7,7.6,,5.425,3.65,0.0
2025-03-28 05:00,5.5,1.7,,5.3,2.7,,5.4,4.1,,5.6,6.1,,5.450000000000001,3.65,0.0
2025-03-28 06:00,5.6,1.4,,5.2,2.5,,5.0,4.2,,5.6,7.0,,5.35,3.775,0.0
2025-03-28 07:00,5.6,1.2,0.08,5.3,2.7,0.03,5.1,5.8,,5.4,6.5,0.02,5.35,4.05,0.043333333333333335
2025-03-28 08:00,5.8,1.2,0.28,5.7,2.5,0.27,5.0,4.8,,5.7,7.6,0.28,5.55,4.025,0.27666666666666667
2025-03-28 09:00,7.0,1.6,1.08,5.9,3.4,0.76,6.3,6.0,,5.9,8.5,0.72,6.275,4.875,0.8533333333333334
2025-03-28 10:00,7.6,2.4,1.6,6.8,4.2,1.45,7.0,4.8,,6.1,9.6,1.27,6.875,5.25,1.4400000000000002
2025-03-28 11:00,8.3,2.6,2.42,8.0,3.2,2.02,8.0,6.0,,6.9,9.5,2.2,7.800000000000001,5.325,2.2133333333333334
2025-03-28 12:00,8.9,4.0,2.5,9.1,2.5,2.04,9.1,7.2,,6.7,10.6,2.66,8.450000000000001,6.074999999999999,2.4
2025-03-28 13:00,10.0,2.6,3.22,11.0,2.5,2.95,8.3,8.6,,6.5,11.4,3.22,8.95,6.275,3.1300000000000003
2025-03-28 14:00,10.4,2.5,3.34,10.7,6.5,3.17,8.6,9.7,,6.9,9.8,3.11,9.15,7.125,3.2066666666666666
2025-03-28 15:00,10.3,2.8,2.8,11.4,5.6,2.81,8.7,9.5,,6.7,9.9,2.86,9.275,6.949999999999999,2.823333333333333
2025-03-28 16:00,9.8,2.4,2.12,10.7,6.0,2.26,9.1,6.9,,6.4,10.3,2.13,9.0,6.4,2.17
2025-03-28 17:00,9.7,2.3,1.52,10.4,3.7,1.44,8.0,8.0,,6.1,9.9,1.23,8.55,5.975,1.3966666666666665
2025-03-28 18:00,8.4,2.0,0.68,8.2,4.8,0.66,7.0,5.6,,5.7,6.9,0.57,7.325,4.824999999999999,0.6366666666666667
2025-03-28 19:00,7.2,1.7,0.15,6.9,4.4,0.1,5.6,5.7,,5.1,6.3,0.09,6.200000000000001,4.525,0.11333333333333333
2025-03-28 20:00,6.3,1.0,,6.2,2.6,,4.8,2.9,,4.9,6.3,,5.550000000000001,3.2,0.0
2025-03-28 21:00,5.7,1.4,,5.4,1.8,,4.6,3.1,,5.0,6.5,,5.175000000000001,3.2,0.0
2025-03-28 22:00,5.4,1.5,,5.4,2.2,,4.5,3.3,,4.8,6.4,,5.025,3.35,0.0
2025-03-28 23:00,5.0,1.6,,5.1,1.0,,4.2,2.9,,4.8,6.7,,4.775,3.05,0.0
2025-03-29 00:00,4.9,0.8,,4.7,2.1,,4.0,3.6,,4.8,5.8,,4.6000000000000005,3.075,0.0
2025-03-29 01:00,4.5,0.9,,4.2,2.0,,3.0,1.7,,4.6,4.9,,4.074999999999999,2.375,0.0
2025-03-29 02:00,4.5,0.7,,3.8,1.7,,2.1,0.7,,4.5,3.8,,3.725,1.7249999999999999,0.0
2025-03-29 03:00,4.0,0.7,,3.5,1.8,,1.8,1.0,,4.0,3.8,,3.325,1.825,0.0
2025-03-29 04:00,3.4,0.3,,3.0,1.4,,1.2,0.8,,3.8,3.2,,2.85,1.425,0.0
2025-03-29 05:00,3.1,0.4,,2.7,1.6,,0.7,1.2,,3.5,3.7,,2.5,1.725,0.0
2025-03-29 06:00,2.8,0.5,,2.4,1.9,,0.1,0.5,,3.4,3.0,,2.175,1.475,0.0
2025-03-29 07:00,2.7,0.9,0.12,2.1,0.4,0.05,0.0,0.6,,3.2,1.9,0.04,2.0,0.95,0.06999999999999999
2025-03-29 08:00,3.6,0.5,0.68,4.1,0.4,0.57,3.2,0.3,,4.3,3.3,0.5,3.8,1.125,0.5833333333333334
2025-03-29 09:00,5.0,0.8,1.45,5.3,1.9,1.24,5.5,1.8,,5.6,4.2,1.29,5.35,2.175,1.3266666666666667
2025-03-29 10:00,6.2,1.0,2.02,6.8,1.8,1.91,6.4,4.7,,6.5,4.8,1.88,6.475,3.075,1.9366666666666665
2025-03-29 11:00,7.3,1.7,2.22,7.5,2.3,2.31,7.1,5.8,,7.5,5.1,2.29,7.35,3.725,2.2733333333333334
2025-03-29 12:00,9.0,1.5,2.27,8.1,3.3,1.4,6.5,8.2,,7.5,6.6,2.47,7.775,4.9,2.046666666666667
2025-03-29 13:00,8.6,3.3,1.53,6.7,6.0,1.53,4.0,10.1,,7.5,5.6,1.77,6.7,6.25,1.61
2025-03-29 14:00,7.0,3.6,1.63,5.3,6.8,1.43,4.5,6.4,,4.9,6.6,0.98,5.425000000000001,5.85,1.3466666666666665
2025-03-29 15:00,4.1,1.4,1.13,6.3,4.0,1.31,6.5,8.2,,5.0,7.3,0.6,5.475,5.225,1.0133333333333334
2025-03-29 16:00,5.9,2.6,1.35,7.0,4.9,1.73,5.7,9.7,,5.9,7.3,1.1,6.125,6.125,1.3933333333333333
2025-03-29 17:00,5.7,2.6,1.26,6.1,6.1,1.32,5.1,8.6,,5.0,9.3,1.38,5.475,6.6499999999999995,1.32
2025-03-29 18:00,4.6,3.0,0.65,4.8,4.8,0.63,3.6,7.9,,4.2,8.9,0.63,4.3,6.15,0.6366666666666667
2025-03-29 19:00,3.6,2.0,0.16,3.4,3.6,0.09,3.2,9.0,,3.5,8.2,0.12,3.425,5.699999999999999,0.12333333333333334
2025-03-29 20:00,3.1,1.5,,3.3,3.3,,2.7,5.2,,3.2,9.1,,3.075,4.775,0.0
2025-03-29 21:00,2.8,1.7,,2.7,3.2,,2.4,4.1,,3.0,6.3,,2.725,3.825,0.0
2025-03-29 22:00,2.8,2.3,,2.4,2.4,,2.0,4.1,,3.0,5.4,,2.55,3.55,0.0
2025-03-29 23:00,2.6,1.2,,2.0,1.9,,2.0,4.6,,3.1,7.4,,2.425,3.775,0.0
2025-03-30 00:00,2.5,1.4,,1.9,2.8,,2.0,4.6,,3.0,7.0,,2.35,3.9499999999999997,0.0
2025-03-30 01:00,2.3,1.5,,1.9,2.0,,1.2,3.6,,3.2,8.2,,2.15,3.8249999999999997,0.0
2025-03-30 02:00,2.6,2.8,,1.6,2.2,,1.1,3.1,,3.3,6.1,,2.1500000000000004,3.55,0.0
2025-03-30 03:00,2.1,1.1,,1.0,2.3,,-0.1,1.9,,3.1,6.9,,1.525,3.05,0.0
2025-03-30 04:00,1.9,0.9,,0.2,1.4,,-0.8,0.6,,3.0,5.1,,1.075,2.0,0.0
2025-03-30 05:00,1.1,1.0,,0.1,0.3,,-1.8,0.4,,2.1,2.3,,0.37500000000000006,1.0,0.0
2025-03-30 06:00,1.0,1.0,,0.0,0.2,,-2.0,0.7,,1.8,2.6,,0.2,1.125,0.0
2025-03-30 07:00,0.5,1.0,0.11,0.2,0.7,0.05,-1.7,0.0,,1.6,1.4,0.04,0.15000000000000002,0.7749999999999999,0.06666666666666667
2025-03-30 08:00,2.1,0.9,0.67,1.7,1.1,0.59,1.6,0.6,,3.2,1.7,0.51,2.1500000000000004,1.075,0.59
2025-03-30 09:00,3.5,1.4,1.32,3.2,0.7,1.21,4.1,2.4,,4.1,1.7,1.11,3.725,1.55,1.2133333333333336
2025-03-30 10:00,5.1,1.6,2.18,4.3,0.6,1.81,5.4,1.7,,5.0,2.8,1.86,4.949999999999999,1.675,1.9500000000000002
2025-03-30 11:00,6.0,1.8,2.91,6.3,1.7,2.57,5.6,3.3,,5.5,3.6,1.84,5.85,2.6,2.44
2025-03-30 12:00,7.7,2.1,2.54,8.3,2.4,2.92,6.4,5.8,,6.4,4.5,2.29,7.199999999999999,3.7,2.5833333333333335
2025-03-30 13:00,8.7,1.8,3.06,8.0,5.1,2.51,6.6,5.9,,6.8,3.3,2.6,7.5249999999999995,4.025,2.723333333333333
2025-03-30 14:00,9.2,2.3,3.16,8.0,5.4,3.17,6.8,5.0,,7.4,4.4,2.13,7.85,4.275,2.8200000000000003
2025-03-30 15:00,8.6,2.3,2.06,8.3,5.1,2.78,6.7,5.5,,6.8,5.2,2.01,7.6,4.5249999999999995,2.283333333333333
2025-03-30 16:00,8.2,1.9,1.72,7.8,4.0,2.0,6.8,5.5,,6.4,5.6,1.49,7.300000000000001,4.25,1.7366666666666666
2025-03-30 17:00,7.4,1.8,1.08,7.6,3.4,1.43,6.6,4.4,,6.2,4.2,1.01,6.95,3.45,1.1733333333333331
2025-03-30 18:00,6.8,1.8,0.67,6.5,3.1,0.65,6.3,4.0,,5.8,4.1,0.54,6.3500000000000005,3.25,0.62
2025-03-30 19:00,5.9,1.1,0.21,5.7,2.2,0.15,5.3,2.4,,5.2,2.5,0.18,5.525,2.05,0.18000000000000002
2025-03-30 20:00,5.5,1.4,,5.2,2.1,,4.5,1.3,,4.8,0.1,,5.0,1.2249999999999999,0.0
2025-03-30 21:00,5.1,1.3,,4.8,1.7,,3.2,2.6,,4.5,1.1,,4.3999999999999995,1.6749999999999998,0.0
2025-03-30 22:00,4.9,0.6,,4.3,1.1,,3.1,2.5,,4.1,0.7,,4.1,1.225,0.0
2025-03-30 23:00,4.8,0.6,,3.5,1.0,,2.7,3.3,,3.7,2.0,,3.675,1.725,0.0
2025-03-31 00:00,3.9,0.5,,2.6,1.7,,2.5,2.9,,3.4,2.5,,3.1,1.9,0.0
2025-03-31 01:00,3.4,0.6,,2.7,1.7,,2.6,3.2,,3.1,2.8,,2.9499999999999997,2.075,0.0
2025-03-31 02:00,3.2,0.1,,2.7,0.8,,2.3,3.4,,2.9,3.3,,2.775,1.9,0.0
2025-03-31 03:00,3.2,0.1,,2.7,1.5,,2.1,3.0,,2.8,3.5,,2.7,2.025,0.0
2025-03-31 04:00,2.2,1.1,,2.8,1.8,,1.6,3.2,,2.7,2.6,,2.325,2.1750000000000003,0.0
2025-03-31 05:00,2.5,0.4,,2.7,1.8,,2.0,3.0,,2.6,3.2,,2.45,2.1,0.0
2025-03-31 06:00,1.9,0.7,,2.8,1.9,,2.3,3.7,,2.5,2.7,,2.375,2.25,0.0
2025-03-31 07:00,2.1,0.0,0.13,3.1,1.2,0.06,2.8,3.0,,2.6,2.7,0.04,2.65,1.725,0.07666666666666667
2025-03-31 08:00,3.5,0.4,0.69,5.1,1.0,0.55,3.7,2.5,,4.1,2.3,0.5,4.1,1.5499999999999998,0.58
2025-03-31 09:00,5.9,0.8,1.43,7.6,1.1,1.17,6.4,2.4,,6.8,3.1,1.25,6.675,1.85,1.2833333333333332
2025-03-31 10:00,8.3,0.8,2.13,10.2,1.2,1.72,9.8,1.8,,9.0,1.0,1.99,9.325,1.2,1.9466666666666665
2025-03-31 11:00,9.6,1.3,2.46,10.5,1.8,1.82,9.8,3.3,,9.7,2.9,2.53,9.9,2.325,2.27
2025-03-31 12:00,10.8,1.2,2.96,12.4,2.6,2.3,10.1,5.3,,10.8,4.1,2.72,11.025000000000002,3.3,2.66
2025-03-31 13:00,12.1,1.4,3.03,12.2,3.8,2.45,10.5,5.6,,11.1,3.9,3.35,11.475,3.675,2.9433333333333334
2025-03-31 14:00,13.1,2.0,2.4,12.3,2.9,2.48,10.3,4.7,,11.3,4.4,3.27,11.75,3.5000000000000004,2.716666666666667
2025-03-31 15:00,13.6,1.5,2.76,12.5,3.3,2.22,10.2,4.4,,11.2,4.2,2.82,11.875,3.3499999999999996,2.6
2025-03-31 16:00,13.3,1.9,1.86,12.1,3.3,1.92,10.2,5.0,,10.7,5.5,2.24,11.575,3.925,2.006666666666667
2025-03-31 17:00,12.1,1.5,1.33,11.7,3.8,1.26,9.7,5.0,,10.1,4.3,1.47,10.9,3.6500000000000004,1.3533333333333333
2025-03-31 18:00,10.9,1.5,0.68,10.7,2.6,0.56,9.1,3.4,,9.2,4.0,0.75,9.975000000000001,2.875,0.6633333333333334
2025-03-31 19:00,9.9,1.1,0.18,9.3,2.4,0.11,8.0,2.6,,8.2,3.2,0.14,8.850000000000001,2.325,0.14333333333333334
2025-03-31 20:00,8.7,1.3,,8.2,1.2,,7.3,2.2,,7.4,1.9,,7.9,1.65,0.0
2025-03-31 21:00,7.8,0.2,,7.6,0.9,,7.0,0.5,,6.9,1.4,,7.324999999999999,0.75,0.0
2025-03-31 22:00,7.3,0.0,,7.5,1.1,,6.4,0.5,,6.5,0.4,,6.925000000000001,0.5,0.0
2025-03-31 23:00,6.9,0.4,,6.9,0.2,,5.2,1.1,,6.2,1.3,,6.3,0.75,0.0
2025-04-01 01:00,5.4,0.0,,5.2,1.3,,4.0,1.1,,5.5,1.4,,5.025,0.9500000000000001,0.0
2025-04-01 02:00,4.9,0.5,,4.3,1.6,,3.4,0.2,,5.3,2.2,,4.475,1.125,0.0
2025-04-01 03:00,4.4,0.1,,3.9,1.1,,2.9,0.2,,5.1,1.3,,4.075,0.675,0.0
2025-04-01 04:00,4.0,0.0,,3.3,1.7,,2.4,0.3,,4.8,0.2,,3.625,0.55,0.0
2025-04-01 05:00,3.4,0.1,,2.9,1.2,,2.3,0.3,,4.4,0.0,,3.25,0.4,0.0
2025-04-01 06:00,3.1,0.0,,2.7,1.5,,2.2,0.5,,4.3,1.3,,3.075,0.825,0.0
2025-04-01 07:00,3.0,0.6,0.11,3.1,1.1,0.06,2.8,0.2,,4.0,1.4,0.03,3.2249999999999996,0.825,0.06666666666666667
2025-04-01 08:00,4.5,1.0,0.61,5.1,0.4,0.55,4.7,1.7,,5.1,0.5,0.55,4.85,0.8999999999999999,0.5700000000000001
2025-04-01 09:00,8.4,0.6,1.45,7.3,1.0,1.27,7.0,2.2,,6.8,1.6,1.28,7.375,1.35,1.3333333333333333
2025-04-01 10:00,12.1,2.2,2.26,9.7,1.2,1.99,8.6,2.5,,9.1,2.7,2.05,9.875,2.1500000000000004,2.1
2025-04-01 11:00,14.3,1.8,2.88,12.1,1.9,2.58,10.9,3.0,,11.6,2.8,2.74,12.225,2.375,2.733333333333333
2025-04-01 12:00,15.2,2.0,3.25,14.1,1.9,2.95,13.0,2.3,,13.4,2.9,3.11,13.924999999999999,2.275,3.1033333333333335
2025-04-01 13:00,16.9,2.3,3.37,15.0,2.6,3.11,13.9,3.7,,14.2,3.3,3.29,15.0,2.9750000000000005,3.2566666666666664
2025-04-01 14:00,17.4,1.5,3.24,16.1,2.7,3.02,15.6,3.5,,14.3,4.8,3.18,15.850000000000001,3.125,3.1466666666666665
2025-04-01 15:00,17.9,1.5,2.91,16.4,2.4,2.64,12.7,6.5,,13.5,6.1,2.8,15.125,4.125,2.7833333333333337
2025-04-01 16:00,18.7,1.1,2.35,17.0,2.4,2.08,12.8,4.9,,13.6,5.1,2.26,15.525,3.375,2.23
2025-04-01 17:00,14.8,3.0,1.58,14.2,3.8,1.4,11.4,3.8,,11.9,4.8,1.57,13.075,3.8499999999999996,1.5166666666666666
2025-04-01 18:00,13.4,1.0,0.79,12.7,2.9,0.71,10.7,3.2,,10.9,4.0,0.79,11.924999999999999,2.775,0.7633333333333333
2025-04-01 19:00,12.0,1.4,0.19,11.2,2.2,0.14,9.2,3.1,,9.7,4.7,0.19,10.524999999999999,2.85,0.17333333333333334
2025-04-01 20:00,11.1,1.6,,10.0,2.9,,8.3,1.8,,8.6,1.8,,9.5,2.025,0.0
2025-04-01 21:00,10.1,1.2,,8.7,1.4,,7.2,0.4,,8.0,0.9,,8.5,0.9749999999999999,0.0
2025-04-01 22:00,9.4,0.7,,8.8,1.2,,6.7,1.6,,7.0,1.4,,7.9750000000000005,1.225,0.0
2025-04-01 23:00,9.4,0.5,,8.0,0.8,,5.3,1.3,,6.2,1.0,,7.225,0.9,0.0
2025-04-02 00:00,8.2,0.1,,6.5,0.9,,4.1,2.6,,5.7,1.2,,6.124999999999999,1.2,0.0
2025-04-02 01:00,7.6,0.8,,6.3,0.8,,3.8,0.6,,5.8,1.1,,5.875,0.8250000000000001,0.0
2025-04-02 02:00,6.7,0.3,,5.8,1.0,,2.8,1.2,,5.1,1.6,,5.1,1.025,0.0
2025-04-02 03:00,6.1,0.0,,5.6,0.3,,3.7,0.6,,4.5,1.8,,4.975,0.675,0.0
2025-04-02 04:00,5.4,0.2,,4.8,0.3,,3.2,2.3,,4.7,1.5,,4.5249999999999995,1.075,0.0
2025-04-02 05:00,4.6,0.2,,3.7,2.0,,2.2,0.2,,4.1,0.0,,3.65,0.6000000000000001,0.0
2025-04-02 06:00,4.2,0.9,,3.6,1.1,,2.0,0.3,,4.3,0.0,,3.5250000000000004,0.575,0.0
2025-04-02 07:00,4.2,0.3,0.13,3.9,1.3,0.07,1.7,0.4,,3.9,1.2,0.06,3.425,0.8,0.08666666666666667
2025-04-02 08:00,5.4,0.0,0.72,6.2,1.2,0.58,5.1,0.4,,6.3,0.6,0.61,5.750000000000001,0.55,0.6366666666666666
2025-04-02 09:00,8.3,0.5,1.51,10.1,0.4,1.29,8.4,2.2,,8.6,2.3,1.38,8.85,1.35,1.3933333333333333
2025-04-02 10:00,10.6,1.4,2.23,12.2,0.7,1.97,10.6,1.8,,11.8,2.0,2.14,11.3,1.4749999999999999,2.1133333333333333
2025-04-02 11:00,13.6,1.3,2.83,14.3,1.0,2.49,13.2,1.9,,13.3,3.1,2.73,13.599999999999998,1.8249999999999997,2.6833333333333336
2025-04-02 12:00,15.8,1.6,3.19,15.8,1.6,2.85,15.1,2.1,,14.2,4.1,3.13,15.225000000000001,2.35,3.0566666666666666
2025-04-02 13:00,17.4,2.9,3.27,16.3,3.9,3.11,13.5,6.1,,15.1,3.6,3.27,15.575000000000001,4.125,3.216666666666667
2025-04-02 14:00,17.1,2.8,3.04,15.6,4.4,2.72,12.3,6.8,,14.2,4.6,3.07,14.8,4.65,2.9433333333333334
2025-04-02 15:00,15.4,3.8,2.46,13.4,5.2,1.61,10.2,6.6,,11.7,7.4,2.43,12.675,5.75,2.1666666666666665
2025-04-02 16:00,11.5,2.9,1.04,11.4,4.3,1.02,9.8,5.4,,10.0,5.6,0.63,10.675,4.55,0.8966666666666666
2025-04-02 17:00,11.1,1.7,0.39,10.5,3.4,0.35,8.9,3.1,,9.7,1.7,0.48,10.05,2.4749999999999996,0.4066666666666667
2025-04-02 18:00,10.3,1.3,0.21,9.9,2.2,0.17,8.9,4.8,,10.1,2.0,0.41,9.8,2.575,0.26333333333333336
2025-04-02 19:00,10.1,1.6,0.16,9.6,2.4,0.11,8.3,3.3,,8.8,3.1,0.17,9.2,2.6,0.1466666666666667
2025-04-02 20:00,9.9,1.5,,8.9,2.8,,7.9,2.3,,8.4,2.8,,8.775,2.3499999999999996,0.0
2025-04-02 21:00,9.4,1.0,,8.6,1.8,,8.1,3.1,,8.0,2.8,,8.525,2.175,0.0
2025-04-02 22:00,8.6,1.1,,8.4,1.4,,7.9,2.5,,7.4,2.2,,8.075,1.8,0.0
2025-04-02 23:00,8.6,1.8,,8.4,0.8,,7.4,2.6,,7.5,1.6,,7.975,1.7000000000000002,0.0
2025-04-03 00:00,8.4,1.2,,8.4,1.3,,7.2,2.9,,7.1,2.8,,7.775,2.05,0.0
2025-04-03 01:00,8.0,1.7,,7.9,1.9,,7.0,1.9,,7.0,2.7,,7.475,2.05,0.0
2025-04-03 02:00,7.9,0.3,,7.5,1.1,,6.1,0.7,,6.9,3.3,,7.1,1.35,0.0
2025-04-03 03:00,7.5,1.5,,7.3,1.3,,4.7,1.1,,7.4,4.2,,6.725,2.025,0.0
2025-04-03 04:00,7.5,1.5,,7.1,1.3,,3.9,0.3,,7.3,4.0,,6.45,1.775,0.0
2025-04-03 05:00,6.9,0.2,,6.9,1.1,,4.5,0.0,,7.2,3.8,,6.375,1.275,0.0
2025-04-03 06:00,5.6,1.5,,6.8,0.7,,4.6,0.2,,7.0,2.8,,6.0,1.3,0.0
2025-04-03 07:00,6.5,0.2,0.14,6.5,0.1,0.06,5.2,0.3,,7.0,2.3,0.02,6.3,0.725,0.07333333333333333
2025-04-03 08:00,7.5,1.6,0.67,7.6,1.1,0.34,6.4,1.9,,7.4,2.6,0.18,7.225,1.7999999999999998,0.39666666666666667
2025-04-03 09:00,8.9,1.7,1.48,8.3,1.1,0.82,8.3,1.6,,7.7,1.7,0.37,8.3,1.5250000000000001,0.89
2025-04-03 10:00,11.3,0.6,2.27,10.2,1.4,1.77,9.1,2.2,,8.1,1.2,0.45,9.675,1.35,1.4966666666666668
2025-04-03 11:00,12.2,1.0,2.78,11.6,1.4,2.04,10.8,3.1,,9.4,2.6,1.26,10.999999999999998,2.025,2.026666666666667
2025-04-03 12:00,12.3,0.9,2.69,13.1,2.1,2.59,11.6,2.2,,9.8,3.3,1.74,11.7,2.125,2.34
2025-04-03 13:00,14.3,1.3,2.88,15.2,2.6,3.01,12.8,2.9,,11.0,3.3,2.47,13.325,2.5250000000000004,2.7866666666666666
2025-04-03 14:00,15.4,2.6,2.85,14.6,2.9,2.73,10.8,7.4,,11.2,4.1,3.21,13.0,4.25,2.9299999999999997
2025-04-03 15:00,15.0,1.3,2.03,15.3,2.4,1.45,12.2,5.4,,11.5,3.5,2.79,13.5,3.1500000000000004,2.09
2025-04-03 16:00,14.9,1.8,1.76,14.4,4.3,1.89,12.0,4.5,,11.6,4.1,2.28,13.225,3.675,1.9766666666666666
2025-04-03 17:00,14.2,2.6,1.53,13.6,3.9,1.41,11.6,4.7,,10.0,4.8,1.18,12.35,4.0,1.3733333333333333
2025-04-03 18:00,12.2,1.8,0.78,11.6,2.9,0.67,10.2,4.2,,9.0,4.6,0.48,10.75,3.375,0.6433333333333334
2025-04-03 19:00,10.9,1.1,0.18,9.9,2.3,0.12,8.8,2.7,,8.5,3.3,0.07,9.525,2.3499999999999996,0.12333333333333334
2025-04-03 20:00,9.9,2.0,,8.6,3.0,,7.9,2.1,,8.0,2.5,,8.6,2.4,0.0
2025-04-03 21:00,9.6,0.9,,8.3,2.2,,7.1,0.9,,7.5,2.9,,8.125,1.725,0.0
2025-04-03 22:00,8.8,1.0,,8.3,1.6,,7.5,2.1,,6.9,2.1,,7.875,1.7000000000000002,0.0
2025-04-03 23:00,8.5,0.3,,8.5,1.2,,6.4,1.0,,6.5,1.4,,7.475,0.975,0.0
2025-04-04 00:00,8.4,0.8,,8.4,0.5,,6.6,0.9,,6.0,2.6,,7.35,1.2000000000000002,0.0
2025-04-04 01:00,8.1,1.0,,8.0,0.8,,7.2,2.2,,5.9,0.0,,7.300000000000001,1.0,0.0
2025-04-04 02:00,7.6,0.4,,7.5,1.0,,6.9,2.2,,5.5,1.0,,6.875,1.15,0.0
2025-04-04 03:00,7.1,0.1,,7.5,0.8,,5.6,1.1,,4.9,0.9,,6.275,0.725,0.0
2025-04-04 04:00,7.0,0.4,,7.3,1.0,,5.3,1.0,,5.3,1.6,,6.2250000000000005,1.0,0.0
2025-04-04 05:00,6.2,1.5,,6.8,0.8,,5.1,0.5,,4.9,2.5,,5.75,1.325,0.0
2025-04-04 06:00,6.1,0.8,,6.6,1.2,,4.5,1.0,,4.4,2.2,,5.4,1.3,0.0
2025-04-04 07:00,5.9,0.0,0.14,6.5,0.7,0.07,4.4,0.5,,4.0,0.1,0.05,5.2,0.325,0.08666666666666667
2025-04-04 08:00,7.1,0.5,0.71,8.2,0.5,0.54,6.1,0.1,,5.4,1.2,0.57,6.699999999999999,0.575,0.6066666666666666
2025-04-04 09:00,9.6,0.7,1.47,10.4,0.8,1.27,9.0,0.6,,7.5,1.1,1.38,9.125,0.8,1.3733333333333333
2025-04-04 10:00,11.4,0.7,2.21,12.5,1.5,2.0,10.6,2.2,,8.5,2.1,2.08,10.75,1.625,2.0966666666666667
2025-04-04 11:00,13.0,1.3,2.84,14.2,1.1,2.55,12.4,2.7,,11.3,1.7,2.74,12.725000000000001,1.7000000000000002,2.7099999999999995
2025-04-04 12:00,15.0,1.7,3.21,15.4,2.4,2.93,14.6,2.0,,12.3,2.9,3.1,14.325,2.25,3.08
2025-04-04 13:00,17.3,2.5,3.4,15.9,2.6,2.81,14.3,3.9,,13.0,4.0,3.31,15.125,3.25,3.1733333333333333
2025-04-04 14:00,17.6,2.3,2.85,16.6,2.1,2.96,14.4,5.1,,13.8,3.4,3.22,15.600000000000001,3.225,3.0100000000000002
2025-04-04 15:00,18.0,2.7,2.9,17.6,2.3,2.57,13.0,5.2,,13.5,4.3,2.87,15.525,3.625,2.78
2025-04-04 16:00,17.9,2.4,2.19,16.1,4.2,2.08,11.6,5.8,,13.4,3.2,2.3,14.75,3.8999999999999995,2.19
2025-04-04 17:00,16.8,3.1,1.54,13.7,4.2,1.41,11.1,4.3,,13.1,3.8,1.58,13.675,3.8500000000000005,1.51
2025-04-04 18:00,14.6,2.7,0.76,12.0,3.2,0.68,10.3,3.5,,11.5,4.0,0.74,12.100000000000001,3.35,0.7266666666666666
2025-04-04 19:00,12.9,3.3,0.17,10.5,1.9,0.12,9.3,2.7,,10.1,4.7,0.14,10.700000000000001,3.15,0.14333333333333334
2025-04-04 20:00,11.7,2.0,,9.9,1.4,,8.8,2.4,,10.1,2.3,,10.125,2.025,0.0
2025-04-04 21:00,10.9,1.2,,9.2,0.9,,8.1,1.0,,9.8,4.4,,9.5,1.875,0.0
2025-04-04 22:00,11.0,1.8,,8.4,1.0,,6.9,1.3,,9.6,3.9,,8.975,2.0,0.0
2025-04-04 23:00,10.4,2.4,,8.8,0.0,,6.9,1.5,,9.4,3.4,,8.875,1.825,0.0
2025-04-05 00:00,10.2,1.5,,7.9,1.5,,6.9,0.6,,9.2,2.3,,8.55,1.475,0.0
2025-04-05 01:00,10.4,2.3,,8.0,0.5,,6.6,0.3,,9.1,1.1,,8.525,1.0499999999999998,0.0
2025-04-05 02:00,10.4,2.3,,7.6,1.4,,7.0,0.4,,9.3,2.8,,8.575,1.7249999999999999,0.0
2025-04-05 03:00,10.4,1.3,,7.7,1.1,,7.0,1.8,,9.6,2.7,,8.675,1.725,0.0
2025-04-05 04:00,10.6,1.6,,7.4,2.1,,7.1,0.8,,9.6,0.9,,8.675,1.35,0.0
2025-04-05 05:00,10.0,1.8,,7.9,1.1,,7.6,1.5,,9.8,2.3,,8.825,1.675,0.0
2025-04-05 06:00,9.6,1.0,,8.8,1.0,,7.5,2.5,,9.6,2.2,,8.875,1.675,0.0
2025-04-05 07:00,10.6,1.6,0.11,9.3,1.8,0.04,7.8,3.7,,10.1,2.8,0.03,9.45,2.475,0.06
2025-04-05 08:00,11.6,3.1,0.42,11.8,2.1,0.38,9.4,4.0,,10.9,5.3,0.35,10.924999999999999,3.625,0.3833333333333333
2025-04-05 09:00,12.4,4.1,0.92,13.5,3.8,1.06,11.8,4.4,,11.7,5.2,0.33,12.350000000000001,4.375,0.77
2025-04-05 10:00,13.4,3.5,0.7,14.1,3.0,1.02,10.7,2.7,,12.2,4.3,0.69,12.600000000000001,3.375,0.8033333333333333
2025-04-05 11:00,14.3,3.3,1.05,12.2,1.6,0.25,10.5,3.6,,11.8,4.7,0.63,12.2,3.3,0.6433333333333334
2025-04-05 12:00,13.3,3.2,0.6,11.3,2.1,0.25,9.7,4.6,,10.7,5.2,0.25,11.25,3.7750000000000004,0.3666666666666667
2025-04-05 13:00,10.8,2.2,0.33,10.6,1.1,0.24,9.8,3.7,,10.8,4.1,0.43,10.5,2.775,0.3333333333333333
2025-04-05 14:00,11.0,2.7,0.24,11.2,0.9,0.17,10.3,3.8,,11.9,3.7,1.37,11.1,2.7750000000000004,0.5933333333333334
2025-04-05 15:00,11.3,2.4,0.26,11.5,3.1,0.21,10.5,3.9,,11.8,3.4,0.65,11.274999999999999,3.2,0.37333333333333335
2025-04-05 16:00,12.0,2.2,0.35,11.8,3.6,0.33,10.4,3.5,,11.9,6.2,1.51,11.525,3.875,0.73
2025-04-05 17:00,12.2,2.7,0.37,11.8,3.6,0.29,10.6,3.3,,11.5,5.0,0.69,11.525,3.6500000000000004,0.44999999999999996
2025-04-05 18:00,12.0,1.8,0.19,11.9,3.0,0.15,10.1,3.0,,11.0,5.2,0.25,11.25,3.25,0.19666666666666666
2025-04-05 19:00,11.6,3.1,0.11,11.1,5.4,0.01,9.6,7.8,,10.6,3.9,0.03,10.725,5.05,0.049999999999999996
2025-04-05 20:00,11.0,2.9,,9.9,4.3,,8.3,7.5,,9.9,5.8,,9.775,5.125,0.0
2025-04-05 21:00,10.1,2.1,,8.9,3.6,,7.5,5.4,,8.9,5.0,,8.85,4.025,0.0
2025-04-05 22:00,8.8,1.4,,7.9,3.1,,7.3,3.0,,8.3,5.2,,8.075000000000001,3.175,0.0
2025-04-05 23:00,7.8,0.8,,7.6,2.1,,6.9,2.6,,7.6,3.0,,7.475,2.125,0.0
2025-04-06 00:00,7.6,1.3,,7.1,2.4,,5.9,1.9,,6.9,2.1,,6.875,1.9249999999999998,0.0
2025-04-06 01:00,7.0,1.5,,6.9,1.4,,5.8,0.7,,6.2,1.3,,6.475,1.2249999999999999,0.0
2025-04-06 02:00,6.5,0.8,,6.5,0.5,,5.3,1.4,,6.4,1.6,,6.175000000000001,1.0750000000000002,0.0
2025-04-06 03:00,5.7,1.0,,5.5,1.3,,6.3,2.3,,6.0,1.5,,5.875,1.525,0.0
2025-04-06 04:00,5.4,0.9,,4.7,1.7,,7.1,4.5,,5.6,0.5,,5.700000000000001,1.9,0.0
2025-04-06 05:00,5.3,0.4,,4.3,1.2,,6.6,3.0,,5.3,0.4,,5.375,1.25,0.0
2025-04-06 06:00,4.9,0.3,,4.0,1.6,,6.1,0.6,,5.3,0.3,,5.075,0.7,0.0
2025-04-06 07:00,4.9,0.1,0.18,4.4,1.7,0.1,4.1,1.8,,4.8,0.2,0.09,4.55,0.9500000000000001,0.12333333333333334
2025-04-06 08:00,5.9,1.0,0.82,6.6,1.3,0.68,6.8,2.3,,6.8,1.6,0.75,6.525,1.5499999999999998,0.75
2025-04-06 09:00,8.2,1.2,1.64,9.5,1.0,1.42,9.4,2.2,,9.1,1.9,1.55,9.05,1.5750000000000002,1.5366666666666664
2025-04-06 10:00,10.7,1.5,2.4,11.8,0.8,2.12,11.3,2.0,,10.8,2.6,2.29,11.149999999999999,1.725,2.27
2025-04-06 11:00,12.3,1.3,2.99,12.1,1.9,2.7,11.8,3.7,,12.3,3.3,2.93,12.125,2.55,2.8733333333333335
2025-04-06 12:00,14.1,1.8,3.34,13.5,3.3,3.03,12.4,4.8,,13.2,2.9,3.31,13.3,3.1999999999999997,3.2266666666666666
2025-04-06 13:00,16.3,1.8,3.48,15.2,2.7,3.21,12.9,5.9,,13.7,4.1,3.44,14.524999999999999,3.625,3.3766666666666665
2025-04-06 14:00,17.7,2.5,3.38,15.0,4.1,3.14,13.2,6.6,,14.0,5.2,3.33,14.975000000000001,4.6,3.283333333333333
2025-04-06 15:00,16.8,2.8,3.02,15.1,3.5,2.84,13.9,6.2,,14.8,4.5,3.0,15.149999999999999,4.25,2.953333333333333
2025-04-06 16:00,17.1,2.3,2.45,15.6,3.2,2.29,13.4,4.9,,14.5,3.2,2.47,15.15,3.4000000000000004,2.4033333333333338
2025-04-06 17:00,15.8,2.2,1.73,14.5,3.5,1.62,13.7,5.0,,14.1,3.2,1.75,14.525,3.4749999999999996,1.7
2025-04-06 18:00,14.8,1.9,0.94,13.6,2.4,0.85,12.7,5.0,,13.4,2.8,0.96,13.624999999999998,3.0250000000000004,0.9166666666666666
2025-04-06 19:00,13.3,0.8,0.22,12.1,1.7,0.18,11.1,2.0,,11.6,3.2,0.24,12.025,1.925,0.21333333333333335
2025-04-06 20:00,12.2,1.3,,11.4,2.4,,9.9,1.7,,10.4,1.4,,10.975,1.7000000000000002,0.0
2025-04-06 21:00,11.8,1.1,,10.7,0.9,,9.0,0.7,,9.4,0.5,,10.225,0.8,0.0
2025-04-06 22:00,10.6,0.8,,9.4,1.3,,7.9,1.4,,8.7,0.7,,9.149999999999999,1.05,0.0
2025-04-06 23:00,9.3,0.9,,7.8,1.4,,6.9,2.3,,8.4,2.3,,8.1,1.7249999999999999,0.0
2025-04-07 00:00,8.7,0.2,,7.3,1.7,,6.3,2.4,,7.8,1.7,,7.525,1.5,0.0
2025-04-07 01:00,8.3,0.4,,6.2,1.6,,5.6,2.2,,7.3,1.7,,6.8500000000000005,1.475,0.0
2025-04-07 02:00,6.8,0.9,,6.0,1.7,,4.8,0.8,,6.5,1.7,,6.025,1.2750000000000001,0.0
2025-04-07 03:00,6.4,0.1,,5.6,1.6,,4.1,0.5,,6.3,2.7,,5.6000000000000005,1.225,0.0
2025-04-07 04:00,5.6,0.6,,5.2,1.3,,3.8,1.8,,6.0,2.7,,5.15,1.6,0.0
2025-04-07 05:00,5.2,0.2,,5.1,1.6,,2.9,0.3,,5.5,2.8,,4.675000000000001,1.225,0.0
2025-04-07 06:00,4.5,1.1,,5.4,2.0,,2.3,0.0,,5.7,3.3,,4.475,1.6,0.0
2025-04-07 07:00,4.0,0.1,0.19,6.5,0.9,0.12,3.0,0.0,,5.5,2.7,0.1,4.75,0.925,0.1366666666666667
2025-04-07 08:00,6.7,0.6,0.88,9.6,1.3,0.74,7.2,0.2,,8.7,4.3,0.76,8.05,1.6,0.7933333333333333
2025-04-07 09:00,10.2,0.5,1.68,12.7,0.9,1.49,11.4,1.9,,11.4,4.9,1.58,11.424999999999999,2.05,1.5833333333333333
2025-04-07 10:00,14.8,0.4,2.43,15.9,1.2,2.19,14.3,3.4,,13.7,3.3,2.31,14.675,2.075,2.31
2025-04-07 11:00,17.0,1.5,2.99,18.1,1.8,2.75,16.8,2.1,,16.1,2.5,2.86,17.0,1.975,2.8666666666666667
2025-04-07 12:00,19.8,3.2,3.36,19.6,1.3,3.06,18.7,2.9,,17.9,2.8,3.22,19.0,2.55,3.2133333333333334
2025-04-07 13:00,21.7,3.4,3.48,20.9,2.8,3.2,18.7,3.6,,18.3,7.0,3.35,19.9,4.199999999999999,3.3433333333333333
2025-04-07 14:00,22.0,1.8,3.3,21.3,3.6,3.06,18.4,4.0,,18.0,6.3,3.23,19.924999999999997,3.925,3.1966666666666668
2025-04-07 15:00,22.0,2.8,2.83,21.9,3.3,2.72,18.4,4.3,,17.7,7.3,2.79,20.0,4.425,2.78
2025-04-07 16:00,21.7,3.5,2.22,22.0,2.9,2.18,18.4,4.5,,17.8,5.6,2.05,19.975,4.125,2.15
2025-04-07 17:00,20.0,3.7,1.56,20.7,4.1,1.37,18.0,3.3,,17.8,4.7,1.3,19.125,3.95,1.4100000000000001
2025-04-07 18:00,18.6,2.8,0.73,19.8,2.9,0.54,17.1,2.2,,17.1,4.9,0.85,18.150000000000002,3.2,0.7066666666666667
2025-04-07 19:00,16.5,2.7,0.22,18.0,3.3,0.13,16.5,4.2,,14.7,4.5,0.16,16.425,3.675,0.17
2025-04-07 20:00,15.4,2.8,,16.7,2.4,,15.3,3.0,,13.2,4.1,,15.150000000000002,3.0749999999999997,0.0
2025-04-07 21:00,15.0,2.3,,16.4,1.5,,14.5,3.4,,12.5,3.8,,14.6,2.75,0.0
2025-04-07 22:00,14.3,1.9,,15.1,2.1,,13.7,3.9,,12.5,4.2,,13.899999999999999,3.0250000000000004,0.0
2025-04-07 23:00,13.3,1.0,,16.0,1.9,,13.5,4.9,,12.2,3.7,,13.75,2.875,0.0
2025-04-08 00:00,13.0,1.2,,16.3,3.9,,13.2,2.8,,12.1,3.0,,13.65,2.7249999999999996,0.0
2025-04-08 01:00,12.8,1.4,,16.2,3.5,,12.6,2.0,,11.7,3.5,,13.325,2.6,0.0
2025-04-08 02:00,12.2,1.5,,15.5,0.5,,12.1,2.0,,11.7,3.9,,12.875,1.975,0.0
2025-04-08 03:00,12.6,1.2,,14.7,1.2,,15.0,3.7,,12.5,4.0,,13.7,2.525,0.0
2025-04-08 04:00,12.6,2.4,,15.6,2.5,,11.2,3.0,,12.7,3.2,,13.024999999999999,2.7750000000000004,0.0
2025-04-08 05:00,12.8,1.6,,14.8,2.1,,11.9,4.5,,13.8,4.6,,13.325,3.1999999999999997,0.0
2025-04-08 06:00,11.8,1.0,,14.7,2.7,,12.1,3.5,,12.8,2.8,,12.850000000000001,2.5,0.0
2025-04-08 07:00,12.5,3.6,0.16,13.8,1.9,0.07,11.7,2.0,,11.4,1.8,0.07,12.35,2.325,0.10000000000000002
2025-04-08 08:00,13.2,2.5,0.62,13.9,3.2,0.31,12.3,2.8,,12.3,2.9,0.54,12.925,2.85,0.49
2025-04-08 09:00,15.0,1.3,1.22,14.1,2.3,0.5,13.0,3.7,,14.0,4.2,1.21,14.025,2.875,0.9766666666666666
2025-04-08 10:00,17.1,2.8,1.98,15.4,2.8,1.2,14.5,2.8,,14.7,3.9,1.84,15.425,3.0749999999999997,1.6733333333333331
2025-04-08 11:00,18.6,1.6,2.73,17.5,2.0,2.41,13.8,5.0,,15.9,4.2,2.47,16.450000000000003,3.2,2.536666666666667
2025-04-08 12:00,20.4,2.1,3.2,18.7,2.8,2.94,13.1,2.0,,16.0,4.0,3.1,17.049999999999997,2.725,3.08
2025-04-08 13:00,20.9,2.5,3.39,19.6,3.8,3.19,13.6,3.8,,16.6,4.1,3.37,17.675,3.55,3.3166666666666664
2025-04-08 14:00,21.5,2.3,3.34,19.2,5.2,3.16,13.8,4.2,,16.9,5.3,3.28,17.85,4.25,3.26
2025-04-08 15:00,21.1,2.1,3.05,18.5,4.3,2.9,16.0,6.7,,16.8,5.6,2.93,18.1,4.675000000000001,2.9599999999999995
2025-04-08 16:00,20.4,2.4,2.4,18.6,4.7,2.39,15.8,7.4,,16.2,6.2,2.51,17.75,5.175,2.433333333333333
2025-04-08 17:00,19.0,1.7,1.47,17.3,4.3,1.67,14.9,5.2,,15.4,6.3,1.75,16.65,4.375,1.63
2025-04-08 18:00,17.6,1.7,0.7,16.1,3.9,0.88,12.9,4.2,,14.8,7.1,0.97,15.350000000000001,4.225,0.85
2025-04-08 19:00,15.5,2.0,0.24,13.9,2.7,0.18,11.1,3.7,,12.9,5.1,0.19,13.35,3.375,0.20333333333333334
2025-04-08 20:00,13.8,2.5,,12.9,1.4,,10.1,3.8,,11.2,3.8,0.0,12.0,2.875,0.0
2025-04-08 21:00,12.4,2.4,,11.8,1.6,,9.6,3.0,,9.8,3.5,,10.900000000000002,2.625,0.0
2025-04-08 22:00,11.6,1.7,,11.8,1.4,,8.2,1.5,,9.0,2.0,,10.149999999999999,1.65,0.0
2025-04-08 23:00,10.9,2.4,,9.6,0.5,,7.0,1.4,,8.8,1.9,,9.075,1.5499999999999998,0.0
2025-04-09 00:00,10.6,0.7,,9.0,1.1,,7.0,1.1,,8.1,0.5,,8.675,0.8500000000000001,0.0
2025-04-09 01:00,10.3,0.7,,7.9,1.4,,5.9,0.3,,7.7,0.0,,7.95,0.5999999999999999,0.0
2025-04-09 02:00,9.7,0.6,,8.1,1.2,,5.1,0.2,,7.5,0.3,,7.6,0.575,0.0
2025-04-09 03:00,8.8,0.5,,7.7,0.3,,4.7,0.8,,7.5,3.3,,7.175,1.225,0.0
2025-04-09 04:00,7.6,0.8,,7.1,0.6,,4.0,1.6,,7.0,1.7,,6.425,1.175,0.0
2025-04-09 05:00,7.6,0.0,,6.5,1.5,,4.1,0.4,,6.9,2.0,,6.275,0.975,0.0
2025-04-09 06:00,6.5,0.1,,5.8,0.8,,3.7,0.9,,6.5,2.5,,5.625,1.075,0.0
2025-04-09 07:00,7.1,0.0,0.19,7.3,1.7,0.11,4.2,0.7,,6.6,1.3,0.1,6.299999999999999,0.925,0.13333333333333333
2025-04-09 08:00,9.2,0.2,0.8,10.2,1.3,0.67,6.9,0.8,,9.0,1.1,0.64,8.825,0.85,0.7033333333333335
2025-04-09 09:00,12.0,0.3,1.53,14.3,0.8,1.35,10.1,0.8,,12.7,3.0,1.43,12.274999999999999,1.225,1.4366666666666665
2025-04-09 10:00,16.0,0.5,2.18,16.4,1.5,1.85,14.7,0.9,,16.0,3.4,2.15,15.774999999999999,1.575,2.06
2025-04-09 11:00,20.0,1.6,2.86,18.8,2.5,2.1,14.7,1.5,,18.2,4.3,2.75,17.925,2.4749999999999996,2.57
2025-04-09 12:00,20.1,2.5,2.48,20.0,2.6,1.89,17.3,2.2,,19.2,4.6,2.67,19.150000000000002,2.9749999999999996,2.3466666666666667
2025-04-09 13:00,21.8,3.7,2.88,20.7,1.7,2.3,18.3,1.8,,19.3,4.8,2.0,20.025,3.0,2.393333333333333
2025-04-09 14:00,22.7,1.9,2.2,21.6,1.4,1.7,14.6,7.1,,20.3,4.0,2.25,19.8,3.5999999999999996,2.0500000000000003
2025-04-09 15:00,22.7,2.7,2.37,17.3,3.0,1.98,13.9,6.0,,15.1,4.6,2.19,17.25,4.074999999999999,2.1799999999999997
2025-04-09 16:00,18.6,2.5,1.88,15.7,2.4,1.54,11.6,2.5,,14.1,4.0,1.45,15.0,2.85,1.6233333333333333
2025-04-09 17:00,17.2,1.7,0.64,14.5,1.9,0.17,14.0,5.3,,13.9,1.7,0.32,14.9,2.6499999999999995,0.3766666666666667
2025-04-09 18:00,15.0,1.6,0.13,15.0,2.9,0.25,14.7,4.6,,13.5,5.3,0.18,14.55,3.5999999999999996,0.18666666666666668
2025-04-09 19:00,15.9,0.8,0.18,15.9,2.0,0.13,14.3,0.1,,14.2,4.7,0.15,15.075,1.9,0.15333333333333332
2025-04-09 20:00,15.4,1.4,0.05,15.9,1.3,0.0,13.0,0.6,,13.9,3.5,0.0,14.549999999999999,1.7000000000000002,0.016666666666666666
2025-04-09 21:00,14.4,0.5,,15.6,1.0,,11.9,0.2,,13.4,2.3,,13.825,1.0,0.0
2025-04-09 22:00,13.6,0.5,,14.8,0.6,,10.8,1.6,,12.9,2.0,,13.025,1.175,0.0
2025-04-09 23:00,13.5,0.5,,14.4,1.6,,11.0,1.7,,12.5,2.7,,12.85,1.625,0.0
2025-04-10 00:00,12.5,0.6,,12.6,1.3,,10.3,0.7,,12.3,1.1,,11.925,0.9249999999999999,0.0
2025-04-10 01:00,12.8,0.2,,12.2,0.8,,10.7,1.4,,12.0,1.3,,11.925,0.925,0.0
2025-04-10 02:00,13.2,0.0,,12.3,0.6,,10.9,0.4,,12.6,0.8,,12.25,0.45,0.0
2025-04-10 03:00,13.2,0.2,,12.3,0.9,,10.6,1.7,,11.9,0.5,,12.0,0.825,0.0
2025-04-10 04:00,12.9,0.4,,12.2,0.7,,10.0,1.5,,11.8,2.3,,11.725000000000001,1.225,0.0
2025-04-10 05:00,12.4,0.2,,12.2,0.0,,9.8,1.6,,11.0,3.2,,11.350000000000001,1.25,0.0
2025-04-10 06:00,11.8,0.0,,12.0,0.5,,10.0,1.3,,10.8,0.1,,11.149999999999999,0.47500000000000003,0.0
2025-04-10 07:00,12.4,1.1,0.12,12.4,0.8,0.05,10.2,0.0,,10.9,1.2,0.08,11.475,0.775,0.08333333333333333
2025-04-10 08:00,13.1,1.2,0.5,12.7,1.0,0.2,11.0,1.0,,10.6,2.9,0.18,11.85,1.525,0.2933333333333333
2025-04-10 09:00,13.8,1.8,0.95,13.1,1.7,0.6,11.8,2.2,,10.7,2.1,0.3,12.350000000000001,1.9500000000000002,0.6166666666666666
2025-04-10 10:00,14.8,1.8,1.55,13.2,1.6,0.72,12.6,2.7,,11.0,2.7,0.72,12.9,2.2,0.9966666666666667
2025-04-10 11:00,15.7,1.9,1.79,14.1,1.2,0.88,13.2,3.3,,11.0,3.5,0.91,13.5,2.4749999999999996,1.1933333333333334
2025-04-10 12:00,17.3,2.2,3.11,15.3,1.2,1.7,13.2,5.2,,11.8,3.8,1.51,14.399999999999999,3.1000000000000005,2.1066666666666665
2025-04-10 13:00,17.8,1.9,2.62,15.2,2.0,1.53,12.9,6.3,,12.5,4.7,2.87,14.6,3.7249999999999996,2.3400000000000003
2025-04-10 14:00,18.3,2.2,2.55,15.9,2.6,1.1,13.7,4.9,,13.1,4.2,3.08,15.250000000000002,3.4750000000000005,2.2433333333333336
2025-04-10 15:00,18.0,1.9,2.51,17.1,2.9,2.42,13.4,4.8,,12.9,4.4,2.92,15.35,3.5,2.6166666666666667
2025-04-10 16:00,17.3,2.0,2.28,17.2,3.2,2.13,13.3,5.6,,12.5,5.4,2.39,15.075,4.050000000000001,2.266666666666667
2025-04-10 17:00,17.1,1.8,1.56,15.8,3.3,1.42,12.5,4.3,,12.8,6.9,1.69,14.55,4.074999999999999,1.5566666666666666
2025-04-10 18:00,15.5,1.6,0.88,14.6,3.0,0.81,12.3,3.9,,12.1,5.3,0.96,13.625000000000002,3.45,0.8833333333333333
2025-04-10 19:00,13.8,1.9,0.25,12.8,2.4,0.19,11.2,3.3,,10.8,5.1,0.26,12.149999999999999,3.175,0.2333333333333333
2025-04-10 20:00,12.6,1.2,0.05,10.9,2.0,0.0,10.1,2.8,,9.6,4.4,0.0,10.8,2.6,0.016666666666666666
2025-04-10 21:00,12.1,0.7,,10.1,2.1,,9.2,0.8,,8.8,3.7,,10.05,1.825,0.0
2025-04-10 22:00,11.7,0.4,,9.8,0.7,,8.1,2.5,,8.5,2.8,,9.525,1.6,0.0
2025-04-10 23:00,10.8,0.5,,8.8,1.0,,7.1,2.5,,8.2,3.2,,8.725000000000001,1.8,0.0
2025-04-11 00:00,10.5,0.7,,8.9,0.4,,6.7,1.5,,8.2,2.8,,8.575,1.35,0.0
2025-04-11 01:00,9.4,0.8,,8.1,0.5,,5.9,1.0,,7.6,1.7,,7.75,1.0,0.0
2025-04-11 02:00,9.0,0.9,,8.0,0.6,,5.6,0.0,,7.2,1.0,,7.45,0.625,0.0
2025-04-11 03:00,8.1,1.0,,7.6,1.1,,5.4,0.9,,7.4,2.7,,7.125,1.425,0.0
2025-04-11 04:00,7.8,0.3,,6.9,0.8,,5.1,1.1,,7.4,1.7,,6.799999999999999,0.9750000000000001,0.0
2025-04-11 05:00,7.4,0.3,,6.4,1.2,,4.6,1.2,,7.3,1.4,,6.425,1.025,0.0
2025-04-11 06:00,7.0,0.5,,5.9,0.2,,4.4,1.1,,7.6,2.8,,6.225,1.15,0.0
2025-04-11 07:00,6.8,1.3,0.21,7.0,0.5,0.14,5.0,0.0,,7.0,3.9,0.06,6.45,1.425,0.13666666666666666
2025-04-11 08:00,8.6,0.2,0.87,8.3,1.1,0.74,6.4,0.7,,7.1,1.3,0.35,7.6,0.825,0.6533333333333333
2025-04-11 09:00,11.8,1.0,1.62,11.0,0.5,1.48,7.8,0.8,,8.6,1.2,1.19,9.8,0.875,1.43
2025-04-11 10:00,15.3,0.6,2.35,13.9,1.4,2.16,11.1,0.5,,11.6,1.6,2.25,12.975000000000001,1.025,2.2533333333333334
2025-04-11 11:00,18.1,0.8,2.93,15.3,1.5,2.71,15.1,2.0,,14.3,1.7,2.87,15.700000000000003,1.5,2.8366666666666673
2025-04-11 12:00,20.4,1.3,3.31,19.2,1.9,3.04,19.6,3.2,,17.0,2.4,3.26,19.049999999999997,2.2,3.203333333333333
2025-04-11 13:00,21.1,1.7,3.48,20.7,1.6,3.19,20.7,3.3,,18.3,3.3,3.42,20.2,2.4749999999999996,3.3633333333333333
2025-04-11 14:00,24.0,1.5,3.38,22.8,1.2,3.08,21.6,3.1,,18.8,3.7,3.36,21.8,2.375,3.2733333333333334
2025-04-11 15:00,23.7,2.5,2.98,23.5,1.8,2.77,17.0,4.2,,18.6,4.1,3.0,20.700000000000003,3.15,2.9166666666666665
2025-04-11 16:00,24.7,2.6,2.4,24.2,2.1,2.27,16.9,3.0,,19.1,2.5,2.36,21.225,2.55,2.3433333333333333
2025-04-11 17:00,22.9,3.7,1.6,21.2,4.8,1.51,16.1,2.0,,18.8,3.7,1.57,19.75,3.55,1.5600000000000003
2025-04-11 18:00,20.6,3.0,0.78,18.8,2.4,0.7,15.3,2.4,,16.9,3.3,0.81,17.9,2.7750000000000004,0.7633333333333333
2025-04-11 19:00,19.0,2.8,0.21,16.9,1.1,0.15,12.8,1.4,,15.3,1.1,0.16,16.0,1.6,0.17333333333333334
2025-04-11 20:00,17.5,1.9,0.05,15.9,1.8,0.0,11.2,0.2,,15.1,2.4,0.0,14.924999999999999,1.5750000000000002,0.016666666666666666
2025-04-11 21:00,16.7,1.0,,14.7,1.0,,10.8,0.3,,14.7,4.1,,14.225000000000001,1.5999999999999999,0.0
2025-04-11 22:00,16.2,1.7,,14.9,0.8,,10.8,0.2,,13.8,2.4,,13.925,1.275,0.0
2025-04-11 23:00,16.0,1.1,,14.1,1.2,,10.2,0.9,,13.2,3.2,,13.375,1.6,0.0
2025-04-12 00:00,14.8,0.6,,13.2,1.2,,10.1,0.0,,13.4,2.8,,12.875,1.15,0.0
2025-04-12 01:00,14.3,0.3,,14.1,0.7,,9.6,0.5,,13.7,2.7,,12.925,1.05,0.0
2025-04-12 02:00,13.5,0.3,,14.3,1.6,,9.3,0.8,,13.3,3.7,,12.600000000000001,1.6,0.0
2025-04-12 03:00,13.1,1.0,,14.6,0.7,,9.0,1.0,,13.8,7.4,,12.625,2.5250000000000004,0.0
2025-04-12 04:00,12.9,1.4,,14.8,0.8,,9.0,0.4,,13.9,6.1,,12.65,2.175,0.0
2025-04-12 05:00,13.4,1.0,,15.0,2.0,,10.5,1.7,,13.8,5.5,,13.175,2.55,0.0
2025-04-12 06:00,13.1,0.9,,15.3,2.2,,13.2,2.9,,13.9,7.0,,13.874999999999998,3.25,0.0
2025-04-12 07:00,13.9,1.0,0.16,15.5,1.2,0.1,13.5,2.6,,13.9,4.8,0.09,14.2,2.4000000000000004,0.11666666666666665
2025-04-12 08:00,15.3,1.6,0.57,17.4,2.0,0.62,16.6,3.7,,14.7,5.5,0.51,16.0,3.2,0.5666666666666667
2025-04-12 09:00,18.1,4.2,1.31,19.9,3.2,1.4,18.7,4.1,,15.7,9.4,0.96,18.1,5.225,1.2233333333333334
2025-04-12 10:00,18.5,2.9,1.35,22.5,2.6,1.86,21.4,5.2,,16.8,8.5,1.05,19.8,4.8,1.42
2025-04-12 11:00,19.7,4.1,1.27,22.7,4.3,1.51,21.5,5.1,,16.5,6.2,1.59,20.1,4.925,1.4566666666666668
2025-04-12 12:00,19.8,1.9,1.4,22.0,2.8,0.69,21.4,3.4,,15.8,6.3,0.66,19.75,3.5999999999999996,0.9166666666666666
2025-04-12 13:00,18.2,3.5,0.84,22.1,3.3,0.8,22.5,6.0,,16.4,7.3,0.84,19.799999999999997,5.025,0.8266666666666667
2025-04-12 14:00,16.8,4.0,0.57,21.0,4.3,0.82,21.4,5.5,,17.4,6.4,1.2,19.15,5.050000000000001,0.8633333333333333
2025-04-12 15:00,17.2,4.0,0.75,17.4,3.6,0.22,19.7,5.4,,16.1,4.7,0.6,17.6,4.425,0.5233333333333333
2025-04-12 16:00,15.0,1.7,0.41,18.4,3.9,0.33,17.0,4.4,,14.7,4.7,0.3,16.275,3.675,0.3466666666666667
2025-04-12 17:00,13.0,1.1,0.16,15.9,1.8,0.18,15.6,5.4,,13.2,4.4,0.1,14.425,3.1750000000000003,0.14666666666666664
2025-04-12 18:00,12.7,1.3,0.13,14.2,2.8,0.09,13.6,2.4,,13.5,4.9,0.09,13.5,2.85,0.10333333333333333
2025-04-12 19:00,13.5,2.7,0.08,13.6,2.9,0.03,11.9,1.7,,13.9,3.6,0.02,13.225,2.725,0.043333333333333335
2025-04-12 20:00,13.6,0.9,0.06,12.8,2.1,0.0,7.9,5.2,,13.6,5.6,0.0,11.975,3.4499999999999997,0.02
2025-04-12 21:00,13.9,2.1,,9.5,3.7,,6.3,6.5,,6.0,13.5,,8.925,6.45,0.0
2025-04-12 22:00,6.8,2.4,,6.6,4.0,,4.8,7.8,,5.6,12.3,,5.949999999999999,6.625,0.0
2025-04-12 23:00,5.6,2.4,,4.9,3.4,,3.3,6.2,,4.9,12.4,,4.675000000000001,6.1,0.0
2025-04-13 00:00,4.1,2.3,,2.9,3.5,,2.2,2.8,,4.4,9.8,,3.4,4.6,0.0
2025-04-13 01:00,3.8,3.0,,1.8,0.3,,2.4,1.7,,5.0,6.3,,3.25,2.825,0.0
2025-04-13 02:00,3.7,2.0,,2.8,1.0,,2.2,2.4,,4.8,5.0,,3.375,2.6,0.0
2025-04-13 03:00,4.1,1.2,,3.7,1.3,,2.2,2.4,,4.8,4.9,,3.7,2.45,0.0
2025-04-13 04:00,3.4,1.3,,2.9,1.8,,2.4,3.0,,5.2,4.4,,3.4749999999999996,2.625,0.0
2025-04-13 05:00,3.1,0.8,,3.1,1.1,,2.0,3.0,,6.0,3.9,,3.55,2.2,0.0
2025-04-13 06:00,3.2,1.4,,3.4,0.6,,1.9,2.6,,7.2,5.2,,3.925,2.45,0.0
2025-04-13 07:00,4.1,1.1,0.22,4.7,1.7,0.16,3.2,2.4,,7.8,4.9,0.13,4.95,2.525,0.17
2025-04-13 08:00,6.1,1.6,0.88,7.2,1.8,0.63,8.2,6.6,,8.7,4.3,0.78,7.55,3.575,0.7633333333333333
2025-04-13 09:00,8.7,2.2,1.67,9.1,3.9,1.49,8.8,5.5,,9.7,5.1,1.57,9.075,4.175,1.5766666666666669
2025-04-13 10:00,10.3,4.9,1.89,9.9,6.6,2.16,9.9,5.9,,10.1,9.0,1.91,10.05,6.6,1.9866666666666666
2025-04-13 11:00,10.6,5.9,1.31,9.6,8.1,1.65,9.2,8.4,,10.8,5.4,2.06,10.05,6.949999999999999,1.6733333333333331
2025-04-13 12:00,11.4,5.3,2.21,10.8,5.6,1.79,9.6,9.7,,10.1,7.4,2.03,10.475000000000001,7.0,2.01
2025-04-13 13:00,10.5,5.1,1.58,10.6,8.3,2.74,9.7,7.6,,10.0,9.4,2.84,10.2,7.6,2.3866666666666667
2025-04-13 14:00,11.6,4.4,2.3,10.2,8.2,3.23,9.5,9.0,,10.4,8.2,3.21,10.424999999999999,7.45,2.9133333333333327
2025-04-13 15:00,10.7,5.3,1.78,9.9,4.9,2.03,8.9,9.1,,10.2,7.3,2.71,9.925,6.6499999999999995,2.1733333333333333
2025-04-13 16:00,10.3,4.9,2.09,10.2,7.1,2.02,8.5,8.9,,10.3,6.8,2.41,9.825,6.925,2.1733333333333333
2025-04-13 17:00,9.5,5.2,0.79,8.7,6.3,0.78,8.4,6.2,,9.7,6.1,1.67,9.075,5.949999999999999,1.08
2025-04-13 18:00,8.9,4.1,0.48,8.5,3.3,0.23,7.9,7.8,,9.1,6.6,0.92,8.6,5.449999999999999,0.5433333333333333
2025-04-13 19:00,8.5,3.6,0.17,7.9,4.5,0.06,7.5,6.3,,8.4,6.9,0.21,8.075,5.324999999999999,0.14666666666666667
2025-04-13 20:00,7.6,3.0,0.06,7.6,3.3,0.01,7.0,2.8,,8.0,4.8,0.0,7.55,3.4749999999999996,0.02333333333333333
2025-04-13 21:00,6.7,1.8,,7.0,1.8,,6.5,1.8,,7.5,3.2,,6.925,2.1500000000000004,0.0
2025-04-13 22:00,6.8,2.3,,6.2,1.3,,6.6,3.2,,7.0,2.3,,6.65,2.275,0.0
2025-04-13 23:00,5.8,1.8,,6.3,1.4,,5.3,3.1,,7.1,3.5,,6.125,2.45,0.0
2025-04-14 00:00,5.9,2.2,,5.7,1.5,,3.8,3.6,,6.9,3.7,,5.575000000000001,2.75,0.0
2025-04-14 01:00,6.0,1.4,,5.7,2.0,,3.8,2.8,,6.6,2.6,,5.525,2.1999999999999997,0.0
2025-04-14 02:00,6.6,1.8,,6.2,1.9,,4.1,3.7,,7.2,3.1,,6.0249999999999995,2.625,0.0
2025-04-14 03:00,6.8,2.9,,6.0,1.9,,4.7,2.9,,8.6,4.6,,6.525,3.0749999999999997,0.0
2025-04-14 04:00,6.2,0.8,,5.9,1.6,,5.5,3.4,,8.8,4.1,,6.6000000000000005,2.475,0.0
2025-04-14 05:00,5.3,2.5,,6.0,1.2,,4.8,4.1,,7.7,3.9,,5.95,2.925,0.0
2025-04-14 06:00,5.4,0.8,,5.0,3.8,,4.7,2.1,,9.3,4.1,,6.1000000000000005,2.6999999999999997,0.0
2025-04-14 07:00,5.3,0.9,0.16,4.6,2.7,0.02,4.5,2.2,,10.3,5.3,0.11,6.175,2.7750000000000004,0.09666666666666666
2025-04-14 08:00,6.1,1.5,0.75,5.5,1.6,0.43,5.9,1.9,,10.9,6.5,0.81,7.1,2.875,0.6633333333333333
2025-04-14 09:00,8.9,0.4,1.54,7.0,1.4,1.08,6.6,4.0,,10.9,7.7,1.55,8.35,3.375,1.39
2025-04-14 10:00,11.3,3.0,2.0,9.6,0.8,1.28,7.9,3.0,,11.4,6.2,2.23,10.049999999999999,3.25,1.8366666666666667
2025-04-14 11:00,11.7,2.7,1.61,10.0,3.8,1.5,7.1,2.9,,11.2,6.6,1.99,10.0,4.0,1.7000000000000002
2025-04-14 12:00,10.9,3.4,1.5,8.5,3.2,0.67,7.9,2.5,,10.9,8.4,1.26,9.549999999999999,4.375,1.1433333333333333
2025-04-14 13:00,9.0,3.1,0.92,8.9,3.8,1.49,7.2,3.2,,9.9,7.8,0.97,8.75,4.4750000000000005,1.1266666666666667
2025-04-14 14:00,8.5,3.5,0.35,6.0,2.1,0.46,5.9,3.5,,9.5,7.4,0.45,7.475,4.125,0.42
2025-04-14 15:00,6.5,3.7,0.32,5.6,1.8,0.32,5.5,5.0,,8.3,8.9,0.48,6.4750000000000005,4.85,0.37333333333333335
2025-04-14 16:00,6.4,2.7,0.3,4.8,2.9,0.16,5.3,1.7,,8.1,7.6,0.16,6.15,3.7249999999999996,0.20666666666666667
2025-04-14 17:00,6.8,2.1,0.2,3.8,1.1,0.15,6.2,5.8,,8.7,8.0,0.16,6.375,4.25,0.17
2025-04-14 18:00,6.3,2.6,0.32,4.4,1.7,0.11,6.5,6.0,,7.7,9.5,0.1,6.225,4.95,0.17666666666666667
2025-04-14 19:00,6.1,3.0,0.19,4.4,2.0,0.04,6.0,5.0,,7.4,10.9,0.07,5.975,5.225,0.10000000000000002
2025-04-14 20:00,5.5,2.7,0.06,4.8,1.3,0.01,5.1,1.9,,7.0,9.8,0.0,5.6,3.9250000000000003,0.02333333333333333
2025-04-14 21:00,6.0,1.5,,4.3,1.7,,4.4,1.1,,6.8,9.5,,5.375,3.45,0.0
2025-04-14 22:00,5.8,0.4,,4.8,0.8,,5.1,4.1,,6.8,11.7,,5.625,4.25,0.0
2025-04-14 23:00,6.4,1.4,,5.0,2.6,,5.1,3.4,,6.9,9.0,,5.85,4.1,0.0
2025-04-15 00:00,6.2,2.5,,5.2,1.2,,5.2,4.9,,7.0,9.5,,5.9,4.525,0.0
2025-04-15 01:00,5.6,1.1,,5.5,1.6,,5.1,2.0,,7.0,6.7,,5.8,2.85,0.0
2025-04-15 02:00,5.4,0.7,,5.5,1.4,,4.1,0.4,,6.7,7.6,,5.425,2.525,0.0
2025-04-15 03:00,5.6,0.7,,5.4,1.5,,5.3,3.3,,6.6,6.9,,5.725,3.1,0.0
2025-04-15 04:00,5.4,2.0,,5.0,2.0,,5.0,3.1,,6.7,6.3,,5.525,3.3499999999999996,0.0
2025-04-15 05:00,5.4,1.6,,4.7,1.3,,4.3,2.2,,6.6,5.0,,5.25,2.5250000000000004,0.0
2025-04-15 06:00,5.3,0.8,,4.8,1.3,0.0,5.1,3.3,,6.6,4.0,,5.449999999999999,2.35,0.0
2025-04-15 07:00,5.6,0.7,0.23,5.7,0.7,0.19,6.0,3.1,,6.9,3.8,0.12,6.050000000000001,2.075,0.18000000000000002
2025-04-15 08:00,7.2,1.5,0.87,6.8,0.5,0.52,7.7,3.0,,8.0,5.7,0.87,7.425,2.675,0.7533333333333334
2025-04-15 09:00,9.0,1.1,1.56,8.0,1.4,0.85,8.6,5.5,,8.9,5.9,1.55,8.625,3.475,1.32
2025-04-15 10:00,10.6,1.4,2.15,10.3,2.4,1.62,9.4,5.1,,9.7,6.7,2.42,10.0,3.8999999999999995,2.063333333333333
2025-04-15 11:00,11.7,2.3,2.74,13.1,3.3,2.49,10.2,5.3,,10.9,4.4,3.04,11.475,3.8249999999999997,2.7566666666666664
2025-04-15 12:00,12.1,2.4,3.35,12.4,4.6,3.11,11.0,5.8,,11.1,6.0,3.43,11.65,4.7,3.296666666666667
2025-04-15 13:00,14.1,1.8,3.34,12.8,4.5,3.0,11.1,6.1,,11.9,4.3,3.55,12.475,4.175,3.296666666666667
2025-04-15 14:00,14.0,2.7,3.49,13.1,4.9,3.4,11.2,5.1,,12.0,4.6,3.42,12.575,4.324999999999999,3.436666666666667
2025-04-15 15:00,14.2,3.4,3.09,12.9,4.7,2.97,10.8,6.2,,12.6,4.0,3.06,12.625000000000002,4.575,3.0400000000000005
2025-04-15 16:00,14.2,2.7,2.54,13.0,3.8,2.37,10.5,6.2,,12.4,4.8,2.54,12.525,4.375,2.4833333333333334
2025-04-15 17:00,13.5,2.4,1.79,11.9,3.5,1.68,10.8,5.8,,12.5,3.7,1.81,12.175,3.8499999999999996,1.7599999999999998
2025-04-15 18:00,13.2,1.1,0.97,11.5,3.0,0.93,10.3,4.3,,11.7,3.4,0.95,11.675,2.9499999999999997,0.9499999999999998
2025-04-15 19:00,11.6,1.0,0.27,9.7,2.5,0.23,9.1,4.1,,10.6,2.5,0.25,10.25,2.525,0.25
2025-04-15 20:00,10.9,1.4,0.05,9.2,3.0,0.0,8.8,2.2,,10.0,3.0,0.0,9.725000000000001,2.4000000000000004,0.016666666666666666
2025-04-15 21:00,10.0,2.0,,8.7,0.6,,8.6,1.2,,9.8,2.4,,9.274999999999999,1.5499999999999998,0.0
2025-04-15 22:00,9.2,2.2,,8.7,0.5,,7.7,1.7,,9.3,2.0,,8.725,1.6,0.0
2025-04-15 23:00,8.4,0.7,,7.5,0.8,,6.7,2.8,,8.8,1.6,,7.8500000000000005,1.475,0.0
2025-04-16 00:00,8.0,0.9,,6.7,1.5,,6.5,2.5,,8.5,2.4,,7.425,1.8250000000000002,0.0
2025-04-16 01:00,7.7,1.8,,6.6,0.8,,5.7,2.6,,8.3,3.7,,7.075,2.225,0.0
2025-04-16 02:00,7.0,0.4,,6.4,0.9,,5.5,2.6,,8.1,4.3,,6.75,2.05,0.0
2025-04-16 03:00,6.7,1.6,,5.7,1.3,,5.7,2.4,,8.2,3.3,,6.575,2.1500000000000004,0.0
2025-04-16 04:00,6.2,0.7,,6.2,1.6,,5.6,2.7,,8.1,4.9,,6.525,2.475,0.0
2025-04-16 05:00,6.0,0.6,,6.6,2.1,,5.3,1.5,,8.6,4.1,,6.625,2.075,0.0
2025-04-16 06:00,6.1,0.6,0.06,7.4,2.1,0.0,4.9,0.2,,9.0,4.3,,6.85,1.8,0.02
2025-04-16 07:00,6.6,0.5,0.23,8.7,2.3,0.16,6.3,1.5,,9.9,5.5,0.14,7.875,2.45,0.17666666666666667
2025-04-16 08:00,8.7,0.4,0.85,11.9,1.8,0.73,10.0,1.7,,12.0,4.8,0.75,10.65,2.175,0.7766666666666667
2025-04-16 09:00,12.1,0.4,1.65,16.0,2.1,1.45,13.0,2.9,,14.0,5.1,1.45,13.775,2.625,1.5166666666666666
2025-04-16 10:00,15.7,0.6,2.34,19.3,1.2,2.12,16.0,3.4,,17.2,4.5,2.21,17.05,2.425,2.223333333333333
2025-04-16 11:00,19.3,1.9,2.9,22.1,2.2,2.65,18.9,3.2,,19.5,5.9,2.73,19.950000000000003,3.3,2.76
2025-04-16 12:00,20.9,2.1,3.22,23.0,3.6,2.96,20.2,3.7,,20.3,6.9,3.16,21.099999999999998,4.075,3.1133333333333333
2025-04-16 13:00,23.5,4.1,3.23,23.4,5.1,2.95,21.0,4.9,,20.3,7.1,3.09,22.05,5.3,3.09
2025-04-16 14:00,25.2,4.4,2.93,24.3,4.7,2.9,22.0,6.3,,20.4,8.0,2.85,22.975,5.8500000000000005,2.893333333333333
2025-04-16 15:00,24.6,3.5,2.49,25.4,4.8,2.62,23.3,6.0,,21.4,4.9,1.95,23.674999999999997,4.800000000000001,2.3533333333333335
2025-04-16 16:00,22.4,3.4,1.63,25.9,3.0,2.12,22.7,4.6,,21.3,4.7,1.99,23.075,3.925,1.9133333333333333
2025-04-16 17:00,22.2,3.2,0.76,24.8,3.8,1.26,23.6,4.3,,19.7,4.2,1.08,22.575,3.875,1.0333333333333334
2025-04-16 18:00,21.7,5.3,0.79,23.5,3.1,0.63,21.4,4.6,,17.8,3.7,0.62,21.099999999999998,4.175,0.68
2025-04-16 19:00,19.3,2.3,0.28,21.8,3.1,0.16,20.3,4.4,,16.5,3.8,0.23,19.475,3.4000000000000004,0.22333333333333336
2025-04-16 20:00,18.0,3.0,0.05,21.5,2.5,0.0,18.6,3.9,,15.4,4.3,0.0,18.375,3.425,0.016666666666666666
2025-04-16 21:00,17.5,2.0,,20.6,3.5,,18.5,6.8,,15.0,3.2,,17.9,3.875,0.0
2025-04-16 22:00,16.9,1.5,,19.3,3.2,,17.0,6.2,,15.6,4.9,,17.2,3.95,0.0
2025-04-16 23:00,16.8,0.4,,18.5,2.3,,16.1,3.6,,15.7,4.9,,16.775,2.8,0.0
2025-04-17 00:00,17.1,2.3,,18.1,3.0,,15.3,4.0,,16.3,5.3,,16.7,3.6500000000000004,0.0
2025-04-17 01:00,17.3,2.5,,17.9,2.4,,15.3,3.2,,16.5,6.4,,16.75,3.6250000000000004,0.0
2025-04-17 02:00,17.3,2.0,,18.0,2.7,,15.8,3.9,,17.2,7.4,,17.075,4.0,0.0
2025-04-17 03:00,17.4,2.9,,17.2,2.8,,16.3,4.3,,16.7,5.1,,16.9,3.775,0.0
2025-04-17 04:00,17.3,3.2,,17.7,3.3,,16.2,3.2,,16.7,3.7,,16.975,3.3499999999999996,0.0
2025-04-17 05:00,17.0,3.1,,17.3,2.4,,16.3,3.2,,16.3,3.5,,16.724999999999998,3.05,0.0
2025-04-17 06:00,16.7,3.0,0.05,16.6,2.6,0.0,16.5,3.3,,16.3,4.7,,16.525,3.3999999999999995,0.016666666666666666
2025-04-17 07:00,17.3,2.7,0.17,18.1,1.9,0.16,16.8,3.3,,16.4,6.9,0.07,17.15,3.7,0.13333333333333333
2025-04-17 08:00,18.5,4.4,0.67,19.8,2.9,0.7,18.0,3.0,,16.8,6.5,0.41,18.275,4.2,0.5933333333333334
2025-04-17 09:00,19.5,4.5,1.66,21.3,3.5,1.41,20.3,3.5,,17.5,7.2,1.0,19.65,4.675,1.3566666666666667
2025-04-17 10:00,21.9,3.1,2.11,23.2,3.3,1.97,22.5,5.5,,17.8,6.2,1.26,21.349999999999998,4.525,1.78
2025-04-17 11:00,23.6,3.8,2.8,24.0,3.4,2.47,23.5,6.4,,17.7,6.9,1.43,22.2,5.125,2.233333333333333
2025-04-17 12:00,24.3,3.5,2.98,26.4,3.2,2.8,24.6,5.8,,19.0,8.1,2.8,23.575000000000003,5.15,2.8599999999999994
2025-04-17 13:00,25.7,2.7,3.19,26.8,3.3,2.82,25.6,7.2,,20.0,5.6,3.23,24.525,4.699999999999999,3.08
2025-04-17 14:00,27.0,3.2,2.97,27.9,3.6,2.61,26.8,3.7,,19.3,7.9,3.12,25.25,4.6,2.9
2025-04-17 15:00,27.0,3.7,2.65,27.2,2.8,2.16,24.6,2.8,,19.0,6.2,2.77,24.450000000000003,3.875,2.526666666666667
2025-04-17 16:00,27.3,2.7,2.19,27.9,3.0,1.72,23.5,3.3,,18.6,7.2,2.24,24.325000000000003,4.05,2.0500000000000003
2025-04-17 17:00,25.0,4.1,1.48,27.6,2.5,1.3,22.7,2.0,,18.2,7.2,1.61,23.375,3.95,1.4633333333333336
2025-04-17 18:00,22.8,2.3,0.77,26.9,1.8,0.65,20.7,4.1,,17.6,6.3,0.84,22.0,3.625,0.7533333333333333
2025-04-17 19:00,20.9,2.0,0.24,25.2,1.7,0.12,19.2,1.4,,16.8,4.4,0.24,20.525,2.375,0.19999999999999998
2025-04-17 20:00,19.1,1.5,0.05,22.7,2.1,0.01,18.4,2.7,,16.1,4.1,0.0,19.075,2.6,0.02
2025-04-17 21:00,19.3,2.4,,21.7,2.5,,20.0,4.4,,16.5,7.9,,19.375,4.300000000000001,0.0
2025-04-17 22:00,18.5,2.3,,21.2,2.7,,19.7,3.5,,16.5,5.2,,18.975,3.425,0.0
2025-04-17 23:00,18.1,2.7,,20.8,2.8,,19.1,3.4,,16.6,4.3,,18.650000000000002,3.3,0.0
2025-04-18 00:00,18.0,1.7,,19.6,1.8,,18.0,3.0,,16.3,3.3,,17.975,2.45,0.0
2025-04-18 01:00,18.6,1.7,,19.1,2.6,,17.2,2.9,,16.3,4.9,,17.8,3.025,0.0
2025-04-18 02:00,18.1,1.7,,19.1,2.3,,16.8,2.9,,15.5,4.3,,17.375,2.8,0.0
2025-04-18 03:00,17.3,1.1,,18.8,2.6,,16.5,3.3,,15.2,3.4,,16.95,2.6,0.0
2025-04-18 04:00,16.5,1.3,,19.2,2.4,,16.6,2.9,,15.0,4.6,,16.825000000000003,2.8,0.0
2025-04-18 05:00,16.7,1.0,,19.0,2.7,,16.5,2.5,,15.4,3.3,,16.900000000000002,2.375,0.0
2025-04-18 06:00,16.7,1.0,0.05,18.6,2.3,0.0,16.4,2.7,,17.2,4.4,0.0,17.224999999999998,2.6,0.016666666666666666
2025-04-18 07:00,17.6,1.7,0.23,19.1,1.0,0.15,16.7,2.1,,15.3,5.3,0.14,17.175,2.5250000000000004,0.17333333333333334
2025-04-18 08:00,19.2,1.8,0.77,20.7,1.8,0.61,18.3,2.1,,16.3,4.4,0.66,18.625,2.5250000000000004,0.68
2025-04-18 09:00,20.9,2.7,1.46,22.4,2.0,1.27,20.5,3.5,,17.8,4.1,1.36,20.4,3.0749999999999997,1.3633333333333333
2025-04-18 10:00,22.9,3.5,2.09,23.3,1.7,1.86,19.5,4.2,,19.3,3.8,2.06,21.25,3.3,2.0033333333333334
2025-04-18 11:00,24.1,2.8,2.63,23.4,4.0,2.33,19.4,4.9,,20.1,3.7,2.61,21.75,3.8499999999999996,2.5233333333333334
2025-04-18 12:00,24.7,2.9,2.96,24.2,3.1,2.55,18.0,5.1,,20.7,3.6,2.97,21.900000000000002,3.675,2.8266666666666667
2025-04-18 13:00,25.1,2.1,3.05,24.2,2.6,2.79,19.7,3.4,,20.1,6.0,2.82,22.275,3.525,2.8866666666666667
2025-04-18 14:00,25.4,2.8,2.91,25.4,2.1,2.71,20.5,4.1,,19.5,3.5,2.2,22.7,3.125,2.606666666666667
2025-04-18 15:00,25.2,3.4,2.6,24.2,2.1,2.27,18.8,3.6,,19.7,4.5,2.68,21.975,3.4,2.516666666666667
2025-04-18 16:00,25.2,3.3,2.07,24.2,2.4,1.75,19.2,3.3,,20.8,3.5,2.16,22.349999999999998,3.125,1.9933333333333334
2025-04-18 17:00,24.1,2.3,1.42,23.8,2.0,1.22,17.4,4.3,,20.1,5.1,1.42,21.35,3.425,1.3533333333333333
2025-04-18 18:00,22.6,2.3,0.74,21.1,2.0,0.61,15.1,3.5,,18.7,5.4,0.79,19.375,3.3,0.7133333333333334
2025-04-18 19:00,21.1,2.1,0.22,18.7,1.3,0.15,14.1,2.2,,16.4,4.2,0.21,17.575,2.45,0.19333333333333333
2025-04-18 20:00,19.7,2.7,0.06,18.1,1.5,0.0,13.6,2.3,,15.9,3.0,0.01,16.825,2.375,0.02333333333333333
2025-04-18 21:00,18.6,1.4,,16.6,1.6,,13.2,1.5,,16.0,1.8,,16.1,1.575,0.0
2025-04-18 22:00,17.5,2.1,,16.5,0.9,,13.0,0.9,,16.0,4.3,,15.75,2.05,0.0
2025-04-18 23:00,18.8,0.2,,16.2,1.1,,12.9,0.3,,16.2,3.5,,16.025,1.275,0.0
2025-04-19 00:00,18.5,0.5,,16.6,0.2,,13.0,2.4,,16.3,2.5,,16.1,1.4,0.0
2025-04-19 01:00,18.2,1.9,,17.2,1.0,,13.2,0.7,,16.3,3.2,,16.224999999999998,1.7,0.0
2025-04-19 02:00,18.1,0.6,,15.9,2.0,,14.0,1.2,,16.5,3.5,,16.125,1.825,0.0
2025-04-19 03:00,18.3,1.1,,16.2,1.6,,15.4,1.4,,16.7,2.8,,16.65,1.7249999999999999,0.0
2025-04-19 04:00,18.4,0.9,,17.3,0.8,,15.4,1.0,,16.8,3.2,,16.975,1.475,0.0
2025-04-19 05:00,18.4,0.7,,17.5,1.7,,15.3,0.3,,16.7,2.6,,16.975,1.325,0.0
2025-04-19 06:00,17.5,2.1,0.06,17.9,1.3,0.0,16.5,1.8,,16.5,2.4,0.0,17.1,1.9,0.02
2025-04-19 07:00,17.7,1.2,0.25,19.5,1.1,0.21,18.3,3.8,,17.1,3.6,0.2,18.15,2.425,0.21999999999999997
2025-04-19 08:00,19.2,1.5,0.97,21.7,2.2,0.77,20.3,3.4,,17.7,5.0,0.45,19.725,3.025,0.73
2025-04-19 09:00,20.9,3.3,1.65,23.1,2.7,1.5,21.6,4.1,,18.7,6.0,0.67,21.075,4.025,1.2733333333333332
2025-04-19 10:00,22.6,4.1,2.15,25.0,3.6,2.08,23.4,7.2,,19.4,5.4,0.92,22.6,5.074999999999999,1.7166666666666668
2025-04-19 11:00,23.6,3.3,1.89,25.1,2.8,2.52,22.4,3.2,,20.6,5.8,2.16,22.924999999999997,3.7750000000000004,2.19
2025-04-19 12:00,25.7,4.4,3.21,25.7,3.4,2.06,24.6,6.1,,21.5,6.0,2.36,24.375,4.975,2.543333333333333
2025-04-19 13:00,25.2,3.4,2.84,26.0,3.1,2.3,22.9,3.2,,22.5,7.0,3.1,24.15,4.175,2.7466666666666666
2025-04-19 14:00,25.6,4.9,1.52,25.9,3.3,1.55,23.0,3.9,,21.8,8.2,3.0,24.075,5.074999999999999,2.0233333333333334
2025-04-19 15:00,24.6,4.8,1.51,25.6,4.8,1.14,21.7,4.2,,22.2,4.9,2.25,23.525000000000002,4.675000000000001,1.6333333333333335
2025-04-19 16:00,22.9,4.4,0.67,24.5,5.2,0.38,21.9,2.8,,20.8,6.4,0.78,22.525,4.700000000000001,0.61
2025-04-19 17:00,21.8,3.3,0.2,23.6,5.4,0.39,21.6,4.5,,19.9,5.8,0.38,21.725,4.75,0.32333333333333336
2025-04-19 18:00,20.7,2.0,0.09,22.7,3.9,0.14,21.1,3.8,,19.1,6.0,0.18,20.9,3.925,0.1366666666666667
2025-04-19 19:00,19.2,1.4,0.07,21.7,2.5,0.03,13.5,3.7,,18.2,5.6,0.02,18.15,3.3,0.04
2025-04-19 20:00,18.3,2.5,0.06,20.0,2.7,0.0,13.7,3.4,,17.6,6.1,0.0,17.4,3.675,0.02
2025-04-19 21:00,18.1,1.1,,18.5,1.5,,13.9,3.7,,17.6,3.4,,17.025,2.4250000000000003,0.0
2025-04-19 22:00,17.9,0.6,,17.0,1.2,,12.7,3.2,,16.7,0.8,,16.075,1.45,0.0
2025-04-19 23:00,17.7,1.0,,15.1,2.9,,12.7,0.1,,16.2,1.1,,15.425,1.275,0.0
2025-04-20 00:00,17.5,1.1,,13.9,1.0,,13.0,0.7,,15.1,1.9,,14.875,1.1749999999999998,0.0
2025-04-20 01:00,17.3,1.7,,13.9,1.0,,13.3,0.8,,15.1,2.0,,14.9,1.375,0.0
2025-04-20 02:00,17.3,0.6,,13.9,0.3,,12.0,1.3,,14.3,4.2,,14.375,1.6,0.0
2025-04-20 03:00,16.9,0.7,,14.4,1.2,,11.6,1.3,,13.7,3.9,,14.149999999999999,1.775,0.0
2025-04-20 04:00,16.7,0.5,,14.7,1.3,,11.9,0.8,,14.2,1.5,,14.375,1.025,0.0
2025-04-20 05:00,16.7,1.3,,14.9,1.1,,12.2,0.1,,14.2,1.6,,14.5,1.0250000000000001,0.0
2025-04-20 06:00,16.5,0.1,0.06,15.1,0.7,0.0,12.6,0.7,,14.4,1.6,0.0,14.65,0.775,0.02
2025-04-20 07:00,16.6,0.1,0.1,15.0,1.5,0.05,13.1,1.4,,14.9,1.1,0.05,14.9,1.025,0.06666666666666667
2025-04-20 08:00,17.1,0.1,0.23,15.2,0.8,0.16,13.5,1.5,,13.3,3.4,0.2,14.774999999999999,1.45,0.19666666666666668
2025-04-20 09:00,17.9,0.3,0.49,15.5,0.5,0.28,13.9,1.0,,13.2,4.8,0.51,15.125,1.65,0.4266666666666667
2025-04-20 10:00,18.0,1.0,0.47,17.0,0.3,0.78,15.2,2.2,,13.1,5.0,0.64,15.825000000000001,2.125,0.63
2025-04-20 11:00,19.0,0.8,1.02,16.7,1.6,1.03,15.7,1.7,,13.9,4.2,1.14,16.325000000000003,2.075,1.0633333333333332
2025-04-20 12:00,21.5,1.2,2.45,18.2,0.9,0.73,17.2,2.0,,16.4,1.9,2.2,18.325000000000003,1.5,1.7933333333333337
2025-04-20 13:00,22.0,0.8,1.76,18.8,1.1,1.33,18.6,1.9,,18.6,2.7,3.24,19.5,1.625,2.11
2025-04-20 14:00,23.1,1.0,2.42,21.0,1.1,2.45,20.1,2.4,,18.6,3.8,2.57,20.700000000000003,2.075,2.48
2025-04-20 15:00,25.6,1.4,3.24,22.6,1.4,2.91,19.2,2.8,,18.4,4.0,1.87,21.450000000000003,2.4,2.6733333333333333
2025-04-20 16:00,24.5,1.0,1.63,22.7,1.3,2.28,19.5,2.1,,19.4,3.0,2.13,21.525,1.85,2.013333333333333
2025-04-20 17:00,25.0,1.7,1.06,23.8,1.3,1.67,18.1,1.8,,19.0,2.0,1.26,21.475,1.7,1.33
2025-04-20 18:00,23.9,2.4,0.88,21.4,3.3,0.88,17.0,2.2,,17.3,2.5,0.95,19.9,2.5999999999999996,0.9033333333333333
2025-04-20 19:00,20.7,4.2,0.21,18.9,2.0,0.23,14.8,2.3,,16.3,1.5,0.17,17.674999999999997,2.5,0.20333333333333334
2025-04-20 20:00,19.9,3.0,0.06,18.5,1.8,0.0,14.0,1.0,,15.6,0.9,0.01,17.0,1.675,0.02333333333333333
2025-04-20 21:00,19.3,2.5,,18.2,1.0,,13.3,0.4,,15.2,1.7,,16.5,1.4,0.0
2025-04-20 22:00,18.8,1.9,,16.8,0.2,,12.8,0.5,,15.1,0.0,,15.875000000000002,0.65,0.0
2025-04-20 23:00,18.3,2.4,,16.0,1.6,,12.4,1.0,,15.1,1.2,,15.45,1.55,0.0
2025-04-21 00:00,18.1,1.4,,15.6,0.8,,12.3,0.1,,15.4,1.1,,15.35,0.8500000000000001,0.0
2025-04-21 01:00,18.0,1.3,,16.3,0.7,,12.8,0.4,,15.3,1.3,,15.599999999999998,0.925,0.0
2025-04-21 02:00,17.6,1.7,,16.6,0.6,,12.9,0.0,,15.7,2.1,,15.7,1.1,0.0
2025-04-21 03:00,17.8,0.5,,16.1,0.5,,13.4,0.0,,15.5,4.1,,15.700000000000001,1.275,0.0
2025-04-21 04:00,17.3,0.7,,16.2,0.6,,14.0,0.3,,15.6,3.1,,15.775,1.175,0.0
2025-04-21 05:00,17.4,0.2,,15.9,0.8,,14.4,0.7,,15.5,2.7,,15.799999999999999,1.1,0.0
2025-04-21 06:00,17.2,0.3,0.06,16.0,0.7,0.01,15.1,1.7,,15.6,2.3,0.0,15.975000000000001,1.25,0.02333333333333333
2025-04-21 07:00,17.2,0.4,0.2,17.0,0.2,0.22,15.7,1.0,,15.9,3.2,0.15,16.450000000000003,1.2000000000000002,0.19000000000000003
2025-04-21 08:00,18.6,0.7,0.65,19.0,0.7,0.76,17.4,0.5,,16.9,3.1,0.67,17.975,1.25,0.6933333333333334
2025-04-21 09:00,19.9,0.7,1.3,21.2,1.4,1.41,18.9,2.4,,18.7,3.8,1.37,19.674999999999997,2.075,1.36
2025-04-21 10:00,21.7,1.6,2.45,22.7,1.9,2.11,21.6,2.6,,20.3,4.8,2.23,21.575,2.7249999999999996,2.2633333333333336
2025-04-21 11:00,23.7,3.2,2.63,24.7,2.3,2.71,23.2,3.0,,21.6,4.2,3.08,23.299999999999997,3.175,2.8066666666666666
2025-04-21 12:00,23.9,3.2,2.3,26.0,1.8,2.01,24.6,2.7,,22.9,5.2,3.1,24.35,3.225,2.47
2025-04-21 13:00,24.4,3.4,2.75,26.6,2.2,3.48,26.1,3.4,,23.2,4.3,3.46,25.075,3.325,3.2300000000000004
2025-04-21 14:00,25.1,2.9,2.72,27.0,2.6,3.37,26.8,3.6,,24.2,4.4,3.27,25.775000000000002,3.375,3.1199999999999997
2025-04-21 15:00,25.9,3.6,3.16,28.2,1.6,3.02,25.5,3.9,,22.7,5.3,2.31,25.575,3.5999999999999996,2.83
2025-04-21 16:00,25.1,3.2,1.81,26.7,1.6,1.42,22.5,3.8,,22.4,6.0,1.38,24.174999999999997,3.6500000000000004,1.5366666666666664
2025-04-21 17:00,24.5,3.5,1.42,28.1,1.3,1.09,22.0,2.8,,22.8,4.2,1.29,24.349999999999998,2.95,1.2666666666666666
2025-04-21 18:00,23.5,4.1,0.79,24.6,1.8,0.8,21.2,3.8,,21.9,4.6,0.94,22.799999999999997,3.5749999999999997,0.8433333333333334
2025-04-21 19:00,22.1,3.2,0.2,22.1,2.2,0.26,19.1,3.2,,19.6,5.1,0.29,20.725,3.4250000000000003,0.25
2025-04-21 20:00,21.1,3.7,0.06,20.9,0.5,0.01,18.1,1.3,,18.5,4.8,0.0,19.65,2.575,0.02333333333333333
2025-04-21 21:00,20.5,2.3,,19.8,1.2,,17.3,0.3,,17.5,5.1,,18.775,2.2249999999999996,0.0
2025-04-21 22:00,19.8,1.8,,21.3,2.1,,16.9,1.5,,17.2,4.8,,18.8,2.55,0.0
2025-04-21 23:00,19.8,1.5,,20.7,1.6,,16.8,0.0,,16.7,5.0,,18.5,2.025,0.0
2025-04-22 00:00,19.0,2.7,,20.5,1.4,,17.2,0.0,,16.4,2.8,,18.275,1.7249999999999999,0.0
2025-04-22 01:00,18.6,1.5,,20.4,1.1,,17.4,0.0,,16.4,5.2,,18.2,1.9500000000000002,0.0
2025-04-22 02:00,18.9,0.8,,20.1,1.0,,17.5,0.1,,16.4,4.7,,18.225,1.6500000000000001,0.0
2025-04-22 03:00,18.4,1.2,,19.8,0.7,,18.2,0.5,,16.9,4.0,,18.325000000000003,1.6,0.0
2025-04-22 04:00,18.0,0.3,,20.0,1.2,,18.0,1.9,,16.6,3.7,,18.15,1.775,0.0
2025-04-22 05:00,17.1,0.7,,18.8,1.9,,18.3,3.2,,16.4,4.5,,17.65,2.575,0.0
2025-04-22 06:00,16.3,0.4,0.05,17.6,2.1,0.0,18.3,3.4,,16.6,4.3,0.0,17.200000000000003,2.55,0.016666666666666666
2025-04-22 07:00,16.5,0.7,0.09,17.3,1.4,0.02,17.4,3.2,,16.6,5.3,0.02,16.95,2.65,0.043333333333333335
2025-04-22 08:00,17.3,0.4,0.17,17.5,1.2,0.09,17.6,4.2,,17.1,5.2,0.2,17.375,2.75,0.15333333333333335
2025-04-22 09:00,18.3,0.5,0.31,17.7,2.3,0.22,17.6,2.3,,17.9,5.2,0.53,17.875,2.575,0.35333333333333333
2025-04-22 10:00,18.6,1.6,0.49,17.9,2.1,0.32,17.8,1.4,,18.2,5.1,0.25,18.125,2.55,0.35333333333333333
2025-04-22 11:00,18.4,1.2,0.41,18.2,2.0,0.35,18.0,1.4,,18.7,6.3,0.34,18.325,2.7249999999999996,0.3666666666666667
2025-04-22 12:00,19.3,3.8,0.76,18.5,2.2,0.6,18.0,2.4,,18.7,5.2,0.65,18.625,3.4000000000000004,0.6699999999999999
2025-04-22 13:00,19.5,2.2,0.6,18.7,1.1,0.38,17.9,2.7,,17.7,3.9,0.26,18.45,2.475,0.41333333333333333
2025-04-22 14:00,18.8,0.8,0.22,18.8,1.5,0.35,18.2,2.4,,16.5,5.1,0.24,18.075,2.4499999999999997,0.26999999999999996
2025-04-22 15:00,18.6,0.8,0.43,18.7,1.3,0.57,18.0,3.2,,15.9,1.7,0.53,17.8,1.7500000000000002,0.51
2025-04-22 16:00,18.9,0.6,0.54,18.5,1.9,0.45,18.1,2.3,,15.6,2.4,0.3,17.775,1.7999999999999998,0.43
2025-04-22 17:00,18.5,0.7,0.3,18.5,2.1,0.42,18.2,2.3,,15.1,3.2,0.28,17.575,2.075,0.3333333333333333
2025-04-22 18:00,18.4,0.5,0.23,18.4,1.8,0.25,18.3,1.1,,15.4,1.7,0.18,17.625,1.275,0.21999999999999997
2025-04-22 19:00,18.6,0.1,0.17,18.1,0.8,0.15,18.0,0.9,,14.6,2.3,0.08,17.325,1.025,0.13333333333333333
2025-04-22 20:00,18.7,0.7,0.07,17.8,1.3,0.0,17.6,1.2,,14.4,6.0,0.0,17.125,2.3,0.023333333333333334
2025-04-22 21:00,18.4,1.7,,17.9,1.5,,16.5,1.9,,13.5,5.3,,16.575,2.5999999999999996,0.0
2025-04-22 22:00,17.9,1.4,,17.5,1.3,,15.8,0.7,,13.1,7.1,,16.075,2.625,0.0
2025-04-22 23:00,17.5,1.7,,17.6,1.8,,15.7,2.5,,12.7,5.5,,15.875,2.875,0.0
2025-04-23 00:00,17.0,1.5,,17.0,2.6,,14.6,2.8,,12.8,3.2,,15.350000000000001,2.525,0.0
2025-04-23 01:00,16.3,0.9,,16.7,1.9,,13.8,1.2,,12.6,5.7,,14.85,2.425,0.0
2025-04-23 02:00,16.2,0.4,,16.4,2.3,,13.5,0.6,,12.2,5.2,,14.575,2.125,0.0
2025-04-23 03:00,15.8,0.6,,15.8,1.2,,13.0,1.4,,12.1,4.5,,14.175,1.9249999999999998,0.0
2025-04-23 04:00,15.9,1.0,,15.0,0.5,,13.0,1.4,,12.1,2.6,,14.0,1.375,0.0
2025-04-23 05:00,15.3,1.6,,14.6,1.1,,12.9,2.1,,12.0,3.6,,13.7,2.1,0.0
2025-04-23 06:00,15.2,1.4,0.06,14.1,0.5,0.0,12.7,1.3,,11.9,2.3,0.0,13.475,1.375,0.02
2025-04-23 07:00,15.2,0.8,0.16,14.4,0.3,0.06,13.0,0.0,,11.9,2.8,0.18,13.625,0.975,0.13333333333333333
2025-04-23 08:00,15.9,0.6,0.4,15.3,0.7,0.44,14.3,0.9,,12.6,1.4,0.55,14.525,0.8999999999999999,0.4633333333333334
2025-04-23 09:00,17.0,0.8,1.02,15.3,1.4,0.48,16.1,2.1,,14.2,2.2,1.48,15.649999999999999,1.6250000000000002,0.9933333333333333
2025-04-23 10:00,18.3,1.0,1.65,16.0,1.2,0.67,18.1,1.8,,15.1,0.7,1.7,16.875,1.175,1.3399999999999999
2025-04-23 11:00,19.6,1.2,2.26,18.4,0.8,2.01,18.7,2.0,,16.7,2.0,2.97,18.35,1.5,2.4133333333333336
2025-04-23 12:00,20.9,2.5,2.68,20.3,1.1,2.93,19.3,2.1,,18.6,2.6,3.23,19.775,2.075,2.9466666666666668
2025-04-23 13:00,22.9,2.5,3.2,20.7,1.8,2.36,19.7,2.6,,18.7,5.0,2.78,20.5,2.975,2.78
2025-04-23 14:00,21.7,2.6,2.32,21.2,2.9,2.13,18.8,3.8,,17.9,4.3,1.69,19.9,3.4000000000000004,2.0466666666666664
2025-04-23 15:00,21.0,3.4,1.64,21.0,1.9,1.71,18.7,4.6,,17.8,3.3,1.11,19.625,3.3,1.4866666666666666
2025-04-23 16:00,20.2,2.9,1.42,21.4,2.9,1.85,17.9,5.1,,17.8,3.4,1.68,19.325,3.5749999999999997,1.6500000000000001
2025-04-23 17:00,19.9,2.9,0.84,19.7,4.9,1.12,17.4,4.4,,17.4,3.2,1.67,18.599999999999998,3.8500000000000005,1.21
2025-04-23 18:00,19.3,2.4,0.7,18.5,2.4,0.7,15.8,3.6,,17.4,3.2,1.05,17.75,2.9000000000000004,0.8166666666666668
2025-04-23 19:00,18.2,2.8,0.17,16.6,4.1,0.28,14.3,3.8,,13.9,3.1,0.14,15.749999999999998,3.4499999999999997,0.19666666666666668
2025-04-23 20:00,16.5,1.9,0.06,15.7,2.8,0.01,13.0,1.5,,13.8,0.5,0.0,14.75,1.6749999999999998,0.02333333333333333
2025-04-23 21:00,15.3,1.9,,15.0,1.5,,12.6,0.4,,13.7,1.2,,14.149999999999999,1.25,0.0
2025-04-23 22:00,14.9,0.9,,15.0,1.3,,12.6,1.7,,13.7,2.3,,14.05,1.55,0.0
2025-04-23 23:00,14.9,1.3,,14.6,1.1,,12.2,2.6,,13.0,1.1,,13.675,1.525,0.0
2025-04-24 00:00,14.5,0.9,,13.5,0.6,,12.0,1.2,,12.5,1.5,,13.125,1.05,0.0
2025-04-24 01:00,13.8,1.0,,13.2,0.9,,10.9,0.3,,12.2,2.3,,12.524999999999999,1.125,0.0
2025-04-24 02:00,13.9,1.6,,12.8,0.9,,11.2,2.1,,12.1,2.2,,12.500000000000002,1.7,0.0
2025-04-24 03:00,13.4,1.7,,12.9,1.0,,11.3,0.8,,12.1,0.6,,12.425,1.025,0.0
2025-04-24 04:00,13.2,0.9,,13.2,1.9,,11.6,1.6,,11.8,1.4,,12.45,1.4500000000000002,0.0
2025-04-24 05:00,12.8,1.4,,12.7,1.6,,11.4,2.3,,11.7,2.4,,12.149999999999999,1.9249999999999998,0.0
2025-04-24 06:00,12.6,1.6,0.06,12.9,1.6,0.01,10.9,2.3,,10.9,2.4,0.0,11.825,1.975,0.02333333333333333
2025-04-24 07:00,12.5,1.1,0.36,13.3,0.3,0.2,11.0,1.9,,11.3,2.2,0.25,12.024999999999999,1.375,0.27
2025-04-24 08:00,14.1,1.3,1.0,14.4,1.0,0.85,12.5,2.2,,13.1,1.5,0.97,13.525,1.5,0.9400000000000001
2025-04-24 09:00,16.1,0.6,1.86,15.8,1.0,1.63,14.7,1.9,,14.3,1.9,1.72,15.225000000000001,1.35,1.7366666666666666
2025-04-24 10:00,17.8,0.8,2.53,17.8,0.9,2.3,16.8,0.9,,15.4,2.2,2.42,16.950000000000003,1.2000000000000002,2.4166666666666665
2025-04-24 11:00,19.3,1.4,3.01,19.7,1.5,2.74,18.4,2.1,,16.8,3.0,3.03,18.55,2.0,2.9266666666666663
2025-04-24 12:00,20.8,1.5,3.21,20.6,2.3,2.98,17.0,5.3,,17.2,2.9,3.25,18.900000000000002,3.0,3.1466666666666665
2025-04-24 13:00,22.7,2.0,3.49,20.9,3.4,3.06,15.7,6.6,,17.3,4.3,3.33,19.15,4.075,3.2933333333333334
2025-04-24 14:00,22.3,3.0,3.29,19.1,5.4,2.99,15.8,5.5,,17.2,4.4,3.33,18.6,4.575,3.203333333333333
2025-04-24 15:00,21.6,2.1,2.82,19.3,3.9,2.78,14.6,4.8,,17.3,5.7,2.88,18.200000000000003,4.125,2.8266666666666667
2025-04-24 16:00,20.7,2.3,2.31,18.3,2.3,1.85,14.6,5.1,,17.0,5.0,2.27,17.65,3.675,2.143333333333333
2025-04-24 17:00,19.3,2.3,1.2,17.1,3.0,1.17,13.9,3.2,,15.7,3.8,1.4,16.5,3.075,1.2566666666666666
2025-04-24 18:00,17.9,1.9,0.61,15.7,1.8,0.61,13.7,3.9,,14.5,3.6,0.53,15.45,2.8,0.5833333333333334
2025-04-24 19:00,16.4,1.8,0.2,14.0,2.0,0.19,12.1,5.1,,13.1,5.7,0.14,13.9,3.6499999999999995,0.17666666666666667
2025-04-24 20:00,15.2,1.4,0.06,12.8,3.8,0.0,10.9,5.5,,12.8,6.0,0.01,12.925,4.175,0.02333333333333333
2025-04-24 21:00,14.0,1.1,,11.3,3.0,,10.4,4.0,,12.1,6.5,,11.950000000000001,3.65,0.0
2025-04-24 22:00,13.0,2.0,,10.6,2.3,,9.8,2.8,,11.7,7.0,,11.275000000000002,3.525,0.0
2025-04-24 23:00,12.0,3.7,,10.0,1.4,,9.5,3.4,,11.4,9.0,,10.725,4.375,0.0
2025-04-25 00:00,10.7,1.5,,9.9,1.4,,8.7,3.0,,11.3,5.8,,10.15,2.925,0.0
2025-04-25 01:00,10.2,1.7,,9.0,0.4,,7.6,0.7,,10.9,5.3,,9.424999999999999,2.025,0.0
2025-04-25 02:00,9.8,2.3,,8.6,0.4,,8.2,3.1,,11.2,7.0,,9.45,3.2,0.0
2025-04-25 03:00,9.9,1.8,,8.0,0.4,,7.8,0.6,,11.0,6.6,,9.175,2.35,0.0
2025-04-25 04:00,9.0,1.5,,7.1,0.1,,6.5,1.1,,9.6,4.3,,8.05,1.75,0.0
2025-04-25 05:00,9.1,0.5,,7.2,0.6,,6.2,0.5,,10.0,5.3,,8.125,1.725,0.0
2025-04-25 06:00,9.4,1.3,0.06,7.1,0.4,0.0,5.3,0.1,,9.8,4.5,0.0,7.9,1.5750000000000002,0.02
2025-04-25 07:00,10.4,2.6,0.28,8.0,0.4,0.24,5.8,0.0,,9.8,2.0,0.18,8.5,1.25,0.2333333333333333
2025-04-25 08:00,12.0,1.9,0.86,9.6,0.2,0.73,9.1,0.6,,10.7,2.5,0.7,10.350000000000001,1.3,0.7633333333333333
2025-04-25 09:00,14.0,2.3,1.68,13.1,0.7,1.6,13.0,1.7,,12.2,5.1,1.41,13.075,2.45,1.5633333333333335
2025-04-25 10:00,16.4,3.6,2.29,15.1,1.9,2.42,15.3,1.9,,13.6,4.1,1.76,15.1,2.875,2.1566666666666667
2025-04-25 11:00,17.2,3.6,2.9,16.6,2.1,2.94,16.0,5.0,,15.3,4.9,2.59,16.275,3.9,2.81
2025-04-25 12:00,17.8,3.8,3.55,17.4,2.2,3.24,16.0,6.2,,16.2,6.3,3.46,16.85,4.625,3.4166666666666665
2025-04-25 13:00,18.3,4.9,3.67,17.3,2.6,3.37,15.9,7.2,,16.4,7.9,3.67,16.975,5.65,3.5700000000000003
2025-04-25 14:00,18.2,3.0,3.57,18.0,4.6,3.3,15.7,7.4,,16.0,10.2,3.61,16.975,6.3,3.4933333333333327
2025-04-25 15:00,18.7,2.7,3.2,17.4,6.4,3.02,15.3,5.3,,16.5,7.1,3.24,16.974999999999998,5.375,3.1533333333333338
2025-04-25 16:00,17.8,3.0,2.7,17.3,4.6,2.51,15.0,5.9,,16.1,6.4,2.72,16.55,4.975,2.643333333333333
2025-04-25 17:00,17.1,2.4,1.97,16.2,5.8,1.87,14.6,5.0,,15.4,6.9,2.0,15.825,5.025,1.9466666666666665
2025-04-25 18:00,16.2,2.1,1.16,15.3,4.0,1.1,13.8,4.3,,14.6,6.6,1.18,14.975,4.25,1.1466666666666665
2025-04-25 19:00,14.3,1.2,0.35,13.6,3.1,0.33,11.8,3.4,,13.1,4.7,0.4,13.200000000000001,3.0999999999999996,0.36000000000000004
2025-04-25 20:00,13.2,0.9,0.06,12.1,2.4,0.01,10.6,2.0,,11.5,3.1,0.01,11.85,2.1,0.02666666666666666
2025-04-25 21:00,12.4,1.1,,11.1,1.4,,9.6,1.0,,10.6,1.8,,10.925,1.325,0.0
2025-04-25 22:00,11.6,0.9,,10.3,1.1,,9.0,0.9,,10.2,2.0,,10.274999999999999,1.225,0.0
2025-04-25 23:00,11.1,0.6,,10.1,1.1,,7.9,0.8,,9.9,1.9,,9.75,1.1,0.0
2025-04-26 00:00,9.7,0.3,,9.1,1.0,,8.2,1.1,,9.4,2.3,,9.1,1.175,0.0
2025-04-26 01:00,8.8,1.4,,7.7,1.4,,8.3,0.4,,9.2,1.5,,8.5,1.1749999999999998,0.0
2025-04-26 02:00,8.6,0.7,,7.1,1.5,,6.7,1.8,,8.9,1.0,,7.824999999999999,1.25,0.0
2025-04-26 03:00,8.6,0.6,,6.4,1.9,,5.5,1.8,,8.4,0.0,,7.225,1.075,0.0
2025-04-26 04:00,7.5,0.8,,6.1,1.7,,5.4,0.8,,8.4,2.0,,6.85,1.325,0.0
2025-04-26 05:00,7.6,0.4,,5.3,1.7,,4.4,1.4,,8.1,2.3,,6.35,1.45,0.0
2025-04-26 06:00,7.1,0.3,0.06,5.4,1.3,0.0,4.1,2.9,,8.0,1.7,0.0,6.15,1.55,0.02
2025-04-26 07:00,7.9,0.4,0.39,7.7,0.6,0.33,6.2,2.2,,8.7,2.2,0.29,7.625,1.35,0.33666666666666667
2025-04-26 08:00,10.2,0.6,1.14,10.5,0.6,0.98,10.3,2.5,,11.4,2.3,1.02,10.6,1.5,1.0466666666666666
2025-04-26 09:00,12.7,0.6,1.9,13.9,1.1,1.69,13.5,2.8,,13.8,1.9,1.77,13.475000000000001,1.6,1.7866666666666664
2025-04-26 10:00,16.1,0.6,2.58,17.2,2.3,2.37,15.4,3.1,,16.3,1.4,2.48,16.25,1.85,2.4766666666666666
2025-04-26 11:00,17.9,1.2,3.14,19.7,1.1,2.91,18.2,2.5,,18.4,1.8,3.04,18.549999999999997,1.65,3.03
2025-04-26 12:00,19.8,1.1,3.46,20.8,2.9,3.26,19.3,2.9,,19.2,3.1,3.39,19.775000000000002,2.5,3.3699999999999997
2025-04-26 13:00,22.1,0.9,3.56,21.6,3.4,3.37,19.6,3.0,,19.5,3.1,3.54,20.700000000000003,2.6,3.4899999999999998
2025-04-26 14:00,23.3,2.8,3.42,22.1,4.0,3.28,18.9,7.4,,19.2,4.4,3.42,20.875000000000004,4.65,3.373333333333333
2025-04-26 15:00,23.5,2.9,3.06,21.6,5.2,2.99,18.6,5.0,,19.5,2.9,3.12,20.8,4.0,3.056666666666667
2025-04-26 16:00,21.7,2.3,2.45,20.7,4.7,2.47,18.5,3.2,,19.4,3.9,2.61,20.075,3.525,2.51
2025-04-26 17:00,21.9,2.2,1.83,19.4,4.2,1.76,17.6,4.4,,18.3,3.3,1.9,19.3,3.5250000000000004,1.83
2025-04-26 18:00,20.0,1.6,1.08,18.0,3.2,1.03,17.4,2.2,,17.3,3.5,1.11,18.175,2.625,1.0733333333333335
2025-04-26 19:00,17.8,2.5,0.33,16.5,1.7,0.3,15.6,2.1,,15.9,2.1,0.36,16.45,2.1,0.33
2025-04-26 20:00,16.6,0.2,0.06,15.3,1.3,0.01,13.6,2.2,,14.2,1.8,0.0,14.925,1.375,0.02333333333333333
2025-04-26 21:00,15.4,0.6,,14.6,1.6,,12.3,2.4,,13.6,1.2,,13.975,1.45,0.0
2025-04-26 22:00,14.9,1.2,,13.2,1.7,,10.9,1.6,,12.9,0.3,,12.975,1.2,0.0
2025-04-26 23:00,14.5,0.6,,11.9,1.9,,10.3,2.1,,12.7,1.8,,12.350000000000001,1.5999999999999999,0.0
2025-04-27 00:00,13.5,0.7,,11.7,1.7,,10.2,1.3,,12.0,2.6,,11.85,1.5750000000000002,0.0
2025-04-27 01:00,12.8,1.2,,11.0,1.5,,9.4,2.2,,11.9,2.1,,11.275,1.75,0.0
2025-04-27 02:00,12.9,0.5,,10.6,1.6,,9.3,1.6,,11.5,2.3,,11.075,1.5,0.0
2025-04-27 03:00,11.8,0.6,,10.8,1.6,,9.4,0.9,,11.5,3.4,,10.875,1.625,0.0
2025-04-27 04:00,11.4,0.0,,11.3,1.1,,9.4,1.1,,11.4,2.7,,10.875,1.225,0.0
2025-04-27 05:00,10.7,0.0,,11.3,1.7,,8.7,1.2,,11.2,2.8,,10.475,1.4249999999999998,0.0
2025-04-27 06:00,10.2,0.5,0.06,11.0,1.6,0.0,8.4,0.3,,11.1,2.6,0.0,10.175,1.25,0.02
2025-04-27 07:00,10.6,0.3,0.3,12.7,1.1,0.28,9.3,0.3,,11.1,2.0,0.17,10.924999999999999,0.925,0.25000000000000006
2025-04-27 08:00,12.8,0.1,0.8,14.8,1.0,0.91,13.3,0.9,,13.6,1.5,0.78,13.625000000000002,0.875,0.8300000000000001
2025-04-27 09:00,16.0,0.1,1.73,17.7,1.0,1.46,16.2,2.3,,15.5,2.1,1.31,16.35,1.375,1.5
2025-04-27 10:00,19.8,0.7,2.44,20.1,1.1,2.1,18.8,2.1,,17.5,1.5,1.8,19.05,1.35,2.1133333333333333
2025-04-27 11:00,21.0,1.4,3.13,22.0,2.5,2.75,20.2,2.3,,19.9,0.9,2.85,20.775,1.775,2.91
2025-04-27 12:00,22.8,1.3,3.39,22.7,2.5,3.09,21.8,2.5,,21.1,2.6,2.9,22.1,2.225,3.126666666666667
2025-04-27 13:00,22.5,1.6,3.1,24.0,3.0,3.39,22.3,2.5,,23.2,1.5,3.43,23.0,2.15,3.3066666666666666
2025-04-27 14:00,24.1,1.5,2.98,24.4,2.5,3.04,22.0,4.9,,23.8,2.5,3.34,23.575,2.85,3.1199999999999997
2025-04-27 15:00,24.2,1.6,2.7,24.7,2.3,2.47,21.9,4.1,,22.2,2.6,1.98,23.25,2.65,2.3833333333333333
2025-04-27 16:00,24.5,1.0,,25.6,2.1,2.04,20.1,4.9,,21.5,3.6,2.11,22.925,2.9,1.3833333333333335
2025-04-27 17:00,24.4,1.4,,22.3,2.9,0.9,19.0,4.3,,19.5,3.9,1.08,21.3,3.125,0.66
2025-04-27 18:00,22.2,2.4,,19.8,1.6,0.43,17.7,5.1,,18.5,3.1,0.65,19.55,3.05,0.36000000000000004
2025-04-27 19:00,20.2,2.7,0.26,18.9,3.3,0.21,16.3,4.1,,17.2,1.8,0.18,18.15,2.975,0.21666666666666665
2025-04-27 20:00,18.9,1.5,0.06,17.1,2.3,0.01,14.9,2.8,,16.8,2.8,0.0,16.925,2.3499999999999996,0.02333333333333333
2025-04-27 21:00,18.4,0.7,,15.8,1.3,,13.4,0.4,,16.1,2.1,,15.925,1.125,0.0
2025-04-27 22:00,17.4,0.4,,15.8,0.7,,12.4,2.9,,16.4,1.5,,15.5,1.375,0.0
2025-04-27 23:00,16.6,0.2,,15.2,1.0,,12.0,0.9,,15.9,1.7,,14.924999999999999,0.95,0.0
2025-04-28 00:00,15.8,0.7,,15.2,0.3,,12.6,0.0,,14.6,1.4,,14.55,0.6,0.0
2025-04-28 01:00,15.8,0.4,,13.9,1.0,,11.9,0.1,,14.4,2.4,,14.0,0.975,0.0
2025-04-28 02:00,15.6,0.0,,14.2,0.9,,11.7,1.5,,14.3,2.7,,13.95,1.275,0.0
2025-04-28 03:00,14.5,0.3,,13.7,0.8,,11.7,1.0,,14.4,2.4,,13.575,1.125,0.0
2025-04-28 04:00,14.5,0.4,,13.9,0.1,,11.4,1.0,,14.3,3.2,,13.524999999999999,1.175,0.0
2025-04-28 05:00,13.7,0.2,,12.9,1.1,,10.6,1.2,,13.9,3.3,,12.775,1.45,0.0
2025-04-28 06:00,13.5,0.2,0.06,12.5,1.1,0.01,9.7,1.4,,13.6,2.5,0.0,12.325000000000001,1.3,0.02333333333333333
2025-04-28 07:00,13.5,0.5,0.26,12.8,0.8,0.21,10.4,1.0,,13.5,2.2,0.17,12.55,1.125,0.21333333333333335
2025-04-28 08:00,15.0,0.4,0.82,15.5,0.6,0.83,13.1,1.1,,14.3,2.4,0.73,14.475000000000001,1.125,0.7933333333333333
2025-04-28 09:00,17.2,1.1,1.93,16.3,0.7,1.66,14.3,3.0,,15.9,4.0,1.79,15.924999999999999,2.2,1.7933333333333332
2025-04-28 10:00,18.1,1.4,2.65,17.2,1.5,2.42,14.6,5.0,,16.6,4.9,2.53,16.625,3.2,2.533333333333333
2025-04-28 11:00,20.0,1.3,3.15,18.2,3.1,2.82,15.4,4.7,,16.9,6.1,3.1,17.625,3.8000000000000003,3.0233333333333334
2025-04-28 12:00,20.7,2.4,3.48,18.9,4.1,2.94,16.2,5.8,,16.3,6.6,3.45,18.025,4.725,3.2900000000000005
2025-04-28 13:00,21.1,2.6,3.59,19.1,4.7,3.39,15.3,7.4,,16.9,6.4,3.55,18.1,5.275,3.5100000000000002
2025-04-28 14:00,20.8,2.0,3.51,20.0,5.1,3.3,14.7,5.9,,17.0,7.4,3.46,18.125,5.1,3.4233333333333333
2025-04-28 15:00,20.6,2.1,3.15,20.4,5.9,3.04,14.1,5.9,,16.7,5.8,3.16,17.95,4.925,3.1166666666666667
2025-04-28 16:00,20.7,2.3,2.59,19.6,4.8,2.55,15.1,6.5,,16.2,6.6,2.63,17.9,5.05,2.59
2025-04-28 17:00,19.5,3.8,1.91,18.0,5.3,1.87,15.1,6.4,,16.5,6.3,1.96,17.275,5.45,1.9133333333333333
2025-04-28 18:00,18.2,3.4,1.16,16.2,4.7,1.08,13.4,7.2,,14.6,6.0,1.18,15.6,5.325,1.14
2025-04-28 19:00,15.5,2.6,0.33,13.6,3.7,0.32,11.5,5.9,,13.3,5.5,0.42,13.475000000000001,4.425000000000001,0.3566666666666667
2025-04-28 20:00,13.7,1.2,0.06,11.4,2.3,0.01,10.2,3.4,,11.6,6.5,0.01,11.725,3.35,0.02666666666666666
2025-04-28 21:00,12.0,2.0,,10.2,1.5,,9.8,3.2,,10.9,5.1,,10.725,2.95,0.0
2025-04-28 22:00,11.3,1.1,,9.8,1.4,,9.4,2.9,,10.5,4.5,,10.25,2.475,0.0
2025-04-28 23:00,10.6,1.3,,9.7,1.8,,8.9,0.7,,10.4,5.4,,9.899999999999999,2.3,0.0
2025-04-29 00:00,10.1,0.7,,9.3,1.1,,8.1,1.1,,10.1,3.9,,9.4,1.7000000000000002,0.0
2025-04-29 01:00,9.4,0.8,,8.8,0.9,,7.0,1.6,,10.1,4.2,,8.825000000000001,1.875,0.0
2025-04-29 02:00,9.3,1.0,,7.8,1.5,,6.3,2.0,,9.9,3.4,,8.325000000000001,1.975,0.0
2025-04-29 03:00,9.1,1.0,,7.3,1.3,,6.2,2.2,,9.5,2.4,,8.024999999999999,1.725,0.0
2025-04-29 04:00,8.3,0.7,,6.6,1.6,,5.4,1.5,,9.4,1.6,,7.425000000000001,1.35,0.0
2025-04-29 05:00,8.1,0.5,,6.5,1.6,,5.2,2.2,,9.3,1.9,,7.275,1.5500000000000003,0.0
2025-04-29 06:00,7.1,0.1,0.06,6.2,1.4,0.01,4.8,1.8,,9.1,1.3,0.0,6.800000000000001,1.15,0.02333333333333333
2025-04-29 07:00,8.0,0.5,0.42,8.4,0.9,0.32,6.8,0.9,,10.1,2.0,0.31,8.325,1.075,0.35000000000000003
2025-04-29 08:00,9.9,0.6,1.17,10.6,1.1,1.01,9.5,2.4,,11.5,2.6,1.05,10.375,1.6749999999999998,1.0766666666666664
2025-04-29 09:00,11.8,0.5,1.95,12.6,1.6,1.75,12.2,1.4,,13.1,2.2,1.84,12.424999999999999,1.425,1.8466666666666667
2025-04-29 10:00,14.9,1.4,2.64,15.0,1.6,2.43,14.3,2.4,,14.5,1.6,2.54,14.675,1.75,2.5366666666666666
2025-04-29 11:00,16.7,1.4,3.2,17.5,1.5,2.95,16.3,1.8,,15.7,2.4,3.11,16.55,1.775,3.0866666666666664
2025-04-29 12:00,18.6,1.4,3.56,18.5,1.8,3.29,17.3,4.2,,16.6,3.6,3.47,17.75,2.75,3.44
2025-04-29 13:00,19.6,2.0,3.62,19.8,1.6,3.44,17.8,4.8,,17.6,3.0,3.63,18.700000000000003,2.85,3.563333333333334
2025-04-29 14:00,20.9,2.1,3.48,20.9,1.7,3.28,17.1,5.8,,18.8,2.6,3.5,19.425,3.05,3.42
2025-04-29 15:00,22.1,1.7,3.14,21.1,2.6,2.98,17.5,4.7,,18.6,3.2,2.82,19.825000000000003,3.05,2.98
2025-04-29 16:00,22.5,1.7,2.55,20.5,3.4,2.46,17.7,4.1,,18.7,3.7,2.61,19.85,3.2249999999999996,2.5399999999999996
2025-04-29 17:00,22.4,1.6,1.86,20.6,2.4,1.8,17.2,3.0,,18.8,3.3,1.91,19.75,2.575,1.8566666666666667
2025-04-29 18:00,21.6,2.9,1.09,20.1,1.6,0.95,16.6,3.3,,17.1,3.1,1.12,18.85,2.725,1.0533333333333335
2025-04-29 19:00,19.0,3.1,0.3,17.5,2.6,0.29,14.3,2.8,,15.9,1.3,0.37,16.675,2.45,0.32
2025-04-29 20:00,16.6,2.0,0.05,15.4,1.6,0.01,12.7,1.8,,14.8,1.1,0.01,14.875,1.625,0.023333333333333334
2025-04-29 21:00,15.8,0.6,,14.5,0.9,,11.7,0.4,,14.0,1.6,,14.0,0.875,0.0
2025-04-29 22:00,15.2,2.5,,13.6,1.1,,11.0,1.3,,13.5,3.2,,13.325,2.0250000000000004,0.0
2025-04-29 23:00,14.6,1.1,,12.7,1.4,,10.4,0.8,,12.6,2.1,,12.575,1.35,0.0
2025-04-30 00:00,14.3,0.5,,12.4,0.6,,9.5,0.2,,12.1,2.4,,12.075000000000001,0.925,0.0
2025-04-30 01:00,13.4,0.2,,11.9,1.4,,9.3,1.3,,11.8,2.2,,11.600000000000001,1.275,0.0
2025-04-30 02:00,12.4,0.5,,11.8,1.8,,9.2,1.0,,11.8,2.4,,11.3,1.4249999999999998,0.0
2025-04-30 03:00,12.0,0.0,,12.2,1.7,,8.4,1.5,,11.8,3.6,,11.100000000000001,1.7000000000000002,0.0
2025-04-30 04:00,11.4,0.5,,12.1,2.1,,8.2,0.3,,11.6,3.5,,10.825,1.6,0.0
2025-04-30 05:00,11.1,0.4,,12.5,1.1,,7.9,0.5,,11.5,3.6,,10.75,1.4,0.0
2025-04-30 06:00,10.5,0.4,0.06,12.1,1.6,0.01,7.2,0.0,,11.6,4.3,0.0,10.35,1.575,0.02333333333333333
2025-04-30 07:00,10.6,0.0,0.41,14.0,1.3,0.33,9.5,0.7,,12.6,3.5,0.31,11.675,1.375,0.35000000000000003
2025-04-30 08:00,13.6,0.3,1.14,16.8,0.6,1.01,13.6,0.5,,14.9,3.6,1.06,14.725,1.25,1.07
2025-04-30 09:00,16.7,0.6,1.93,20.0,1.2,1.75,18.4,2.7,,17.3,3.2,1.84,18.1,1.925,1.8399999999999999
2025-04-30 10:00,19.7,0.5,2.6,22.5,1.9,2.41,20.5,3.2,,19.2,3.9,2.54,20.475,2.375,2.5166666666666666
2025-04-30 11:00,21.5,0.8,3.14,24.8,1.5,2.94,23.0,4.1,,21.0,4.8,3.09,22.575,2.8,3.0566666666666666
2025-04-30 12:00,23.2,1.9,3.45,26.0,0.9,3.24,24.8,3.3,,22.1,5.3,3.43,24.025,2.8499999999999996,3.3733333333333335
2025-04-30 13:00,25.0,1.5,3.54,26.7,1.1,3.32,24.7,2.7,,23.0,5.1,3.57,24.85,2.6,3.4766666666666666
2025-04-30 14:00,26.6,2.6,3.38,27.2,2.3,3.25,24.4,4.1,,22.6,5.2,3.46,25.199999999999996,3.55,3.3633333333333333
2025-04-30 15:00,27.3,3.2,3.04,27.7,3.1,2.94,24.5,2.9,,23.0,6.0,3.12,25.625,3.8000000000000003,3.0333333333333337
2025-04-30 16:00,25.6,3.4,2.59,28.1,2.9,2.42,24.1,2.3,,22.5,6.5,2.62,25.075000000000003,3.775,2.5433333333333334
2025-04-30 17:00,24.7,4.8,1.92,25.7,3.3,1.72,23.1,2.9,,21.2,7.6,1.94,23.675,4.65,1.86
2025-04-30 18:00,23.0,4.0,1.14,23.1,3.4,0.95,21.7,3.6,,20.0,5.4,1.16,21.95,4.1,1.0833333333333333
2025-04-30 19:00,20.4,3.5,0.31,20.6,2.1,0.3,20.3,2.3,,18.8,5.9,0.41,20.025,3.45,0.34
2025-04-30 20:00,18.4,3.2,0.06,18.9,1.5,0.01,18.8,1.7,,17.3,3.5,0.01,18.349999999999998,2.475,0.02666666666666666
2025-04-30 21:00,17.4,2.4,,19.6,1.1,,16.5,2.2,,16.2,5.3,,17.425,2.75,0.0
2025-04-30 22:00,16.8,3.3,,19.4,2.4,,16.0,3.2,,15.8,3.6,,17.0,3.1249999999999996,0.0
2025-04-30 23:00,15.7,2.4,,18.3,2.2,,15.5,3.1,,15.4,3.1,,16.225,2.6999999999999997,0.0
2025-05-01 01:00,15.1,1.4,,17.5,3.2,,15.0,3.1,,14.8,4.9,,15.600000000000001,3.15,0.0
2025-05-01 02:00,15.1,0.8,,16.6,1.9,,13.5,1.6,,14.8,1.9,,15.0,1.5500000000000003,0.0
2025-05-01 03:00,15.3,1.7,,16.7,3.6,,12.7,1.8,,14.8,2.5,,14.875,2.4,0.0
2025-05-01 04:00,15.4,2.0,,16.2,2.1,,12.8,1.6,,15.0,3.1,,14.850000000000001,2.1999999999999997,0.0
2025-05-01 05:00,16.0,2.5,,16.3,3.7,,13.4,2.5,,15.3,3.2,,15.25,2.9749999999999996,0.0
2025-05-01 06:00,16.3,2.7,0.07,16.5,3.1,0.01,13.7,2.7,,16.1,4.9,0.0,15.65,3.35,0.02666666666666667
2025-05-01 07:00,16.9,2.5,0.33,17.8,3.9,0.31,16.2,4.2,,16.8,4.6,0.27,16.925,3.8000000000000003,0.30333333333333334
2025-05-01 08:00,18.9,3.8,0.97,19.0,4.8,0.87,18.4,4.7,,18.1,5.6,0.76,18.6,4.725,0.8666666666666666
2025-05-01 09:00,19.8,4.0,1.38,21.0,5.1,1.6,20.6,5.7,,19.6,3.7,1.24,20.25,4.625,1.4066666666666665
2025-05-01 10:00,20.1,4.1,1.14,21.9,3.7,1.63,20.5,6.6,,17.4,8.0,0.83,19.975,5.6,1.2
2025-05-01 11:00,16.9,3.6,0.38,17.6,3.5,0.78,20.2,8.3,,15.8,4.9,0.59,17.625,5.075,0.5833333333333334
2025-05-01 12:00,18.8,3.7,1.03,20.2,5.1,1.43,19.7,3.9,,16.8,6.2,0.83,18.875,4.7250000000000005,1.0966666666666667
2025-05-01 13:00,16.0,3.0,0.92,16.6,2.7,0.32,16.1,2.9,,15.9,3.1,0.16,16.150000000000002,2.925,0.4666666666666666
2025-05-01 14:00,15.7,2.3,0.16,16.6,0.9,0.19,16.3,2.0,,15.4,2.8,0.06,15.999999999999998,1.9999999999999998,0.13666666666666666
2025-05-01 15:00,15.6,2.5,0.23,16.6,0.5,0.16,16.2,2.4,,15.2,2.1,0.26,15.900000000000002,1.875,0.21666666666666667
2025-05-01 16:00,16.3,2.4,0.42,16.3,1.7,0.16,15.2,3.8,,15.3,3.9,0.32,15.774999999999999,2.9499999999999997,0.3
2025-05-01 17:00,16.1,1.5,0.29,16.2,1.6,0.15,14.1,5.6,,14.8,4.2,0.13,15.3,3.2249999999999996,0.18999999999999997
2025-05-01 18:00,15.5,2.6,0.14,14.7,3.3,0.08,13.6,4.4,,14.5,1.6,0.06,14.575,2.975,0.09333333333333334
2025-05-01 19:00,15.2,1.7,0.09,14.4,2.5,0.03,12.9,3.9,,14.4,1.3,0.06,14.225,2.35,0.06
2025-05-01 20:00,15.2,1.1,0.07,13.7,1.7,0.0,12.2,2.7,,13.8,3.4,0.01,13.724999999999998,2.225,0.02666666666666667
2025-05-01 21:00,14.4,1.5,,13.4,2.4,,11.8,2.4,,13.0,4.6,,13.15,2.7249999999999996,0.0
2025-05-01 22:00,13.5,1.0,,12.8,2.3,,10.8,5.0,,12.0,3.8,,12.275,3.0250000000000004,0.0
2025-05-01 23:00,12.7,1.4,,11.7,2.5,,9.6,4.2,,11.2,7.4,,11.3,3.875,0.0
2025-05-02 00:00,11.4,1.0,,10.5,2.4,,9.1,2.0,,10.3,7.0,,10.325,3.1,0.0
2025-05-02 01:00,10.9,0.7,,9.8,2.0,,8.7,1.3,,9.9,3.0,,9.825000000000001,1.75,0.0
2025-05-02 02:00,10.3,0.5,,9.5,1.3,,8.7,3.0,,9.6,3.3,,9.525,2.025,0.0
2025-05-02 03:00,10.1,0.4,,9.5,1.7,,8.1,2.2,,9.9,3.3,,9.4,1.9000000000000001,0.0
2025-05-02 04:00,9.4,1.4,,9.1,0.7,,9.0,3.5,,10.4,3.5,,9.475,2.275,0.0
2025-05-02 05:00,9.4,0.7,,8.8,0.9,,8.7,1.6,,10.9,4.6,,9.450000000000001,1.95,0.0
2025-05-02 06:00,9.1,0.6,0.07,8.2,1.2,0.01,8.7,1.8,,10.6,2.0,0.0,9.149999999999999,1.4,0.02666666666666667
2025-05-02 07:00,9.6,0.3,0.46,10.0,0.9,0.36,10.1,3.2,,11.3,2.8,0.36,10.25,1.8,0.39333333333333337
2025-05-02 08:00,12.0,1.2,1.24,11.8,0.5,1.07,11.6,4.1,,12.7,4.3,1.11,12.024999999999999,2.525,1.14
2025-05-02 09:00,13.2,1.2,2.03,13.2,1.7,1.82,13.2,3.9,,13.6,5.8,1.91,13.299999999999999,3.15,1.92
2025-05-02 10:00,15.2,1.4,2.7,14.4,2.3,2.48,13.9,4.8,,14.4,6.8,2.61,14.475,3.825,2.5966666666666662
2025-05-02 11:00,16.3,1.7,3.24,15.9,2.9,3.03,14.2,6.2,,15.2,7.4,3.16,15.400000000000002,4.550000000000001,3.143333333333333
2025-05-02 12:00,17.6,3.5,3.55,17.0,3.6,3.31,14.9,5.0,,15.2,6.8,3.48,16.175,4.725,3.4466666666666668
2025-05-02 13:00,18.3,2.4,3.67,17.4,2.5,3.42,15.1,5.8,,15.9,7.0,3.57,16.675,4.425,3.5533333333333332
2025-05-02 14:00,19.0,1.7,3.5,18.5,3.1,3.31,14.8,6.9,,16.4,5.2,3.43,17.174999999999997,4.225,3.4133333333333336
2025-05-02 15:00,18.9,2.2,3.11,17.2,3.5,2.66,13.1,6.2,,16.6,4.7,3.12,16.45,4.15,2.9633333333333334
2025-05-02 16:00,18.8,2.2,2.54,16.4,3.8,1.46,13.3,5.5,,16.6,4.8,2.59,16.275,4.075,2.1966666666666668
2025-05-02 17:00,18.2,2.0,1.86,14.5,2.9,0.53,12.9,3.0,,16.0,5.0,1.87,15.4,3.225,1.42
2025-05-02 18:00,17.3,1.6,1.02,14.1,1.0,0.39,13.0,1.3,,15.2,4.7,1.08,14.899999999999999,2.1500000000000004,0.8300000000000001
2025-05-02 19:00,16.1,1.5,0.27,13.3,1.5,0.17,12.8,1.7,,14.4,1.9,0.34,14.15,1.65,0.26
2025-05-02 20:00,14.5,1.7,0.06,12.9,1.1,0.01,12.4,1.2,,13.5,2.8,0.02,13.325,1.7,0.03
2025-05-02 21:00,13.9,1.2,,12.7,0.6,,11.5,1.9,,13.1,2.2,,12.8,1.475,0.0
2025-05-02 22:00,13.6,1.3,,12.6,1.1,,11.3,1.2,,12.5,2.8,,12.5,1.6,0.0
2025-05-02 23:00,14.1,0.3,,12.2,0.6,,10.7,1.1,,12.0,0.2,,12.25,0.55,0.0
2025-05-03 00:00,13.6,0.6,,12.0,1.0,,11.0,1.1,,11.7,2.2,,12.075,1.225,0.0
2025-05-03 01:00,13.4,0.4,,12.1,0.3,,10.9,1.6,,12.1,3.0,,12.125,1.325,0.0
2025-05-03 02:00,13.1,0.4,,12.1,1.0,,11.0,2.1,,12.3,3.4,,12.125,1.725,0.0
2025-05-03 03:00,13.2,1.3,,12.3,1.0,,10.4,1.5,,12.2,1.5,,12.024999999999999,1.325,0.0
2025-05-03 04:00,12.6,0.2,,11.2,1.7,,10.4,2.3,,12.3,1.2,,11.625,1.3499999999999999,0.0
2025-05-03 05:00,11.9,0.3,,11.4,1.3,,10.1,2.1,,12.6,1.1,,11.5,1.2000000000000002,0.0
2025-05-03 06:00,10.3,1.6,0.05,10.4,1.3,0.0,9.5,1.7,,11.4,3.3,0.0,10.4,1.975,0.016666666666666666
2025-05-03 07:00,10.6,1.3,0.11,10.2,1.3,0.02,8.8,3.2,,11.8,5.1,0.08,10.35,2.725,0.07
2025-05-03 08:00,10.8,2.3,0.24,10.0,1.1,0.07,8.6,3.6,,13.1,4.2,0.21,10.625,2.8,0.17333333333333334
2025-05-03 09:00,11.3,0.9,0.21,9.8,1.1,0.07,8.7,4.9,,14.9,4.7,0.26,11.175,2.9000000000000004,0.18000000000000002
2025-05-03 10:00,11.9,1.1,0.23,9.9,1.9,0.12,8.6,3.4,,16.3,5.4,0.15,11.675,2.95,0.16666666666666666
2025-05-03 11:00,11.3,2.8,0.23,10.1,0.9,0.12,8.8,2.9,,16.6,5.4,0.2,11.7,3.0,0.18333333333333335
2025-05-03 12:00,10.9,1.9,0.33,10.0,1.4,0.14,9.2,3.2,,15.9,4.8,0.3,11.5,2.825,0.25666666666666665
2025-05-03 13:00,10.9,1.5,0.19,10.3,2.1,0.35,11.3,1.6,,13.0,4.2,0.29,11.375,2.35,0.27666666666666667
2025-05-03 14:00,11.5,2.0,0.54,12.3,0.7,0.76,13.6,2.5,,13.3,6.7,1.34,12.675,2.975,0.88
2025-05-03 15:00,13.2,2.3,0.9,13.3,1.7,1.88,13.5,1.9,,13.6,8.3,1.74,13.4,3.5500000000000003,1.5066666666666666
2025-05-03 16:00,14.0,3.5,1.91,13.7,2.9,0.93,15.4,4.2,,14.3,10.3,2.5,14.350000000000001,5.2250000000000005,1.78
2025-05-03 17:00,15.0,2.3,1.37,14.0,2.7,1.03,13.1,7.4,,14.5,8.9,2.03,14.15,5.325,1.4766666666666666
2025-05-03 18:00,15.2,2.4,0.76,13.7,2.3,0.31,13.0,5.7,,12.6,10.8,1.14,13.625,5.3,0.7366666666666667
2025-05-03 19:00,13.3,3.1,0.39,13.3,2.7,0.14,11.3,4.1,,11.8,9.2,0.31,12.425,4.775,0.28
2025-05-03 20:00,11.7,2.1,0.07,10.7,2.9,0.01,9.8,4.0,,11.5,5.8,0.03,10.925,3.7,0.03666666666666667
2025-05-03 21:00,11.1,1.6,,10.1,3.2,,9.7,4.4,,10.7,4.9,,10.399999999999999,3.5250000000000004,0.0
2025-05-03 22:00,10.5,1.1,,9.7,2.4,,9.9,4.0,,10.4,6.7,,10.125,3.55,0.0
2025-05-03 23:00,10.0,1.2,,9.7,1.0,,10.1,3.8,,9.9,4.0,,9.924999999999999,2.5,0.0
2025-05-04 00:00,9.6,0.8,,10.0,0.5,,9.8,1.3,,9.8,3.0,,9.8,1.4,0.0
2025-05-04 01:00,9.3,0.4,,9.9,1.2,,9.0,0.2,,9.7,2.7,,9.475000000000001,1.125,0.0
2025-05-04 02:00,8.6,0.6,,9.9,0.9,,9.9,2.4,,9.6,2.9,,9.5,1.7,0.0
2025-05-04 03:00,9.0,0.6,,9.4,0.6,,9.9,1.6,,9.5,2.2,,9.45,1.25,0.0
2025-05-04 04:00,8.2,0.5,,8.8,1.4,,9.8,2.6,,9.8,1.4,,9.15,1.475,0.0
2025-05-04 05:00,7.9,0.6,,8.3,1.3,,8.8,0.3,,10.1,2.0,,8.775,1.0499999999999998,0.0
2025-05-04 06:00,7.5,0.5,0.08,8.2,0.7,0.02,8.4,1.4,,10.2,2.5,0.01,8.575,1.275,0.03666666666666667
2025-05-04 07:00,8.0,0.0,0.44,10.1,0.8,0.37,8.7,2.2,,10.6,1.1,0.35,9.35,1.025,0.3866666666666667
2025-05-04 08:00,10.3,1.2,1.21,12.1,0.8,1.03,11.0,2.9,,12.2,1.3,1.03,11.399999999999999,1.55,1.09
2025-05-04 09:00,12.6,1.4,2.0,13.4,0.6,1.8,13.7,1.1,,13.6,1.4,1.84,13.325000000000001,1.125,1.88
2025-05-04 10:00,14.7,1.3,2.71,15.7,1.5,2.46,15.1,2.4,,14.8,2.0,2.6,15.075,1.7999999999999998,2.59
2025-05-04 11:00,17.6,1.5,3.25,17.0,1.7,2.97,16.2,2.6,,16.0,2.2,3.15,16.7,2.0,3.1233333333333335
2025-05-04 12:00,17.9,1.5,3.55,18.6,2.1,3.28,16.6,5.4,,16.7,3.7,3.53,17.45,3.175,3.453333333333333
2025-05-04 13:00,20.3,1.9,3.65,19.5,2.8,3.43,17.0,4.2,,17.7,3.0,3.63,18.625,2.9749999999999996,3.5700000000000003
2025-05-04 14:00,20.3,2.0,3.55,19.5,3.4,3.36,17.2,5.6,,18.7,5.1,3.53,18.925,4.025,3.48
2025-05-04 15:00,20.5,1.4,3.03,19.2,3.7,3.04,17.6,5.1,,18.5,5.3,3.23,18.950000000000003,3.875,3.1
2025-05-04 16:00,20.6,1.8,2.68,19.1,3.7,2.52,17.2,5.4,,18.8,4.4,2.69,18.925,3.825,2.6300000000000003
2025-05-04 17:00,19.6,1.5,1.95,18.8,3.5,1.85,16.8,4.7,,18.4,4.1,2.0,18.4,3.4499999999999997,1.9333333333333333
2025-05-04 18:00,18.8,2.1,1.16,17.6,2.2,1.1,16.1,3.9,,17.9,3.2,1.21,17.6,2.8500000000000005,1.1566666666666665
2025-05-04 19:00,16.9,2.0,0.35,15.9,1.7,0.36,14.5,4.1,,15.8,3.1,0.44,15.774999999999999,2.725,0.3833333333333333
2025-05-04 20:00,15.7,0.3,0.07,14.3,1.5,0.01,13.3,2.3,,14.2,2.7,0.02,14.375,1.7,0.03333333333333333
2025-05-04 21:00,15.4,0.8,,13.8,1.0,,11.6,0.2,,13.5,2.1,,13.575000000000001,1.025,0.0
2025-05-04 22:00,13.5,0.8,,12.3,1.1,,9.9,1.3,,12.7,1.6,,12.100000000000001,1.2000000000000002,0.0
2025-05-04 23:00,12.5,0.4,,10.9,1.2,,9.8,3.1,,12.5,1.1,,11.425,1.4500000000000002,0.0
2025-05-05 00:00,11.8,0.3,,9.8,1.4,,9.4,2.1,,11.8,1.4,,10.7,1.2999999999999998,0.0
2025-05-05 01:00,11.2,0.7,,9.4,1.7,,8.8,2.6,,11.5,1.0,,10.225000000000001,1.5,0.0
2025-05-05 02:00,10.0,0.9,,9.2,1.1,,8.5,2.6,,10.5,1.7,,9.55,1.575,0.0
2025-05-05 03:00,9.7,0.6,,9.0,1.7,,7.3,0.0,,10.1,0.3,,9.025,0.6499999999999999,0.0
2025-05-05 04:00,8.8,0.2,,8.7,1.3,,7.2,0.1,,9.6,3.1,,8.575,1.175,0.0
2025-05-05 05:00,8.3,0.6,,8.7,1.4,,6.7,0.1,,9.8,2.5,,8.375,1.15,0.0
2025-05-05 06:00,8.3,0.0,0.07,9.2,1.4,0.03,6.9,0.8,,10.2,1.9,0.0,8.649999999999999,1.025,0.03333333333333333
2025-05-05 07:00,9.7,0.6,0.37,10.5,0.7,0.29,8.9,1.2,,10.7,1.9,0.18,9.95,1.1,0.27999999999999997
2025-05-05 08:00,11.5,1.5,0.75,13.6,0.8,0.84,11.1,1.9,,12.1,3.3,0.63,12.075000000000001,1.8749999999999998,0.7399999999999999
2025-05-05 09:00,13.1,0.5,1.13,15.8,0.7,1.58,13.9,1.5,,14.6,1.9,1.34,14.35,1.15,1.3499999999999999
2025-05-05 10:00,15.6,0.6,1.99,18.2,0.4,1.71,14.7,1.6,,13.9,1.1,0.61,15.6,0.925,1.4366666666666668
2025-05-05 11:00,15.0,0.8,0.45,18.0,2.0,1.13,15.7,0.7,,15.7,1.1,0.84,16.1,1.15,0.8066666666666666
2025-05-05 12:00,16.4,0.7,0.78,16.8,1.6,0.45,15.4,4.3,,15.4,1.6,0.67,16.0,2.05,0.6333333333333333
2025-05-05 13:00,16.5,1.2,0.64,17.9,0.7,1.05,16.3,2.1,,15.8,2.1,0.64,16.625,1.525,0.7766666666666667
2025-05-05 14:00,16.2,2.1,0.57,18.1,0.6,0.91,16.8,2.1,,16.1,2.6,0.6,16.799999999999997,1.85,0.6933333333333334
2025-05-05 15:00,13.9,1.0,0.45,17.3,1.3,0.38,15.3,2.4,,15.3,2.0,0.49,15.45,1.6749999999999998,0.44
2025-05-05 16:00,13.6,0.8,0.41,12.7,2.6,0.27,12.6,1.4,,13.4,2.1,0.33,13.075,1.725,0.33666666666666667
2025-05-05 17:00,12.0,1.4,0.31,13.0,0.9,0.29,13.2,1.4,,11.4,6.5,0.28,12.4,2.55,0.29333333333333333
2025-05-05 18:00,12.3,1.4,0.38,12.3,1.0,0.13,13.1,1.1,,12.0,4.5,0.33,12.425,2.0,0.28
2025-05-05 19:00,12.6,1.1,0.13,12.0,1.1,0.06,12.9,1.2,,12.4,4.0,0.09,12.475,1.85,0.09333333333333334
2025-05-05 20:00,12.6,1.8,0.07,12.3,0.8,0.0,12.5,1.3,,12.6,3.8,0.0,12.5,1.925,0.023333333333333334
2025-05-05 21:00,11.4,1.7,,12.0,0.3,,12.5,1.4,,11.9,2.6,,11.95,1.5,0.0
2025-05-05 22:00,11.8,1.7,,12.4,0.5,,12.9,2.1,,11.1,1.0,,12.05,1.3250000000000002,0.0
2025-05-05 23:00,10.9,1.7,,12.3,1.0,,12.7,1.3,,10.4,2.7,,11.575000000000001,1.675,0.0
2025-05-06 00:00,11.1,2.6,,12.3,0.9,,12.4,1.7,,10.2,2.9,,11.5,2.025,0.0
2025-05-06 01:00,11.1,2.0,,12.3,0.6,,12.1,1.1,,10.5,2.9,,11.5,1.65,0.0
2025-05-06 02:00,11.2,2.8,,12.4,0.5,,11.7,1.0,,10.7,2.5,,11.5,1.7,0.0
2025-05-06 03:00,11.2,2.2,,11.6,1.0,,10.7,0.8,,11.1,3.0,,11.15,1.75,0.0
2025-05-06 04:00,11.2,1.4,,11.9,0.0,,10.4,1.2,,11.2,2.1,,11.175,1.1749999999999998,0.0
2025-05-06 05:00,11.2,1.3,,11.7,0.4,,10.6,1.9,,11.2,1.3,,11.175,1.225,0.0
2025-05-06 06:00,11.0,1.3,0.06,11.3,0.4,0.01,10.8,1.6,,11.1,2.6,0.0,11.05,1.475,0.02333333333333333
2025-05-06 07:00,11.2,1.3,0.12,11.9,0.6,0.13,11.1,2.4,,10.8,2.1,0.04,11.25,1.6,0.09666666666666666
2025-05-06 08:00,12.0,0.4,0.29,12.2,0.9,0.31,12.1,2.3,,10.9,0.8,0.13,11.799999999999999,1.0999999999999999,0.24333333333333332
2025-05-06 09:00,12.4,0.3,0.34,13.6,0.6,0.83,13.6,2.5,,11.6,0.8,0.35,12.8,1.05,0.5066666666666667
2025-05-06 10:00,13.0,0.6,0.55,15.0,0.3,1.82,15.2,2.0,,12.3,0.8,0.47,13.875,0.925,0.9466666666666667
2025-05-06 11:00,13.5,1.0,0.76,14.5,2.1,0.73,16.2,1.6,,12.3,2.8,0.52,14.125,1.875,0.6699999999999999
2025-05-06 12:00,13.6,1.6,0.53,15.0,1.3,0.76,15.4,2.2,,13.3,1.8,1.01,14.325,1.725,0.7666666666666666
2025-05-06 13:00,14.7,0.8,0.83,15.4,1.2,0.75,16.2,1.9,,14.4,2.7,1.43,15.174999999999999,1.65,1.0033333333333332
2025-05-06 14:00,14.5,1.4,0.64,16.0,0.4,0.95,17.3,0.8,,13.9,4.6,0.54,15.424999999999999,1.7999999999999998,0.71
2025-05-06 15:00,13.4,1.5,0.34,15.7,1.2,0.38,17.8,4.3,,13.8,3.9,0.77,15.175,2.725,0.49666666666666665
2025-05-06 16:00,14.9,1.2,1.3,15.8,1.5,0.47,18.3,4.1,,14.8,4.7,2.11,15.95,2.875,1.2933333333333332
2025-05-06 17:00,15.2,1.5,1.42,16.4,0.9,0.35,18.3,3.5,,14.6,6.5,1.78,16.125,3.1,1.1833333333333333
2025-05-06 18:00,15.3,1.2,0.97,16.6,0.4,0.86,16.1,4.2,,14.0,7.6,1.01,15.5,3.35,0.9466666666666667
2025-05-06 19:00,14.6,1.8,0.34,15.4,0.8,0.25,14.2,5.2,,13.3,3.3,0.35,14.375,2.7750000000000004,0.31333333333333335
2025-05-06 20:00,13.7,1.0,0.07,14.7,1.3,0.02,13.0,1.2,,12.6,4.5,0.02,13.5,2.0,0.036666666666666674
2025-05-06 21:00,12.5,1.1,,13.3,2.3,,11.9,2.5,,12.4,4.7,,12.525,2.6500000000000004,0.0
2025-05-06 22:00,11.8,0.9,,12.5,0.9,,11.1,1.9,,12.0,2.6,,11.85,1.5750000000000002,0.0
2025-05-06 23:00,11.5,0.8,,12.0,0.5,,10.7,0.6,,11.6,2.6,,11.450000000000001,1.125,0.0
2025-05-07 00:00,10.9,0.6,,11.5,1.0,,10.1,1.8,,11.0,1.3,,10.875,1.175,0.0
2025-05-07 01:00,10.1,0.9,,10.5,0.7,,9.7,2.2,,10.8,2.1,,10.275,1.475,0.0
2025-05-07 02:00,9.5,0.7,,9.8,1.1,,9.3,1.9,,10.0,1.3,,9.65,1.25,0.0
2025-05-07 03:00,9.0,0.9,,9.6,1.0,,9.3,0.7,,10.1,1.0,,9.5,0.8999999999999999,0.0
2025-05-07 04:00,8.7,0.2,,8.9,0.9,,8.0,2.1,,10.2,1.8,,8.95,1.25,0.0
2025-05-07 05:00,8.1,0.3,,8.4,1.0,,7.4,1.7,,9.9,0.9,,8.45,0.975,0.0
2025-05-07 06:00,8.2,1.0,0.08,8.6,1.2,0.02,7.6,1.3,,9.3,2.2,0.01,8.425,1.425,0.03666666666666667
2025-05-07 07:00,9.0,0.6,0.49,10.0,0.6,0.39,9.5,1.3,,10.1,1.7,0.33,9.65,1.05,0.4033333333333333
2025-05-07 08:00,11.1,0.6,1.21,12.2,1.1,1.08,12.8,0.7,,12.1,1.4,0.99,12.049999999999999,0.9500000000000001,1.0933333333333335
2025-05-07 09:00,12.9,0.7,1.96,14.1,0.3,1.83,14.0,1.6,,13.3,3.2,1.73,13.575,1.4500000000000002,1.8399999999999999
2025-05-07 10:00,15.1,1.1,2.65,15.6,0.5,2.47,15.5,1.8,,14.6,4.0,2.4,15.200000000000001,1.85,2.5066666666666664
2025-05-07 11:00,17.2,0.6,3.13,17.9,0.9,2.94,16.0,3.0,,16.0,3.4,2.93,16.775,1.975,3.0
2025-05-07 12:00,19.7,1.0,3.35,17.9,1.3,3.25,17.5,2.7,,17.5,3.0,3.31,18.15,2.0,3.3033333333333332
2025-05-07 13:00,20.3,1.0,3.47,19.8,1.7,3.42,16.1,4.3,,18.3,3.9,3.41,18.625,2.725,3.4333333333333336
2025-05-07 14:00,20.8,1.9,3.26,20.3,2.7,3.13,16.6,5.2,,18.3,4.5,2.97,19.0,3.575,3.1199999999999997
2025-05-07 15:00,21.9,2.0,2.75,20.3,3.4,2.65,15.9,5.7,,18.7,4.1,2.6,19.2,3.8000000000000003,2.6666666666666665
2025-05-07 16:00,20.9,2.0,2.32,20.0,2.4,2.42,16.3,4.8,,18.6,5.1,2.54,18.950000000000003,3.5749999999999997,2.4266666666666667
2025-05-07 17:00,20.0,1.4,1.61,18.4,3.5,1.73,15.6,5.1,,17.8,4.7,1.88,17.95,3.675,1.74
2025-05-07 18:00,18.6,2.0,0.91,17.6,2.0,0.92,14.9,4.2,,16.4,5.3,1.11,16.875,3.375,0.9800000000000001
2025-05-07 19:00,17.0,1.3,0.36,15.4,1.5,0.32,13.5,3.7,,15.0,4.8,0.39,15.225,2.825,0.35666666666666663
2025-05-07 20:00,15.4,0.7,0.07,14.0,1.6,0.01,12.5,2.7,,13.6,3.3,0.02,13.875,2.075,0.03333333333333333
2025-05-07 21:00,14.6,0.9,,13.2,1.7,,12.2,1.7,,13.0,2.3,,13.25,1.65,0.0
2025-05-07 22:00,13.6,0.8,,13.3,0.8,,12.2,2.0,,12.4,1.9,,12.874999999999998,1.375,0.0
2025-05-07 23:00,12.9,0.4,,12.6,0.5,,11.0,0.2,,11.8,0.0,,12.075,0.275,0.0
2025-05-08 00:00,12.9,0.9,,11.9,0.8,,9.9,1.5,,11.3,0.4,,11.5,0.9,0.0
2025-05-08 01:00,12.0,0.1,,11.1,1.1,,9.4,0.9,,10.8,1.6,,10.825,0.925,0.0
2025-05-08 02:00,11.2,0.0,,10.1,0.9,,8.3,0.5,,10.5,1.9,,10.024999999999999,0.825,0.0
2025-05-08 03:00,10.7,0.9,,9.8,1.2,,8.0,0.0,,10.6,1.8,,9.775,0.9750000000000001,0.0
2025-05-08 04:00,10.1,0.3,,9.4,1.0,,7.7,0.1,,9.9,0.3,,9.275,0.42500000000000004,0.0
2025-05-08 05:00,9.9,0.3,,8.7,1.4,,7.7,0.4,,9.8,1.7,,9.025,0.95,0.0
2025-05-08 06:00,9.3,0.6,0.08,8.1,0.5,0.02,7.7,0.1,,9.5,2.0,0.01,8.649999999999999,0.8,0.03666666666666667
2025-05-08 07:00,10.2,0.2,0.46,10.6,0.5,0.36,9.3,0.9,,10.9,1.7,0.35,10.25,0.825,0.38999999999999996
2025-05-08 08:00,12.7,0.5,1.17,13.0,0.6,1.0,13.1,1.0,,13.1,1.1,1.08,12.975,0.8,1.0833333333333333
2025-05-08 09:00,15.5,0.4,1.94,16.3,0.6,1.73,15.5,1.9,,15.5,2.3,1.85,15.7,1.2999999999999998,1.8399999999999999
2025-05-08 10:00,18.4,0.8,2.62,19.1,0.9,2.4,17.8,1.3,,18.7,2.9,2.55,18.5,1.475,2.523333333333333
2025-05-08 11:00,21.7,1.7,3.15,21.4,1.3,2.93,20.7,2.1,,20.9,3.4,3.07,21.174999999999997,2.125,3.0500000000000003
2025-05-08 12:00,23.3,2.8,3.43,23.2,3.1,3.22,22.0,2.1,,21.3,5.3,3.43,22.45,3.325,3.36
2025-05-08 13:00,23.6,2.8,3.54,25.0,2.9,3.33,23.4,2.9,,22.0,4.4,3.51,23.5,3.25,3.4599999999999995
2025-05-08 14:00,24.3,3.2,3.38,25.4,1.5,3.12,22.3,3.4,,22.1,4.8,3.18,23.525,3.2249999999999996,3.2266666666666666
2025-05-08 15:00,24.2,3.5,2.67,25.8,1.9,2.55,20.7,5.1,,22.3,4.5,2.55,23.25,3.75,2.59
2025-05-08 16:00,23.0,3.4,1.85,24.7,2.3,1.73,19.3,3.6,,21.6,6.1,1.81,22.15,3.8499999999999996,1.7966666666666669
2025-05-08 17:00,22.0,4.3,1.48,22.1,2.2,0.97,19.2,4.3,,20.7,3.4,1.11,21.0,3.5500000000000003,1.1866666666666668
2025-05-08 18:00,20.8,2.2,0.61,20.3,1.7,0.58,18.3,3.7,,19.5,2.8,0.46,19.725,2.6,0.5499999999999999
2025-05-08 19:00,20.2,3.0,0.2,19.3,1.0,0.14,17.9,1.8,,18.3,3.8,0.16,18.925,2.4,0.16666666666666666
2025-05-08 20:00,19.7,2.9,0.06,18.2,0.8,0.01,16.7,0.6,,17.5,3.8,0.01,18.025,2.025,0.02666666666666666
2025-05-08 21:00,19.0,2.7,,17.9,0.9,,16.2,1.1,,17.2,3.0,,17.575,1.925,0.0
2025-05-08 22:00,18.6,1.7,,18.0,0.9,,15.6,2.2,,17.1,2.8,,17.325000000000003,1.9000000000000001,0.0
2025-05-08 23:00,18.0,1.6,,17.6,1.0,,15.3,0.2,,16.9,3.7,,16.950000000000003,1.625,0.0
2025-05-09 00:00,17.6,1.1,,16.8,0.6,,14.8,0.0,,16.7,3.3,,16.475,1.25,0.0
2025-05-09 01:00,18.1,1.2,,16.8,0.7,,15.7,1.7,,16.6,3.9,,16.800000000000004,1.875,0.0
2025-05-09 02:00,17.7,1.8,,16.2,0.8,,15.6,0.3,,15.5,1.0,,16.25,0.975,0.0
2025-05-09 03:00,16.4,1.7,,16.7,1.2,,16.1,0.6,,15.1,1.9,,16.075,1.35,0.0
2025-05-09 04:00,13.5,3.0,,14.3,1.1,,15.7,1.4,,14.3,2.1,,14.45,1.9,0.0
2025-05-09 05:00,13.4,2.3,,12.6,1.3,,13.5,1.1,,13.8,3.0,,13.325,1.9249999999999998,0.0
2025-05-09 06:00,14.5,2.2,0.08,12.6,1.3,0.01,13.6,3.8,,13.9,4.4,0.0,13.65,2.925,0.03
2025-05-09 07:00,14.8,1.6,0.1,12.9,0.7,0.06,13.1,4.2,,14.7,2.4,0.05,13.875,2.225,0.07
2025-05-09 08:00,15.5,1.0,0.17,13.9,0.8,0.2,13.3,4.6,,15.7,5.8,0.06,14.600000000000001,3.05,0.14333333333333334
2025-05-09 09:00,15.1,1.0,0.11,14.7,0.2,0.22,13.2,3.2,,15.6,8.7,0.06,14.65,3.275,0.13
2025-05-09 10:00,15.6,1.2,0.18,14.6,1.7,0.29,12.8,3.5,,16.0,10.5,0.26,14.75,4.225,0.24333333333333332
2025-05-09 11:00,16.2,1.4,0.36,15.4,0.8,0.63,13.2,4.9,,16.0,10.6,0.49,15.2,4.425,0.49333333333333335
2025-05-09 12:00,16.9,2.2,0.38,16.1,0.8,0.46,13.6,4.3,,16.3,3.4,0.39,15.725000000000001,2.675,0.41
2025-05-09 13:00,17.4,2.6,0.38,17.4,1.2,0.51,14.5,3.0,,16.8,10.8,0.41,16.525,4.4,0.43333333333333335
2025-05-09 14:00,17.4,1.9,0.39,18.4,2.9,0.42,15.8,3.3,,16.5,6.4,0.24,17.025,3.625,0.35000000000000003
2025-05-09 15:00,17.7,1.5,0.48,17.6,2.3,0.2,16.9,4.2,,16.5,6.3,0.45,17.174999999999997,3.575,0.37666666666666665
2025-05-09 16:00,16.9,1.6,0.31,17.8,3.9,0.14,17.5,5.0,,16.6,4.6,0.24,17.200000000000003,3.775,0.22999999999999998
2025-05-09 17:00,17.3,1.4,0.27,18.2,2.7,0.17,18.3,4.4,,16.7,4.0,0.17,17.625,3.125,0.20333333333333337
2025-05-09 18:00,17.1,2.4,0.16,18.4,3.1,0.27,18.3,3.8,,16.9,5.0,0.06,17.674999999999997,3.575,0.16333333333333336
2025-05-09 19:00,17.3,2.5,0.11,18.5,4.1,0.16,18.3,3.3,,17.0,5.7,0.07,17.775,3.8999999999999995,0.11333333333333334
2025-05-09 20:00,16.8,3.4,0.06,18.3,3.1,0.02,17.4,3.3,,16.3,4.1,0.01,17.2,3.475,0.03
2025-05-09 21:00,16.4,4.7,,17.6,1.3,,16.7,5.5,,15.5,6.9,,16.55,4.6,0.0
2025-05-09 22:00,15.9,3.6,,17.8,4.3,,16.4,3.1,,14.3,5.9,,16.1,4.225,0.0
2025-05-09 23:00,15.0,4.2,,17.6,2.2,,15.6,2.7,,13.8,6.4,,15.5,3.8750000000000004,0.0
2025-05-10 00:00,14.0,3.4,,16.8,2.6,,14.3,7.0,,12.9,7.9,,14.5,5.225,0.0
2025-05-10 01:00,13.1,2.7,,14.6,5.2,,12.7,3.7,,13.0,6.2,,13.35,4.45,0.0
2025-05-10 02:00,13.3,2.7,,13.4,5.5,,12.3,3.4,,12.7,4.9,,12.925,4.125,0.0
2025-05-10 03:00,13.3,2.6,,13.1,4.1,,12.6,4.0,,12.6,5.1,,12.9,3.9499999999999997,0.0
2025-05-10 04:00,13.2,3.5,,13.1,4.3,,12.4,4.2,,12.4,4.4,,12.774999999999999,4.1,0.0
2025-05-10 05:00,12.7,2.4,,12.8,4.4,,12.3,4.3,,12.3,5.7,,12.524999999999999,4.2,0.0
2025-05-10 06:00,12.9,3.0,0.06,12.6,4.1,0.0,11.8,7.7,,12.3,6.2,0.0,12.399999999999999,5.25,0.02
2025-05-10 07:00,12.5,3.7,0.09,12.7,3.6,0.02,12.2,4.6,,12.5,5.3,0.03,12.475,4.3,0.04666666666666667
2025-05-10 08:00,12.3,2.1,0.15,12.4,4.7,0.11,12.0,3.1,,12.5,6.7,0.12,12.3,4.15,0.12666666666666668
2025-05-10 09:00,12.5,2.3,0.2,12.7,3.0,0.15,12.0,3.2,,13.0,4.8,0.48,12.55,3.325,0.27666666666666667
2025-05-10 10:00,12.8,3.1,0.25,12.7,5.4,0.16,12.2,4.1,,13.4,6.4,0.75,12.775,4.75,0.3866666666666667
2025-05-10 11:00,13.4,2.7,0.38,12.6,5.3,0.26,12.2,5.8,,13.4,7.4,0.47,12.9,5.300000000000001,0.36999999999999994
2025-05-10 12:00,13.7,3.5,0.31,12.6,6.1,0.29,12.2,8.4,,13.7,5.8,0.78,13.05,5.95,0.45999999999999996
2025-05-10 13:00,14.4,3.4,0.51,12.5,4.8,0.28,12.7,8.8,,13.8,6.8,0.9,13.349999999999998,5.95,0.5633333333333334
2025-05-10 14:00,14.8,2.5,0.68,12.6,4.8,0.22,12.9,8.5,,14.1,7.6,1.3,13.6,5.85,0.7333333333333334
2025-05-10 15:00,14.7,2.6,0.73,12.7,4.7,0.22,13.2,6.1,,13.8,8.3,0.77,13.599999999999998,5.425000000000001,0.5733333333333334
2025-05-10 16:00,14.5,3.0,0.47,12.5,4.2,0.18,12.7,7.3,,14.0,6.1,0.95,13.425,5.15,0.5333333333333333
2025-05-10 17:00,13.8,3.0,0.32,12.4,3.5,0.07,13.0,5.6,,14.2,5.7,0.72,13.350000000000001,4.45,0.36999999999999994
2025-05-10 18:00,13.8,2.5,0.26,12.7,4.6,0.09,13.0,6.9,,13.8,5.0,0.42,13.325,4.75,0.25666666666666665
2025-05-10 19:00,13.9,3.1,0.12,12.7,4.4,0.05,12.9,5.3,,13.4,5.8,0.12,13.225,4.65,0.09666666666666666
2025-05-10 20:00,13.8,2.9,0.07,12.9,3.2,0.01,12.8,6.7,,13.3,5.4,0.02,13.2,4.550000000000001,0.03333333333333333
2025-05-10 21:00,13.7,2.8,,12.9,2.2,,12.7,3.7,,13.4,4.7,,13.174999999999999,3.3499999999999996,0.0
2025-05-10 22:00,13.5,1.8,,13.0,3.4,,12.5,2.3,,13.1,3.3,,13.025,2.7,0.0
2025-05-10 23:00,13.3,1.4,,13.0,2.4,,12.5,1.6,,13.0,3.2,,12.95,2.1500000000000004,0.0
2025-05-11 00:00,12.9,1.7,,13.1,2.2,,12.3,1.8,,12.7,2.8,,12.75,2.125,0.0
2025-05-11 01:00,12.6,1.8,,13.0,0.8,,12.5,1.7,,12.4,3.0,,12.625,1.825,0.0
2025-05-11 02:00,12.3,2.2,,12.9,1.4,,12.0,2.2,,12.2,1.9,,12.350000000000001,1.9250000000000003,0.0
2025-05-11 03:00,12.3,1.5,,12.9,0.5,,11.8,2.4,,12.1,1.6,,12.275,1.5,0.0
2025-05-11 04:00,12.1,1.0,,11.8,1.3,,11.1,2.6,,12.4,2.9,,11.85,1.9500000000000002,0.0
2025-05-11 05:00,12.0,0.7,,11.4,1.4,,10.9,2.1,,12.5,2.3,,11.7,1.6249999999999998,0.0
2025-05-11 06:00,12.0,1.1,0.07,11.5,0.9,0.02,10.9,2.5,,12.6,2.2,0.0,11.75,1.675,0.030000000000000002
2025-05-11 07:00,12.4,0.6,0.18,12.2,0.5,0.15,11.2,2.4,,13.0,3.4,0.08,12.2,1.725,0.13666666666666666
2025-05-11 08:00,12.8,1.0,0.25,13.6,0.6,0.44,12.5,1.9,,13.3,2.7,0.32,13.05,1.55,0.33666666666666667
2025-05-11 09:00,13.6,1.1,0.5,14.7,1.2,0.94,14.1,2.7,,14.0,3.0,0.8,14.1,2.0,0.7466666666666667
2025-05-11 10:00,14.9,2.1,0.91,16.1,1.0,1.4,15.3,3.2,,15.2,2.5,1.31,15.375,2.2,1.2066666666666668
2025-05-11 11:00,18.2,1.8,2.54,17.5,0.7,1.72,16.7,2.8,,16.2,2.8,2.59,17.150000000000002,2.025,2.283333333333333
2025-05-11 12:00,18.1,1.5,3.02,19.1,1.0,2.85,18.1,3.4,,17.1,3.6,3.22,18.1,2.375,3.03
2025-05-11 13:00,19.6,2.2,2.73,19.1,3.0,2.89,17.4,3.6,,17.7,4.1,3.25,18.45,3.225,2.956666666666667
2025-05-11 14:00,21.4,3.1,3.06,20.0,3.0,2.44,18.3,2.8,,18.1,2.8,2.75,19.450000000000003,2.925,2.75
2025-05-11 15:00,20.9,3.5,2.64,20.4,4.0,2.72,17.1,4.7,,18.2,4.9,3.09,19.15,4.275,2.8166666666666664
2025-05-11 16:00,19.4,3.6,1.54,20.3,3.4,2.41,17.0,4.0,,18.2,4.5,2.46,18.725,3.875,2.1366666666666667
2025-05-11 17:00,19.5,2.6,1.42,18.9,3.1,1.73,17.0,4.2,,18.3,3.8,1.74,18.425,3.425,1.63
2025-05-11 18:00,19.1,1.6,0.79,18.0,2.4,1.0,16.2,2.6,,17.4,3.5,1.1,17.674999999999997,2.525,0.9633333333333334
2025-05-11 19:00,17.8,1.2,0.35,16.3,1.6,0.33,15.0,2.5,,16.2,2.4,0.4,16.325,1.9249999999999998,0.36000000000000004
2025-05-11 20:00,16.2,1.8,0.08,15.6,0.5,0.02,13.6,1.1,,15.2,1.8,0.03,15.149999999999999,1.3,0.043333333333333335
2025-05-11 21:00,15.2,1.9,,14.8,0.6,,12.0,1.8,,14.5,2.3,,14.125,1.65,0.0
2025-05-11 22:00,14.4,1.1,,13.4,1.4,,11.7,1.9,,13.9,2.7,,13.35,1.7750000000000001,0.0
2025-05-11 23:00,13.8,1.9,,12.7,1.2,,11.5,1.7,,13.5,2.8,,12.875,1.9,0.0
2025-05-12 00:00,13.1,0.8,,12.0,0.9,,11.3,2.3,,13.1,1.9,,12.375000000000002,1.475,0.0
2025-05-12 01:00,12.6,1.2,,11.2,1.2,,11.8,0.8,,12.7,1.7,,12.075,1.225,0.0
2025-05-12 02:00,12.0,0.7,,10.9,1.3,,11.6,1.3,,12.4,1.2,,11.725,1.125,0.0
2025-05-12 03:00,11.9,0.4,,10.2,1.7,,11.1,1.7,,12.1,0.8,,11.325000000000001,1.15,0.0
2025-05-12 04:00,11.2,0.7,,10.2,1.3,,10.1,2.1,,12.0,3.0,,10.875,1.775,0.0
2025-05-12 05:00,10.5,0.7,,9.8,1.5,,9.2,2.2,,12.2,2.2,,10.425,1.6500000000000001,0.0
2025-05-12 06:00,10.3,0.2,0.09,10.4,1.9,0.03,9.7,2.4,,12.1,3.2,0.01,10.625,1.925,0.043333333333333335
2025-05-12 07:00,11.2,0.4,0.43,12.4,1.1,0.38,10.8,1.8,,12.5,1.7,0.23,11.725000000000001,1.25,0.3466666666666667
2025-05-12 08:00,12.1,0.3,0.58,14.8,1.6,1.04,13.7,2.5,,13.8,3.2,0.83,13.599999999999998,1.9000000000000001,0.8166666666666668
2025-05-12 09:00,14.8,0.7,1.8,17.1,0.7,1.75,16.2,2.9,,15.5,3.2,1.89,15.9,1.875,1.8133333333333332
2025-05-12 10:00,16.0,0.7,2.62,19.2,2.0,2.39,17.9,2.4,,17.8,2.8,2.54,17.725,1.9749999999999999,2.5166666666666666
2025-05-12 11:00,19.7,1.6,3.18,20.8,1.3,2.92,20.8,2.9,,19.4,3.1,3.07,20.174999999999997,2.225,3.0566666666666666
2025-05-12 12:00,21.2,2.6,3.51,22.2,2.4,3.21,21.6,1.7,,20.8,3.3,3.41,21.45,2.5,3.3766666666666665
2025-05-12 13:00,23.0,2.9,3.65,23.1,3.0,3.39,21.4,4.3,,21.9,3.4,3.51,22.35,3.4,3.516666666666667
2025-05-12 14:00,24.2,2.5,3.51,23.9,2.7,3.3,22.6,3.6,,22.1,4.8,3.42,23.199999999999996,3.4000000000000004,3.41
2025-05-12 15:00,24.2,2.8,3.2,24.2,2.9,2.99,22.6,4.2,,22.1,4.7,3.07,23.275,3.6499999999999995,3.0866666666666664
2025-05-12 16:00,24.6,2.8,2.62,24.8,2.8,2.48,23.4,2.6,,22.1,4.5,2.58,23.725,3.175,2.56
2025-05-12 17:00,23.3,3.2,1.92,24.6,2.0,1.83,22.7,2.6,,21.7,3.6,1.9,23.075000000000003,2.85,1.8833333333333335
2025-05-12 18:00,22.1,3.0,1.16,23.8,2.1,1.1,22.4,2.1,,20.2,5.5,1.14,22.125000000000004,3.175,1.133333333333333
2025-05-12 19:00,20.2,1.6,0.37,22.2,2.4,0.38,21.4,1.3,,18.8,3.9,0.42,20.65,2.3,0.38999999999999996
2025-05-12 20:00,19.1,2.0,0.07,21.3,0.7,0.02,18.7,0.6,,16.9,3.4,0.02,19.0,1.675,0.036666666666666674
2025-05-12 21:00,17.9,0.8,,18.6,1.8,,16.8,1.9,,16.3,3.6,,17.4,2.025,0.0
2025-05-12 22:00,17.7,1.5,,17.5,1.8,,16.9,2.4,,16.0,3.9,,17.025,2.4,0.0
2025-05-12 23:00,16.9,0.3,,17.1,1.8,,16.6,3.3,,15.9,5.6,,16.625,2.75,0.0
2025-05-13 00:00,15.7,0.1,,16.7,1.9,,16.8,4.1,,15.9,3.6,,16.275000000000002,2.425,0.0
2025-05-13 01:00,15.2,0.4,,16.6,2.3,,15.9,2.8,,15.7,2.6,,15.850000000000001,2.025,0.0
2025-05-13 02:00,14.4,0.5,,16.3,1.9,,14.5,0.1,,14.9,3.2,,15.025,1.425,0.0
2025-05-13 03:00,13.9,0.8,,16.2,1.4,,13.1,0.3,,14.4,3.6,,14.4,1.525,0.0
2025-05-13 04:00,13.1,0.2,,15.2,1.3,,12.5,0.6,,14.2,4.5,,13.75,1.65,0.0
2025-05-13 05:00,12.6,0.2,,15.3,2.1,,13.0,1.2,,14.4,5.2,,13.825,2.175,0.0
2025-05-13 06:00,12.6,0.2,0.09,15.8,1.6,0.04,12.2,0.3,,14.4,3.4,0.01,13.749999999999998,1.375,0.04666666666666667
2025-05-13 07:00,13.1,0.3,0.43,16.6,1.5,0.3,14.3,1.2,,15.1,4.7,0.38,14.775,1.925,0.36999999999999994
2025-05-13 08:00,16.6,0.6,1.23,19.9,1.4,1.03,18.7,2.5,,16.7,4.7,1.06,17.975,2.3,1.1066666666666667
2025-05-13 09:00,18.8,0.6,1.87,22.4,1.4,1.76,20.2,2.6,,18.9,3.8,1.76,20.075000000000003,2.0999999999999996,1.7966666666666666
2025-05-13 10:00,21.2,0.8,2.42,24.6,1.8,2.19,22.6,3.2,,20.5,3.7,2.35,22.225,2.375,2.32
2025-05-13 11:00,24.0,1.9,2.73,25.6,1.4,2.7,25.2,2.8,,22.2,3.1,2.66,24.25,2.3,2.6966666666666668
2025-05-13 12:00,25.0,2.1,2.88,26.3,3.3,2.72,25.3,4.1,,23.3,3.6,2.96,24.974999999999998,3.275,2.853333333333333
2025-05-13 13:00,25.5,2.8,2.59,25.8,3.5,2.41,25.5,4.1,,23.9,4.0,3.28,25.174999999999997,3.5999999999999996,2.76
2025-05-13 14:00,26.1,3.5,3.01,25.6,3.3,2.02,25.3,2.7,,23.3,6.0,3.09,25.075,3.875,2.7066666666666666
2025-05-13 15:00,25.8,3.3,2.84,25.7,3.6,2.03,25.1,3.4,,24.0,4.3,2.85,25.15,3.6500000000000004,2.573333333333333
2025-05-13 16:00,26.1,2.9,2.18,25.7,2.9,2.01,24.8,3.1,,24.3,2.1,2.67,25.224999999999998,2.75,2.2866666666666666
2025-05-13 17:00,25.6,3.2,1.87,25.3,1.8,1.26,24.7,2.1,,24.0,3.5,1.83,24.900000000000002,2.65,1.6533333333333333
2025-05-13 18:00,24.9,1.6,1.15,25.2,1.8,1.02,24.8,1.2,,23.1,3.5,1.07,24.5,2.0250000000000004,1.08
2025-05-13 19:00,23.3,1.8,0.37,24.0,1.1,0.31,23.5,0.0,,21.3,4.2,0.47,23.025,1.7750000000000001,0.3833333333333333
2025-05-13 20:00,21.8,1.3,0.07,22.6,0.9,0.03,20.1,0.2,,19.4,3.4,0.02,20.975,1.4500000000000002,0.04
2025-05-13 21:00,20.6,1.7,,20.5,1.0,,18.1,0.3,,17.9,3.3,,19.275,1.575,0.0
2025-05-13 22:00,19.5,1.9,,18.5,1.6,,17.7,1.3,,17.5,1.7,,18.3,1.625,0.0
2025-05-13 23:00,18.6,0.8,,18.1,1.0,,16.9,0.7,,17.2,1.7,,17.7,1.05,0.0
2025-05-14 00:00,17.5,0.1,,17.1,1.1,,15.5,1.0,,16.4,3.5,,16.625,1.425,0.0
2025-05-14 01:00,17.3,0.8,,16.5,1.0,,15.4,1.9,,16.0,2.6,,16.299999999999997,1.5750000000000002,0.0
2025-05-14 02:00,16.2,0.3,,15.4,1.3,,15.0,1.6,,15.6,1.1,,15.55,1.0750000000000002,0.0
2025-05-14 03:00,15.5,0.2,,15.6,0.9,,13.8,0.8,,15.3,0.9,,15.05,0.7000000000000001,0.0
2025-05-14 04:00,14.7,0.6,,14.6,1.5,,13.2,1.3,,14.9,2.6,,14.35,1.5,0.0
2025-05-14 05:00,14.3,0.0,,14.6,1.2,,12.7,0.8,,14.6,3.3,,14.049999999999999,1.325,0.0
2025-05-14 06:00,13.7,0.2,0.08,14.9,1.5,0.03,12.2,0.3,,14.4,4.1,0.02,13.799999999999999,1.525,0.043333333333333335
2025-05-14 07:00,15.1,0.6,0.49,16.8,1.6,0.4,13.3,0.5,,15.6,3.0,0.41,15.200000000000001,1.425,0.43333333333333335
2025-05-14 08:00,18.3,0.3,1.24,19.6,1.3,1.12,18.1,2.6,,17.8,3.3,1.13,18.450000000000003,1.875,1.1633333333333333
2025-05-14 09:00,20.7,0.6,1.98,22.3,1.5,1.85,21.0,2.3,,19.8,5.0,1.92,20.95,2.35,1.9166666666666667
2025-05-14 10:00,22.9,1.7,2.69,23.5,2.5,2.48,22.2,3.3,,21.7,3.7,2.55,22.575,2.8,2.5733333333333333
2025-05-14 11:00,24.9,1.6,3.21,24.8,1.8,2.99,24.1,3.9,,22.6,3.9,2.79,24.1,2.8000000000000003,2.9966666666666666
2025-05-14 12:00,25.1,3.1,3.2,25.9,2.3,3.29,25.2,3.2,,23.1,4.5,2.82,24.825000000000003,3.2750000000000004,3.1033333333333335
2025-05-14 13:00,24.6,3.5,3.27,26.8,3.2,3.44,25.9,4.3,,23.5,6.0,2.81,25.200000000000003,4.25,3.1733333333333333
2025-05-14 14:00,25.3,4.5,2.75,28.2,2.5,3.17,27.0,2.9,,23.9,4.2,2.67,26.1,3.5250000000000004,2.8633333333333333
2025-05-14 15:00,23.9,3.7,2.32,28.9,2.1,2.73,24.6,4.1,,23.4,5.8,2.04,25.200000000000003,3.925,2.3633333333333333
2025-05-14 16:00,23.9,3.0,2.24,27.6,3.0,2.47,24.6,4.0,,23.4,5.9,2.34,24.875,3.975,2.35
2025-05-14 17:00,23.5,3.2,1.61,27.1,2.0,1.69,26.2,2.6,,22.6,4.7,1.45,24.85,3.125,1.5833333333333333
2025-05-14 18:00,22.3,2.6,0.93,25.6,3.3,1.06,24.3,3.2,,21.9,4.8,0.99,23.525,3.4750000000000005,0.9933333333333335
2025-05-14 19:00,21.3,3.4,0.28,24.0,2.3,0.27,22.8,1.7,,21.0,4.6,0.24,22.275,3.0,0.26333333333333336
2025-05-14 20:00,20.3,2.5,0.08,22.5,2.3,0.03,21.9,3.0,,20.4,4.7,0.01,21.275,3.125,0.04
2025-05-14 21:00,20.1,1.6,,21.8,2.0,,21.7,3.0,,20.0,5.4,,20.900000000000002,3.0,0.0
2025-05-14 22:00,20.3,2.0,,21.1,3.0,,21.1,2.9,,19.9,3.5,,20.6,2.85,0.0
2025-05-14 23:00,20.1,2.3,,20.8,2.3,,20.5,3.5,,19.6,3.6,,20.25,2.925,0.0
2025-05-15 00:00,20.0,2.2,,20.1,2.2,,20.4,2.9,,19.5,2.9,,20.0,2.5500000000000003,0.0
2025-05-15 01:00,19.9,2.0,,20.3,1.9,,20.2,4.1,,19.9,5.1,,20.075000000000003,3.275,0.0
2025-05-15 02:00,20.0,2.3,,20.1,1.8,,20.0,2.0,,19.9,5.4,,20.0,2.875,0.0
2025-05-15 03:00,20.3,1.5,,20.6,1.4,,20.0,2.4,,20.1,4.3,,20.25,2.4,0.0
2025-05-15 04:00,20.1,2.3,,20.8,1.9,,19.8,2.5,,20.1,2.9,,20.200000000000003,2.4,0.0
2025-05-15 05:00,20.1,2.1,,20.8,2.0,,19.8,1.0,,19.9,3.5,,20.15,2.15,0.0
2025-05-15 06:00,20.0,2.1,0.07,20.7,1.5,0.01,19.2,1.8,,19.4,2.1,0.0,19.825000000000003,1.875,0.02666666666666667
2025-05-15 07:00,20.2,1.5,0.1,19.7,1.7,0.04,19.6,3.3,,19.1,3.3,0.04,19.65,2.45,0.060000000000000005
2025-05-15 08:00,20.3,1.9,0.18,20.3,0.9,0.26,19.7,3.5,,19.2,2.2,0.11,19.875,2.125,0.18333333333333335
2025-05-15 09:00,20.3,1.5,0.25,21.1,1.8,0.38,20.3,3.0,,19.3,3.7,0.15,20.25,2.5,0.26
2025-05-15 10:00,21.4,2.4,0.55,21.8,0.9,0.38,20.2,3.1,,19.5,3.4,0.28,20.725,2.45,0.4033333333333333
2025-05-15 11:00,22.4,2.1,0.63,23.0,1.5,0.96,20.0,1.6,,19.7,1.7,0.32,21.275000000000002,1.725,0.6366666666666666
2025-05-15 12:00,22.5,1.8,0.74,24.3,2.4,1.35,20.2,3.1,,19.8,3.6,0.43,21.7,2.725,0.84
2025-05-15 13:00,22.3,1.9,0.9,24.8,3.4,1.59,19.7,2.9,,19.9,3.2,0.45,21.674999999999997,2.8499999999999996,0.9800000000000001
2025-05-15 14:00,22.0,2.3,0.67,24.9,2.6,1.85,18.4,3.5,,20.0,3.5,0.56,21.325,2.975,1.0266666666666666
2025-05-15 15:00,22.1,2.6,0.75,24.5,3.1,1.65,19.2,1.8,,20.2,2.1,0.36,21.5,2.4,0.9199999999999999
2025-05-15 16:00,22.2,2.7,0.51,24.5,3.5,1.19,19.0,2.6,,20.4,2.3,0.32,21.525,2.7750000000000004,0.6733333333333333
2025-05-15 17:00,22.0,1.6,0.35,23.9,2.4,0.89,17.9,2.6,,20.3,2.5,0.23,21.025,2.275,0.49
2025-05-15 18:00,21.6,2.1,0.25,22.9,1.5,0.31,17.4,1.8,,19.9,2.2,0.11,20.45,1.9000000000000001,0.22333333333333336
2025-05-15 19:00,20.9,1.9,0.19,21.1,2.3,0.09,17.6,1.2,,19.4,3.6,0.05,19.75,2.25,0.11
2025-05-15 20:00,20.8,2.0,0.07,20.7,1.0,0.01,17.7,0.7,,18.9,4.5,0.01,19.525,2.05,0.03
2025-05-15 21:00,20.9,1.9,,20.8,0.1,,17.9,0.1,,19.3,3.7,,19.725,1.4500000000000002,0.0
2025-05-15 22:00,20.5,1.8,,20.7,0.7,,18.2,0.0,,19.6,3.0,,19.75,1.375,0.0
2025-05-15 23:00,20.9,2.2,,21.0,0.1,,18.3,0.3,,19.8,3.0,,20.0,1.4,0.0
2025-05-16 00:00,20.7,1.1,,21.8,1.5,,18.5,0.0,,19.9,1.5,,20.225,1.025,0.0
2025-05-16 01:00,20.5,0.1,,21.3,1.2,,18.7,0.6,,19.5,2.9,,20.0,1.2,0.0
2025-05-16 02:00,20.3,1.2,,21.4,1.4,,19.8,2.4,,19.2,2.6,,20.175,1.9,0.0
2025-05-16 03:00,20.1,0.2,,21.3,1.1,,20.4,2.2,,19.2,2.1,,20.25,1.4,0.0
2025-05-16 04:00,20.0,0.2,,21.0,1.4,,20.5,2.4,,19.8,3.2,,20.325,1.8,0.0
2025-05-16 05:00,19.9,0.9,,21.2,2.1,,20.2,2.3,,19.9,3.5,,20.299999999999997,2.2,0.0
2025-05-16 06:00,20.1,0.4,0.1,21.4,1.3,0.02,20.1,1.4,,19.7,3.1,0.02,20.325,1.55,0.04666666666666667
2025-05-16 07:00,20.3,0.5,0.22,21.9,1.7,0.13,20.4,1.1,,20.0,3.0,0.09,20.65,1.5750000000000002,0.14666666666666664
2025-05-16 08:00,21.3,1.8,0.38,22.5,1.4,0.3,21.0,0.7,,20.5,2.9,0.32,21.325,1.7000000000000002,0.3333333333333333
2025-05-16 09:00,22.2,0.4,0.52,23.4,1.7,0.58,21.6,2.2,,21.1,4.6,0.63,22.074999999999996,2.225,0.5766666666666667
2025-05-16 10:00,22.5,2.2,0.49,23.7,1.9,0.58,21.1,1.3,,21.9,4.7,0.79,22.300000000000004,2.525,0.62
2025-05-16 11:00,21.7,2.1,0.96,24.2,2.6,0.8,22.7,1.2,,22.0,4.2,0.76,22.65,2.5250000000000004,0.84
2025-05-16 12:00,23.1,1.9,0.74,24.0,2.6,0.93,23.3,3.1,,21.5,4.3,0.63,22.975,2.9749999999999996,0.7666666666666666
2025-05-16 13:00,21.5,2.0,0.56,23.7,3.4,0.46,23.6,4.1,,20.9,4.8,0.33,22.425000000000004,3.575,0.45
2025-05-16 14:00,19.0,1.4,0.35,22.3,2.7,0.34,23.3,2.9,,20.1,1.6,0.26,21.174999999999997,2.15,0.31666666666666665
2025-05-16 15:00,18.9,1.7,0.27,20.2,1.9,0.19,21.5,3.3,,19.7,2.6,0.32,20.075,2.375,0.26
2025-05-16 16:00,18.5,2.9,0.22,19.4,0.9,0.17,19.6,2.5,,19.1,2.5,0.14,19.15,2.2,0.17666666666666667
2025-05-16 17:00,18.1,3.0,0.17,18.4,1.9,0.14,18.5,4.6,,18.6,4.3,0.12,18.4,3.45,0.14333333333333334
2025-05-16 18:00,17.5,3.9,0.13,17.9,1.1,0.09,18.0,2.6,,18.3,4.2,0.08,17.925,2.95,0.09999999999999999
2025-05-16 19:00,17.3,3.9,0.08,18.0,1.7,0.04,17.9,2.5,,18.2,2.4,0.02,17.849999999999998,2.625,0.04666666666666666
2025-05-16 20:00,17.1,4.0,0.07,17.7,2.5,0.0,17.8,2.8,,18.1,2.2,0.01,17.674999999999997,2.875,0.02666666666666667
2025-05-16 21:00,17.1,1.6,,17.5,1.6,,17.9,1.6,,18.4,2.5,,17.725,1.8250000000000002,0.0
2025-05-16 22:00,17.0,3.0,,17.3,0.3,,17.5,3.8,,18.1,2.6,,17.475,2.425,0.0
2025-05-16 23:00,17.0,3.5,,17.2,0.2,,17.3,3.2,,17.1,3.0,,17.15,2.475,0.0
2025-05-17 00:00,17.0,3.7,,17.2,0.9,,17.4,2.2,,16.3,3.2,,16.975,2.5,0.0
2025-05-17 01:00,17.3,2.6,,17.2,1.2,,17.3,2.4,,16.1,1.5,,16.975,1.9249999999999998,0.0
2025-05-17 02:00,17.2,0.8,,17.3,1.0,,16.7,1.6,,15.9,1.1,,16.775000000000002,1.125,0.0
2025-05-17 03:00,16.4,1.9,,17.4,1.3,,16.4,2.9,,15.8,3.1,,16.5,2.3,0.0
2025-05-17 04:00,16.1,1.0,,17.5,1.0,,16.4,0.7,,15.6,2.0,,16.4,1.175,0.0
2025-05-17 05:00,16.5,0.6,,17.5,0.5,,15.7,1.1,,15.8,1.4,,16.375,0.9,0.0
2025-05-17 06:00,16.7,0.7,0.07,17.2,0.7,0.05,15.5,0.5,,15.8,2.0,0.01,16.3,0.975,0.043333333333333335
2025-05-17 07:00,17.0,1.2,0.14,17.3,0.7,0.24,16.3,0.1,,15.5,2.8,0.07,16.525,1.2,0.15
2025-05-17 08:00,17.2,1.5,0.24,17.6,1.6,0.4,18.7,0.6,,15.5,2.3,0.25,17.25,1.5,0.2966666666666667
2025-05-17 09:00,17.8,1.1,0.37,19.2,1.2,0.99,19.4,1.8,,17.3,2.8,1.28,18.425,1.7249999999999999,0.8799999999999999
2025-05-17 10:00,18.6,0.8,0.77,20.3,2.4,1.41,21.1,2.6,,18.3,1.2,1.57,19.575000000000003,1.7500000000000002,1.25
2025-05-17 11:00,20.1,0.3,1.4,21.4,1.1,1.62,21.1,1.6,,19.1,2.5,1.37,20.425,1.375,1.4633333333333336
2025-05-17 12:00,21.8,1.5,2.45,22.6,2.1,2.16,21.9,2.6,,20.1,2.7,2.84,21.6,2.225,2.4833333333333334
2025-05-17 13:00,21.6,0.8,2.24,24.5,1.5,3.23,23.6,3.1,,19.6,4.1,2.19,22.325000000000003,2.375,2.5533333333333332
2025-05-17 14:00,23.3,2.4,3.01,24.9,1.5,2.69,23.5,3.3,,19.2,3.6,2.29,22.725,2.6999999999999997,2.663333333333333
2025-05-17 15:00,22.4,2.5,1.68,25.8,2.5,2.83,21.4,5.9,,19.7,4.0,2.15,22.325,3.725,2.22
2025-05-17 16:00,23.1,1.9,1.21,25.2,2.9,2.12,19.6,5.6,,20.4,2.9,2.32,22.075000000000003,3.3249999999999997,1.8833333333333335
2025-05-17 17:00,21.7,1.7,0.74,21.5,3.3,0.79,19.6,3.0,,19.5,2.8,1.02,20.575000000000003,2.7,0.85
2025-05-17 18:00,21.9,1.8,0.49,21.3,1.5,0.58,18.9,2.7,,17.3,3.7,0.54,19.85,2.425,0.5366666666666666
2025-05-17 19:00,20.3,2.1,0.3,21.0,2.8,0.12,18.4,3.8,,16.7,3.9,0.29,19.099999999999998,3.15,0.23666666666666666
2025-05-17 20:00,19.4,1.8,0.07,20.2,3.6,0.01,16.4,7.2,,16.7,3.5,0.01,18.174999999999997,4.025,0.03
2025-05-17 21:00,18.9,3.3,,17.2,3.7,,15.2,4.9,,15.9,3.8,,16.8,3.925,0.0
2025-05-17 22:00,18.1,1.7,,16.2,2.9,,14.8,3.5,,15.8,3.4,,16.224999999999998,2.875,0.0
2025-05-17 23:00,16.7,0.8,,15.7,2.0,,14.8,4.2,,15.4,2.9,,15.65,2.475,0.0
2025-05-18 00:00,16.8,0.9,,15.4,2.1,,14.1,3.9,,14.7,5.8,,15.25,3.175,0.0
2025-05-18 01:00,16.1,1.4,,14.9,2.1,,13.0,3.6,,14.1,5.8,,14.525,3.2249999999999996,0.0
2025-05-18 02:00,15.4,1.6,,13.9,1.8,,12.4,2.8,,13.8,6.4,,13.875,3.1500000000000004,0.0
2025-05-18 03:00,13.9,1.5,,13.2,1.5,,12.2,3.6,,13.4,6.4,,13.174999999999999,3.25,0.0
2025-05-18 04:00,13.4,0.7,,12.6,1.1,,11.6,3.9,,13.1,6.7,,12.675,3.1,0.0
2025-05-18 05:00,12.8,0.9,,12.7,1.6,,11.2,1.4,,12.8,5.5,,12.375,2.35,0.0
2025-05-18 06:00,12.8,0.5,0.09,12.6,2.2,0.02,10.8,0.3,,12.6,5.5,0.02,12.200000000000001,2.125,0.043333333333333335
2025-05-18 07:00,13.2,0.7,0.39,12.8,1.1,0.15,11.8,1.9,,12.5,4.8,0.28,12.575,2.125,0.2733333333333334
2025-05-18 08:00,13.7,1.0,0.7,13.4,0.5,0.64,13.8,0.6,,13.2,5.8,0.8,13.525000000000002,1.975,0.7133333333333333
2025-05-18 09:00,15.7,1.1,1.9,14.9,1.2,1.79,15.1,2.3,,14.5,5.0,1.98,15.05,2.4,1.89
2025-05-18 10:00,17.0,0.9,2.2,16.0,1.0,1.94,16.2,2.1,,15.5,4.6,2.85,16.175,2.15,2.33
2025-05-18 11:00,18.0,0.9,3.17,17.0,1.8,2.23,16.7,2.2,,16.8,4.7,3.22,17.125,2.4000000000000004,2.8733333333333335
2025-05-18 12:00,19.9,2.3,3.51,18.6,1.1,2.98,18.2,1.8,,17.0,4.4,3.54,18.425,2.4000000000000004,3.3433333333333337
2025-05-18 13:00,21.6,2.6,3.5,20.4,0.8,3.23,18.4,3.3,,17.9,4.4,3.64,19.575,2.7750000000000004,3.456666666666667
2025-05-18 14:00,22.9,1.2,3.22,21.4,2.3,3.22,17.4,3.9,,18.7,3.9,3.51,20.099999999999998,2.825,3.3166666666666664
2025-05-18 15:00,23.9,1.6,3.28,21.9,2.0,3.07,17.7,3.2,,19.8,5.4,3.12,20.825,3.0500000000000003,3.1566666666666663
2025-05-18 16:00,24.0,1.9,2.67,21.8,4.4,2.5,17.7,4.5,,18.8,5.5,2.54,20.575,4.075,2.57
2025-05-18 17:00,22.3,2.5,1.72,21.5,2.5,1.71,16.8,3.4,,18.5,4.4,1.79,19.775,3.2,1.74
2025-05-18 18:00,22.2,2.0,1.11,20.2,2.3,0.89,16.1,2.9,,17.9,4.0,1.12,19.1,2.8,1.04
2025-05-18 19:00,20.5,0.9,0.33,17.9,1.5,0.24,15.9,2.7,,16.7,3.6,0.41,17.75,2.175,0.32666666666666666
2025-05-18 20:00,18.4,2.1,0.09,17.4,0.6,0.03,15.1,2.1,,15.9,2.4,0.03,16.7,1.8000000000000003,0.049999999999999996
2025-05-18 21:00,17.6,1.3,,16.9,0.5,,14.3,0.5,,15.2,2.8,,16.0,1.275,0.0
2025-05-18 22:00,16.7,0.9,,16.1,1.0,,13.6,0.0,,14.6,1.9,,15.25,0.95,0.0
2025-05-18 23:00,16.6,0.9,,15.4,1.1,,13.0,1.7,,14.5,1.2,,14.875,1.225,0.0
2025-05-19 00:00,16.4,0.7,,15.2,0.1,,13.3,2.0,,14.2,1.7,,14.774999999999999,1.125,0.0
2025-05-19 01:00,16.3,0.2,,14.9,0.7,,13.3,1.1,,14.1,1.6,,14.65,0.9,0.0
2025-05-19 02:00,15.8,0.5,,14.2,1.5,,12.5,1.0,,14.4,3.0,,14.225,1.5,0.0
2025-05-19 03:00,15.9,0.4,,14.6,0.8,,12.7,2.2,,14.8,2.9,,14.5,1.5750000000000002,0.0
2025-05-19 04:00,14.9,0.0,,14.2,1.6,,12.6,0.6,,14.6,2.9,,14.075000000000001,1.275,0.0
2025-05-19 05:00,14.7,1.2,,15.2,1.9,,12.6,1.1,,14.8,3.9,,14.325,2.025,0.0
2025-05-19 06:00,14.0,0.2,0.09,15.8,1.3,0.02,12.0,1.1,,14.5,3.5,0.03,14.075,1.525,0.04666666666666667
2025-05-19 07:00,15.3,1.1,0.53,16.8,0.9,0.25,13.0,0.6,,15.7,3.5,0.43,15.2,1.525,0.4033333333333333
2025-05-19 08:00,17.8,0.3,1.07,19.0,2.2,1.07,16.7,1.9,,16.3,3.8,0.92,17.45,2.05,1.02
2025-05-19 09:00,19.9,2.8,1.76,21.4,1.4,1.78,19.8,2.9,,16.8,3.2,0.75,19.474999999999998,2.575,1.43
2025-05-19 10:00,20.2,1.7,0.75,22.8,1.6,2.07,20.8,2.4,,18.3,5.4,1.61,20.525,2.775,1.4766666666666666
2025-05-19 11:00,21.4,2.0,1.18,22.1,2.5,0.95,20.3,1.2,,20.8,4.3,2.98,21.15,2.5,1.7033333333333331
2025-05-19 12:00,22.9,1.5,1.92,22.1,1.5,0.65,20.4,2.5,,21.7,4.0,2.73,21.775000000000002,2.375,1.7666666666666666
2025-05-19 13:00,24.3,3.5,2.76,23.2,3.2,1.24,20.5,3.1,,22.0,5.3,2.74,22.5,3.7750000000000004,2.2466666666666666
2025-05-19 14:00,24.2,3.0,3.18,23.4,3.9,1.34,21.4,5.4,,22.7,4.3,2.1,22.925,4.15,2.206666666666667
2025-05-19 15:00,24.9,4.2,2.66,23.7,3.1,1.01,22.3,4.7,,23.2,4.4,2.01,23.525,4.1,1.8933333333333333
2025-05-19 16:00,24.7,4.0,2.76,24.2,3.1,0.94,22.4,4.2,,23.6,5.4,2.37,23.725,4.175000000000001,2.0233333333333334
2025-05-19 17:00,23.1,3.0,1.14,24.8,2.1,0.85,23.4,5.3,,22.9,5.4,1.49,23.550000000000004,3.9499999999999997,1.16
2025-05-19 18:00,22.2,3.7,0.47,25.1,2.9,0.92,23.1,5.5,,21.9,6.5,0.92,23.075000000000003,4.65,0.77
2025-05-19 19:00,21.6,2.6,0.28,24.0,2.2,0.32,22.3,5.4,,20.8,6.0,0.4,22.175,4.050000000000001,0.3333333333333333
2025-05-19 20:00,20.7,1.8,0.08,22.7,2.9,0.02,21.1,3.4,,20.0,4.5,0.04,21.125,3.15,0.04666666666666667
2025-05-19 21:00,20.2,2.1,,22.6,3.3,,20.3,2.8,,19.5,5.1,,20.65,3.3249999999999997,0.0
2025-05-19 22:00,20.1,1.1,,22.4,3.2,,19.9,2.2,,19.3,3.7,,20.425,2.5500000000000003,0.0
2025-05-19 23:00,19.9,1.3,,22.2,3.0,,20.0,3.5,,19.0,3.8,,20.275,2.9,0.0
2025-05-20 00:00,20.0,0.6,,21.8,2.4,,20.0,3.7,,18.8,4.1,,20.15,2.7,0.0
2025-05-20 01:00,19.9,0.4,,21.8,1.7,,19.7,2.5,,18.6,3.3,,20.0,1.9749999999999999,0.0
2025-05-20 02:00,20.1,0.9,,20.4,1.0,,18.8,0.5,,18.4,4.6,,19.424999999999997,1.75,0.0
2025-05-20 03:00,20.0,1.6,,20.0,1.0,,18.7,1.9,,18.4,3.5,,19.275,2.0,0.0
2025-05-20 04:00,19.7,0.8,,19.5,1.2,,19.1,1.5,,18.7,3.0,,19.25,1.625,0.0
2025-05-20 05:00,19.4,0.3,,19.5,1.8,,19.5,2.3,,18.5,2.7,,19.225,1.7750000000000001,0.0
2025-05-20 06:00,19.6,0.9,0.07,20.1,1.4,0.04,20.0,3.0,,18.3,4.4,0.01,19.5,2.425,0.04
2025-05-20 07:00,20.1,0.2,0.15,22.0,1.4,0.41,20.9,2.7,,18.8,4.1,0.1,20.45,2.0999999999999996,0.21999999999999997
2025-05-20 08:00,20.7,0.4,0.35,24.1,1.3,1.05,21.7,2.6,,19.5,2.5,0.33,21.5,1.7000000000000002,0.5766666666666667
2025-05-20 09:00,21.1,0.1,0.56,25.1,1.7,1.31,22.9,3.5,,20.3,3.6,0.52,22.349999999999998,2.225,0.7966666666666667
2025-05-20 10:00,23.0,0.3,1.12,25.8,2.0,1.73,24.3,3.8,,21.0,3.2,0.58,23.525,2.325,1.1433333333333333
2025-05-20 11:00,24.8,0.7,1.14,27.1,2.1,2.17,25.8,3.4,,22.0,5.5,1.05,24.925,2.925,1.4533333333333331
2025-05-20 12:00,26.4,1.0,1.83,28.8,1.7,3.23,27.4,3.7,,23.5,3.8,1.64,26.525,2.55,2.2333333333333334
2025-05-20 13:00,26.9,3.0,2.1,30.1,1.5,3.36,27.7,4.4,,24.2,4.2,2.06,27.225,3.2750000000000004,2.5066666666666664
2025-05-20 14:00,26.9,3.1,2.34,30.9,1.1,3.22,27.9,3.5,,25.0,3.5,1.61,27.674999999999997,2.8,2.39
2025-05-20 15:00,27.8,2.4,1.75,30.4,3.0,2.93,27.6,2.0,,24.7,4.4,1.25,27.625000000000004,2.95,1.9766666666666666
2025-05-20 16:00,26.4,2.4,0.92,29.4,2.7,2.46,27.4,3.3,,25.1,5.2,1.39,27.074999999999996,3.3999999999999995,1.5899999999999999
2025-05-20 17:00,27.1,2.4,0.98,29.7,2.1,1.76,28.0,3.1,,24.5,3.8,0.87,27.325,2.8499999999999996,1.2033333333333334
2025-05-20 18:00,26.5,2.0,0.92,28.3,2.3,1.08,27.6,2.8,,24.4,3.3,0.57,26.700000000000003,2.5999999999999996,0.8566666666666666
2025-05-20 19:00,25.8,2.3,0.41,28.0,2.8,0.48,26.1,2.3,,24.2,2.9,0.18,26.025000000000002,2.5749999999999997,0.35666666666666663
2025-05-20 20:00,24.9,2.0,0.08,26.8,1.2,0.05,25.1,2.6,,23.6,2.6,0.01,25.1,2.1,0.04666666666666667
2025-05-20 21:00,24.5,1.7,,25.9,1.0,,24.5,1.8,,22.8,3.5,,24.425,2.0,0.0
2025-05-20 22:00,24.1,1.1,,25.6,1.2,,24.0,2.0,,22.1,2.7,,23.950000000000003,1.75,0.0
2025-05-20 23:00,23.7,2.1,,24.7,1.3,,24.1,1.9,,21.9,5.0,,23.6,2.575,0.0
2025-05-21 00:00,22.9,1.4,,25.0,1.5,,24.1,2.1,,21.9,3.3,,23.475,2.075,0.0
2025-05-21 01:00,22.6,1.4,,24.3,1.4,,23.2,1.5,,21.6,3.3,,22.925000000000004,1.9,0.0
2025-05-21 02:00,22.2,0.9,,23.9,1.9,,22.4,1.7,,21.0,4.0,,22.375,2.125,0.0
2025-05-21 03:00,22.0,1.6,,23.6,1.1,,22.3,1.7,,20.7,1.8,,22.150000000000002,1.55,0.0
2025-05-21 04:00,21.5,0.6,,22.7,1.2,,21.1,1.4,,20.4,3.1,,21.425000000000004,1.575,0.0
2025-05-21 05:00,20.9,0.4,,22.2,1.5,,20.9,2.1,,20.2,2.8,,21.049999999999997,1.7,0.0
2025-05-21 06:00,20.9,0.9,0.11,22.3,1.4,0.04,20.5,0.6,,20.2,3.9,0.03,20.975,1.7,0.06
2025-05-21 07:00,21.7,0.9,0.52,23.6,1.4,0.45,22.1,0.2,,20.9,3.5,0.39,22.075000000000003,1.5,0.4533333333333333
2025-05-21 08:00,23.2,0.8,1.1,24.6,1.8,0.96,24.7,1.9,,21.9,3.2,0.81,23.6,1.925,0.9566666666666667
2025-05-21 09:00,24.4,1.2,1.63,26.8,0.6,1.54,25.5,1.4,,23.3,2.8,1.45,25.0,1.5,1.54
2025-05-21 10:00,25.4,2.0,1.85,27.1,2.3,2.37,26.5,2.5,,23.3,3.7,1.12,25.575,2.625,1.7800000000000002
2025-05-21 11:00,25.3,1.5,1.39,28.5,1.8,2.46,27.0,2.6,,24.2,2.6,1.24,26.25,2.125,1.6966666666666665
2025-05-21 12:00,26.3,1.0,1.58,28.4,0.9,1.87,27.5,2.7,,24.6,3.1,1.42,26.700000000000003,1.9249999999999998,1.6233333333333333
2025-05-21 13:00,26.0,2.2,1.18,28.2,1.2,1.5,27.9,2.5,,24.6,3.2,1.13,26.674999999999997,2.2750000000000004,1.2699999999999998
2025-05-21 14:00,26.1,0.6,1.11,28.2,0.7,1.2,27.0,2.6,,24.5,3.4,1.15,26.45,1.825,1.1533333333333333
2025-05-21 15:00,25.8,1.1,0.89,27.8,1.0,0.94,25.8,2.6,,25.1,3.2,1.07,26.125,1.975,0.9666666666666668
2025-05-21 16:00,25.7,1.8,0.88,27.4,1.1,0.57,26.1,2.0,,25.1,3.8,0.92,26.074999999999996,2.175,0.79
2025-05-21 17:00,25.7,0.6,0.79,27.7,0.6,0.77,25.7,2.5,,24.7,1.8,0.36,25.95,1.375,0.64
2025-05-21 18:00,25.4,0.8,0.43,27.8,0.6,0.56,24.8,2.5,,24.5,1.5,0.45,25.625,1.35,0.48
2025-05-21 19:00,25.1,0.4,0.23,25.9,1.7,0.26,24.0,2.7,,24.0,0.6,0.12,24.75,1.35,0.20333333333333334
2025-05-21 20:00,24.7,0.6,0.08,24.5,1.4,0.03,23.0,2.6,,22.3,2.5,0.01,23.625,1.775,0.04
2025-05-21 21:00,24.5,1.0,,23.3,1.9,,22.5,1.4,,20.8,2.9,,22.775,1.7999999999999998,0.0
2025-05-21 22:00,23.4,0.5,,22.7,1.0,,21.6,0.1,,20.2,2.5,,21.974999999999998,1.025,0.0
2025-05-21 23:00,23.0,0.7,,22.2,1.6,,21.4,0.5,,19.8,3.6,,21.599999999999998,1.6,0.0
2025-05-22 00:00,22.7,0.2,,22.1,0.6,,21.6,0.7,,19.6,4.7,,21.5,1.55,0.0
2025-05-22 01:00,22.1,0.8,,22.0,1.3,,21.3,0.4,,19.6,5.3,,21.25,1.95,0.0
2025-05-22 02:00,21.3,0.2,,22.0,0.6,,20.8,2.0,,19.5,4.0,,20.9,1.7,0.0
2025-05-22 03:00,21.1,0.3,,22.0,1.0,,19.8,1.0,,19.0,3.6,,20.475,1.475,0.0
2025-05-22 04:00,20.4,0.5,,21.5,0.8,,19.3,0.3,,18.1,4.7,,19.825000000000003,1.5750000000000002,0.0
2025-05-22 05:00,20.5,1.0,,20.9,0.3,,18.8,0.5,,18.2,5.6,,19.6,1.8499999999999999,0.0
2025-05-22 06:00,20.1,0.8,0.09,20.4,0.4,0.04,18.8,1.0,,18.1,3.1,0.01,19.35,1.3250000000000002,0.04666666666666667
2025-05-22 07:00,20.8,0.4,0.46,20.9,1.1,0.22,19.6,1.4,,18.4,2.9,0.16,19.925,1.45,0.28
2025-05-22 08:00,22.6,1.0,1.14,20.8,0.6,0.45,20.5,1.4,,18.7,2.4,0.45,20.650000000000002,1.35,0.68
2025-05-22 09:00,24.3,1.4,1.93,21.8,1.4,0.87,19.4,3.3,,19.0,2.5,0.75,21.125,2.15,1.1833333333333333
2025-05-22 10:00,25.2,1.1,2.45,21.7,2.2,1.0,19.0,2.4,,19.1,4.0,0.95,21.25,2.425,1.4666666666666668
2025-05-22 11:00,25.8,1.1,2.14,22.3,1.4,1.19,19.7,3.5,,20.8,2.4,2.58,22.15,2.1,1.97
2025-05-22 12:00,25.1,0.8,1.46,23.3,1.8,1.88,19.7,2.1,,20.9,2.1,1.47,22.25,1.7000000000000002,1.6033333333333333
2025-05-22 13:00,26.2,1.4,1.55,24.2,1.6,1.89,20.8,3.2,,21.5,2.5,1.49,23.175,2.175,1.6433333333333333
2025-05-22 14:00,27.0,2.1,2.86,24.3,2.1,2.52,18.9,3.1,,20.4,3.5,1.27,22.65,2.7,2.216666666666667
2025-05-22 15:00,26.9,1.6,2.89,22.8,2.5,1.0,18.2,2.1,,20.3,3.1,1.11,22.05,2.3249999999999997,1.6666666666666667
2025-05-22 16:00,24.6,2.3,1.14,22.3,1.8,0.98,18.9,3.0,,19.5,3.9,0.98,21.325000000000003,2.75,1.0333333333333334
2025-05-22 17:00,23.1,1.3,0.38,21.4,2.6,0.46,19.6,2.7,,18.9,2.8,0.38,20.75,2.35,0.40666666666666673
2025-05-22 18:00,22.7,1.3,0.32,21.0,1.5,0.28,19.9,2.7,,18.1,2.1,0.22,20.425,1.9,0.2733333333333334
2025-05-22 19:00,21.7,1.7,0.12,20.9,0.4,0.08,18.9,1.5,,18.4,0.9,0.08,19.974999999999998,1.125,0.09333333333333334
2025-05-22 20:00,20.5,2.1,0.07,21.0,0.9,0.01,18.6,0.3,,18.5,3.2,0.01,19.65,1.625,0.03
2025-05-22 21:00,19.6,2.1,,20.7,2.0,,18.7,0.1,,17.6,3.3,,19.15,1.8749999999999998,0.0
2025-05-22 22:00,18.8,3.0,,21.1,0.2,,18.7,0.0,,17.5,2.8,,19.025000000000002,1.5,0.0
2025-05-22 23:00,18.9,2.0,,21.1,0.0,,18.4,0.3,,17.4,4.2,,18.95,1.625,0.0
2025-05-23 00:00,18.6,1.7,,21.5,1.0,,18.7,0.1,,17.2,5.1,,19.0,1.975,0.0
2025-05-23 01:00,18.9,1.4,,21.2,1.2,,19.0,0.5,,17.2,2.4,,19.075,1.375,0.0
2025-05-23 02:00,18.7,1.3,,20.7,2.0,,18.6,2.5,,16.9,4.0,,18.725,2.45,0.0
2025-05-23 03:00,18.3,1.0,,20.3,0.9,,17.5,2.7,,16.7,3.1,,18.2,1.9249999999999998,0.0
2025-05-23 04:00,18.2,0.9,,20.0,0.7,,16.8,0.9,,16.9,2.1,,17.975,1.15,0.0
2025-05-23 05:00,18.1,0.1,,18.9,0.9,,16.4,0.9,,17.1,1.8,,17.625,0.925,0.0
2025-05-23 06:00,18.2,0.3,0.09,18.1,1.0,0.04,16.0,2.3,,17.2,3.0,0.01,17.375,1.65,0.04666666666666667
2025-05-23 07:00,18.5,0.9,0.18,18.8,0.9,0.29,16.2,3.0,,17.6,3.2,0.14,17.775,2.0,0.20333333333333334
2025-05-23 08:00,18.8,0.9,0.31,19.7,0.8,0.59,17.4,1.9,,18.3,1.6,0.47,18.55,1.3,0.4566666666666666
2025-05-23 09:00,19.8,0.5,0.71,20.4,0.6,0.74,18.2,1.8,,18.5,3.5,0.36,19.225,1.6,0.6033333333333334
2025-05-23 10:00,20.9,0.8,1.12,21.8,1.2,1.19,19.1,1.5,,19.2,3.2,0.88,20.25,1.675,1.0633333333333332
2025-05-23 11:00,22.3,2.0,1.97,22.3,1.5,1.33,20.2,2.4,,20.0,4.1,1.37,21.2,2.5,1.5566666666666666
2025-05-23 12:00,21.9,1.5,1.81,23.5,0.8,1.49,21.8,2.6,,19.9,5.6,1.69,21.775,2.625,1.6633333333333333
2025-05-23 13:00,22.2,1.9,1.27,24.1,1.0,1.84,22.3,1.6,,20.4,5.6,1.77,22.25,2.525,1.626666666666667
2025-05-23 14:00,23.1,1.3,1.81,24.6,1.1,1.8,23.0,1.2,,20.4,4.9,1.04,22.775,2.125,1.55
2025-05-23 15:00,22.9,0.8,1.25,23.7,2.1,0.86,22.8,2.0,,20.5,4.3,1.08,22.474999999999998,2.3,1.0633333333333332
2025-05-23 16:00,22.6,1.9,1.51,24.1,1.8,1.34,23.4,2.1,,20.3,2.7,0.59,22.599999999999998,2.125,1.1466666666666667
2025-05-23 17:00,21.9,1.3,0.53,23.8,2.7,0.88,22.2,1.8,,19.9,1.8,0.24,21.950000000000003,1.9,0.55
2025-05-23 18:00,21.2,0.2,0.25,23.3,1.2,0.44,21.8,1.9,,19.9,3.8,0.25,21.549999999999997,1.775,0.3133333333333333
2025-05-23 19:00,20.8,1.0,0.23,22.5,1.1,0.13,21.2,2.2,,19.8,1.7,0.16,21.075,1.5000000000000002,0.17333333333333334
2025-05-23 20:00,20.1,1.9,0.07,21.9,0.6,0.01,20.6,2.0,,19.1,1.3,0.01,20.425,1.45,0.03
2025-05-23 21:00,19.9,1.2,,21.3,1.6,,20.4,2.8,,18.9,2.0,,20.125,1.9,0.0
2025-05-23 22:00,19.9,0.4,,21.1,1.0,,20.0,2.1,,18.4,0.0,,19.85,0.875,0.0
2025-05-23 23:00,19.9,0.8,,21.0,1.1,,19.4,2.4,,18.3,0.5,,19.65,1.2,0.0
2025-05-24 00:00,19.7,0.8,,20.6,0.8,,18.7,3.4,,18.2,0.4,,19.3,1.35,0.0
2025-05-24 01:00,19.3,0.3,,19.9,1.0,,18.2,2.9,,17.8,0.7,,18.8,1.225,0.0
2025-05-24 02:00,19.1,0.0,,19.0,1.5,,18.0,2.9,,17.2,0.7,,18.325,1.2750000000000001,0.0
2025-05-24 03:00,18.5,0.7,,18.7,1.3,,17.8,3.0,,17.3,2.4,,18.075,1.85,0.0
2025-05-24 04:00,18.2,1.1,,18.0,1.2,,17.1,3.4,,17.1,2.8,,17.6,2.125,0.0
2025-05-24 05:00,18.1,1.9,,17.7,1.5,,16.6,3.2,,16.3,3.8,,17.175,2.5999999999999996,0.0
2025-05-24 06:00,17.5,2.3,0.07,18.1,1.3,0.01,16.3,1.7,,16.4,3.1,0.01,17.075000000000003,2.1,0.03
2025-05-24 07:00,17.5,1.2,0.12,17.5,1.4,0.1,16.1,2.7,,16.7,2.2,0.06,16.95,1.875,0.09333333333333334
2025-05-24 08:00,17.5,2.6,0.24,18.2,1.4,0.33,16.3,2.0,,17.3,1.5,0.29,17.325,1.875,0.2866666666666667
2025-05-24 09:00,18.2,1.2,0.63,18.7,1.4,0.52,17.1,3.2,,18.2,1.6,0.5,18.05,1.85,0.5499999999999999
2025-05-24 10:00,20.7,2.3,1.89,19.5,1.4,1.31,17.1,3.0,,18.7,1.7,1.15,19.0,2.0999999999999996,1.45
2025-05-24 11:00,19.9,0.6,1.98,19.9,1.3,1.3,17.0,3.4,,18.7,3.5,0.67,18.875,2.2,1.3166666666666667
2025-05-24 12:00,20.4,1.0,0.93,20.3,1.3,1.64,18.0,4.4,,18.6,5.1,1.16,19.325000000000003,2.95,1.2433333333333332
2025-05-24 13:00,20.6,1.1,1.31,20.1,2.4,0.93,17.6,3.3,,17.7,5.2,1.44,19.0,3.0,1.2266666666666668
2025-05-24 14:00,20.3,1.9,1.26,19.6,2.8,0.95,17.6,3.2,,17.7,6.1,0.73,18.8,3.5,0.98
2025-05-24 15:00,19.7,1.0,1.1,18.9,2.0,0.68,18.4,3.2,,17.4,6.0,0.95,18.599999999999998,3.05,0.9100000000000001
2025-05-24 16:00,19.3,1.3,0.73,18.2,2.3,0.59,18.5,2.4,,16.8,5.8,1.0,18.2,2.95,0.7733333333333333
2025-05-24 17:00,18.9,1.3,0.5,18.0,1.5,0.64,17.5,2.7,,17.1,4.3,0.98,17.875,2.45,0.7066666666666667
2025-05-24 18:00,18.8,1.0,0.49,16.9,2.0,0.25,16.0,3.6,,17.1,4.1,0.87,17.200000000000003,2.675,0.5366666666666666
2025-05-24 19:00,18.2,0.5,0.24,16.7,1.4,0.2,15.9,2.7,,16.3,4.8,0.32,16.775,2.3499999999999996,0.25333333333333335
2025-05-24 20:00,18.0,0.8,0.09,16.0,1.5,0.04,15.0,2.5,,15.1,4.7,0.08,16.025,2.375,0.07
2025-05-24 21:00,17.3,1.6,,15.8,1.4,,14.5,1.9,,14.6,3.0,,15.55,1.975,0.0
2025-05-24 22:00,16.4,0.2,,15.2,1.6,,14.7,2.6,,14.4,2.4,,15.174999999999999,1.7000000000000002,0.0
2025-05-24 23:00,15.6,0.8,,15.6,1.5,,14.8,2.7,,14.5,2.8,,15.125,1.95,0.0
2025-05-25 00:00,15.2,0.6,,15.3,1.6,,14.4,2.6,,15.1,5.6,,15.0,2.6,0.0
2025-05-25 01:00,14.8,0.4,,15.0,2.0,,14.4,2.1,,14.6,3.4,,14.700000000000001,1.975,0.0
2025-05-25 02:00,14.9,0.2,,14.0,0.8,,14.0,2.5,,14.0,3.0,,14.225,1.625,0.0
2025-05-25 03:00,14.7,0.2,,13.6,1.9,,13.3,2.0,,13.8,3.5,,13.849999999999998,1.9,0.0
2025-05-25 04:00,14.1,0.2,,12.6,1.3,,12.7,1.3,,13.2,3.5,,13.149999999999999,1.575,0.0
2025-05-25 05:00,13.1,0.7,,12.2,1.3,,12.0,1.4,,12.9,3.1,,12.549999999999999,1.625,0.0
2025-05-25 06:00,13.0,0.7,0.1,12.5,0.7,0.06,11.9,1.7,,12.9,3.5,0.04,12.575,1.65,0.06666666666666667
2025-05-25 07:00,14.0,0.5,0.6,13.9,0.3,0.5,13.3,1.2,,14.0,3.2,0.5,13.8,1.3,0.5333333333333333
2025-05-25 08:00,16.0,0.7,1.3,15.6,0.6,1.14,15.9,1.4,,15.1,4.3,1.16,15.65,1.75,1.2
2025-05-25 09:00,17.4,1.2,2.11,16.9,0.7,1.83,18.0,1.5,,16.2,4.1,1.9,17.125,1.875,1.9466666666666665
2025-05-25 10:00,19.0,1.1,2.67,18.8,1.6,2.43,18.3,2.3,,17.4,4.3,2.52,18.375,2.325,2.5399999999999996
2025-05-25 11:00,19.8,0.9,3.13,19.4,1.0,2.95,18.7,2.8,,18.6,4.2,3.04,19.125,2.2249999999999996,3.0400000000000005
2025-05-25 12:00,21.4,1.3,3.46,20.3,1.1,3.23,19.3,3.0,,19.7,4.5,3.35,20.175,2.475,3.3466666666666662
2025-05-25 13:00,23.5,1.0,3.55,22.2,2.1,3.34,19.3,5.5,,19.9,4.6,3.54,21.225,3.3,3.4766666666666666
2025-05-25 14:00,24.7,1.3,3.45,22.5,2.1,3.22,19.1,4.8,,20.2,5.3,3.42,21.625000000000004,3.375,3.3633333333333333
2025-05-25 15:00,24.7,1.5,3.09,22.4,3.4,2.83,19.0,4.8,,19.8,5.5,3.12,21.474999999999998,3.8,3.013333333333333
2025-05-25 16:00,23.7,1.4,2.55,21.9,3.1,2.4,18.7,4.8,,20.0,4.1,2.6,21.075,3.35,2.516666666666666
2025-05-25 17:00,22.7,1.7,1.89,21.7,2.7,1.79,18.9,3.8,,19.5,4.3,1.95,20.7,3.125,1.8766666666666667
2025-05-25 18:00,21.7,1.4,1.15,20.7,2.6,1.07,18.4,4.5,,18.5,4.8,1.22,19.825,3.325,1.1466666666666665
2025-05-25 19:00,20.4,1.1,0.45,19.3,1.4,0.41,17.1,3.2,,17.6,3.2,0.52,18.6,2.225,0.45999999999999996
2025-05-25 20:00,19.5,1.8,0.1,18.1,2.0,0.04,16.0,3.4,,16.2,2.7,0.06,17.45,2.4749999999999996,0.06666666666666667
2025-05-25 21:00,18.3,1.0,,16.9,1.8,,15.5,0.7,,15.5,1.2,,16.55,1.175,0.0
2025-05-25 22:00,16.7,1.0,,16.1,0.8,,14.6,0.3,,15.1,0.9,,15.625,0.75,0.0
2025-05-25 23:00,16.3,0.8,,15.9,0.8,,13.4,1.9,,14.9,1.2,,15.125,1.175,0.0
2025-05-26 00:00,15.8,0.8,,15.2,1.0,,13.3,2.0,,14.6,1.9,,14.725,1.4249999999999998,0.0
2025-05-26 01:00,15.3,0.1,,14.4,1.2,,12.9,2.2,,14.4,1.0,,14.25,1.125,0.0
2025-05-26 02:00,15.1,0.9,,14.3,1.0,,13.3,1.4,,14.8,1.4,,14.375,1.1749999999999998,0.0
2025-05-26 03:00,14.6,0.2,,14.3,1.0,,13.6,2.5,,14.6,1.0,,14.275,1.175,0.0
2025-05-26 04:00,14.6,0.9,,14.2,1.2,,12.8,0.6,,14.5,0.6,,14.024999999999999,0.8250000000000001,0.0
2025-05-26 05:00,14.2,0.6,,13.9,1.1,,12.2,0.5,,14.0,1.0,,13.575,0.8,0.0
2025-05-26 06:00,14.1,0.2,0.1,13.4,1.0,0.04,12.3,0.4,,13.9,1.3,0.02,13.424999999999999,0.7250000000000001,0.05333333333333334
2025-05-26 07:00,14.9,0.2,0.54,15.5,1.1,0.45,12.6,0.5,,14.5,2.2,0.31,14.375,1.0,0.43333333333333335
2025-05-26 08:00,16.7,0.3,1.21,17.8,0.6,1.15,15.4,1.5,,16.0,2.8,0.99,16.475,1.2999999999999998,1.1166666666666665
2025-05-26 09:00,19.4,0.6,1.92,19.2,0.8,1.87,17.6,1.1,,17.7,2.8,1.68,18.474999999999998,1.325,1.8233333333333333
2025-05-26 10:00,19.9,1.0,2.46,21.5,1.2,2.47,19.3,2.1,,20.0,2.3,2.33,20.175,1.6500000000000001,2.42
2025-05-26 11:00,22.6,1.9,2.82,21.8,1.0,2.71,21.1,1.7,,20.6,1.7,2.22,21.525,1.575,2.5833333333333335
2025-05-26 12:00,23.4,2.2,3.19,23.5,1.1,2.66,22.7,2.8,,21.0,2.8,2.3,22.65,2.2249999999999996,2.7166666666666663
2025-05-26 13:00,23.2,1.2,2.32,25.0,1.5,3.38,22.9,3.0,,22.0,3.3,3.01,23.275,2.25,2.903333333333333
2025-05-26 14:00,22.8,0.9,2.21,25.5,2.3,3.29,22.4,3.6,,22.3,3.7,3.21,23.249999999999996,2.625,2.9033333333333338
2025-05-26 15:00,24.5,1.1,2.7,25.6,3.1,2.86,22.3,3.7,,22.4,3.5,3.06,23.700000000000003,2.85,2.8733333333333335
2025-05-26 16:00,25.3,1.7,2.39,25.0,2.9,2.27,21.6,4.6,,22.4,3.5,2.55,23.575000000000003,3.175,2.4033333333333333
2025-05-26 17:00,24.7,1.4,1.66,23.7,3.0,1.53,20.7,4.1,,22.2,2.8,1.89,22.825,2.825,1.6933333333333334
2025-05-26 18:00,24.1,1.5,1.08,22.6,1.6,1.01,20.0,4.2,,22.0,2.0,1.17,22.175,2.325,1.0866666666666667
2025-05-26 19:00,22.3,2.2,0.44,21.1,1.3,0.38,19.0,3.1,,20.9,1.3,0.47,20.825000000000003,1.9749999999999999,0.43
2025-05-26 20:00,21.2,0.8,0.09,20.1,0.8,0.04,18.0,0.9,,19.3,2.0,0.05,19.65,1.125,0.06
2025-05-26 21:00,21.0,0.5,,18.8,1.0,,16.4,0.7,,18.4,1.5,,18.65,0.925,0.0
2025-05-26 22:00,19.2,1.1,,18.7,0.6,,15.9,0.6,,17.9,1.8,,17.924999999999997,1.0250000000000001,0.0
2025-05-26 23:00,18.6,0.7,,18.0,0.0,,16.5,1.4,,17.3,0.9,,17.6,0.7499999999999999,0.0
2025-05-27 00:00,17.6,1.1,,17.5,0.7,,16.2,2.7,,16.8,0.0,,17.025,1.125,0.0
2025-05-27 01:00,17.4,0.8,,16.0,1.3,,16.1,0.5,,16.0,2.2,,16.375,1.2000000000000002,0.0
2025-05-27 02:00,16.6,0.8,,15.2,1.1,,14.9,1.5,,15.6,1.8,,15.575000000000001,1.3,0.0
2025-05-27 03:00,15.9,0.3,,14.9,1.3,,14.2,2.9,,15.3,2.0,,15.075,1.625,0.0
2025-05-27 04:00,15.6,0.7,,14.6,1.5,,13.8,1.7,,14.9,2.6,,14.725,1.625,0.0
2025-05-27 05:00,15.0,0.6,,14.8,1.2,,13.6,2.0,,14.9,2.6,,14.575,1.6,0.0
2025-05-27 06:00,14.5,0.0,0.1,15.5,0.8,0.05,13.9,2.7,,14.6,1.9,0.03,14.625,1.35,0.060000000000000005
2025-05-27 07:00,15.6,0.1,0.48,16.9,1.0,0.42,15.2,2.2,,15.6,1.2,0.37,15.825000000000001,1.125,0.42333333333333334
2025-05-27 08:00,17.5,0.5,1.11,19.4,0.7,1.01,17.9,1.4,,17.3,1.2,0.94,18.025,0.95,1.02
2025-05-27 09:00,19.6,0.4,1.79,21.4,0.7,1.69,20.1,1.8,,19.6,0.8,1.61,20.175,0.925,1.6966666666666665
2025-05-27 10:00,21.8,1.1,2.48,22.4,1.6,2.34,21.6,1.7,,21.2,1.6,2.45,21.750000000000004,1.5,2.4233333333333333
2025-05-27 11:00,23.2,1.5,2.98,23.3,2.0,2.82,22.7,2.1,,22.2,2.9,2.98,22.85,2.125,2.9266666666666663
2025-05-27 12:00,24.2,1.3,3.26,24.2,1.4,3.11,22.5,3.8,,22.7,3.3,3.28,23.400000000000002,2.45,3.2166666666666663
2025-05-27 13:00,25.5,1.0,3.39,25.3,1.7,3.18,22.1,4.1,,23.3,3.9,3.4,24.05,2.675,3.3233333333333337
2025-05-27 14:00,26.9,1.4,3.29,25.3,2.8,2.89,22.0,4.1,,23.4,5.0,3.3,24.4,3.3249999999999997,3.16
2025-05-27 15:00,26.7,1.4,2.97,25.3,3.4,2.74,22.4,3.5,,23.6,4.1,2.96,24.5,3.1,2.8900000000000006
2025-05-27 16:00,26.5,1.2,2.42,25.8,1.7,2.21,21.8,5.0,,23.4,4.1,2.45,24.375,3.0,2.36
2025-05-27 17:00,25.7,1.7,1.73,24.8,2.4,1.56,21.0,3.7,,22.8,3.0,1.8,23.575,2.7,1.6966666666666665
2025-05-27 18:00,24.9,1.3,1.04,24.0,2.0,0.9,20.1,3.9,,21.8,2.6,1.08,22.7,2.4499999999999997,1.0066666666666666
2025-05-27 19:00,23.8,0.9,0.41,21.9,0.8,0.32,19.3,3.0,,20.7,1.9,0.44,21.425,1.65,0.38999999999999996
2025-05-27 20:00,22.3,0.4,0.09,20.0,1.6,0.03,17.8,1.7,,19.1,1.9,0.05,19.799999999999997,1.4,0.056666666666666664
2025-05-27 21:00,20.9,0.5,,18.9,1.9,,17.4,3.2,,18.1,0.9,,18.825,1.625,0.0
2025-05-27 22:00,19.9,0.7,,18.4,0.5,,16.9,0.6,,17.6,1.4,,18.2,0.7999999999999999,0.0
2025-05-27 23:00,19.8,0.5,,18.2,0.7,,15.9,1.0,,16.7,1.7,,17.65,0.9750000000000001,0.0
2025-05-28 00:00,18.8,0.6,,17.4,0.7,,15.7,0.8,,16.6,1.6,,17.125,0.9249999999999999,0.0
2025-05-28 01:00,18.5,0.6,,16.8,1.3,,15.2,1.4,,16.1,0.9,,16.65,1.05,0.0
2025-05-28 02:00,17.3,0.8,,16.2,0.5,,14.8,1.0,,15.6,1.1,,15.975,0.85,0.0
2025-05-28 03:00,16.8,0.6,,15.8,1.2,,14.4,0.1,,14.8,1.9,,15.45,0.95,0.0
2025-05-28 04:00,15.7,0.3,,14.9,0.9,,14.1,1.5,,14.7,1.2,,14.850000000000001,0.9750000000000001,0.0
2025-05-28 05:00,15.6,0.5,,14.4,1.8,,14.0,2.1,,14.7,1.3,,14.675,1.425,0.0
2025-05-28 06:00,15.3,0.6,0.1,14.6,0.7,0.04,13.6,0.6,,14.7,1.8,0.03,14.55,0.925,0.05666666666666667
2025-05-28 07:00,16.3,0.4,0.47,16.5,0.7,0.41,14.9,0.4,,15.9,0.6,0.38,15.899999999999999,0.525,0.41999999999999993
2025-05-28 08:00,18.0,0.3,1.15,18.9,0.3,1.01,17.0,0.7,,17.8,1.1,1.03,17.925,0.6,1.0633333333333335
2025-05-28 09:00,20.3,0.4,1.87,20.4,1.0,1.67,19.2,2.0,,19.1,0.9,1.73,19.75,1.075,1.7566666666666666
2025-05-28 10:00,23.1,0.8,2.56,22.2,1.0,2.28,21.0,2.4,,21.7,2.9,2.38,22.0,1.775,2.4066666666666667
2025-05-28 11:00,25.1,1.2,3.06,24.3,1.2,2.76,22.0,2.8,,22.9,3.6,2.98,23.575000000000003,2.1999999999999997,2.9333333333333336
2025-05-28 12:00,26.5,2.2,3.41,25.3,1.2,3.11,24.3,2.2,,24.6,4.6,3.3,25.174999999999997,2.55,3.2733333333333334
2025-05-28 13:00,27.6,0.7,3.49,27.3,2.0,3.26,25.3,2.7,,25.6,3.8,3.39,26.450000000000003,2.3,3.3800000000000003
2025-05-28 14:00,28.2,1.5,3.4,27.1,1.9,3.16,23.2,3.4,,26.9,3.3,3.28,26.35,2.525,3.28
2025-05-28 15:00,28.5,1.4,2.58,27.2,2.2,2.79,23.9,1.6,,26.1,3.5,2.99,26.424999999999997,2.175,2.7866666666666666
2025-05-28 16:00,28.2,1.3,2.65,27.1,2.2,2.35,23.8,1.7,,25.4,4.6,2.52,26.125,2.45,2.5066666666666664
2025-05-28 17:00,28.4,1.5,1.88,26.3,2.8,1.73,22.8,2.7,,24.2,4.4,1.86,25.425,2.85,1.8233333333333333
2025-05-28 18:00,26.5,1.6,1.16,25.4,3.3,1.09,22.2,3.7,,23.5,3.7,1.15,24.4,3.075,1.1333333333333333
2025-05-28 19:00,25.0,2.0,0.48,23.3,1.9,0.42,21.0,3.1,,22.4,3.1,0.48,22.924999999999997,2.525,0.45999999999999996
2025-05-28 20:00,23.6,1.6,0.1,21.8,2.0,0.04,18.9,1.5,,20.3,3.1,0.05,21.150000000000002,2.05,0.06333333333333334
2025-05-28 21:00,22.0,2.3,,21.1,1.4,,17.6,1.2,,19.4,1.7,,20.025,1.65,0.0
2025-05-28 22:00,20.7,2.3,,20.3,0.4,,16.7,1.1,,18.2,1.7,,18.975,1.375,0.0
2025-05-28 23:00,19.8,2.1,,18.5,1.0,,16.0,0.0,,17.2,2.2,,17.875,1.3250000000000002,0.0
2025-05-29 00:00,19.8,0.8,,17.7,1.0,,15.8,0.9,,17.0,1.7,,17.575,1.1,0.0
2025-05-29 01:00,18.9,0.5,,17.6,0.8,,17.0,1.0,,16.7,1.8,,17.55,1.025,0.0
2025-05-29 02:00,18.7,0.5,,17.2,1.0,,15.7,0.7,,16.6,2.4,,17.049999999999997,1.15,0.0
2025-05-29 03:00,17.7,0.3,,16.2,0.7,,14.7,0.4,,16.9,0.0,,16.375,0.35,0.0
2025-05-29 04:00,17.1,0.9,,15.7,1.6,,14.6,0.4,,16.3,0.1,,15.925,0.75,0.0
2025-05-29 05:00,16.4,0.1,,15.2,1.3,,14.1,0.7,,16.4,2.7,,15.524999999999999,1.2000000000000002,0.0
2025-05-29 06:00,16.8,0.6,0.11,15.3,1.6,0.05,13.7,0.0,,16.1,0.5,0.03,15.475,0.675,0.06333333333333334
2025-05-29 07:00,17.4,0.3,0.52,16.9,0.3,0.42,15.3,0.2,,16.7,2.0,0.41,16.575,0.7,0.44999999999999996
2025-05-29 08:00,19.6,0.6,1.17,18.6,0.7,1.04,18.4,1.4,,18.8,1.2,1.05,18.85,0.9749999999999999,1.0866666666666667
2025-05-29 09:00,21.7,0.4,1.86,21.2,0.7,1.72,20.2,1.8,,20.6,0.8,1.76,20.924999999999997,0.925,1.78
2025-05-29 10:00,23.3,0.9,2.51,23.2,1.2,2.34,22.9,2.5,,21.5,2.7,2.42,22.725,1.825,2.4233333333333333
2025-05-29 11:00,25.9,1.0,3.02,25.1,1.5,2.83,23.2,2.7,,22.4,2.8,2.94,24.15,2.0,2.9299999999999997
2025-05-29 12:00,26.4,1.3,3.32,25.9,1.8,3.09,24.9,2.8,,23.4,2.6,3.25,25.15,2.125,3.22
2025-05-29 13:00,27.2,1.5,3.47,26.6,2.2,3.25,23.9,4.2,,24.0,3.8,3.28,25.424999999999997,2.925,3.3333333333333335
2025-05-29 14:00,27.8,2.2,3.01,27.2,2.6,3.14,23.9,4.4,,23.5,5.6,3.28,25.6,3.7,3.143333333333333
2025-05-29 15:00,28.2,2.1,2.66,27.2,3.2,2.86,23.7,4.7,,23.7,4.3,2.99,25.7,3.575,2.8366666666666664
2025-05-29 16:00,27.5,2.2,2.5,26.9,3.4,2.31,24.3,2.3,,23.4,3.9,2.48,25.525,2.9499999999999997,2.43
2025-05-29 17:00,26.7,2.4,1.86,24.4,2.7,1.34,24.5,6.2,,23.0,6.5,1.87,24.65,4.45,1.6900000000000002
2025-05-29 18:00,25.8,1.7,1.13,24.6,3.3,1.25,24.5,4.2,,21.7,6.0,1.16,24.150000000000002,3.8,1.18
2025-05-29 19:00,24.5,2.6,0.52,23.9,2.1,0.43,22.9,2.8,,20.6,4.3,0.48,22.975,2.95,0.4766666666666666
2025-05-29 20:00,22.3,2.8,0.14,22.3,2.5,0.06,20.9,1.3,,19.2,4.3,0.06,21.175,2.7249999999999996,0.08666666666666667
2025-05-29 21:00,20.9,1.3,,21.0,1.4,,19.4,0.5,,18.7,2.2,,20.0,1.35,0.0
2025-05-29 22:00,20.5,0.4,,20.2,0.9,,18.2,0.3,,18.4,0.4,,19.325000000000003,0.5,0.0
2025-05-29 23:00,19.9,0.6,,19.6,0.9,,17.0,1.6,,17.9,1.0,,18.6,1.025,0.0
2025-05-30 00:00,19.4,0.3,,18.7,1.0,,16.6,2.2,,17.1,1.1,,17.95,1.15,0.0
2025-05-30 01:00,19.1,0.3,,18.8,1.2,,16.6,0.9,,16.4,2.4,,17.725,1.2,0.0
2025-05-30 02:00,18.0,0.1,,18.2,0.9,,15.9,1.7,,16.3,1.7,,17.1,1.1,0.0
2025-05-30 03:00,17.2,0.1,,17.3,0.6,,15.5,1.7,,16.1,1.6,,16.525,1.0,0.0
2025-05-30 04:00,17.3,0.8,,16.1,1.4,,14.8,0.1,,15.7,1.8,,15.975000000000001,1.0250000000000001,0.0
2025-05-30 05:00,16.1,0.2,,16.4,0.7,,14.2,1.1,,15.8,2.7,,15.625,1.175,0.0
2025-05-30 06:00,15.9,0.5,0.1,16.0,0.7,0.06,14.3,0.3,,15.4,2.3,0.04,15.4,0.95,0.06666666666666667
2025-05-30 07:00,17.0,0.6,0.57,17.4,0.6,0.47,16.2,0.6,,16.5,1.7,0.45,16.775,0.875,0.49666666666666665
2025-05-30 08:00,18.9,0.4,1.28,18.9,0.4,1.09,18.5,1.0,,18.5,2.5,1.07,18.7,1.075,1.1466666666666667
2025-05-30 09:00,21.4,0.6,1.88,20.8,0.8,1.59,20.2,2.1,,19.6,2.6,1.64,20.5,1.525,1.7033333333333331
2025-05-30 10:00,22.6,0.8,2.39,22.4,1.3,2.19,20.7,2.5,,21.0,3.1,2.29,21.675,1.9249999999999998,2.29
2025-05-30 11:00,24.3,1.2,2.92,22.9,1.9,2.54,21.8,2.8,,22.1,4.8,2.87,22.775,2.675,2.776666666666667
2025-05-30 12:00,25.4,1.2,3.22,24.1,1.7,2.76,21.8,3.7,,22.7,5.0,3.23,23.5,2.9,3.0700000000000003
2025-05-30 13:00,26.6,1.9,3.06,25.4,1.6,2.98,22.7,3.9,,22.7,6.5,3.38,24.35,3.475,3.14
2025-05-30 14:00,26.7,2.3,2.63,26.2,1.7,2.9,23.8,2.6,,22.6,6.0,3.26,24.825000000000003,3.15,2.9299999999999997
2025-05-30 15:00,26.2,3.0,2.92,26.2,2.5,2.66,22.5,4.2,,22.6,7.2,2.85,24.375,4.225,2.81
2025-05-30 16:00,26.1,2.4,2.16,26.3,2.6,2.19,22.0,2.5,,22.1,7.3,2.36,24.125,3.7,2.2366666666666664
2025-05-30 17:00,25.4,1.8,1.73,26.0,1.9,1.6,21.8,3.0,,21.8,5.5,1.74,23.75,3.05,1.6900000000000002
2025-05-30 18:00,24.1,2.0,1.02,24.0,3.4,1.02,20.7,3.9,,21.0,5.7,1.07,22.45,3.75,1.0366666666666668
2025-05-30 19:00,22.3,1.6,0.43,22.5,2.4,0.41,19.4,2.4,,19.9,4.6,0.45,21.025,2.75,0.43
2025-05-30 20:00,21.3,0.5,0.09,20.3,2.2,0.05,18.5,0.8,,18.9,4.6,0.06,19.75,2.025,0.06666666666666667
2025-05-30 21:00,20.3,1.1,,20.3,0.5,,17.3,1.5,,18.0,0.9,,18.975,1.0,0.0
2025-05-30 22:00,20.0,1.6,,19.0,0.9,,16.8,0.7,,17.3,1.1,,18.275,1.0750000000000002,0.0
2025-05-30 23:00,18.5,2.4,,18.5,0.7,,16.6,0.9,,16.9,1.3,,17.625,1.325,0.0
2025-05-31 00:00,17.8,1.6,,17.7,0.7,,15.0,1.2,,16.7,2.6,,16.8,1.525,0.0
2025-05-31 01:00,17.1,0.5,,16.8,1.2,,14.6,1.4,,16.7,2.8,,16.3,1.4749999999999999,0.0
2025-05-31 02:00,17.1,0.9,,16.8,0.1,,14.6,3.1,,16.4,2.0,,16.225,1.525,0.0
2025-05-31 03:00,16.6,0.5,,15.9,0.6,,13.7,0.5,,16.3,2.3,,15.625,0.975,0.0
2025-05-31 04:00,16.7,0.5,,15.0,0.7,,13.7,0.8,,15.9,0.0,,15.325,0.5,0.0
2025-05-31 05:00,16.1,0.2,,15.5,0.1,,13.2,1.1,,15.8,0.0,,15.149999999999999,0.35000000000000003,0.0
2025-05-31 06:00,16.3,1.3,0.13,15.3,0.2,0.07,13.7,1.7,,15.6,0.6,0.03,15.225,0.9500000000000001,0.07666666666666667
2025-05-31 07:00,17.2,1.4,0.62,17.1,0.6,0.49,15.4,0.4,,16.2,1.4,0.33,16.474999999999998,0.95,0.48
2025-05-31 08:00,18.4,0.8,1.13,19.0,0.8,1.22,17.7,2.1,,17.6,1.5,0.81,18.174999999999997,1.3,1.0533333333333332
2025-05-31 09:00,19.4,0.7,1.51,20.6,0.6,1.57,18.7,2.1,,18.5,2.5,1.22,19.3,1.475,1.4333333333333333
2025-05-31 10:00,20.2,0.9,1.8,21.5,1.0,1.74,20.0,1.2,,19.8,2.5,1.9,20.375,1.4,1.8133333333333332
2025-05-31 11:00,21.9,1.0,2.4,22.3,2.2,1.96,21.1,2.1,,20.8,0.9,1.96,21.525000000000002,1.5500000000000003,2.1066666666666665
2025-05-31 12:00,23.3,1.3,2.33,22.9,1.2,2.37,21.2,2.8,,21.3,2.2,2.22,22.175,1.875,2.3066666666666666
2025-05-31 13:00,24.2,1.1,2.36,23.9,2.2,2.34,21.5,3.2,,21.5,3.1,2.56,22.775,2.4,2.42
2025-05-31 14:00,25.0,0.9,2.33,24.2,1.9,2.1,22.2,2.0,,22.4,3.1,2.72,23.450000000000003,1.975,2.3833333333333333
2025-05-31 15:00,24.3,0.8,1.81,24.4,1.1,1.89,21.6,4.1,,23.0,2.4,2.6,23.325000000000003,2.1,2.1
2025-05-31 16:00,24.8,2.1,1.62,24.3,1.9,1.34,21.1,3.1,,22.2,1.9,1.33,23.1,2.25,1.43
2025-05-31 17:00,24.6,0.9,1.35,23.8,3.0,1.08,20.3,4.0,,20.8,4.9,0.93,22.375,3.2,1.12
2025-05-31 18:00,24.1,1.7,0.83,21.7,2.4,0.75,19.6,3.6,,19.7,3.3,0.59,21.275000000000002,2.75,0.7233333333333333
2025-05-31 19:00,22.5,1.4,0.42,20.9,2.0,0.4,18.6,3.2,,18.5,4.1,0.24,20.125,2.675,0.35333333333333333
2025-05-31 20:00,20.3,1.3,0.09,19.8,2.2,0.05,17.6,3.4,,18.1,2.1,0.04,18.950000000000003,2.25,0.060000000000000005
2025-05-31 21:00,19.8,1.3,,18.4,2.8,,17.8,2.1,,17.7,2.6,,18.425,2.1999999999999997,0.0
2025-05-31 22:00,19.2,1.2,,17.6,0.2,,16.7,0.6,,17.4,1.1,,17.725,0.775,0.0
2025-05-31 23:00,18.3,0.9,,17.3,0.7,,16.3,1.3,,16.8,0.9,,17.175,0.9500000000000001,0.0
2025-06-01 01:00,17.6,0.9,,17.0,0.8,,15.0,1.4,,16.0,0.9,,16.4,1.0,0.0
2025-06-01 02:00,16.9,0.3,,16.7,0.6,,15.1,1.2,,15.8,3.4,,16.125,1.375,0.0
2025-06-01 03:00,16.5,1.6,,16.3,0.2,,15.1,0.1,,15.7,0.8,,15.899999999999999,0.675,0.0
2025-06-01 04:00,16.0,1.1,,15.7,0.6,,14.5,0.2,,15.5,0.6,,15.425,0.625,0.0
2025-06-01 05:00,15.5,0.4,,14.9,1.1,,14.5,0.4,,15.4,0.1,,15.075,0.5,0.0
2025-06-01 06:00,15.9,0.4,0.1,15.2,0.9,0.05,14.2,0.6,,15.4,0.8,0.04,15.174999999999999,0.675,0.06333333333333334
2025-06-01 07:00,16.2,0.5,0.53,17.1,0.2,0.43,15.4,0.0,,16.2,0.0,0.4,16.224999999999998,0.175,0.4533333333333333
2025-06-01 08:00,18.7,0.5,1.22,18.4,0.8,1.09,17.3,1.5,,17.7,0.8,1.06,18.025,0.8999999999999999,1.1233333333333333
2025-06-01 09:00,21.0,0.6,1.93,20.8,0.5,1.62,20.1,2.1,,19.3,1.3,1.76,20.3,1.125,1.7699999999999998
2025-06-01 10:00,23.4,1.0,2.57,23.5,0.6,2.37,21.9,2.3,,20.8,1.6,2.43,22.4,1.375,2.4566666666666666
2025-06-01 11:00,24.8,0.9,3.09,25.8,1.1,2.88,23.7,2.8,,22.6,2.3,2.98,24.225,1.775,2.983333333333333
2025-06-01 12:00,26.1,0.9,3.41,27.0,1.5,3.14,25.5,2.6,,24.0,2.2,3.1,25.65,1.8,3.216666666666667
2025-06-01 13:00,27.3,1.0,3.3,27.4,2.1,3.32,25.2,3.4,,24.9,2.8,3.39,26.200000000000003,2.325,3.3366666666666664
2025-06-01 14:00,29.0,2.0,3.14,28.8,1.6,3.17,24.8,4.7,,25.2,3.1,3.3,26.95,2.85,3.203333333333333
2025-06-01 15:00,28.7,1.7,2.54,28.3,2.3,2.32,25.1,3.6,,25.4,4.1,2.99,26.875,2.925,2.6166666666666667
2025-06-01 16:00,28.6,2.1,2.12,27.5,2.9,2.17,24.4,3.2,,25.3,3.3,2.58,26.45,2.875,2.29
2025-06-01 17:00,28.2,2.7,1.58,26.6,3.2,1.47,23.9,3.6,,24.0,3.9,1.74,25.674999999999997,3.35,1.5966666666666667
2025-06-01 18:00,25.7,1.6,0.86,25.1,2.6,0.88,23.3,2.9,,22.4,3.5,1.13,24.125,2.65,0.9566666666666667
2025-06-01 19:00,24.5,1.0,0.42,24.0,0.7,0.39,21.7,1.8,,21.3,2.5,0.51,22.875,1.5,0.44
2025-06-01 20:00,22.6,1.3,0.08,22.7,2.7,0.04,19.8,2.3,,19.6,2.4,0.05,21.174999999999997,2.175,0.056666666666666664
2025-06-01 21:00,22.1,0.8,,20.9,1.9,,19.1,0.7,,19.1,2.1,,20.3,1.375,0.0
2025-06-01 22:00,21.1,1.0,,21.2,1.8,,18.1,1.3,,18.7,0.9,,19.775,1.25,0.0
2025-06-01 23:00,20.4,0.8,,20.8,0.8,,17.6,2.2,,18.6,0.6,,19.35,1.1,0.0
2025-06-02 00:00,20.6,0.4,,20.2,0.3,,17.5,1.4,,18.1,0.2,,19.1,0.575,0.0
2025-06-02 01:00,19.9,0.4,,19.0,0.6,,17.1,0.0,,18.0,0.5,,18.5,0.375,0.0
2025-06-02 02:00,19.8,0.9,,19.2,1.1,,16.8,0.3,,17.9,0.1,,18.424999999999997,0.6,0.0
2025-06-02 03:00,19.7,0.3,,19.1,0.5,,16.8,0.4,,17.8,0.7,,18.349999999999998,0.47500000000000003,0.0
2025-06-02 04:00,19.2,1.7,,18.3,0.6,,16.9,0.1,,17.7,1.9,,18.025,1.075,0.0
2025-06-02 05:00,19.0,0.5,,18.8,0.9,,16.9,0.6,,17.6,1.4,,18.075,0.85,0.0
2025-06-02 06:00,19.6,0.9,0.07,18.7,1.1,0.02,16.9,0.2,,17.8,1.3,0.01,18.25,0.875,0.03333333333333333
2025-06-02 07:00,19.9,0.1,0.18,18.7,0.4,0.12,17.6,0.8,,18.0,1.4,0.1,18.549999999999997,0.675,0.13333333333333333
2025-06-02 08:00,20.1,0.9,0.33,20.7,0.3,0.38,18.8,0.2,,18.8,0.5,0.29,19.599999999999998,0.475,0.3333333333333333
2025-06-02 09:00,20.4,1.1,0.62,21.2,0.9,0.78,19.6,2.5,,19.1,1.3,0.42,20.075,1.45,0.6066666666666666
2025-06-02 10:00,19.7,1.1,0.42,22.0,0.9,0.89,20.5,0.5,,18.6,3.4,0.56,20.200000000000003,1.475,0.6233333333333334
2025-06-02 11:00,19.3,1.1,0.75,22.5,0.5,1.03,21.2,2.3,,18.6,2.1,0.87,20.4,1.5,0.8833333333333333
2025-06-02 12:00,19.3,1.2,0.82,22.6,1.6,1.34,20.8,3.2,,19.1,3.3,1.33,20.450000000000003,2.325,1.1633333333333333
2025-06-02 13:00,18.3,1.7,0.76,21.4,2.5,1.05,19.6,4.7,,18.5,2.2,0.92,19.450000000000003,2.7750000000000004,0.91
2025-06-02 14:00,18.9,1.4,0.89,20.6,2.2,0.87,19.3,3.1,,18.1,2.9,0.88,19.225,2.4,0.88
2025-06-02 15:00,18.5,1.2,0.71,19.4,2.5,0.77,19.8,3.3,,17.6,2.5,0.51,18.825000000000003,2.375,0.6633333333333333
2025-06-02 16:00,17.9,1.9,0.69,19.4,1.8,0.75,19.5,3.7,,17.5,2.5,0.5,18.575,2.475,0.6466666666666666
2025-06-02 17:00,17.2,1.6,0.53,19.1,1.4,0.32,19.3,2.9,,16.9,2.6,0.44,18.125,2.125,0.43
2025-06-02 18:00,17.0,1.8,0.38,19.3,0.3,0.15,18.9,2.5,,16.8,1.8,0.29,18.0,1.5999999999999999,0.2733333333333334
2025-06-02 19:00,16.7,2.1,0.14,19.0,1.3,0.09,18.8,0.6,,16.6,1.7,0.1,17.775,1.425,0.11
2025-06-02 20:00,16.7,2.3,0.08,19.4,1.9,0.01,18.4,1.0,,16.5,2.1,0.02,17.75,1.8249999999999997,0.03666666666666667
2025-06-02 21:00,16.3,2.2,,19.7,4.1,,18.2,0.2,,16.4,2.5,,17.65,2.25,0.0
2025-06-02 22:00,16.4,1.7,,19.4,1.4,,18.0,0.0,,16.3,2.8,,17.525,1.4749999999999999,0.0
2025-06-02 23:00,16.5,1.6,,19.3,0.9,,18.2,1.5,,16.3,3.1,,17.575,1.775,0.0
2025-06-03 00:00,16.5,1.1,,18.9,0.9,,18.1,0.3,,16.3,3.8,,17.45,1.525,0.0
2025-06-03 01:00,16.4,1.2,,18.4,0.8,,18.0,1.1,,16.3,3.4,,17.275,1.625,0.0
2025-06-03 02:00,16.6,0.2,,18.2,0.8,,17.7,0.3,,16.6,4.3,,17.275,1.4,0.0
2025-06-03 03:00,16.7,0.7,,18.0,1.1,,17.4,0.4,,16.9,2.7,,17.25,1.225,0.0
2025-06-03 04:00,16.4,0.5,,17.9,0.6,,17.0,0.6,,16.8,3.9,,17.025,1.4,0.0
2025-06-03 05:00,16.7,0.9,,17.1,1.1,,16.3,2.2,,16.9,7.5,,16.75,2.925,0.0
2025-06-03 06:00,15.9,0.0,0.1,17.0,1.4,0.04,16.1,2.1,,17.0,6.3,0.03,16.5,2.45,0.05666666666666667
2025-06-03 07:00,16.6,0.3,0.51,18.4,0.3,0.41,17.1,2.0,,17.4,7.0,0.39,17.375,2.4,0.4366666666666667
2025-06-03 08:00,18.6,0.6,1.22,19.5,0.5,1.02,19.0,2.7,,18.5,7.0,1.17,18.9,2.7,1.1366666666666667
2025-06-03 09:00,20.1,1.5,1.95,19.9,2.4,1.74,21.2,4.8,,19.5,6.4,1.94,20.175,3.775,1.8766666666666667
2025-06-03 10:00,21.5,1.9,2.67,21.9,2.0,2.34,22.1,4.1,,20.2,5.5,2.64,21.425,3.375,2.5500000000000003
2025-06-03 11:00,22.9,2.1,3.22,22.8,2.9,2.89,21.0,7.1,,20.9,6.8,3.15,21.9,4.725,3.0866666666666664
2025-06-03 12:00,23.7,2.0,3.58,23.8,4.2,3.18,20.5,6.9,,21.1,5.9,3.31,22.275,4.75,3.356666666666667
2025-06-03 13:00,23.5,1.8,3.51,23.7,4.1,3.42,20.7,6.3,,20.8,6.2,3.28,22.175,4.6,3.403333333333333
2025-06-03 14:00,24.4,1.8,3.52,23.6,4.4,3.23,20.2,6.8,,20.8,5.7,3.58,22.25,4.675,3.4433333333333334
2025-06-03 15:00,24.2,1.9,3.24,23.7,4.5,3.06,20.4,5.7,,20.5,7.1,3.29,22.2,4.800000000000001,3.1966666666666668
2025-06-03 16:00,23.6,1.9,2.74,22.0,5.1,2.68,20.4,5.8,,19.8,5.9,1.85,21.45,4.675000000000001,2.4233333333333333
2025-06-03 17:00,22.1,2.3,1.74,21.7,3.4,2.09,20.5,6.0,,20.3,6.2,2.02,21.15,4.475,1.95
2025-06-03 18:00,22.0,1.6,1.34,21.7,2.4,1.33,20.3,4.3,,19.9,5.5,1.41,20.975,3.45,1.36
2025-06-03 19:00,21.3,1.1,0.61,20.9,2.4,0.59,19.4,2.9,,19.4,3.5,0.66,20.25,2.475,0.62
2025-06-03 20:00,20.2,0.9,0.11,19.5,2.3,0.07,18.0,2.9,,18.1,4.8,0.09,18.950000000000003,2.7249999999999996,0.09000000000000001
2025-06-03 21:00,19.4,1.4,,18.5,3.2,,17.8,3.3,,17.7,3.7,,18.35,2.9,0.0
2025-06-03 22:00,18.4,0.7,,17.6,1.8,,16.8,1.4,,17.4,3.2,,17.549999999999997,1.775,0.0
2025-06-03 23:00,17.6,0.7,,17.2,1.2,,15.6,1.8,,17.2,1.8,,16.9,1.375,0.0
2025-06-04 00:00,17.6,0.8,,16.8,0.5,,15.4,1.7,,16.9,1.3,,16.675,1.075,0.0
2025-06-04 01:00,16.7,0.9,,15.9,0.7,,15.3,1.4,,16.5,2.0,,16.1,1.25,0.0
2025-06-04 02:00,16.0,1.1,,15.1,1.4,,15.0,1.3,,16.3,2.6,,15.600000000000001,1.6,0.0
2025-06-04 03:00,15.7,1.5,,14.3,1.7,,14.6,2.3,,16.1,2.0,,15.175,1.875,0.0
2025-06-04 04:00,15.2,1.2,,13.9,1.9,,14.3,2.4,,15.8,2.1,,14.8,1.9,0.0
2025-06-04 05:00,14.8,1.1,,13.5,1.6,,13.8,2.9,,15.1,2.7,,14.3,2.075,0.0
2025-06-04 06:00,15.3,0.8,0.12,13.8,1.7,0.06,13.9,2.5,,14.9,2.8,0.04,14.475,1.95,0.07333333333333333
2025-06-04 07:00,16.6,0.7,0.61,16.2,1.0,0.55,15.6,2.1,,15.9,2.4,0.32,16.075,1.5499999999999998,0.4933333333333334
2025-06-04 08:00,18.3,1.7,1.36,19.0,1.2,1.24,18.2,2.0,,18.6,3.5,1.24,18.525,2.1,1.28
2025-06-04 09:00,20.9,1.2,2.14,22.2,1.1,1.93,21.7,2.6,,21.3,2.8,1.97,21.525,1.925,2.013333333333333
2025-06-04 10:00,23.0,1.4,2.81,23.3,3.7,2.57,22.9,2.6,,23.1,4.8,2.68,23.074999999999996,3.125,2.686666666666667
2025-06-04 11:00,25.0,2.5,3.1,24.8,3.7,3.05,23.4,4.8,,22.1,5.4,3.11,23.824999999999996,4.1,3.0866666666666664
2025-06-04 12:00,26.0,3.5,3.64,25.7,4.3,3.3,22.6,7.1,,23.1,4.2,3.52,24.35,4.7749999999999995,3.4866666666666664
2025-06-04 13:00,26.6,1.9,3.78,26.1,3.7,3.53,22.7,6.8,,23.6,6.1,3.71,24.75,4.625,3.6733333333333333
2025-06-04 14:00,27.0,2.9,3.68,25.8,4.8,3.45,22.3,6.4,,23.7,5.0,3.64,24.7,4.775,3.5900000000000003
2025-06-04 15:00,27.7,2.4,3.35,25.9,3.9,3.11,22.2,5.1,,24.2,5.2,3.32,25.0,4.1499999999999995,3.26
2025-06-04 16:00,27.1,1.7,2.82,25.2,4.2,2.64,22.4,5.2,,24.8,6.8,2.82,24.874999999999996,4.4750000000000005,2.76
2025-06-04 17:00,26.3,1.8,2.15,24.6,4.7,2.04,22.2,5.1,,23.8,3.9,2.16,24.225,3.875,2.1166666666666667
2025-06-04 18:00,25.2,1.9,1.4,23.5,4.6,1.33,21.2,5.7,,23.2,5.8,1.41,23.275000000000002,4.5,1.38
2025-06-04 19:00,23.1,1.2,0.63,21.8,3.2,0.61,20.6,4.4,,21.5,4.3,0.65,21.75,3.2750000000000004,0.63
2025-06-04 20:00,21.7,1.5,0.12,20.5,2.2,0.07,19.2,2.5,,20.0,3.2,0.1,20.35,2.35,0.09666666666666668
2025-06-04 21:00,20.7,0.7,,20.0,2.8,,18.4,2.9,,19.0,3.0,,19.525,2.35,0.0
2025-06-04 22:00,19.9,0.9,,18.8,2.2,,17.7,1.9,,18.0,1.9,,18.6,1.725,0.0
2025-06-04 23:00,19.0,0.7,,17.9,1.4,,16.6,1.9,,17.6,0.7,,17.775,1.1749999999999998,0.0
2025-06-05 00:00,18.2,0.6,,17.8,1.7,,16.0,1.0,,17.1,0.9,,17.275,1.05,0.0
2025-06-05 01:00,18.2,0.5,,16.8,0.9,,15.3,0.9,,16.7,2.0,,16.75,1.075,0.0
2025-06-05 02:00,17.0,0.7,,16.5,1.3,,14.8,0.5,,16.5,1.5,,16.2,1.0,0.0
2025-06-05 03:00,15.9,0.6,,15.6,0.9,,13.8,1.0,,16.0,0.1,,15.325,0.65,0.0
2025-06-05 04:00,15.8,0.8,,14.4,1.5,,13.0,2.0,,15.7,0.0,,14.725000000000001,1.075,0.0
2025-06-05 05:00,15.2,0.5,,13.9,1.3,,13.2,2.6,,15.4,0.9,,14.424999999999999,1.3250000000000002,0.0
2025-06-05 06:00,14.6,0.0,0.12,14.4,1.3,0.07,13.1,1.5,,15.2,2.1,0.05,14.325,1.225,0.08
2025-06-05 07:00,15.1,0.5,0.68,16.8,0.6,0.57,15.8,1.3,,16.6,2.5,0.58,16.075000000000003,1.225,0.61
2025-06-05 08:00,17.9,0.9,1.4,19.1,0.6,1.28,17.9,2.1,,18.2,1.9,1.31,18.275,1.375,1.3299999999999998
2025-06-05 09:00,19.6,1.6,2.16,21.7,1.2,1.96,20.4,2.3,,20.4,1.6,2.05,20.525,1.6749999999999998,2.0566666666666666
2025-06-05 10:00,21.9,0.9,2.81,23.3,1.0,2.54,23.0,1.7,,22.2,3.0,2.73,22.6,1.65,2.6933333333333334
2025-06-05 11:00,24.1,0.8,3.35,24.6,2.1,3.07,23.0,3.4,,23.4,1.4,3.28,23.775,1.9250000000000003,3.233333333333333
2025-06-05 12:00,25.3,2.1,3.37,25.1,2.8,3.36,24.1,2.6,,24.6,1.8,3.39,24.775,2.325,3.3733333333333335
2025-06-05 13:00,26.7,1.7,3.65,26.0,2.8,3.54,24.7,3.2,,25.3,2.4,3.83,25.675,2.525,3.6733333333333333
2025-06-05 14:00,27.7,1.4,3.4,26.8,1.3,3.05,26.1,2.7,,25.6,2.9,3.32,26.549999999999997,2.075,3.2566666666666664
2025-06-05 15:00,27.3,0.9,2.81,27.6,2.3,2.94,25.7,3.4,,25.5,2.2,2.54,26.525000000000002,2.2,2.763333333333333
2025-06-05 16:00,27.9,1.3,2.34,27.5,1.5,2.22,25.0,3.0,,26.3,1.9,2.31,26.675,1.9249999999999998,2.2900000000000005
2025-06-05 17:00,27.5,1.1,1.46,27.3,2.0,1.66,24.9,3.2,,26.1,2.5,1.92,26.449999999999996,2.2,1.68
2025-06-05 18:00,27.3,1.3,1.06,26.9,2.0,1.19,23.7,3.3,,25.6,2.2,1.28,25.875,2.2,1.1766666666666667
2025-06-05 19:00,25.5,1.0,0.6,25.2,2.5,0.56,22.7,2.0,,23.5,2.8,0.51,24.225,2.075,0.5566666666666668
2025-06-05 20:00,24.5,1.6,0.13,23.2,1.6,0.06,20.9,0.1,,22.3,2.8,0.1,22.724999999999998,1.525,0.09666666666666668
2025-06-05 21:00,23.4,1.1,,22.5,1.0,,19.3,0.3,,21.6,2.3,,21.700000000000003,1.1749999999999998,0.0
2025-06-05 22:00,22.1,1.8,,21.5,0.8,,18.3,0.1,,20.8,1.8,,20.675,1.125,0.0
2025-06-05 23:00,21.3,1.1,,19.9,1.2,,17.8,1.2,,19.7,2.7,,19.675,1.55,0.0
2025-06-06 00:00,20.6,1.1,,19.3,1.5,,17.4,1.3,,19.6,2.3,,19.225,1.55,0.0
2025-06-06 01:00,20.0,0.8,,18.8,1.0,,17.7,2.4,,19.6,3.7,,19.025,1.975,0.0
2025-06-06 02:00,19.8,0.4,,19.2,1.4,,18.2,2.2,,19.4,3.1,,19.15,1.775,0.0
2025-06-06 03:00,19.3,0.0,,19.3,1.2,,18.0,2.4,,19.5,3.2,,19.025,1.7,0.0
2025-06-06 04:00,19.3,0.0,,19.6,1.2,,17.8,2.0,,18.9,3.0,,18.9,1.55,0.0
2025-06-06 05:00,19.1,0.0,,19.7,1.2,,17.2,0.9,,18.7,2.9,,18.675,1.25,0.0
2025-06-06 06:00,18.6,0.2,0.09,20.0,1.3,0.04,17.3,0.1,,19.0,3.6,0.04,18.725,1.3,0.05666666666666667
2025-06-06 07:00,19.4,0.2,0.38,20.7,1.4,0.29,18.1,0.5,,19.8,2.7,0.29,19.5,1.2,0.32
2025-06-06 08:00,21.4,0.5,0.98,22.1,1.2,0.62,21.3,2.6,,20.7,3.4,0.58,21.375,1.9249999999999998,0.7266666666666667
2025-06-06 09:00,22.5,0.2,1.28,23.2,1.7,0.82,23.6,2.9,,22.7,3.2,1.47,23.000000000000004,2.0,1.1900000000000002
2025-06-06 10:00,24.0,0.7,1.46,23.9,1.3,0.83,24.6,3.0,,23.9,2.9,1.66,24.1,1.975,1.3166666666666667
2025-06-06 11:00,26.3,1.9,2.07,25.4,1.0,1.08,27.5,2.7,,24.7,4.5,1.97,25.975,2.525,1.7066666666666668
2025-06-06 12:00,26.2,1.8,1.71,27.9,0.7,1.7,27.8,2.4,,24.4,3.7,1.41,26.574999999999996,2.1500000000000004,1.6066666666666667
2025-06-06 13:00,26.2,2.5,1.27,28.0,1.9,2.3,28.6,4.3,,24.8,3.3,1.31,26.900000000000002,3.0,1.6266666666666667
2025-06-06 14:00,24.8,1.6,0.74,27.7,3.8,2.06,27.4,5.2,,24.0,3.3,0.69,25.975,3.4750000000000005,1.1633333333333333
2025-06-06 15:00,24.5,2.3,0.34,27.0,3.3,0.68,27.3,3.5,,23.5,3.4,0.53,25.575,3.125,0.5166666666666667
2025-06-06 16:00,22.1,3.5,0.32,27.0,2.4,0.9,27.9,4.5,,23.2,2.9,0.41,25.05,3.325,0.5433333333333333
2025-06-06 17:00,23.2,0.8,0.72,26.8,1.6,1.33,26.9,3.6,,23.8,2.7,1.0,25.175,2.175,1.0166666666666666
2025-06-06 18:00,23.1,0.9,0.43,26.0,2.4,0.74,27.0,3.4,,23.4,3.8,0.49,24.875,2.625,0.5533333333333333
2025-06-06 19:00,22.7,0.8,0.45,25.5,1.7,0.45,25.1,2.0,,22.6,2.8,0.23,23.975,1.825,0.3766666666666667
2025-06-06 20:00,22.3,0.7,0.12,24.7,0.9,0.05,22.9,2.2,,22.0,3.2,0.07,22.975,1.75,0.08
2025-06-06 21:00,21.0,0.0,,22.5,1.7,,21.6,2.5,,21.2,3.0,,21.575,1.8,0.0
2025-06-06 22:00,20.1,0.3,,21.3,1.5,,20.8,2.6,,20.5,2.7,,20.675,1.7750000000000001,0.0
2025-06-06 23:00,19.9,0.9,,20.7,1.2,,20.7,3.1,,20.2,1.7,,20.375,1.725,0.0
2025-06-07 00:00,18.9,0.4,,20.3,1.7,,20.1,2.9,,19.9,2.1,,19.8,1.775,0.0
2025-06-07 01:00,18.6,0.8,,20.0,1.3,,19.8,2.4,,19.0,2.6,,19.35,1.775,0.0
2025-06-07 02:00,17.9,0.0,,19.6,1.5,,19.2,2.7,,18.9,2.7,,18.9,1.725,0.0
2025-06-07 03:00,17.4,0.0,,18.9,1.4,,18.8,2.6,,18.4,2.9,,18.375,1.725,0.0
2025-06-07 04:00,16.7,0.3,,19.0,1.4,,18.8,2.8,,18.3,2.5,,18.2,1.75,0.0
2025-06-07 05:00,16.7,0.1,,18.9,1.4,,18.3,2.8,,17.9,3.3,,17.949999999999996,1.9,0.0
2025-06-07 06:00,17.0,0.5,0.1,19.2,0.3,0.05,17.6,2.1,,17.7,3.1,0.02,17.875,1.5,0.05666666666666667
2025-06-07 07:00,17.9,0.6,0.41,20.6,1.4,0.5,19.9,3.2,,18.8,3.0,0.4,19.3,2.05,0.4366666666666667
2025-06-07 08:00,20.1,0.3,1.03,23.5,1.4,1.16,22.5,2.7,,21.1,2.7,1.04,21.799999999999997,1.7750000000000001,1.0766666666666667
2025-06-07 09:00,23.2,0.7,1.95,25.4,1.3,1.88,24.6,2.8,,23.0,3.0,1.53,24.049999999999997,1.95,1.7866666666666668
2025-06-07 10:00,25.2,1.4,2.37,27.2,1.1,2.46,26.7,2.4,,24.8,3.7,2.42,25.974999999999998,2.1500000000000004,2.4166666666666665
2025-06-07 11:00,27.0,2.6,3.3,28.5,1.6,3.01,27.8,1.8,,26.1,4.4,3.01,27.35,2.6,3.106666666666667
2025-06-07 12:00,28.5,2.4,3.42,28.9,1.0,3.36,28.3,2.6,,26.1,5.2,2.61,27.950000000000003,2.8,3.1299999999999994
2025-06-07 13:00,29.6,1.9,3.65,31.3,1.3,3.39,27.7,4.5,,27.7,3.9,3.62,29.075000000000003,2.9,3.5533333333333332
2025-06-07 14:00,29.9,3.2,3.41,30.9,2.5,3.34,27.8,5.5,,27.4,4.1,3.12,29.0,3.8249999999999997,3.2900000000000005
2025-06-07 15:00,29.7,2.6,2.74,31.0,2.6,2.83,27.0,4.7,,27.4,3.9,2.49,28.775,3.45,2.686666666666667
2025-06-07 16:00,30.0,3.0,2.17,28.9,3.1,2.29,26.7,4.7,,27.1,3.1,1.98,28.174999999999997,3.475,2.1466666666666665
2025-06-07 17:00,28.5,2.7,1.8,28.2,2.8,1.79,26.1,5.3,,26.4,2.8,1.36,27.300000000000004,3.4000000000000004,1.6500000000000001
2025-06-07 18:00,27.3,2.1,0.75,26.6,3.0,0.75,24.8,3.1,,25.3,2.6,0.87,26.0,2.6999999999999997,0.79
2025-06-07 19:00,26.0,2.6,0.4,25.5,2.1,0.3,23.8,2.4,,25.0,3.1,0.41,25.075,2.55,0.36999999999999994
2025-06-07 20:00,25.1,2.5,0.1,24.4,2.5,0.05,22.8,2.6,,24.5,2.8,0.03,24.2,2.5999999999999996,0.060000000000000005
2025-06-07 21:00,24.6,2.8,,23.8,1.1,,22.3,2.4,,24.1,3.2,,23.700000000000003,2.375,0.0
2025-06-07 22:00,23.9,1.7,,23.2,1.6,,22.1,2.6,,23.5,2.1,,23.174999999999997,2.0,0.0
2025-06-07 23:00,23.5,1.1,,23.1,0.8,,21.7,1.4,,22.8,1.6,,22.775,1.225,0.0
2025-06-08 00:00,23.3,1.4,,22.8,0.6,,21.2,0.6,,22.4,1.5,,22.424999999999997,1.025,0.0
2025-06-08 01:00,22.8,1.0,,22.6,0.3,,21.2,0.1,,22.2,1.1,,22.200000000000003,0.625,0.0
2025-06-08 02:00,22.7,0.2,,22.0,1.1,,21.5,0.1,,21.9,1.7,,22.025,0.775,0.0
2025-06-08 03:00,22.0,0.8,,21.6,1.1,,21.7,0.7,,21.8,1.8,,21.775,1.1,0.0
2025-06-08 04:00,21.4,0.8,,21.7,0.3,,21.6,0.5,,21.2,0.0,,21.474999999999998,0.4,0.0
2025-06-08 05:00,21.2,0.0,,21.5,0.8,,21.5,0.1,,21.1,1.6,,21.325000000000003,0.625,0.0
2025-06-08 06:00,21.4,0.8,0.12,21.8,0.8,0.03,21.6,0.0,,21.3,1.5,0.04,21.525000000000002,0.775,0.06333333333333334
2025-06-08 07:00,22.2,0.6,0.39,22.4,1.1,0.17,22.4,1.3,,21.5,0.7,0.22,22.125,0.925,0.26
2025-06-08 08:00,22.8,0.3,0.48,24.3,1.3,0.7,23.7,1.6,,22.3,0.2,0.42,23.275,0.8500000000000001,0.5333333333333333
2025-06-08 09:00,23.8,0.7,0.81,26.1,0.7,1.33,24.7,1.3,,23.0,1.4,0.48,24.400000000000002,1.025,0.8733333333333334
2025-06-08 10:00,25.7,1.3,1.7,26.8,0.9,1.84,26.6,2.2,,24.3,0.9,0.98,25.849999999999998,1.3250000000000002,1.5066666666666666
2025-06-08 11:00,26.4,1.7,1.88,26.9,1.7,1.74,27.0,0.9,,25.8,1.4,1.73,26.525,1.4249999999999998,1.7833333333333332
2025-06-08 12:00,29.0,1.8,2.88,29.4,2.0,3.01,27.8,3.0,,25.1,2.0,1.38,27.825000000000003,2.2,2.4233333333333333
2025-06-08 13:00,29.7,2.4,2.83,28.4,1.4,2.16,26.1,5.1,,26.5,2.5,2.96,27.674999999999997,2.8499999999999996,2.65
2025-06-08 14:00,29.5,1.7,2.23,28.7,1.9,1.84,27.1,4.7,,27.4,2.8,3.18,28.175000000000004,2.7750000000000004,2.4166666666666665
2025-06-08 15:00,29.7,2.4,2.65,29.5,2.6,2.69,26.1,5.7,,28.0,2.7,3.06,28.325000000000003,3.3499999999999996,2.8000000000000003
2025-06-08 16:00,29.7,1.5,1.85,28.9,2.7,2.1,25.4,5.2,,28.4,3.6,2.53,28.1,3.25,2.16
2025-06-08 17:00,29.3,1.3,1.18,28.7,3.9,1.79,23.3,4.2,,26.5,4.1,1.94,26.95,3.375,1.6366666666666667
2025-06-08 18:00,28.5,2.2,0.89,27.4,1.9,1.2,22.3,3.4,,25.7,3.0,1.26,25.975,2.625,1.1166666666666665
2025-06-08 19:00,28.1,1.7,0.38,25.5,2.7,0.52,21.4,3.6,,24.8,1.3,0.58,24.95,2.325,0.49333333333333335
2025-06-08 20:00,25.9,2.5,0.1,23.7,1.7,0.07,20.6,3.7,,23.8,3.4,0.06,23.499999999999996,2.825,0.07666666666666667
2025-06-08 21:00,24.4,1.8,,22.0,2.0,,20.0,3.9,,22.8,2.4,,22.3,2.525,0.0
2025-06-08 22:00,23.6,1.4,,21.2,2.0,,19.6,4.9,,22.2,2.0,,21.650000000000002,2.575,0.0
2025-06-08 23:00,22.8,0.4,,20.6,0.8,,19.9,1.7,,20.7,1.3,,21.0,1.05,0.0
2025-06-09 00:00,22.5,0.1,,20.5,1.1,,20.3,1.9,,20.2,1.1,,20.875,1.05,0.0
2025-06-09 01:00,21.9,0.2,,20.4,1.8,,20.4,0.5,,19.9,1.1,,20.65,0.9,0.0
2025-06-09 02:00,22.3,0.1,,20.5,0.5,,20.6,1.2,,19.6,1.0,,20.75,0.7,0.0
2025-06-09 03:00,21.5,0.1,,20.5,0.7,,20.7,0.9,,19.4,0.2,,20.525,0.475,0.0
2025-06-09 04:00,21.5,0.1,,20.7,0.8,,20.7,0.9,,19.4,1.2,,20.575000000000003,0.75,0.0
2025-06-09 05:00,21.1,0.1,,20.6,0.8,,20.6,1.3,,19.8,2.6,,20.525000000000002,1.2000000000000002,0.0
2025-06-09 06:00,21.0,0.9,0.08,21.2,0.4,0.04,20.4,2.2,,19.8,2.1,0.02,20.6,1.4,0.04666666666666666
2025-06-09 07:00,21.4,2.6,0.28,21.8,0.5,0.21,20.8,2.1,,20.0,2.8,0.12,21.0,2.0,0.20333333333333334
2025-06-09 08:00,22.7,1.7,0.65,22.3,1.3,0.54,22.3,1.7,,20.9,1.1,0.53,22.049999999999997,1.4500000000000002,0.5733333333333334
2025-06-09 09:00,23.8,1.9,1.02,24.8,0.6,1.62,24.3,2.2,,22.8,0.7,1.15,23.925,1.35,1.2633333333333334
2025-06-09 10:00,25.9,0.8,2.14,25.4,1.3,2.04,25.5,2.1,,24.6,1.1,1.69,25.35,1.3250000000000002,1.9566666666666663
2025-06-09 11:00,27.8,1.1,2.98,27.6,0.8,2.39,27.0,2.1,,25.3,3.1,2.99,26.925,1.775,2.7866666666666666
2025-06-09 12:00,28.8,1.0,3.25,28.2,1.1,3.06,27.1,2.2,,26.7,2.2,3.19,27.7,1.6250000000000002,3.1666666666666665
2025-06-09 13:00,30.6,1.1,3.08,30.3,1.1,3.13,29.1,1.8,,26.8,3.1,2.31,29.2,1.775,2.84
2025-06-09 14:00,29.7,1.2,1.5,30.0,1.7,3.04,27.0,4.9,,25.7,3.7,1.78,28.1,2.875,2.106666666666667
2025-06-09 15:00,30.0,1.7,1.21,30.8,2.4,2.96,26.3,3.1,,26.3,2.9,1.94,28.349999999999998,2.525,2.0366666666666666
2025-06-09 16:00,29.0,1.9,1.08,29.8,4.3,2.24,25.9,4.1,,26.7,3.4,2.19,27.849999999999998,3.425,1.8366666666666667
2025-06-09 17:00,30.0,2.8,1.18,29.7,2.7,1.86,26.5,4.1,,27.0,2.9,2.13,28.3,3.125,1.7233333333333334
2025-06-09 18:00,29.4,1.9,1.26,28.2,3.2,1.09,25.6,3.8,,26.5,2.8,1.27,27.424999999999997,2.925,1.2066666666666668
2025-06-09 19:00,27.6,1.5,0.5,26.7,2.5,0.53,24.3,3.6,,25.0,2.3,0.57,25.9,2.4749999999999996,0.5333333333333333
2025-06-09 20:00,25.9,1.2,0.14,25.3,2.3,0.08,22.0,1.5,,23.2,2.8,0.08,24.1,1.95,0.10000000000000002
2025-06-09 21:00,25.0,0.2,,23.6,1.5,,21.3,1.2,,22.2,1.2,,23.025000000000002,1.025,0.0
2025-06-09 22:00,24.1,0.1,,22.9,1.5,,21.3,1.6,,21.4,1.1,,22.424999999999997,1.0750000000000002,0.0
2025-06-09 23:00,23.9,0.6,,22.5,1.2,,20.7,0.6,,20.8,1.6,,21.974999999999998,1.0,0.0
2025-06-10 00:00,23.5,0.7,,22.1,0.6,,20.0,0.9,,20.3,0.7,,21.474999999999998,0.7249999999999999,0.0
2025-06-10 01:00,22.3,0.4,,21.9,0.2,,19.9,0.4,,19.9,0.0,,21.0,0.25,0.0
2025-06-10 02:00,21.9,0.6,,21.5,0.9,,19.9,0.2,,19.7,1.3,,20.75,0.75,0.0
2025-06-10 03:00,21.3,1.0,,21.2,0.5,,19.6,3.3,,19.4,0.2,,20.375,1.25,0.0
2025-06-10 04:00,21.1,0.4,,19.8,1.2,,18.3,3.0,,19.4,2.6,,19.65,1.7999999999999998,0.0
2025-06-10 05:00,20.8,0.7,,20.2,1.4,,18.2,3.1,,18.4,6.9,,19.4,3.025,0.0
2025-06-10 06:00,20.7,0.8,0.13,20.0,1.3,0.04,18.4,1.7,,19.0,7.2,0.01,19.525,2.75,0.060000000000000005
2025-06-10 07:00,20.9,1.5,0.55,20.7,0.8,0.3,19.0,1.0,,19.0,4.3,0.23,19.9,1.9,0.36000000000000004
2025-06-10 08:00,23.3,1.1,1.33,22.0,1.1,0.81,19.8,2.0,,20.8,1.8,1.01,21.474999999999998,1.5,1.05
2025-06-10 09:00,24.5,0.2,1.58,24.1,0.9,1.75,21.1,2.2,,23.6,1.2,1.95,23.325000000000003,1.125,1.76
2025-06-10 10:00,26.5,0.6,2.56,25.6,0.7,2.27,23.2,2.8,,24.0,1.8,2.22,24.825,1.4749999999999999,2.35
2025-06-10 11:00,27.4,1.3,3.02,27.4,2.1,2.3,26.2,1.9,,24.2,3.2,2.72,26.3,2.125,2.68
2025-06-10 12:00,28.1,1.0,1.76,28.9,2.5,3.06,22.5,6.4,,24.3,2.9,2.23,25.95,3.2,2.35
2025-06-10 13:00,29.0,1.4,2.38,27.6,4.3,2.7,21.9,5.9,,24.8,3.1,2.29,25.825,3.675,2.4566666666666666
2025-06-10 14:00,29.0,3.4,2.7,25.5,4.3,1.78,21.5,5.4,,25.3,4.0,1.95,25.325,4.275,2.1433333333333335
2025-06-10 15:00,27.4,2.4,2.27,25.0,3.5,1.6,21.9,5.6,,24.4,4.7,2.08,24.674999999999997,4.05,1.9833333333333334
2025-06-10 16:00,26.5,1.5,1.86,24.0,1.8,,21.7,4.7,,23.4,4.0,1.36,23.9,3.0,1.0733333333333335
2025-06-10 17:00,26.7,1.6,1.59,23.7,3.1,0.91,21.2,3.6,,23.6,4.9,1.35,23.799999999999997,3.3000000000000003,1.2833333333333334
2025-06-10 18:00,24.7,2.6,0.91,23.4,3.1,0.6,21.1,4.0,,21.7,4.6,0.71,22.724999999999998,3.5749999999999997,0.7399999999999999
2025-06-10 19:00,23.4,1.2,0.36,22.2,2.9,0.21,21.2,3.0,,20.6,4.1,0.32,21.85,2.8,0.29666666666666663
2025-06-10 20:00,22.0,1.7,0.09,21.2,2.8,0.09,20.0,3.9,,20.2,2.0,0.07,20.85,2.6,0.08333333333333333
2025-06-10 21:00,21.6,1.0,,20.9,2.4,,19.1,3.7,,20.1,2.5,,20.425,2.4,0.0
2025-06-10 22:00,21.2,1.3,,20.2,3.5,,18.3,3.7,,20.1,3.7,,19.950000000000003,3.05,0.0
2025-06-10 23:00,21.0,1.2,,19.1,2.5,,17.7,2.5,,19.9,3.7,,19.424999999999997,2.475,0.0
2025-06-11 00:00,20.4,0.8,,18.4,2.1,,17.6,1.9,,19.7,7.0,,19.025,2.95,0.0
2025-06-11 01:00,19.9,1.6,,17.6,1.6,,17.3,1.3,,19.0,6.6,,18.45,2.775,0.0
2025-06-11 02:00,18.7,1.4,,17.2,1.4,,17.4,2.9,,18.8,6.0,,18.025,2.925,0.0
2025-06-11 03:00,18.5,1.6,,17.1,1.0,,16.7,1.4,,18.5,2.8,,17.7,1.7,0.0
2025-06-11 04:00,18.1,1.1,,16.8,1.1,,15.7,0.1,,18.0,2.8,,17.150000000000002,1.275,0.0
2025-06-11 05:00,17.8,1.2,,16.6,1.2,,15.4,0.0,,17.8,3.0,,16.900000000000002,1.35,0.0
2025-06-11 06:00,17.5,2.4,0.12,16.2,0.3,0.04,15.1,0.1,,17.4,2.9,0.03,16.55,1.4249999999999998,0.06333333333333334
2025-06-11 07:00,18.0,1.6,0.56,18.1,0.4,0.41,17.2,0.2,,18.4,3.8,0.5,17.924999999999997,1.5,0.49
2025-06-11 08:00,20.7,2.8,1.41,20.3,0.9,1.24,20.2,1.0,,19.8,3.7,1.26,20.25,2.0999999999999996,1.3033333333333335
2025-06-11 09:00,22.5,1.7,2.16,22.4,1.7,1.95,21.9,2.1,,21.2,4.3,2.05,22.0,2.45,2.0533333333333332
2025-06-11 10:00,24.2,1.7,2.81,23.7,2.6,2.64,22.8,1.5,,22.5,5.1,2.75,23.3,2.7249999999999996,2.733333333333333
2025-06-11 11:00,26.7,2.2,3.35,25.5,2.5,3.14,23.2,3.0,,23.6,4.3,3.26,24.75,3.0,3.25
2025-06-11 12:00,27.3,3.6,3.66,26.6,3.2,3.5,23.6,3.9,,24.6,4.9,3.53,25.525,3.9000000000000004,3.563333333333333
2025-06-11 13:00,29.1,2.3,3.76,28.1,2.9,3.55,24.0,4.3,,25.5,5.0,3.72,26.675,3.625,3.6766666666666663
2025-06-11 14:00,30.0,3.1,3.66,29.0,2.7,3.51,24.6,4.1,,25.7,5.5,3.6,27.325,3.85,3.59
2025-06-11 15:00,29.9,3.8,3.17,29.7,3.2,3.22,25.0,4.7,,26.0,5.8,3.18,27.65,4.375,3.19
2025-06-11 16:00,30.2,3.1,2.7,29.8,4.6,2.76,24.1,5.0,,25.9,5.9,2.84,27.5,4.65,2.766666666666667
2025-06-11 17:00,29.3,2.4,2.02,28.4,4.1,2.0,23.1,4.7,,25.8,4.7,2.09,26.650000000000002,3.9749999999999996,2.0366666666666666
2025-06-11 18:00,28.6,1.6,1.19,25.4,4.6,1.09,24.3,2.8,,23.6,6.8,0.91,25.475,3.95,1.0633333333333335
2025-06-11 19:00,26.4,3.6,0.52,24.6,2.2,0.39,24.4,3.8,,22.6,5.8,0.31,24.5,3.8500000000000005,0.4066666666666667
2025-06-11 20:00,24.8,0.9,0.1,23.3,2.7,0.06,22.1,2.5,,21.8,4.7,0.05,23.0,2.7,0.07
2025-06-11 21:00,23.3,2.6,,22.3,1.3,,20.6,2.9,,21.2,3.6,,21.85,2.6,0.0
2025-06-11 22:00,23.1,2.1,,21.6,0.3,,19.9,1.5,,20.8,0.9,,21.349999999999998,1.2,0.0
2025-06-11 23:00,22.5,2.0,,21.2,0.9,,19.0,0.2,,20.5,1.0,,20.8,1.025,0.0
2025-06-12 00:00,22.3,1.5,,20.7,0.8,,18.6,1.1,,20.2,1.2,,20.45,1.15,0.0
2025-06-12 01:00,21.4,2.1,,20.3,0.1,,18.4,0.7,,20.0,1.5,,20.025,1.1,0.0
2025-06-12 02:00,21.3,1.7,,19.5,1.0,,17.8,0.3,,19.7,1.7,,19.575,1.175,0.0
2025-06-12 03:00,21.3,1.8,,18.8,1.3,,17.4,0.1,,19.7,2.3,,19.3,1.375,0.0
2025-06-12 04:00,20.9,1.1,,18.4,1.3,,17.0,0.2,,19.7,2.4,,19.0,1.25,0.0
2025-06-12 05:00,20.5,1.8,,18.6,0.1,,16.4,0.8,,19.7,1.6,,18.8,1.0750000000000002,0.0
2025-06-12 06:00,20.2,0.8,0.12,18.5,1.1,0.05,16.4,0.7,,19.5,2.7,0.03,18.65,1.3250000000000002,0.06666666666666667
2025-06-12 07:00,21.2,1.3,0.32,20.1,0.2,0.42,18.9,1.1,,20.2,2.7,0.19,20.099999999999998,1.3250000000000002,0.31
2025-06-12 08:00,22.1,2.0,0.58,22.2,0.3,1.19,21.2,1.2,,20.6,2.9,0.46,21.525,1.6,0.7433333333333333
2025-06-12 09:00,24.2,1.8,1.56,23.7,0.6,1.48,23.2,1.6,,24.2,1.8,1.78,23.825,1.45,1.6066666666666667
2025-06-12 10:00,25.9,1.4,2.42,24.9,1.9,1.71,23.8,1.1,,26.1,2.0,2.58,25.174999999999997,1.6,2.236666666666667
2025-06-12 11:00,27.5,0.4,2.79,28.2,1.9,2.71,25.1,2.4,,26.0,2.3,1.68,26.700000000000003,1.7499999999999998,2.393333333333333
2025-06-12 12:00,28.6,1.2,1.98,29.6,1.8,2.86,26.4,3.2,,26.7,4.0,2.56,27.825,2.55,2.466666666666667
2025-06-12 13:00,28.8,2.3,2.01,31.1,1.3,2.9,29.4,2.2,,27.1,2.3,2.08,29.1,2.025,2.33
2025-06-12 14:00,29.4,2.1,2.5,31.8,2.7,3.25,29.6,3.8,,27.9,3.1,2.79,29.675000000000004,2.9250000000000003,2.8466666666666662
2025-06-12 15:00,29.5,2.2,2.89,32.2,1.8,3.25,29.6,3.2,,28.2,3.4,2.48,29.875000000000004,2.65,2.8733333333333335
2025-06-12 16:00,30.0,2.7,2.58,32.6,2.0,2.74,28.4,4.0,,27.4,3.9,2.38,29.6,3.15,2.566666666666667
2025-06-12 17:00,29.0,1.9,1.63,31.6,3.2,2.01,26.7,2.7,,26.0,3.2,1.52,28.325,2.75,1.72
2025-06-12 18:00,28.1,3.3,1.07,28.8,3.5,0.92,25.9,2.6,,24.2,3.3,0.75,26.750000000000004,3.175,0.9133333333333334
2025-06-12 19:00,26.2,3.8,0.38,26.8,2.6,0.38,24.1,1.8,,22.6,3.5,0.34,24.924999999999997,2.9250000000000003,0.3666666666666667
2025-06-12 20:00,25.3,2.1,0.1,25.3,2.7,0.05,22.6,2.3,,22.0,2.7,0.06,23.8,2.45,0.07
2025-06-12 21:00,24.1,1.8,,23.8,2.5,,21.7,1.6,,21.2,2.6,,22.700000000000003,2.125,0.0
2025-06-12 22:00,23.3,1.2,,22.9,1.9,,21.5,0.5,,20.2,0.0,,21.975,0.8999999999999999,0.0
2025-06-12 23:00,22.7,0.9,,22.6,2.2,,20.8,1.6,,20.2,1.8,,21.575,1.625,0.0
2025-06-13 00:00,22.2,0.6,,21.8,1.3,,20.5,1.5,,20.1,2.5,,21.15,1.475,0.0
2025-06-13 01:00,22.1,0.7,,21.3,0.7,,20.0,1.6,,19.9,3.2,,20.825000000000003,1.55,0.0
2025-06-13 02:00,21.5,1.3,,21.1,0.7,,19.5,0.8,,20.0,2.3,,20.525,1.275,0.0
2025-06-13 03:00,21.1,1.2,,20.8,0.1,,19.4,1.6,,20.1,1.7,,20.35,1.1500000000000001,0.0
2025-06-13 04:00,21.4,0.6,,20.6,0.3,,19.0,0.7,,20.1,1.7,,20.275,0.825,0.0
2025-06-13 05:00,21.1,1.1,,20.3,0.1,,19.5,1.5,,19.4,1.5,,20.075000000000003,1.05,0.0
2025-06-13 06:00,20.4,0.4,0.07,20.1,1.2,0.01,19.4,0.0,,18.8,3.1,0.01,19.675,1.175,0.03
2025-06-13 07:00,19.9,0.6,0.14,20.6,1.8,0.14,20.0,0.0,,19.0,1.8,0.13,19.875,1.05,0.1366666666666667
2025-06-13 08:00,20.8,1.4,0.52,21.6,0.4,0.27,20.5,1.3,,19.7,1.7,0.29,20.650000000000002,1.2,0.36000000000000004
2025-06-13 09:00,22.0,0.3,1.01,23.1,0.4,0.52,21.2,1.6,,19.8,1.9,0.39,21.525,1.0499999999999998,0.64
2025-06-13 10:00,20.7,1.5,0.65,24.1,2.0,0.98,22.3,1.2,,21.0,1.8,0.84,22.025,1.625,0.8233333333333333
2025-06-13 11:00,20.9,1.6,0.73,22.8,1.5,0.56,22.5,1.3,,21.9,2.5,1.39,22.025,1.725,0.8933333333333332
2025-06-13 12:00,21.5,1.1,1.12,22.6,1.6,0.82,22.4,2.1,,22.3,3.4,1.08,22.2,2.0500000000000003,1.0066666666666666
2025-06-13 13:00,22.3,1.0,0.95,23.3,3.3,1.49,22.7,0.6,,22.7,2.8,1.16,22.75,1.9249999999999998,1.2
2025-06-13 14:00,22.3,1.1,1.02,23.7,0.5,0.67,23.1,0.7,,22.5,4.6,0.65,22.9,1.7249999999999999,0.7799999999999999
2025-06-13 15:00,22.4,1.8,0.58,22.2,2.4,0.48,21.5,1.1,,22.6,4.0,0.67,22.174999999999997,2.325,0.5766666666666667
2025-06-13 16:00,21.9,1.3,0.41,21.9,0.5,0.28,20.9,0.5,,22.5,2.7,0.66,21.799999999999997,1.25,0.45
2025-06-13 17:00,21.9,1.2,0.37,21.6,0.6,0.15,21.0,1.8,,21.9,2.7,0.28,21.6,1.575,0.26666666666666666
2025-06-13 18:00,21.6,1.2,0.19,21.9,0.4,0.2,20.4,2.7,,21.2,1.8,0.08,21.275,1.5250000000000001,0.15666666666666668
2025-06-13 19:00,20.9,1.8,0.11,21.7,1.6,0.06,20.2,2.7,,20.9,1.1,0.01,20.924999999999997,1.8000000000000003,0.06
2025-06-13 20:00,20.9,1.1,0.07,20.6,3.5,0.0,20.4,2.3,,20.8,1.0,0.01,20.675,1.9749999999999999,0.02666666666666667
2025-06-13 21:00,20.9,2.0,,20.6,3.0,,20.5,3.2,,20.2,3.2,,20.55,2.8499999999999996,0.0
2025-06-13 22:00,20.7,1.3,,20.9,1.7,,20.8,3.8,,20.5,1.5,,20.724999999999998,2.075,0.0
2025-06-13 23:00,20.8,1.0,,21.1,2.0,,20.9,2.4,,20.6,2.2,,20.85,1.9000000000000001,0.0
2025-06-14 00:00,20.6,0.9,,20.9,1.7,,21.0,4.9,,20.5,2.2,,20.75,2.425,0.0
2025-06-14 01:00,20.7,0.6,,20.8,1.1,,21.3,4.1,,20.7,2.2,,20.875,2.0,0.0
2025-06-14 02:00,20.7,1.5,,20.8,1.7,,21.1,4.0,,20.9,1.5,,20.875,2.175,0.0
2025-06-14 03:00,20.9,0.9,,20.8,1.8,,21.3,2.0,,21.4,1.7,,21.1,1.6,0.0
2025-06-14 04:00,21.0,1.1,,21.0,0.8,,21.3,2.2,,21.8,2.7,,21.275,1.7000000000000002,0.0
2025-06-14 05:00,21.1,1.8,,21.1,0.4,,21.4,2.2,,22.2,2.7,,21.45,1.7750000000000001,0.0
2025-06-14 06:00,21.2,0.3,0.06,21.3,1.5,0.01,21.2,2.3,,21.9,3.1,0.01,21.4,1.7999999999999998,0.02666666666666666
2025-06-14 07:00,21.6,0.5,0.15,21.6,1.7,0.03,21.1,1.9,,22.0,3.5,0.12,21.575000000000003,1.9,0.09999999999999999
2025-06-14 08:00,21.7,1.1,0.2,22.5,1.3,0.33,21.3,2.7,,22.2,1.1,0.08,21.925,1.5500000000000003,0.20333333333333334
2025-06-14 09:00,22.4,0.2,0.29,23.5,2.0,0.67,21.1,2.8,,22.7,0.6,0.43,22.425,1.4,0.4633333333333333
2025-06-14 10:00,23.4,1.4,0.81,22.8,1.6,0.36,22.8,1.9,,22.2,2.3,0.57,22.8,1.8,0.58
2025-06-14 11:00,23.5,1.8,1.08,25.4,0.8,1.61,23.8,2.4,,22.9,4.1,1.14,23.9,2.275,1.2766666666666666
2025-06-14 12:00,25.4,1.7,2.14,25.2,3.5,1.8,24.9,2.6,,24.8,4.6,1.95,25.075,3.1,1.9633333333333336
2025-06-14 13:00,26.5,2.2,1.48,27.1,2.5,3.33,25.7,2.0,,23.5,5.4,0.96,25.7,3.0250000000000004,1.9233333333333336
2025-06-14 14:00,25.3,1.3,1.18,28.5,2.9,3.11,26.7,2.6,,24.3,5.4,1.13,26.2,3.0500000000000003,1.8066666666666666
2025-06-14 15:00,26.4,0.6,1.06,28.4,2.7,2.5,27.3,1.6,,24.8,4.1,1.15,26.724999999999998,2.25,1.57
2025-06-14 16:00,26.7,0.4,0.87,28.3,3.3,1.42,27.8,1.5,,25.4,3.9,2.2,27.049999999999997,2.275,1.4966666666666668
2025-06-14 17:00,27.4,0.6,1.09,28.7,3.5,1.39,26.9,2.0,,25.9,4.1,2.09,27.225,2.55,1.5233333333333334
2025-06-14 18:00,28.5,0.3,0.74,28.9,2.0,1.08,24.4,2.6,,24.1,4.6,1.41,26.475,2.375,1.0766666666666667
2025-06-14 19:00,27.5,0.6,0.68,27.9,2.8,0.67,23.1,1.9,,22.9,2.6,0.33,25.35,1.975,0.56
2025-06-14 20:00,25.8,0.9,0.14,25.6,2.4,0.13,21.7,3.1,,21.3,3.8,0.08,23.6,2.55,0.11666666666666668
2025-06-14 21:00,24.5,0.9,,23.5,3.2,,21.2,2.1,,20.6,3.0,,22.450000000000003,2.3000000000000003,0.0
2025-06-14 22:00,23.2,1.4,,22.1,2.6,,20.9,3.1,,20.2,3.2,,21.599999999999998,2.575,0.0
2025-06-14 23:00,22.4,1.8,,21.6,2.3,,20.9,2.2,,20.1,2.3,,21.25,2.15,0.0
2025-06-15 00:00,21.6,1.8,,21.2,2.9,,20.2,1.6,,19.9,0.9,,20.725,1.8000000000000003,0.0
2025-06-15 01:00,20.9,1.2,,20.9,0.4,,19.5,1.7,,19.8,0.2,,20.275,0.875,0.0
2025-06-15 02:00,20.3,1.8,,20.6,0.7,,19.0,1.0,,19.7,0.6,,19.900000000000002,1.025,0.0
2025-06-15 03:00,20.2,0.5,,20.1,0.7,,18.5,0.7,,19.6,0.5,,19.6,0.6,0.0
2025-06-15 04:00,20.0,1.2,,19.8,0.9,,18.5,1.6,,19.5,0.8,,19.45,1.125,0.0
2025-06-15 05:00,20.2,0.0,,19.4,0.8,,18.5,0.7,,19.3,1.7,,19.349999999999998,0.8,0.0
2025-06-15 06:00,20.5,0.4,0.09,19.8,1.0,0.06,18.8,1.5,,19.7,2.5,0.04,19.7,1.35,0.06333333333333334
2025-06-15 07:00,21.2,1.0,0.53,22.4,0.7,0.5,19.3,2.2,,20.3,3.7,0.32,20.799999999999997,1.9000000000000001,0.45
2025-06-15 08:00,23.1,0.7,1.25,24.1,1.1,1.2,21.5,1.6,,22.0,3.2,1.15,22.675,1.6500000000000001,1.2
2025-06-15 09:00,25.0,0.7,2.0,26.8,1.0,1.91,24.2,2.5,,23.8,4.0,1.8,24.95,2.05,1.9033333333333333
2025-06-15 10:00,26.6,0.9,2.58,28.2,0.6,2.52,26.7,2.0,,25.2,4.4,2.44,26.675,1.975,2.513333333333333
2025-06-15 11:00,28.5,1.1,3.02,29.4,1.6,3.0,27.5,2.4,,25.7,4.7,2.43,27.775000000000002,2.45,2.8166666666666664
2025-06-15 12:00,29.2,2.6,2.83,31.2,2.1,3.15,28.8,3.6,,26.2,3.5,2.41,28.85,2.95,2.796666666666667
2025-06-15 13:00,29.8,3.8,2.46,31.4,3.1,3.04,30.2,3.5,,25.6,3.5,1.6,29.25,3.475,2.3666666666666667
2025-06-15 14:00,29.7,3.8,2.33,31.5,2.7,2.26,30.2,3.5,,27.4,4.3,2.72,29.700000000000003,3.575,2.436666666666667
2025-06-15 15:00,29.0,4.1,1.74,31.7,1.4,1.78,30.2,2.9,,27.3,6.3,2.62,29.55,3.675,2.046666666666667
2025-06-15 16:00,28.3,4.2,0.96,31.4,3.3,1.5,29.2,2.8,,26.4,4.6,1.59,28.825000000000003,3.725,1.3499999999999999
2025-06-15 17:00,28.3,3.4,1.27,30.6,2.2,0.76,29.6,2.3,,25.4,6.4,0.91,28.475,3.575,0.9800000000000001
2025-06-15 18:00,27.6,3.5,0.78,29.9,4.2,0.64,28.9,2.8,,23.6,5.4,0.27,27.5,3.975,0.5633333333333334
2025-06-15 19:00,26.6,2.8,0.23,28.5,3.3,0.31,27.4,2.5,,23.4,3.1,0.12,26.475,2.925,0.22
2025-06-15 20:00,24.2,2.9,0.07,27.9,3.1,0.04,25.6,3.8,,23.3,2.2,0.02,25.249999999999996,3.0,0.043333333333333335
2025-06-15 21:00,24.0,2.2,,26.6,2.9,,25.3,3.9,,22.9,3.6,,24.700000000000003,3.15,0.0
2025-06-15 22:00,23.7,1.7,,24.7,1.7,,24.8,1.9,,22.3,4.5,,23.875,2.45,0.0
2025-06-15 23:00,23.5,2.1,,24.9,1.0,,24.6,2.3,,22.1,3.6,,23.775,2.25,0.0
2025-06-16 00:00,23.2,1.6,,24.8,1.4,,24.3,1.7,,22.0,2.2,,23.575,1.725,0.0
2025-06-16 01:00,23.2,1.1,,24.8,0.7,,23.8,2.3,,21.9,3.0,,23.424999999999997,1.775,0.0
2025-06-16 02:00,23.1,1.7,,24.5,2.4,,22.9,2.9,,22.2,4.0,,23.175,2.75,0.0
2025-06-16 03:00,22.8,1.8,,24.2,3.5,,22.8,1.8,,22.3,2.5,,23.025,2.4,0.0
2025-06-16 04:00,22.8,1.4,,23.9,1.0,,22.5,2.2,,22.3,4.1,,22.875,2.175,0.0
2025-06-16 05:00,22.5,2.2,,22.6,1.9,,22.4,0.9,,22.6,3.2,,22.525,2.05,0.0
2025-06-16 06:00,22.4,2.2,0.08,22.8,1.0,0.01,22.7,1.9,,22.3,3.3,0.01,22.55,2.0999999999999996,0.03333333333333333
2025-06-16 07:00,22.5,2.6,0.12,23.0,1.2,0.05,22.6,3.1,,22.0,4.1,0.04,22.525,2.75,0.06999999999999999
2025-06-16 08:00,22.7,2.4,0.28,23.5,0.9,0.2,22.5,4.0,,22.1,2.7,0.09,22.700000000000003,2.5,0.19000000000000003
2025-06-16 09:00,22.6,2.2,0.25,24.4,0.6,0.36,22.8,3.1,,22.0,4.0,0.13,22.95,2.475,0.24666666666666667
2025-06-16 10:00,22.5,2.4,0.27,24.6,1.5,0.5,22.9,2.1,,21.7,4.8,0.34,22.925,2.7,0.37000000000000005
2025-06-16 11:00,22.3,1.9,0.32,24.0,2.4,0.34,23.2,3.2,,22.2,4.7,0.89,22.925,3.05,0.5166666666666667
2025-06-16 12:00,22.7,3.2,0.69,25.8,4.6,1.38,24.2,4.4,,24.3,7.7,3.21,24.25,4.975,1.7599999999999998
2025-06-16 13:00,25.3,3.0,1.7,27.0,5.6,3.2,24.8,4.2,,25.2,7.4,3.48,25.575,5.050000000000001,2.7933333333333334
2025-06-16 14:00,25.4,3.0,1.86,27.1,7.0,2.7,25.2,4.0,,25.3,9.6,3.52,25.75,5.9,2.6933333333333334
2025-06-16 15:00,25.3,3.4,1.36,27.3,4.3,1.64,25.6,3.5,,25.5,7.3,3.22,25.925,4.625,2.0733333333333337
2025-06-16 16:00,25.4,4.2,1.62,27.8,5.6,1.28,26.4,5.4,,25.2,5.6,2.63,26.2,5.2,1.8433333333333335
2025-06-16 17:00,26.4,3.7,1.61,28.1,3.9,1.78,26.2,6.2,,25.1,5.5,2.03,26.450000000000003,4.825,1.8066666666666666
2025-06-16 18:00,26.0,2.6,1.33,28.5,2.4,1.19,25.8,5.0,,24.7,5.1,1.25,26.25,3.775,1.2566666666666666
2025-06-16 19:00,25.1,1.8,0.59,27.1,2.7,0.61,24.7,3.5,,23.7,3.2,0.62,25.150000000000002,2.8,0.6066666666666666
2025-06-16 20:00,23.9,1.8,0.14,24.9,2.8,0.1,23.7,4.1,,22.4,3.4,0.12,23.725,3.025,0.12
2025-06-16 21:00,23.0,1.8,,24.2,1.7,,23.4,4.2,,21.5,2.8,,23.025,2.625,0.0
2025-06-16 22:00,22.2,1.9,,24.1,0.9,,23.0,3.6,,21.3,3.0,,22.65,2.35,0.0
2025-06-16 23:00,21.3,1.0,,23.7,2.2,,22.4,3.1,,21.1,3.2,,22.125,2.375,0.0
2025-06-17 00:00,21.5,2.1,,23.6,3.8,,22.1,3.3,,20.7,4.1,,21.975,3.3249999999999997,0.0
2025-06-17 01:00,21.5,2.1,,23.2,2.2,,22.2,3.2,,20.7,3.5,,21.900000000000002,2.75,0.0
2025-06-17 02:00,21.3,0.7,,22.8,3.2,,22.3,3.0,,20.8,3.7,,21.8,2.6500000000000004,0.0
2025-06-17 03:00,21.0,0.4,,22.6,1.6,,22.1,3.1,,20.9,4.1,,21.65,2.3,0.0
2025-06-17 04:00,21.0,1.9,,22.8,1.0,,21.9,3.1,,21.1,4.0,,21.699999999999996,2.5,0.0
2025-06-17 05:00,21.5,1.7,,22.4,2.8,,22.1,3.2,,21.2,4.0,,21.8,2.925,0.0
2025-06-17 06:00,21.7,1.9,0.11,23.0,2.3,0.02,22.3,2.4,,21.0,3.2,0.03,22.0,2.45,0.05333333333333334
2025-06-17 07:00,22.1,0.7,0.37,23.4,2.6,0.19,22.4,1.0,,21.8,3.4,0.4,22.425,1.9249999999999998,0.32
2025-06-17 08:00,23.4,1.2,0.87,24.3,0.8,0.32,22.7,1.5,,22.4,3.5,0.75,23.200000000000003,1.75,0.6466666666666666
2025-06-17 09:00,24.6,1.9,0.8,25.1,2.0,0.79,23.1,2.4,,23.1,2.8,0.75,23.975,2.275,0.7799999999999999
2025-06-17 10:00,25.0,1.9,1.04,26.1,1.6,1.12,24.3,1.4,,23.9,3.8,1.12,24.825000000000003,2.175,1.0933333333333335
2025-06-17 11:00,25.9,2.1,1.29,27.1,2.2,1.53,26.0,2.8,,25.0,3.3,1.84,26.0,2.6,1.5533333333333335
2025-06-17 12:00,27.1,1.9,1.91,27.6,1.9,1.06,26.4,1.9,,25.0,3.8,1.38,26.525,2.375,1.45
2025-06-17 13:00,28.6,1.8,2.24,29.5,1.4,2.57,27.4,2.7,,26.0,4.0,2.2,27.875,2.475,2.336666666666667
2025-06-17 14:00,29.0,2.4,2.35,30.3,1.3,3.28,28.6,3.2,,26.7,3.7,3.3,28.650000000000002,2.6500000000000004,2.9766666666666666
2025-06-17 15:00,29.1,2.7,2.13,31.0,0.7,2.8,28.2,3.5,,26.8,3.7,2.32,28.775,2.6500000000000004,2.4166666666666665
2025-06-17 16:00,28.4,2.4,1.88,30.7,3.3,2.0,27.2,4.5,,26.2,4.6,1.88,28.125,3.6999999999999997,1.92
2025-06-17 17:00,28.8,2.8,1.05,30.2,2.8,1.61,27.5,3.4,,26.5,3.5,1.88,28.25,3.125,1.5133333333333334
2025-06-17 18:00,28.5,2.3,1.24,29.3,3.2,0.91,25.6,4.1,,26.2,3.6,1.49,27.400000000000002,3.3,1.2133333333333332
2025-06-17 19:00,27.0,2.6,0.68,27.9,2.7,0.77,23.5,4.4,,25.1,3.2,0.62,25.875,3.2250000000000005,0.6900000000000001
2025-06-17 20:00,25.7,2.1,0.13,25.1,3.6,0.11,22.4,4.2,,23.1,1.5,0.09,24.074999999999996,2.85,0.10999999999999999
2025-06-17 21:00,25.3,2.7,,22.8,2.4,,22.1,1.1,,23.0,2.2,,23.3,2.0999999999999996,0.0
2025-06-17 22:00,24.1,1.7,,22.5,0.3,,21.9,1.0,,21.9,2.5,,22.6,1.375,0.0
2025-06-17 23:00,23.3,1.7,,22.5,1.9,,21.4,0.7,,21.6,2.4,,22.199999999999996,1.6749999999999998,0.0
2025-06-18 00:00,22.6,1.7,,22.2,0.8,,21.2,1.5,,20.8,3.4,,21.7,1.85,0.0
2025-06-18 01:00,21.9,1.4,,22.3,0.4,,20.7,1.2,,20.4,1.2,,21.325000000000003,1.05,0.0
2025-06-18 02:00,21.4,2.7,,21.7,1.0,,20.3,1.6,,20.0,2.7,,20.849999999999998,2.0,0.0
2025-06-18 03:00,20.9,1.3,,21.7,2.1,,20.5,1.3,,19.5,1.1,,20.65,1.4500000000000002,0.0
2025-06-18 04:00,20.3,0.6,,21.1,1.9,,20.6,0.8,,19.6,1.1,,20.400000000000002,1.1,0.0
2025-06-18 05:00,19.9,0.8,,20.6,2.1,,19.9,2.4,,19.2,0.0,,19.9,1.3250000000000002,0.0
2025-06-18 06:00,20.1,0.8,0.1,20.9,1.6,0.03,19.7,1.4,,19.4,1.3,0.03,20.025,1.2750000000000001,0.05333333333333334
2025-06-18 07:00,20.3,0.6,0.28,21.6,1.6,0.33,20.2,2.3,,19.8,0.9,0.32,20.475,1.35,0.31000000000000005
2025-06-18 08:00,21.6,0.9,0.7,23.3,1.2,0.88,22.0,2.0,,21.3,2.2,1.02,22.05,1.575,0.8666666666666667
2025-06-18 09:00,23.1,1.2,2.04,25.6,1.6,1.73,23.6,2.3,,22.4,1.7,1.87,23.675000000000004,1.7,1.8800000000000001
2025-06-18 10:00,25.0,1.2,2.58,27.1,1.2,2.36,24.8,1.7,,24.7,2.2,2.53,25.400000000000002,1.575,2.4899999999999998
2025-06-18 11:00,27.3,0.8,3.16,27.7,2.3,2.85,25.8,2.2,,26.8,1.2,3.08,26.9,1.625,3.03
2025-06-18 12:00,28.9,1.1,3.47,29.0,2.2,3.21,26.7,2.8,,27.0,3.1,3.39,27.9,2.3,3.356666666666667
2025-06-18 13:00,29.5,1.0,3.58,29.9,2.0,3.35,27.4,2.5,,28.5,2.7,3.54,28.825,2.05,3.4899999999999998
2025-06-18 14:00,30.9,1.4,3.35,30.4,2.6,3.33,28.7,2.2,,29.1,2.9,3.41,29.775,2.275,3.3633333333333333
2025-06-18 15:00,31.6,1.5,3.05,31.1,2.8,3.07,29.4,3.3,,29.1,4.4,3.07,30.299999999999997,3.0,3.063333333333333
2025-06-18 16:00,31.6,1.2,2.56,31.6,2.0,2.56,29.6,2.7,,29.4,3.5,2.64,30.550000000000004,2.35,2.5866666666666664
2025-06-18 17:00,31.8,1.1,1.93,31.7,1.6,1.93,29.1,3.6,,28.9,3.3,2.01,30.375,2.4000000000000004,1.9566666666666663
2025-06-18 18:00,30.3,2.2,1.22,31.5,1.0,1.22,28.5,3.2,,28.6,3.0,1.3,29.725,2.35,1.2466666666666668
2025-06-18 19:00,28.9,2.0,0.49,28.8,2.7,0.55,26.4,1.9,,27.0,4.2,0.61,27.775,2.7,0.5499999999999999
2025-06-18 20:00,27.2,1.5,0.13,27.0,2.0,0.06,24.6,0.0,,24.9,2.3,0.07,25.925000000000004,1.45,0.08666666666666667
2025-06-18 21:00,26.5,1.1,,26.1,0.2,,23.1,0.2,,23.6,2.0,,24.825000000000003,0.875,0.0
2025-06-18 22:00,26.2,0.9,,25.2,1.4,,22.7,0.1,,22.3,2.2,,24.099999999999998,1.15,0.0
2025-06-18 23:00,24.6,1.1,,25.1,0.9,,22.0,0.0,,22.0,2.4,,23.425,1.1,0.0
2025-06-19 00:00,24.6,0.4,,23.8,1.7,,21.5,0.4,,21.5,2.4,,22.85,1.225,0.0
2025-06-19 01:00,23.7,1.0,,23.2,1.5,,21.0,1.4,,20.9,2.1,,22.200000000000003,1.5,0.0
2025-06-19 02:00,22.6,0.3,,22.8,0.4,,21.1,2.0,,20.9,1.2,,21.85,0.9750000000000001,0.0
2025-06-19 03:00,22.4,0.4,,22.3,0.8,,20.4,0.1,,20.5,2.3,,21.4,0.9,0.0
2025-06-19 04:00,22.1,0.4,,21.5,1.1,,19.9,0.9,,20.6,2.5,,21.025,1.225,0.0
2025-06-19 05:00,21.4,0.3,,21.3,1.8,,20.1,1.6,,20.9,2.9,,20.925,1.65,0.0
2025-06-19 06:00,21.2,0.5,0.15,21.6,0.8,0.07,19.9,0.1,,21.3,2.0,0.03,21.0,0.8500000000000001,0.08333333333333333
2025-06-19 07:00,23.1,0.1,0.65,23.8,0.7,0.54,21.0,1.5,,22.3,2.1,0.29,22.55,1.1,0.49333333333333335
2025-06-19 08:00,24.0,0.1,0.73,26.3,0.4,1.23,23.0,1.3,,23.3,2.6,0.54,24.15,1.1,0.8333333333333334
2025-06-19 09:00,25.6,1.1,1.33,27.1,1.0,1.26,23.9,2.0,,24.7,5.4,1.19,25.325,2.375,1.26
2025-06-19 10:00,28.7,1.7,2.76,28.7,2.0,1.8,27.7,2.9,,26.3,5.2,2.06,27.849999999999998,2.95,2.2066666666666666
2025-06-19 11:00,27.7,4.1,1.71,29.9,2.6,2.48,29.5,3.2,,27.9,5.0,2.91,28.75,3.7249999999999996,2.3666666666666667
2025-06-19 12:00,28.5,2.3,1.65,30.7,3.0,2.95,29.9,3.7,,27.4,5.4,2.74,29.125,3.6,2.4466666666666668
2025-06-19 13:00,28.7,2.9,1.71,31.7,3.1,2.4,30.1,3.5,,28.2,4.1,1.84,29.675,3.4,1.9833333333333332
2025-06-19 14:00,27.5,4.4,1.96,31.3,2.2,1.87,30.5,3.1,,28.3,5.9,3.16,29.4,3.9000000000000004,2.33
2025-06-19 15:00,28.3,2.6,1.32,31.8,3.4,1.45,31.7,3.8,,28.8,4.2,2.78,30.15,3.5,1.8499999999999999
2025-06-19 16:00,29.7,2.7,2.51,31.7,3.5,2.33,31.7,4.4,,29.3,4.3,2.39,30.599999999999998,3.7250000000000005,2.41
2025-06-19 17:00,29.2,3.2,2.06,31.5,3.0,2.27,30.8,4.3,,28.8,3.1,1.68,30.075,3.4,2.0033333333333334
2025-06-19 18:00,28.0,3.2,1.28,30.3,4.4,1.45,29.8,3.1,,27.5,4.3,0.75,28.9,3.75,1.16
2025-06-19 19:00,27.1,2.4,0.42,28.9,3.1,0.43,29.0,2.7,,27.0,3.3,0.28,28.0,2.875,0.37666666666666665
2025-06-19 20:00,26.5,2.2,0.13,27.7,3.4,0.1,28.1,3.4,,26.1,3.8,0.06,27.1,3.2,0.09666666666666668
2025-06-19 21:00,25.8,1.4,,27.2,2.8,,27.3,3.2,,25.4,3.0,,26.424999999999997,2.5999999999999996,0.0
2025-06-19 22:00,25.8,2.6,,27.0,2.3,,26.8,3.0,,25.0,3.7,,26.15,2.9000000000000004,0.0
2025-06-19 23:00,25.5,1.9,,26.9,2.7,,26.5,2.8,,24.8,4.2,,25.925,2.9,0.0
2025-06-20 00:00,25.3,2.2,,26.7,2.4,,25.8,3.3,,24.4,6.3,,25.549999999999997,3.55,0.0
2025-06-20 01:00,25.3,2.4,,26.5,2.0,,25.7,3.4,,24.5,4.4,,25.5,3.0500000000000003,0.0
2025-06-20 02:00,25.3,2.9,,26.5,3.3,,25.4,2.6,,24.7,5.2,,25.474999999999998,3.5,0.0
2025-06-20 03:00,25.3,3.0,,26.4,3.4,,25.3,2.8,,24.7,5.0,,25.425,3.55,0.0
2025-06-20 04:00,25.1,2.6,,26.4,2.9,,25.2,2.9,,24.8,4.1,,25.375,3.125,0.0
2025-06-20 05:00,25.1,2.7,,26.3,2.5,,25.3,3.3,,25.0,6.6,,25.425,3.775,0.0
2025-06-20 06:00,25.2,3.0,0.08,26.4,2.3,0.01,25.2,5.2,,25.0,6.7,0.0,25.45,4.3,0.03
2025-06-20 07:00,25.3,3.1,0.19,26.6,2.6,0.13,25.2,3.4,,25.5,7.3,0.14,25.650000000000002,4.1,0.15333333333333335
2025-06-20 08:00,25.8,2.9,0.48,26.4,2.3,0.25,25.3,3.4,,26.1,6.5,0.5,25.9,3.775,0.41
2025-06-20 09:00,26.5,3.8,1.06,26.9,2.3,0.48,26.0,4.1,,25.8,7.8,0.75,26.3,4.5,0.7633333333333333
2025-06-20 10:00,26.8,3.8,0.75,26.2,2.4,0.4,25.3,5.2,,25.6,7.0,0.45,25.975,4.6,0.5333333333333333
2025-06-20 11:00,26.7,4.0,0.86,26.0,2.6,0.41,24.9,5.3,,25.6,8.2,0.73,25.799999999999997,5.0249999999999995,0.6666666666666666
2025-06-20 12:00,26.9,3.8,0.69,25.8,2.3,0.26,25.0,5.1,,26.5,6.8,1.3,26.05,4.5,0.75
2025-06-20 13:00,27.2,4.1,0.81,26.0,2.4,0.54,24.9,4.9,,26.6,7.4,1.3,26.174999999999997,4.7,0.8833333333333334
2025-06-20 14:00,26.4,3.6,0.39,25.5,2.7,0.58,24.4,4.7,,25.8,9.1,0.42,25.525,5.025,0.4633333333333333
2025-06-20 15:00,26.0,4.0,0.47,25.7,2.4,0.54,24.5,4.3,,25.0,5.9,0.36,25.3,4.15,0.4566666666666667
2025-06-20 16:00,25.3,3.4,0.59,25.4,3.0,0.3,24.7,5.3,,24.5,6.0,0.23,24.975,4.425,0.3733333333333333
2025-06-20 17:00,24.9,3.6,0.32,25.5,3.0,0.21,24.4,5.2,,24.7,4.6,0.2,24.875,4.1,0.24333333333333332
2025-06-20 18:00,24.5,4.9,0.32,25.3,4.4,0.14,23.8,6.4,,24.6,5.9,0.19,24.549999999999997,5.4,0.21666666666666667
2025-06-20 19:00,24.2,3.2,0.19,24.3,3.4,0.1,23.5,7.2,,24.0,5.3,0.12,24.0,4.775,0.1366666666666667
2025-06-20 20:00,23.8,3.4,0.08,24.4,3.3,0.01,23.5,4.3,,23.8,5.1,0.02,23.875,4.025,0.03666666666666667
2025-06-20 21:00,23.8,3.1,,23.5,2.9,,23.4,5.1,,23.9,5.1,,23.65,4.05,0.0
2025-06-20 22:00,24.0,3.5,,23.6,2.2,,23.4,4.5,,24.1,5.8,,23.775,4.0,0.0
2025-06-20 23:00,24.3,3.3,,24.2,1.8,,23.6,3.1,,24.2,5.1,,24.075,3.3249999999999997,0.0
2025-06-21 00:00,24.3,2.5,,25.3,4.3,,23.8,4.0,,24.7,5.6,,24.525000000000002,4.1,0.0
2025-06-21 01:00,24.6,4.9,,25.3,2.3,,23.8,4.4,,24.2,5.5,,24.475,4.275,0.0
2025-06-21 02:00,24.8,5.1,,24.3,3.0,,23.9,3.8,,24.8,4.8,,24.45,4.175,0.0
2025-06-21 03:00,24.9,4.8,,24.5,2.5,,24.0,5.9,,24.9,6.8,,24.575000000000003,5.0,0.0
2025-06-21 04:00,24.6,4.0,,24.3,1.9,,23.4,3.6,,25.0,9.5,,24.325000000000003,4.75,0.0
2025-06-21 05:00,24.5,5.3,,24.1,5.4,,21.9,4.7,,24.5,6.9,,23.75,5.574999999999999,0.0
2025-06-21 06:00,23.4,3.6,0.06,22.9,5.3,0.0,20.9,3.0,,24.0,7.1,0.0,22.799999999999997,4.75,0.02
2025-06-21 07:00,23.2,2.6,0.08,22.2,2.9,0.07,20.6,3.7,,23.1,6.1,0.01,22.275,3.8249999999999997,0.053333333333333344
2025-06-21 08:00,23.1,2.3,0.11,21.8,1.8,0.12,20.6,2.0,,23.3,5.0,0.06,22.2,2.775,0.09666666666666666
2025-06-21 09:00,23.2,3.4,0.16,21.6,1.5,0.12,20.9,1.3,,24.1,5.9,0.13,22.449999999999996,3.0250000000000004,0.1366666666666667
2025-06-21 10:00,23.7,3.8,0.28,21.6,1.8,0.15,21.0,0.5,,24.2,8.1,0.21,22.625,3.55,0.21333333333333335
2025-06-21 11:00,23.8,3.7,0.22,21.6,0.5,0.18,21.3,1.1,,23.8,6.0,0.24,22.625,2.825,0.21333333333333335
2025-06-21 12:00,23.8,2.8,0.3,21.2,3.2,0.22,20.9,2.8,,23.1,6.5,0.26,22.25,3.825,0.26
2025-06-21 13:00,23.8,2.0,0.48,20.7,1.9,0.27,20.9,1.9,,22.0,3.6,0.28,21.85,2.35,0.3433333333333333
2025-06-21 14:00,23.0,1.9,0.23,21.0,0.5,0.25,21.0,0.7,,21.3,3.4,0.25,21.575,1.625,0.24333333333333332
2025-06-21 15:00,22.2,0.5,0.26,21.0,1.4,0.26,21.3,0.2,,21.3,3.8,0.42,21.45,1.475,0.3133333333333333
2025-06-21 16:00,21.7,0.6,0.23,21.4,0.7,0.26,21.4,1.8,,21.5,3.1,0.27,21.5,1.5499999999999998,0.25333333333333335
2025-06-21 17:00,21.3,1.7,0.27,21.4,1.6,0.22,21.5,1.2,,21.1,3.8,0.15,21.325000000000003,2.075,0.21333333333333335
2025-06-21 18:00,20.8,1.8,0.18,20.9,1.3,0.18,19.2,2.4,,21.1,3.8,0.18,20.5,2.325,0.18000000000000002
2025-06-21 19:00,20.2,2.6,0.18,18.7,2.6,0.09,18.9,0.9,,21.0,1.5,0.12,19.7,1.9000000000000001,0.13
2025-06-21 20:00,20.4,3.5,0.08,18.3,2.7,0.01,19.0,1.9,,18.7,5.8,0.01,19.1,3.4749999999999996,0.03333333333333333
2025-06-21 21:00,18.7,0.9,,18.3,1.7,,19.1,0.0,,18.5,6.5,,18.65,2.275,0.0
2025-06-21 22:00,18.5,1.2,,18.2,2.3,,19.0,1.5,,18.4,2.7,,18.525,1.925,0.0
2025-06-21 23:00,18.7,0.1,,18.3,2.0,,18.8,0.0,,18.7,1.5,,18.625,0.9,0.0
2025-06-22 00:00,18.8,1.3,,18.4,0.8,,18.6,0.0,,18.9,0.0,,18.675,0.525,0.0
2025-06-22 01:00,19.0,1.3,,18.3,0.5,,18.8,0.6,,19.2,3.9,,18.825,1.575,0.0
2025-06-22 02:00,18.8,0.6,,18.5,0.4,,18.5,0.5,,19.5,4.2,,18.825,1.425,0.0
2025-06-22 03:00,18.7,0.8,,18.6,0.6,,18.5,0.8,,19.2,2.6,,18.75,1.2000000000000002,0.0
2025-06-22 04:00,18.7,0.9,,18.6,0.1,,18.2,0.4,,19.3,2.8,,18.7,1.0499999999999998,0.0
2025-06-22 05:00,18.6,0.7,,18.5,0.2,,18.3,0.4,,19.1,4.3,,18.625,1.4,0.0
2025-06-22 06:00,18.6,0.4,0.1,18.6,0.7,0.02,18.3,0.8,,18.9,2.9,0.02,18.6,1.2,0.04666666666666667
2025-06-22 07:00,18.8,0.7,0.26,19.1,0.0,0.13,19.1,1.5,,19.2,3.6,0.2,19.05,1.4500000000000002,0.19666666666666668
2025-06-22 08:00,19.4,1.5,0.55,21.1,1.4,0.89,20.5,0.7,,19.6,3.3,0.44,20.15,1.7249999999999999,0.6266666666666666
2025-06-22 09:00,21.1,1.0,1.44,21.1,0.9,1.28,22.4,0.9,,20.5,3.4,0.99,21.275,1.5499999999999998,1.2366666666666666
2025-06-22 10:00,23.3,0.7,2.83,22.7,0.9,2.06,22.6,1.2,,22.1,2.8,2.49,22.674999999999997,1.4,2.4600000000000004
2025-06-22 11:00,24.8,0.5,3.07,24.5,1.3,2.94,23.5,1.9,,23.7,3.0,2.95,24.125,1.675,2.986666666666667
2025-06-22 12:00,25.3,1.4,2.95,25.4,1.9,2.83,24.9,2.5,,23.9,2.9,2.83,24.875,2.175,2.8699999999999997
2025-06-22 13:00,25.5,1.1,2.05,26.6,2.5,3.74,25.0,2.7,,23.5,3.6,1.83,25.15,2.475,2.54
2025-06-22 14:00,25.3,0.8,1.78,27.6,2.8,3.46,25.1,3.1,,23.9,3.3,2.05,25.475,2.5,2.43
2025-06-22 15:00,25.9,1.0,1.6,27.8,2.5,3.27,24.7,3.4,,23.3,2.7,1.49,25.425,2.4000000000000004,2.12
2025-06-22 16:00,27.0,0.4,1.65,28.3,2.2,2.75,24.5,3.1,,23.1,2.0,1.35,25.725,1.925,1.9166666666666667
2025-06-22 17:00,26.6,0.8,1.62,28.6,2.2,2.19,24.0,3.7,,23.5,3.0,1.55,25.675,2.425,1.7866666666666668
2025-06-22 18:00,27.0,0.9,1.31,27.2,3.4,1.46,23.9,3.7,,24.4,2.9,1.38,25.625,2.725,1.3833333333333335
2025-06-22 19:00,25.9,1.4,0.73,25.5,3.0,0.67,22.9,3.6,,23.9,2.0,0.86,24.549999999999997,2.5,0.7533333333333333
2025-06-22 20:00,24.1,0.7,0.16,23.5,1.8,0.14,21.4,2.8,,21.7,1.7,0.16,22.675,1.75,0.15333333333333335
2025-06-22 21:00,23.3,0.6,,22.2,2.1,,21.0,2.9,,21.0,1.5,,21.875,1.775,0.0
2025-06-22 22:00,22.4,0.3,,21.1,2.3,,20.5,2.0,,20.7,3.4,,21.175,2.0,0.0
2025-06-22 23:00,21.8,0.3,,20.5,1.5,,19.7,0.2,,20.4,0.8,,20.6,0.7,0.0
2025-06-23 00:00,20.9,0.6,,19.7,1.2,,19.3,1.3,,20.0,2.0,,19.974999999999998,1.275,0.0
2025-06-23 01:00,20.6,0.6,,18.7,1.5,,18.8,1.5,,20.0,0.1,,19.525,0.925,0.0
2025-06-23 02:00,20.1,0.6,,18.0,1.4,,18.8,0.3,,19.6,1.8,,19.125,1.025,0.0
2025-06-23 03:00,19.5,0.7,,17.7,1.6,,18.4,0.5,,19.4,1.5,,18.75,1.075,0.0
2025-06-23 04:00,19.1,0.0,,17.2,1.5,,18.8,0.4,,19.1,1.9,,18.549999999999997,0.95,0.0
2025-06-23 05:00,18.5,0.7,,16.7,2.2,,18.7,0.8,,18.9,2.6,,18.200000000000003,1.5750000000000002,0.0
2025-06-23 06:00,18.4,0.0,0.11,17.0,1.4,0.06,18.4,0.7,,18.8,2.4,0.03,18.15,1.125,0.06666666666666667
2025-06-23 07:00,18.8,0.0,0.6,19.1,0.9,0.53,18.4,1.6,,18.7,1.2,0.33,18.75,0.925,0.48666666666666664
2025-06-23 08:00,21.3,0.4,1.34,21.0,0.4,1.21,19.0,1.2,,20.7,1.8,1.25,20.5,0.95,1.2666666666666666
2025-06-23 09:00,24.1,1.2,2.09,23.1,0.4,1.94,21.4,0.6,,22.0,2.7,1.99,22.65,1.225,2.0066666666666664
2025-06-23 10:00,26.6,1.1,2.74,25.5,0.8,2.59,24.6,2.0,,23.4,2.4,2.64,25.025,1.5750000000000002,2.6566666666666667
2025-06-23 11:00,28.2,1.2,3.26,27.1,2.4,3.1,26.7,2.0,,25.1,2.7,3.14,26.775,2.075,3.1666666666666665
2025-06-23 12:00,29.2,1.3,3.58,28.2,1.6,3.43,27.3,3.4,,26.8,4.0,3.49,27.875,2.575,3.5
2025-06-23 13:00,29.9,1.3,3.7,29.4,1.7,3.56,26.3,2.7,,27.9,3.3,3.66,28.375,2.25,3.64
2025-06-23 14:00,31.2,0.9,3.6,30.3,1.6,3.47,26.5,3.5,,28.3,3.3,3.57,29.075,2.325,3.546666666666667
2025-06-23 15:00,31.8,1.3,3.26,30.8,2.8,3.21,27.5,3.0,,28.6,3.4,3.07,29.674999999999997,2.625,3.1799999999999997
2025-06-23 16:00,31.9,1.4,2.77,31.4,1.9,2.7,26.7,4.4,,28.8,3.7,2.68,29.7,2.85,2.716666666666667
2025-06-23 17:00,31.7,1.5,2.12,32.0,1.9,2.09,26.1,3.3,,27.8,4.1,2.22,29.400000000000002,2.6999999999999997,2.143333333333333
2025-06-23 18:00,31.7,0.3,1.4,31.3,2.4,1.39,26.0,2.7,,27.6,3.3,1.44,29.15,2.175,1.4100000000000001
2025-06-23 19:00,28.5,4.5,0.7,28.4,2.4,0.61,25.0,1.4,,26.4,2.9,0.68,27.075000000000003,2.8000000000000003,0.6633333333333334
2025-06-23 20:00,27.0,2.8,0.12,26.2,2.6,0.06,23.2,1.7,,24.9,1.1,0.13,25.325000000000003,2.0500000000000003,0.10333333333333333
2025-06-23 21:00,25.9,2.7,,25.3,1.3,,22.5,0.7,,23.8,0.8,,24.375,1.375,0.0
2025-06-23 22:00,25.4,1.0,,24.5,1.8,,22.0,0.6,,23.0,0.5,,23.725,0.975,0.0
2025-06-23 23:00,24.9,1.5,,24.0,1.0,,21.9,2.5,,22.0,2.4,,23.2,1.85,0.0
2025-06-24 00:00,24.0,1.3,,23.1,1.5,,21.5,0.4,,22.2,1.1,,22.7,1.075,0.0
2025-06-24 01:00,23.6,0.3,,22.8,0.7,,21.0,0.5,,22.0,2.2,,22.35,0.925,0.0
2025-06-24 02:00,23.5,0.1,,22.7,1.3,,20.8,2.1,,21.9,0.5,,22.225,1.0,0.0
2025-06-24 03:00,22.3,0.8,,22.4,1.6,,20.7,0.0,,22.0,2.7,,21.85,1.2750000000000001,0.0
2025-06-24 04:00,22.3,1.2,,22.1,0.4,,20.7,0.4,,21.9,2.3,,21.75,1.075,0.0
2025-06-24 05:00,21.4,2.2,,21.4,0.4,,21.1,1.0,,21.8,0.9,,21.425,1.125,0.0
2025-06-24 06:00,21.9,1.4,0.12,21.2,1.8,0.03,22.1,2.8,,22.2,1.8,0.04,21.849999999999998,1.95,0.06333333333333334
2025-06-24 07:00,22.2,2.6,0.31,22.2,0.7,0.37,22.6,1.9,,22.4,2.5,0.09,22.35,1.9249999999999998,0.25666666666666665
2025-06-24 08:00,22.5,2.0,0.23,23.5,0.5,0.65,23.0,2.4,,21.8,2.2,0.12,22.7,1.7750000000000001,0.3333333333333333
2025-06-24 09:00,22.0,1.1,0.25,24.4,2.0,0.72,23.7,3.2,,20.1,2.9,0.22,22.549999999999997,2.3000000000000003,0.39666666666666667
2025-06-24 10:00,20.6,1.3,0.4,24.6,1.5,0.62,24.0,1.4,,19.8,1.9,0.36,22.25,1.525,0.45999999999999996
2025-06-24 11:00,19.0,3.0,0.43,24.9,1.0,0.64,24.4,3.2,,19.5,3.0,0.38,21.95,2.55,0.4833333333333334
2025-06-24 12:00,19.5,3.2,0.56,23.4,2.2,0.63,24.9,1.8,,19.9,2.6,0.26,21.924999999999997,2.45,0.48333333333333334
2025-06-24 13:00,20.5,2.1,0.64,20.0,3.4,0.38,25.2,1.5,,20.1,2.4,0.3,21.450000000000003,2.35,0.44
2025-06-24 14:00,21.0,2.1,0.56,19.1,0.8,0.37,21.8,1.3,,20.5,2.1,0.36,20.6,1.5750000000000002,0.43
2025-06-24 15:00,21.7,1.9,0.72,19.7,1.2,0.29,20.7,3.6,,21.0,2.3,0.29,20.775,2.25,0.43333333333333335
2025-06-24 16:00,22.6,0.9,0.58,20.7,1.4,0.55,19.4,2.4,,21.6,0.1,0.26,21.075,1.1999999999999997,0.4633333333333333
2025-06-24 17:00,23.2,0.4,0.47,22.0,0.0,0.75,19.5,3.5,,22.6,4.1,0.21,21.825000000000003,2.0,0.4766666666666666
2025-06-24 18:00,23.3,0.7,0.37,22.2,0.7,0.41,19.7,4.0,,23.0,4.5,0.14,22.05,2.475,0.3066666666666667
2025-06-24 19:00,23.3,0.4,0.12,22.4,2.7,0.25,20.2,2.7,,23.3,4.1,0.21,22.3,2.475,0.19333333333333333
2025-06-24 20:00,22.8,0.8,0.08,22.7,1.6,0.06,20.4,2.8,,23.0,4.3,0.04,22.225,2.375,0.060000000000000005
2025-06-24 21:00,22.9,0.6,,22.6,1.2,,20.5,1.6,,22.7,3.2,,22.175,1.65,0.0
2025-06-24 22:00,23.2,0.9,,22.4,2.1,,20.6,2.7,,22.4,3.9,,22.15,2.4,0.0
2025-06-24 23:00,22.7,2.3,,22.5,1.8,,20.6,2.9,,20.6,7.3,,21.6,3.575,0.0
2025-06-25 00:00,22.7,2.2,,22.1,2.3,,20.7,2.9,,19.9,5.0,,21.35,3.1,0.0
2025-06-25 01:00,22.8,2.1,,22.3,1.3,,20.6,1.5,,19.6,4.9,,21.325000000000003,2.45,0.0
2025-06-25 02:00,22.5,2.4,,22.7,1.5,,20.6,1.6,,19.4,5.4,,21.300000000000004,2.725,0.0
2025-06-25 03:00,21.3,3.3,,22.5,2.5,,20.3,1.1,,19.0,3.6,,20.775,2.625,0.0
2025-06-25 04:00,20.0,2.0,,22.3,2.4,,19.8,1.8,,18.7,3.7,,20.2,2.475,0.0
2025-06-25 05:00,19.3,3.0,,21.4,3.6,,20.2,2.8,,18.8,3.3,,19.925,3.175,0.0
2025-06-25 06:00,19.2,2.3,0.07,20.9,2.9,0.0,19.9,3.7,,19.1,5.1,0.01,19.775,3.4999999999999996,0.02666666666666667
2025-06-25 07:00,19.2,2.2,0.11,20.7,2.1,0.06,20.0,4.0,,19.5,2.1,0.05,19.85,2.6,0.07333333333333332
2025-06-25 08:00,19.6,2.8,0.22,21.2,2.3,0.15,20.1,3.1,,20.2,2.7,0.24,20.275,2.7249999999999996,0.20333333333333334
2025-06-25 09:00,20.6,2.8,0.42,21.8,3.5,0.6,20.7,4.2,,21.8,3.1,1.33,21.225,3.4,0.7833333333333333
2025-06-25 10:00,21.5,3.6,1.4,21.7,2.7,0.29,20.4,4.1,,22.6,3.1,2.5,21.55,3.375,1.3966666666666665
2025-06-25 11:00,24.2,2.9,1.59,20.8,2.9,0.33,20.4,3.0,,21.5,4.0,2.22,21.725,3.2,1.3800000000000001
2025-06-25 12:00,26.1,3.9,2.96,21.0,3.7,0.22,20.4,3.5,,22.4,3.3,2.12,22.475,3.5999999999999996,1.7666666666666668
2025-06-25 13:00,26.8,2.1,3.64,22.8,2.7,0.85,21.3,3.8,,23.5,3.5,2.89,23.6,3.0250000000000004,2.4600000000000004
2025-06-25 14:00,27.8,2.3,3.63,23.9,4.6,1.79,22.4,4.5,,24.2,3.5,3.46,24.575,3.7249999999999996,2.9599999999999995
2025-06-25 15:00,27.3,1.9,3.21,24.9,4.0,2.43,22.4,3.7,,24.0,3.0,3.2,24.65,3.1500000000000004,2.9466666666666668
2025-06-25 16:00,27.5,2.8,2.75,25.9,3.4,2.67,23.0,3.3,,23.9,3.1,2.29,25.075000000000003,3.15,2.57
2025-06-25 17:00,27.0,2.6,2.0,25.6,3.8,1.85,22.8,3.0,,24.8,2.1,2.08,25.05,2.875,1.9766666666666666
2025-06-25 18:00,26.4,2.6,1.19,25.5,3.5,1.33,22.9,3.1,,23.8,2.7,1.38,24.65,2.9749999999999996,1.3
2025-06-25 19:00,25.2,2.4,0.62,24.1,3.2,0.43,22.1,3.0,,22.2,2.6,0.67,23.400000000000002,2.8,0.5733333333333334
2025-06-25 20:00,23.8,1.8,0.14,22.3,2.1,0.04,21.8,2.0,,20.3,4.1,0.11,22.05,2.5,0.09666666666666668
2025-06-25 21:00,22.9,2.1,,22.3,3.0,,21.6,1.8,,20.2,3.2,,21.750000000000004,2.525,0.0
2025-06-25 22:00,21.9,2.5,,22.0,2.2,,21.3,1.5,,20.4,3.2,,21.4,2.35,0.0
2025-06-25 23:00,20.9,3.4,,21.8,2.9,,21.0,1.8,,20.6,2.6,,21.075000000000003,2.675,0.0
2025-06-26 00:00,20.6,2.3,,21.7,3.3,,20.8,1.6,,20.5,2.6,,20.9,2.4499999999999997,0.0
2025-06-26 01:00,20.4,1.8,,22.0,2.5,,20.9,2.2,,20.6,2.6,,20.975,2.275,0.0
2025-06-26 02:00,20.3,2.2,,21.8,3.1,,20.8,2.6,,19.9,2.6,,20.700000000000003,2.625,0.0
2025-06-26 03:00,20.2,1.4,,21.6,3.1,,20.8,2.2,,19.4,2.4,,20.5,2.275,0.0
2025-06-26 04:00,20.0,1.1,,21.7,2.7,,21.0,3.2,,19.3,3.3,,20.5,2.575,0.0
2025-06-26 05:00,19.8,2.1,,21.4,2.8,,20.8,2.7,,19.6,1.8,,20.4,2.35,0.0
2025-06-26 06:00,19.9,0.6,0.08,21.0,2.4,0.03,20.8,2.2,,19.5,0.6,0.02,20.3,1.45,0.043333333333333335
2025-06-26 07:00,20.5,0.2,0.25,21.1,2.4,0.25,21.0,1.3,,20.1,0.0,0.25,20.675,0.9750000000000001,0.25
2025-06-26 08:00,21.1,0.9,0.52,22.6,2.0,0.97,21.4,2.0,,21.0,1.3,0.76,21.525,1.55,0.75
2025-06-26 09:00,22.6,0.9,1.54,23.3,2.0,1.31,22.0,3.4,,22.8,1.8,1.94,22.675,2.025,1.5966666666666667
2025-06-26 10:00,24.1,1.2,2.25,24.4,2.9,1.84,23.4,3.2,,23.4,1.9,2.1,23.825000000000003,2.3,2.063333333333333
2025-06-26 11:00,25.3,0.9,2.98,25.0,2.4,2.09,24.2,2.6,,24.2,2.3,2.99,24.675,2.05,2.686666666666667
2025-06-26 12:00,26.9,1.7,3.42,26.8,2.5,2.6,24.7,3.1,,25.4,2.2,3.36,25.950000000000003,2.375,3.1266666666666665
2025-06-26 13:00,28.1,1.3,3.49,27.5,3.3,3.45,25.0,3.9,,26.1,2.4,3.37,26.674999999999997,2.725,3.436666666666667
2025-06-26 14:00,29.6,1.5,3.34,27.6,3.3,2.88,25.5,4.4,,26.5,2.3,3.43,27.3,2.875,3.216666666666667
2025-06-26 15:00,29.5,2.0,3.09,28.1,2.7,2.22,25.5,3.6,,26.9,2.8,3.1,27.5,2.7750000000000004,2.8033333333333332
2025-06-26 16:00,28.8,1.2,2.2,28.0,2.7,1.71,25.1,3.8,,25.8,2.3,1.56,26.925,2.5,1.8233333333333335
2025-06-26 17:00,28.4,2.1,1.96,27.3,3.3,1.67,24.7,4.1,,24.8,3.4,1.15,26.3,3.225,1.593333333333333
2025-06-26 18:00,27.0,2.2,1.03,26.5,3.2,1.18,24.1,3.6,,24.7,3.4,1.25,25.575,3.1,1.1533333333333333
2025-06-26 19:00,26.2,1.9,0.59,25.5,2.9,0.56,22.8,3.5,,23.9,2.7,0.59,24.6,2.75,0.58
2025-06-26 20:00,25.1,1.8,0.14,24.0,3.0,0.12,21.9,2.4,,23.2,2.1,0.09,23.55,2.3249999999999997,0.11666666666666665
2025-06-26 21:00,24.3,1.3,,23.0,1.9,,21.5,1.9,,22.8,1.6,,22.9,1.6749999999999998,0.0
2025-06-26 22:00,23.7,1.4,,22.5,1.4,,21.2,0.4,,22.5,1.0,,22.475,1.0499999999999998,0.0
2025-06-26 23:00,23.1,0.9,,22.2,1.9,,21.5,0.6,,22.0,1.4,,22.2,1.2,0.0
2025-06-27 00:00,22.7,0.8,,22.0,1.0,,21.5,0.0,,21.7,0.0,,21.975,0.45,0.0
2025-06-27 01:00,22.2,0.8,,22.2,0.3,,21.6,0.1,,21.4,0.7,,21.85,0.47500000000000003,0.0
2025-06-27 02:00,22.2,0.5,,22.3,0.4,,21.6,0.0,,21.1,0.0,,21.799999999999997,0.225,0.0
2025-06-27 03:00,21.8,0.4,,22.0,0.8,,21.7,1.1,,21.0,0.3,,21.625,0.65,0.0
2025-06-27 04:00,21.5,0.5,,22.0,1.4,,21.8,0.9,,20.7,0.2,,21.5,0.75,0.0
2025-06-27 05:00,20.8,0.3,,21.9,1.0,,21.6,0.5,,20.6,1.3,,21.225,0.775,0.0
2025-06-27 06:00,20.9,0.9,0.13,22.2,0.6,0.03,21.7,1.6,,20.8,1.4,0.05,21.4,1.125,0.07
2025-06-27 07:00,21.6,0.1,0.5,23.4,0.2,0.33,22.2,1.7,,21.7,2.6,0.46,22.225,1.15,0.43
2025-06-27 08:00,23.2,0.4,1.18,24.6,1.0,0.98,23.2,1.8,,23.0,1.7,1.06,23.5,1.225,1.0733333333333335
2025-06-27 09:00,24.9,0.3,1.77,25.4,1.7,1.65,23.7,1.6,,24.6,1.4,1.71,24.65,1.25,1.71
2025-06-27 10:00,26.5,0.3,2.25,26.5,0.8,1.82,25.7,0.8,,26.4,2.0,2.51,26.275,0.9750000000000001,2.1933333333333334
2025-06-27 11:00,27.6,0.3,2.64,27.7,1.4,2.67,26.2,2.0,,27.3,2.2,3.0,27.2,1.475,2.77
2025-06-27 12:00,29.2,0.6,3.25,29.2,0.8,3.11,26.6,2.5,,28.6,2.6,3.34,28.4,1.625,3.233333333333333
2025-06-27 13:00,29.6,1.4,3.47,28.9,2.5,2.6,28.1,2.2,,28.7,3.3,3.54,28.825,2.3499999999999996,3.203333333333333
2025-06-27 14:00,31.4,1.4,3.31,30.7,1.4,3.09,28.6,2.8,,29.8,3.3,3.28,30.124999999999996,2.2249999999999996,3.2266666666666666
2025-06-27 15:00,32.3,1.0,2.91,31.8,1.4,3.04,30.2,1.0,,30.2,3.3,3.16,31.125,1.6749999999999998,3.0366666666666666
2025-06-27 16:00,31.6,1.2,2.6,32.5,1.5,2.63,30.6,1.8,,30.4,3.5,2.72,31.275,2.0,2.6500000000000004
2025-06-27 17:00,32.2,1.0,1.95,31.7,1.9,1.66,31.0,2.3,,29.4,3.7,1.43,31.075000000000003,2.2249999999999996,1.68
2025-06-27 18:00,31.5,1.5,1.29,32.3,0.8,1.24,31.3,1.0,,28.7,4.4,1.19,30.95,1.925,1.24
2025-06-27 19:00,30.7,0.5,0.61,31.2,1.0,0.6,29.6,1.3,,28.0,4.6,0.66,29.875,1.8499999999999999,0.6233333333333334
2025-06-27 20:00,28.9,2.1,0.14,29.6,0.9,0.09,26.9,0.7,,26.7,3.8,0.11,28.025000000000002,1.875,0.11333333333333334
2025-06-27 21:00,27.6,1.9,,28.8,0.8,,25.3,1.3,,25.9,3.9,,26.9,1.975,0.0
2025-06-27 22:00,26.8,2.0,,27.3,1.1,,25.0,0.7,,25.5,4.6,,26.15,2.0999999999999996,0.0
2025-06-27 23:00,26.5,1.3,,26.7,0.4,,24.8,1.0,,25.3,3.4,,25.825,1.525,0.0
2025-06-28 00:00,25.9,1.3,,26.2,1.2,,24.3,0.1,,25.1,4.1,,25.375,1.6749999999999998,0.0
2025-06-28 01:00,25.5,1.9,,25.6,0.0,,23.9,0.8,,25.2,2.1,,25.05,1.2000000000000002,0.0
2025-06-28 02:00,25.3,1.1,,25.1,1.2,,23.5,0.9,,25.2,3.0,,24.775000000000002,1.5499999999999998,0.0
2025-06-28 03:00,25.6,0.7,,24.8,1.5,,23.5,0.0,,25.2,2.2,,24.775000000000002,1.1,0.0
2025-06-28 04:00,25.4,1.0,,24.5,0.4,,23.6,0.0,,25.0,3.0,,24.625,1.1,0.0
2025-06-28 05:00,25.3,0.4,,24.5,0.4,,23.7,0.1,,24.9,3.4,,24.6,1.075,0.0
2025-06-28 06:00,25.7,0.7,0.09,24.8,0.1,0.02,24.0,0.0,,25.0,1.2,0.02,24.875,0.5,0.043333333333333335
2025-06-28 07:00,25.8,1.0,0.18,26.0,0.1,0.34,24.7,0.3,,25.3,2.1,0.24,25.45,0.875,0.25333333333333335
2025-06-28 08:00,27.2,1.0,0.71,27.6,1.8,0.89,26.1,2.6,,25.8,2.9,0.49,26.675,2.075,0.6966666666666667
2025-06-28 09:00,27.8,1.2,1.05,29.0,1.1,1.74,27.1,2.3,,26.7,3.7,1.19,27.650000000000002,2.075,1.3266666666666667
2025-06-28 10:00,29.0,1.7,2.43,30.0,1.7,1.95,28.0,2.0,,27.1,4.5,1.46,28.525,2.475,1.9466666666666665
2025-06-28 11:00,30.7,1.3,2.98,31.8,1.4,2.99,28.6,2.1,,28.1,3.0,1.86,29.799999999999997,1.9500000000000002,2.6100000000000003
2025-06-28 12:00,31.6,2.0,3.41,32.5,1.6,2.8,28.1,3.3,,29.3,3.2,3.23,30.374999999999996,2.5250000000000004,3.1466666666666665
2025-06-28 13:00,31.7,2.1,3.35,33.4,0.8,3.15,29.4,3.3,,29.8,2.8,3.02,31.075,2.25,3.1733333333333333
2025-06-28 14:00,32.5,1.9,3.22,33.7,1.4,3.17,29.9,3.2,,29.4,4.5,2.81,31.375,2.75,3.066666666666667
2025-06-28 15:00,33.8,2.1,3.18,33.8,2.4,3.16,29.6,3.9,,29.2,4.4,2.07,31.599999999999998,3.2,2.8033333333333332
2025-06-28 16:00,32.9,2.8,2.74,33.6,3.3,2.75,28.6,4.5,,28.7,4.6,1.59,30.95,3.8,2.36
2025-06-28 17:00,31.5,3.1,2.0,32.2,4.6,2.02,28.1,4.7,,28.2,3.3,1.16,30.000000000000004,3.925,1.7266666666666666
2025-06-28 18:00,30.3,2.7,1.34,30.6,3.6,1.4,26.3,5.1,,28.1,2.8,1.05,28.825000000000003,3.55,1.2633333333333334
2025-06-28 19:00,28.5,3.0,0.64,28.4,3.1,0.47,24.6,3.9,,28.0,2.3,0.75,27.375,3.075,0.62
2025-06-28 20:00,27.4,1.7,0.14,27.4,2.5,0.06,24.5,1.8,,26.7,3.6,0.14,26.5,2.4,0.11333333333333334
2025-06-28 21:00,26.9,1.7,,26.7,2.6,,24.5,0.0,,25.7,2.1,,25.95,1.6,0.0
2025-06-28 22:00,26.4,2.1,,26.4,2.4,,24.6,0.1,,25.2,3.5,,25.650000000000002,2.025,0.0
2025-06-28 23:00,25.9,1.7,,26.2,1.8,,24.8,0.5,,25.1,2.5,,25.5,1.625,0.0
2025-06-29 00:00,25.3,1.6,,26.2,0.5,,24.8,1.0,,25.0,2.6,,25.325,1.425,0.0
2025-06-29 01:00,24.8,2.2,,26.1,0.7,,24.7,0.2,,25.0,2.3,,25.150000000000002,1.35,0.0
2025-06-29 02:00,24.8,1.2,,25.9,0.9,,24.5,0.0,,25.1,3.2,,25.075000000000003,1.3250000000000002,0.0
2025-06-29 03:00,24.9,1.0,,25.8,2.3,,24.8,0.5,,25.0,2.5,,25.125,1.575,0.0
2025-06-29 04:00,25.0,1.7,,24.9,2.7,,24.9,2.0,,24.9,3.1,,24.924999999999997,2.375,0.0
2025-06-29 05:00,25.2,0.9,,24.8,1.5,,24.8,2.1,,24.7,1.3,,24.875,1.45,0.0
2025-06-29 06:00,25.5,1.1,0.09,24.8,1.7,0.03,24.7,3.0,,24.7,2.5,0.01,24.925,2.075,0.043333333333333335
2025-06-29 07:00,25.4,1.5,0.52,26.6,1.0,0.38,25.8,2.9,,25.4,2.7,0.48,25.799999999999997,2.0250000000000004,0.45999999999999996
2025-06-29 08:00,26.4,1.5,1.08,28.5,1.3,1.2,27.0,1.7,,26.4,3.0,1.19,27.075000000000003,1.875,1.1566666666666667
2025-06-29 09:00,28.3,0.9,2.0,29.6,1.6,1.9,28.4,2.5,,27.0,4.1,1.82,28.325000000000003,2.275,1.9066666666666665
2025-06-29 10:00,29.2,1.8,2.7,30.5,1.3,2.53,29.6,1.8,,28.2,3.4,2.64,29.375000000000004,2.075,2.6233333333333335
2025-06-29 11:00,30.3,2.6,3.11,31.4,0.7,2.57,29.5,3.5,,28.8,3.5,2.43,30.0,2.575,2.703333333333333
2025-06-29 12:00,31.4,2.1,3.15,32.3,1.9,3.01,29.1,4.1,,29.1,4.3,2.55,30.475,3.0999999999999996,2.9033333333333338
2025-06-29 13:00,32.3,2.4,3.6,33.2,2.2,3.64,28.6,5.2,,29.7,4.3,3.47,30.95,3.5250000000000004,3.5700000000000003
2025-06-29 14:00,33.0,2.2,3.58,33.3,3.0,3.38,28.8,3.9,,29.7,3.6,3.29,31.2,3.175,3.4166666666666665
2025-06-29 15:00,32.8,2.6,3.21,32.4,3.8,2.78,29.6,4.4,,29.9,3.4,2.08,31.174999999999997,3.5500000000000003,2.69
2025-06-29 16:00,32.0,3.0,2.78,32.2,3.3,2.43,29.9,4.6,,30.2,3.2,1.91,31.075,3.5249999999999995,2.3733333333333335
2025-06-29 17:00,31.6,2.7,2.15,31.8,3.5,2.33,29.7,3.7,,30.1,3.3,1.79,30.800000000000004,3.3,2.0900000000000003
2025-06-29 18:00,30.7,2.1,1.43,30.8,3.1,1.66,29.6,3.3,,29.6,4.2,1.46,30.174999999999997,3.175,1.5166666666666666
2025-06-29 19:00,30.0,2.2,0.72,29.6,2.1,0.64,29.9,1.1,,28.9,3.4,0.75,29.6,2.2,0.7033333333333333
2025-06-29 20:00,28.7,1.8,0.16,28.7,2.1,0.09,28.2,1.5,,27.9,3.7,0.14,28.375,2.2750000000000004,0.13
2025-06-29 21:00,27.8,2.3,,28.3,1.7,,26.9,0.5,,27.0,3.5,,27.5,2.0,0.0
2025-06-29 22:00,27.1,1.9,,28.3,1.0,,26.4,2.0,,26.7,2.9,,27.125000000000004,1.9500000000000002,0.0
2025-06-29 23:00,26.6,1.9,,27.8,0.4,,26.0,1.5,,26.6,2.3,,26.75,1.525,0.0
2025-06-30 00:00,26.2,0.6,,27.1,0.1,,25.4,0.1,,26.4,2.2,,26.275,0.75,0.0
2025-06-30 01:00,26.1,0.1,,26.4,0.7,,24.9,0.0,,25.8,1.5,,25.8,0.575,0.0
2025-06-30 02:00,26.1,0.5,,26.2,1.2,,24.3,0.0,,25.4,0.3,,25.5,0.5,0.0
2025-06-30 03:00,25.4,0.6,,25.7,0.9,,24.3,0.3,,25.1,2.5,,25.125,1.075,0.0
2025-06-30 04:00,25.8,0.6,,25.3,1.2,,24.0,0.2,,25.1,1.3,,25.049999999999997,0.825,0.0
2025-06-30 05:00,25.2,0.2,,25.1,0.3,,24.0,0.7,,24.9,2.7,,24.799999999999997,0.9750000000000001,0.0
2025-06-30 06:00,24.6,0.1,0.1,25.2,0.6,0.05,24.1,0.6,,24.9,1.5,0.03,24.700000000000003,0.7,0.060000000000000005
2025-06-30 07:00,25.6,0.5,0.6,27.3,0.3,0.51,25.9,2.3,,25.9,1.9,0.44,26.175000000000004,1.25,0.5166666666666666
2025-06-30 08:00,27.8,0.6,1.3,28.7,0.3,1.16,28.4,1.3,,27.1,1.4,0.92,28.0,0.9,1.1266666666666667
2025-06-30 09:00,28.8,1.5,1.94,30.3,1.2,1.83,28.7,3.3,,28.2,3.0,1.82,29.0,2.25,1.8633333333333333
2025-06-30 10:00,30.3,2.3,2.77,29.6,1.2,1.64,29.9,2.4,,29.3,3.9,2.5,29.775000000000002,2.45,2.3033333333333332
2025-06-30 11:00,30.3,1.7,2.07,30.4,1.9,1.05,30.6,3.0,,30.0,3.6,2.96,30.325000000000003,2.55,2.026666666666667
2025-06-30 12:00,31.8,2.1,2.58,32.8,2.6,3.06,32.1,3.1,,30.8,3.3,3.61,31.874999999999996,2.7750000000000004,3.0833333333333335
2025-06-30 13:00,32.7,1.7,3.52,32.9,2.6,3.55,30.6,2.7,,30.9,2.9,2.9,31.775,2.475,3.3233333333333337
2025-06-30 14:00,33.5,2.4,3.22,33.0,3.0,2.33,31.4,2.3,,31.3,4.3,3.5,32.300000000000004,3.0,3.016666666666667
2025-06-30 15:00,33.5,2.6,2.72,33.9,3.0,2.21,30.8,4.2,,30.8,3.3,2.55,32.25,3.2750000000000004,2.493333333333333
2025-06-30 16:00,33.2,2.6,2.94,32.9,2.9,2.12,31.3,3.1,,31.2,3.2,2.46,32.15,2.95,2.506666666666667
2025-06-30 17:00,32.9,2.7,2.19,32.5,4.6,1.24,30.3,4.3,,31.1,4.6,2.13,31.700000000000003,4.05,1.8533333333333333
2025-06-30 18:00,32.2,2.5,1.5,32.0,2.7,1.47,29.8,3.0,,30.4,4.4,1.34,31.1,3.15,1.4366666666666665
2025-06-30 19:00,30.7,2.2,0.7,30.8,3.0,0.82,29.5,3.0,,29.7,4.2,0.71,30.175,3.0999999999999996,0.7433333333333333
2025-06-30 20:00,29.4,1.8,0.16,29.0,2.0,0.14,28.1,2.3,,28.6,3.8,0.14,28.775,2.4749999999999996,0.1466666666666667
2025-06-30 21:00,28.6,1.3,,28.3,1.2,,26.9,0.5,,28.1,4.1,,27.975,1.775,0.0
2025-06-30 22:00,28.3,2.2,,27.9,1.0,,26.2,0.5,,27.7,2.4,,27.525000000000002,1.525,0.0
2025-06-30 23:00,27.1,0.9,,27.8,1.6,,26.0,0.2,,27.0,2.3,,26.975,1.25,0.0
2025-07-01 01:00,26.7,2.6,,26.9,0.8,,25.1,1.6,,26.2,2.7,,26.224999999999998,1.925,0.0
2025-07-01 02:00,26.0,1.7,,26.3,1.4,,24.9,0.0,,26.0,1.7,,25.799999999999997,1.2,0.0
2025-07-01 03:00,26.0,2.2,,26.2,1.5,,24.6,0.6,,26.0,1.9,,25.700000000000003,1.5499999999999998,0.0
2025-07-01 04:00,26.0,1.9,,25.9,2.0,,24.4,0.1,,25.9,1.0,,25.549999999999997,1.25,0.0
2025-07-01 05:00,25.8,1.6,,25.6,1.5,,24.3,0.0,,26.0,1.9,,25.425,1.25,0.0
2025-07-01 06:00,26.4,2.1,0.09,25.9,1.3,0.04,24.9,1.7,,26.1,2.4,0.02,25.824999999999996,1.875,0.049999999999999996
2025-07-01 07:00,26.6,1.1,0.18,27.0,1.4,0.31,25.9,2.0,,26.4,5.1,0.21,26.475,2.4,0.2333333333333333
2025-07-01 08:00,27.2,0.8,0.29,27.9,1.7,0.52,26.7,2.8,,27.5,5.1,0.82,27.325,2.5999999999999996,0.5433333333333333
2025-07-01 09:00,28.4,0.6,1.19,29.7,1.6,1.19,27.8,2.6,,28.6,4.7,1.44,28.625,2.375,1.2733333333333332
2025-07-01 10:00,28.8,1.3,1.1,30.0,1.9,1.42,28.7,2.9,,29.3,4.7,1.72,29.2,2.7,1.4133333333333333
2025-07-01 11:00,29.1,1.0,0.88,30.6,1.7,1.23,30.1,2.4,,29.7,4.0,1.75,29.875000000000004,2.275,1.2866666666666666
2025-07-01 12:00,29.9,0.9,1.01,31.2,2.0,1.57,30.5,2.4,,30.6,3.6,2.37,30.549999999999997,2.225,1.6500000000000001
2025-07-01 13:00,32.6,1.3,2.14,31.6,2.1,2.09,30.7,4.1,,30.6,2.9,2.43,31.375,2.6,2.22
2025-07-01 14:00,31.8,2.6,2.7,32.7,3.0,2.54,31.7,4.1,,31.2,2.8,2.34,31.85,3.125,2.526666666666667
2025-07-01 15:00,33.3,2.5,2.67,33.3,1.7,2.15,32.5,3.4,,31.4,2.7,2.16,32.625,2.575,2.3266666666666667
2025-07-01 16:00,32.9,2.7,2.13,32.8,3.6,1.64,32.2,4.3,,31.4,3.4,2.26,32.324999999999996,3.5000000000000004,2.01
2025-07-01 17:00,31.8,2.5,1.42,33.2,2.2,1.45,32.0,4.3,,31.8,2.3,2.2,32.2,2.825,1.6900000000000002
2025-07-01 18:00,31.4,1.9,0.46,33.6,3.6,1.31,31.5,2.2,,31.6,2.3,1.59,32.025,2.5,1.12
2025-07-01 19:00,30.4,2.2,0.4,32.1,3.4,0.79,30.7,2.2,,30.1,2.2,0.73,30.825000000000003,2.5,0.64
2025-07-01 20:00,29.4,2.4,0.13,29.8,2.6,0.13,28.8,1.9,,29.1,3.7,0.13,29.275,2.6500000000000004,0.13
2025-07-01 21:00,28.8,1.2,,28.5,2.0,,27.6,0.1,,27.8,2.9,,28.175,1.55,0.0
2025-07-01 22:00,28.1,1.6,,27.6,1.5,,26.9,1.1,,27.2,2.2,,27.45,1.6,0.0
2025-07-01 23:00,27.6,1.6,,27.6,0.9,,26.6,1.2,,26.8,2.0,,27.150000000000002,1.425,0.0
2025-07-02 00:00,27.1,1.7,,27.5,1.1,,26.2,0.0,,26.5,1.8,,26.825,1.15,0.0
2025-07-02 01:00,26.8,0.7,,27.2,0.1,,25.7,1.0,,26.3,1.6,,26.5,0.85,0.0
2025-07-02 02:00,26.7,0.7,,26.6,1.0,,25.6,0.9,,26.2,2.4,,26.275000000000002,1.25,0.0
2025-07-02 03:00,26.4,0.3,,26.3,1.2,,25.1,0.4,,26.1,1.9,,25.975,0.95,0.0
2025-07-02 04:00,25.8,0.1,,25.9,1.6,,24.8,1.5,,26.0,1.3,,25.625,1.125,0.0
2025-07-02 05:00,25.5,0.2,,25.4,1.5,,24.9,1.1,,25.8,2.5,,25.4,1.325,0.0
2025-07-02 06:00,25.4,0.0,0.1,25.8,1.2,0.05,24.9,0.0,,25.7,1.5,0.03,25.45,0.675,0.060000000000000005
2025-07-02 07:00,26.3,0.8,0.4,28.4,0.9,0.52,26.9,0.6,,26.0,3.4,0.3,26.9,1.425,0.4066666666666667
2025-07-02 08:00,27.2,0.2,0.83,29.7,1.3,1.15,28.7,1.8,,27.2,3.2,0.85,28.2,1.625,0.9433333333333334
2025-07-02 09:00,28.7,0.9,1.7,30.9,1.6,1.76,30.0,1.8,,28.6,2.8,1.63,29.549999999999997,1.775,1.6966666666666665
2025-07-02 10:00,30.9,1.3,2.72,31.5,1.9,2.17,30.0,1.7,,29.7,3.0,2.11,30.525000000000002,1.975,2.3333333333333335
2025-07-02 11:00,31.3,2.1,3.01,32.2,2.5,2.9,31.3,2.6,,30.4,2.6,2.73,31.299999999999997,2.4499999999999997,2.8800000000000003
2025-07-02 12:00,32.3,2.5,3.25,33.0,3.7,3.27,31.3,3.0,,30.1,3.0,2.5,31.674999999999997,3.05,3.0066666666666664
2025-07-02 13:00,33.3,2.5,3.59,32.8,3.5,3.19,30.9,5.4,,30.4,3.7,3.34,31.85,3.7750000000000004,3.373333333333333
2025-07-02 14:00,34.2,2.6,3.54,32.6,2.6,2.64,30.8,4.4,,31.1,2.9,3.48,32.175000000000004,3.1250000000000004,3.22
2025-07-02 15:00,34.2,1.5,3.2,33.8,3.1,3.1,30.9,4.4,,31.0,3.9,3.17,32.475,3.225,3.1566666666666667
2025-07-02 16:00,32.7,2.1,1.92,33.2,2.5,2.47,31.7,3.3,,30.8,4.7,2.74,32.1,3.15,2.376666666666667
2025-07-02 17:00,32.7,1.1,0.92,32.9,3.4,2.14,31.4,3.4,,30.7,3.5,2.14,31.925,2.85,1.7333333333333334
2025-07-02 18:00,32.3,1.1,0.78,31.3,3.1,1.23,30.4,3.7,,29.8,3.3,1.4,30.95,2.8,1.1366666666666665
2025-07-02 19:00,31.3,1.7,0.53,30.3,2.7,0.38,28.9,2.7,,28.2,3.7,0.61,29.675,2.7,0.5066666666666667
2025-07-02 20:00,30.3,2.2,0.15,29.2,1.6,0.13,27.5,2.3,,27.0,2.9,0.14,28.5,2.25,0.14
2025-07-02 21:00,29.1,1.9,,28.6,1.6,,26.8,1.9,,26.8,0.8,,27.825,1.55,0.0
2025-07-02 22:00,28.5,1.5,,27.9,1.5,,26.3,2.5,,26.7,3.8,,27.35,2.325,0.0
2025-07-02 23:00,28.1,1.5,,27.4,2.0,,26.1,1.8,,26.6,1.7,,27.049999999999997,1.75,0.0
2025-07-03 00:00,27.5,1.5,,27.0,1.5,,26.1,2.5,,26.3,1.3,,26.724999999999998,1.7,0.0
2025-07-03 01:00,26.9,1.5,,26.9,1.2,,25.8,0.0,,25.7,0.1,,26.325,0.7000000000000001,0.0
2025-07-03 02:00,26.3,1.5,,26.7,0.8,,25.5,0.0,,24.9,1.2,,25.85,0.875,0.0
2025-07-03 03:00,25.9,1.5,,26.4,1.2,,25.2,0.5,,25.0,1.4,,25.625,1.15,0.0
2025-07-03 04:00,25.7,1.6,,26.3,0.9,,25.2,0.0,,25.3,2.1,,25.625,1.15,0.0
2025-07-03 05:00,25.6,0.8,,26.1,0.3,,25.0,2.5,,25.2,1.6,,25.475,1.3,0.0
2025-07-03 06:00,25.7,0.9,0.11,25.7,1.4,0.03,24.8,1.4,,25.2,2.1,0.03,25.35,1.45,0.05666666666666667
2025-07-03 07:00,26.1,0.7,0.37,26.1,2.2,0.22,26.0,1.4,,25.6,3.4,0.27,25.950000000000003,1.9250000000000003,0.2866666666666667
2025-07-03 08:00,27.4,1.5,1.13,27.5,1.8,0.86,26.7,1.4,,26.9,2.9,1.09,27.125,1.9,1.0266666666666666
2025-07-03 09:00,28.2,1.6,1.85,28.8,2.5,1.44,27.8,2.3,,28.0,3.1,1.74,28.2,2.375,1.6766666666666667
2025-07-03 10:00,29.1,2.1,2.46,29.7,2.7,2.02,28.8,2.6,,28.7,2.9,2.51,29.075,2.575,2.33
2025-07-03 11:00,30.6,1.9,2.97,30.8,1.1,2.76,29.5,2.8,,29.2,2.6,2.96,30.025000000000002,2.1,2.896666666666667
2025-07-03 12:00,31.7,2.2,3.5,31.6,2.9,2.84,29.6,3.6,,29.9,3.1,3.43,30.700000000000003,2.9499999999999997,3.2566666666666664
2025-07-03 13:00,32.5,1.0,3.56,31.8,3.2,3.17,30.0,3.8,,30.0,3.6,3.55,31.075,2.9,3.426666666666667
2025-07-03 14:00,33.1,2.2,3.39,33.0,2.5,3.24,31.1,4.2,,30.5,3.2,3.46,31.924999999999997,3.0250000000000004,3.3633333333333333
2025-07-03 15:00,34.3,1.9,2.91,33.5,3.8,3.22,31.0,4.3,,30.6,3.6,3.2,32.35,3.4,3.1100000000000008
2025-07-03 16:00,33.7,2.0,2.62,33.5,2.9,2.53,31.1,3.8,,30.6,4.0,2.72,32.225,3.175,2.6233333333333335
2025-07-03 17:00,33.2,2.3,2.08,33.9,2.9,2.0,30.7,3.9,,30.2,3.7,2.08,32.0,3.2,2.0533333333333332
2025-07-03 18:00,32.2,2.2,1.35,32.1,3.9,1.47,28.8,4.6,,30.0,4.1,1.39,30.775000000000002,3.6999999999999997,1.4033333333333333
2025-07-03 19:00,30.2,2.5,0.31,30.2,3.3,0.71,28.1,4.2,,28.5,2.3,0.58,29.25,3.075,0.5333333333333333
2025-07-03 20:00,28.9,3.3,0.13,28.1,2.3,0.14,26.6,3.0,,27.1,3.2,0.12,27.674999999999997,2.95,0.13
2025-07-03 21:00,27.3,3.1,,27.5,2.3,,26.1,2.0,,26.8,2.9,,26.925,2.575,0.0
2025-07-03 22:00,26.4,2.0,,27.1,3.1,,26.0,1.0,,26.4,2.4,,26.475,2.125,0.0
2025-07-03 23:00,26.0,2.0,,26.5,1.5,,25.8,2.0,,26.1,3.0,,26.1,2.125,0.0
2025-07-04 00:00,25.5,2.5,,26.2,1.7,,25.5,2.3,,25.9,4.4,,25.775,2.725,0.0
2025-07-04 01:00,25.2,2.9,,25.7,1.6,,25.0,1.8,,25.7,3.0,,25.400000000000002,2.325,0.0
2025-07-04 02:00,25.1,2.4,,25.3,2.1,,24.4,2.5,,25.3,2.1,,25.025000000000002,2.275,0.0
2025-07-04 03:00,24.9,2.2,,25.2,1.4,,24.1,1.5,,25.2,2.9,,24.849999999999998,2.0,0.0
2025-07-04 04:00,25.0,1.0,,24.8,1.4,,24.0,2.0,,25.1,3.1,,24.725,1.875,0.0
2025-07-04 05:00,24.7,0.6,,24.1,1.7,,23.6,2.3,,25.0,1.7,,24.35,1.575,0.0
2025-07-04 06:00,25.1,0.8,0.08,24.0,1.4,0.05,23.5,1.9,,24.9,1.2,0.03,24.375,1.325,0.05333333333333334
2025-07-04 07:00,26.0,0.9,0.5,25.5,0.6,0.38,24.6,1.6,,25.8,2.5,0.45,25.474999999999998,1.4,0.44333333333333336
2025-07-04 08:00,26.8,1.4,0.94,27.8,0.7,1.19,26.4,2.6,,26.8,3.2,0.97,26.95,1.9749999999999999,1.0333333333333332
2025-07-04 09:00,27.7,2.1,1.35,28.5,1.5,1.83,27.8,1.5,,28.0,3.5,1.64,28.0,2.15,1.6066666666666667
2025-07-04 10:00,29.1,2.3,2.29,29.4,2.6,2.15,28.6,3.6,,28.1,5.5,2.44,28.799999999999997,3.5,2.293333333333333
2025-07-04 11:00,30.6,2.4,2.78,30.1,2.6,2.48,28.8,3.7,,29.3,3.8,3.16,29.7,3.125,2.8066666666666666
2025-07-04 12:00,31.0,2.0,2.52,31.4,2.7,3.1,29.6,3.9,,30.2,4.8,2.93,30.55,3.3499999999999996,2.85
2025-07-04 13:00,31.6,2.3,3.38,31.0,3.7,2.94,28.9,3.7,,30.4,4.3,3.72,30.475,3.5,3.346666666666667
2025-07-04 14:00,31.7,1.5,2.35,32.2,3.5,2.41,29.4,2.3,,29.8,4.1,3.18,30.775000000000002,2.8499999999999996,2.6466666666666665
2025-07-04 15:00,32.3,2.8,2.6,30.8,2.4,2.0,29.3,3.3,,29.6,5.7,2.6,30.5,3.55,2.4
2025-07-04 16:00,31.1,2.7,1.86,32.0,1.7,1.38,29.6,2.7,,29.3,6.5,2.34,30.5,3.4000000000000004,1.86
2025-07-04 17:00,29.8,2.0,1.03,30.6,2.4,1.45,30.1,4.2,,28.5,3.4,0.94,29.75,3.0000000000000004,1.14
2025-07-04 18:00,29.4,2.1,0.72,30.9,4.4,1.29,30.0,3.6,,28.0,3.4,0.89,29.575,3.375,0.9666666666666667
2025-07-04 19:00,28.7,2.1,0.62,30.1,3.0,0.71,28.7,4.0,,27.9,3.8,0.75,28.85,3.2249999999999996,0.6933333333333334
2025-07-04 20:00,27.4,2.0,0.19,28.6,2.8,0.11,27.6,2.8,,27.2,3.5,0.19,27.7,2.775,0.16333333333333333
2025-07-04 21:00,26.9,3.1,,27.7,2.7,,27.0,2.3,,26.9,3.3,,27.125,2.8500000000000005,0.0
2025-07-04 22:00,26.6,1.6,,27.2,2.4,,26.3,0.9,,26.5,3.8,,26.65,2.175,0.0
2025-07-04 23:00,26.1,1.5,,26.8,0.8,,25.6,2.0,,26.2,2.8,,26.175,1.775,0.0
2025-07-05 00:00,26.0,2.2,,26.4,0.4,,24.8,2.1,,26.2,3.2,,25.85,1.975,0.0
2025-07-05 01:00,26.1,1.9,,25.7,0.9,,24.8,2.0,,26.1,1.8,,25.674999999999997,1.65,0.0
2025-07-05 02:00,25.6,1.7,,25.9,0.7,,24.8,1.8,,26.0,2.4,,25.575,1.65,0.0
2025-07-05 03:00,25.6,0.8,,25.6,0.8,,24.7,2.0,,26.0,2.2,,25.475,1.4500000000000002,0.0
2025-07-05 04:00,25.0,0.8,,25.4,1.6,,24.4,1.7,,26.0,2.4,,25.2,1.625,0.0
2025-07-05 05:00,25.2,1.0,,25.3,0.3,,24.4,2.2,,26.0,2.8,,25.225,1.575,0.0
2025-07-05 06:00,25.1,0.7,0.1,25.5,1.2,0.03,24.6,2.1,,26.0,1.8,0.02,25.3,1.45,0.049999999999999996
2025-07-05 07:00,26.0,0.9,0.3,26.5,1.7,0.24,25.4,2.6,,26.3,1.7,0.23,26.05,1.725,0.25666666666666665
2025-07-05 08:00,27.0,1.7,0.93,27.6,1.2,0.63,27.0,2.4,,27.2,4.0,0.96,27.2,2.325,0.84
2025-07-05 09:00,28.1,1.8,1.43,28.4,0.8,0.98,27.8,3.0,,27.7,4.3,0.96,28.0,2.4749999999999996,1.1233333333333333
2025-07-05 10:00,28.6,2.1,2.17,29.2,1.1,1.49,28.5,2.9,,28.9,6.0,2.18,28.799999999999997,3.025,1.9466666666666665
2025-07-05 11:00,30.3,1.7,2.53,30.4,1.9,2.49,29.6,2.1,,29.6,4.6,3.18,29.975,2.5749999999999997,2.733333333333333
2025-07-05 12:00,30.8,2.5,3.21,31.0,2.5,2.29,30.2,2.9,,29.9,3.9,3.54,30.475,2.95,3.013333333333333
2025-07-05 13:00,31.7,1.6,2.67,32.0,2.5,3.01,30.2,2.7,,30.4,3.6,3.63,31.075000000000003,2.6,3.103333333333333
2025-07-05 14:00,33.0,1.8,3.39,32.9,3.6,2.99,30.8,4.2,,30.7,3.6,3.53,31.85,3.3000000000000003,3.3033333333333332
2025-07-05 15:00,33.4,2.3,2.87,33.1,2.2,3.12,30.3,5.7,,30.4,4.6,3.26,31.799999999999997,3.6999999999999997,3.0833333333333335
2025-07-05 16:00,32.8,2.6,2.59,31.8,4.4,2.04,30.1,4.5,,30.8,4.3,2.77,31.374999999999996,3.95,2.466666666666667
2025-07-05 17:00,31.3,2.5,1.38,31.5,3.4,1.91,30.0,4.2,,30.4,4.3,2.13,30.799999999999997,3.6000000000000005,1.8066666666666666
2025-07-05 18:00,30.5,2.0,0.6,31.0,3.0,1.28,29.7,2.8,,29.4,4.1,1.25,30.15,2.9749999999999996,1.0433333333333332
2025-07-05 19:00,29.9,2.0,0.44,29.7,2.2,0.55,28.8,1.7,,28.5,2.5,0.63,29.224999999999998,2.1,0.54
2025-07-05 20:00,28.6,2.2,0.13,28.4,2.2,0.1,27.6,3.0,,27.3,4.1,0.09,27.974999999999998,2.875,0.10666666666666667
2025-07-05 21:00,27.6,2.1,,27.5,1.8,,27.0,2.4,,27.5,4.5,,27.4,2.7,0.0
2025-07-05 22:00,26.9,2.1,,27.0,2.7,,27.0,2.7,,27.7,3.1,,27.150000000000002,2.6500000000000004,0.0
2025-07-05 23:00,26.9,2.1,,26.4,0.4,,27.1,1.9,,27.6,3.9,,27.0,2.075,0.0
2025-07-06 00:00,26.9,1.7,,26.6,2.4,,27.1,1.9,,27.4,4.3,,27.0,2.575,0.0
2025-07-06 01:00,26.8,1.1,,26.5,2.1,,26.0,2.1,,27.1,3.5,,26.6,2.2,0.0
2025-07-06 02:00,27.1,1.5,,26.7,1.9,,25.7,1.8,,27.1,4.3,,26.65,2.375,0.0
2025-07-06 03:00,26.7,1.7,,26.1,1.1,,25.6,1.6,,27.0,4.0,,26.35,2.1,0.0
2025-07-06 04:00,26.5,1.3,,26.0,0.1,,25.5,1.8,,27.0,4.3,,26.25,1.875,0.0
2025-07-06 05:00,26.5,1.7,,26.2,0.9,,25.5,1.7,,26.7,4.8,,26.225,2.275,0.0
2025-07-06 06:00,26.4,1.7,0.07,25.9,1.6,0.03,25.7,2.1,,26.6,3.4,0.01,26.15,2.2,0.03666666666666667
2025-07-06 07:00,26.7,1.2,0.18,27.1,1.1,0.35,26.6,1.9,,26.8,2.5,0.16,26.8,1.6749999999999998,0.23
2025-07-06 08:00,27.3,1.4,0.47,28.3,1.5,0.82,27.5,2.5,,27.3,1.6,0.41,27.599999999999998,1.75,0.5666666666666667
2025-07-06 09:00,28.5,0.6,1.03,28.6,3.0,0.89,28.1,2.2,,27.6,2.5,0.72,28.200000000000003,2.075,0.8799999999999999
2025-07-06 10:00,29.5,1.6,1.56,30.2,3.1,2.3,29.0,2.0,,28.4,2.9,1.8,29.275,2.4,1.8866666666666667
2025-07-06 11:00,30.1,2.2,2.55,30.7,3.3,2.35,29.8,1.9,,29.2,4.4,2.52,29.95,2.95,2.473333333333333
2025-07-06 12:00,31.5,2.3,2.72,32.0,2.8,2.58,30.2,3.0,,30.2,4.0,3.42,30.975,3.025,2.9066666666666667
2025-07-06 13:00,32.0,1.8,3.5,32.3,1.7,2.65,30.2,3.8,,30.5,4.1,3.69,31.25,2.8499999999999996,3.28
2025-07-06 14:00,33.6,2.1,3.7,33.2,2.8,2.53,30.3,3.7,,30.3,4.0,3.43,31.85,3.1500000000000004,3.22
2025-07-06 15:00,33.7,1.9,3.09,33.5,3.0,3.03,29.9,4.6,,30.6,3.1,3.3,31.924999999999997,3.15,3.1399999999999992
2025-07-06 16:00,33.5,2.4,2.81,33.6,2.3,2.66,30.2,3.9,,30.7,3.1,2.83,32.0,2.925,2.766666666666667
2025-07-06 17:00,33.0,2.5,2.16,32.1,2.5,1.3,30.0,3.8,,30.0,3.6,2.19,31.275,3.1,1.8833333333333335
2025-07-06 18:00,32.4,2.2,1.48,30.9,2.5,0.84,28.8,3.6,,29.5,4.1,1.45,30.4,3.1,1.2566666666666666
2025-07-06 19:00,31.0,1.6,0.72,29.7,2.9,0.41,27.8,3.4,,28.6,4.7,0.68,29.275,3.1500000000000004,0.6033333333333334
2025-07-06 20:00,29.5,2.4,0.18,28.6,2.8,0.09,27.0,2.2,,27.7,3.3,0.13,28.2,2.675,0.13333333333333333
2025-07-06 21:00,28.5,2.5,,27.5,1.3,,26.9,0.8,,27.4,2.8,,27.575000000000003,1.8499999999999999,0.0
2025-07-06 22:00,27.7,2.3,,27.1,1.5,,26.8,0.8,,27.2,1.2,,27.2,1.45,0.0
2025-07-06 23:00,27.1,1.1,,27.2,2.5,,26.8,1.9,,26.7,1.2,,26.95,1.675,0.0
2025-07-07 00:00,26.2,0.3,,27.1,0.7,,26.6,1.1,,26.3,0.5,,26.55,0.65,0.0
2025-07-07 01:00,26.6,1.5,,26.8,1.1,,26.4,0.4,,26.5,2.1,,26.575000000000003,1.275,0.0
2025-07-07 02:00,26.4,1.4,,26.7,0.8,,26.1,0.3,,26.1,1.0,,26.324999999999996,0.875,0.0
2025-07-07 03:00,26.4,1.1,,26.6,2.0,,26.2,0.9,,25.6,0.7,,26.200000000000003,1.175,0.0
2025-07-07 04:00,25.5,0.3,,26.4,3.0,,26.2,1.3,,25.5,0.3,,25.9,1.2249999999999999,0.0
2025-07-07 05:00,25.3,0.0,,26.3,0.7,,25.8,0.0,,25.2,0.0,,25.650000000000002,0.175,0.0
2025-07-07 06:00,26.0,0.2,0.09,26.4,0.3,0.02,25.2,0.8,,25.2,0.2,0.02,25.7,0.375,0.043333333333333335
2025-07-07 07:00,26.3,0.3,0.36,26.7,2.4,0.19,26.6,0.0,,25.4,0.3,0.25,26.25,0.7499999999999999,0.26666666666666666
2025-07-07 08:00,27.5,1.0,0.84,27.2,0.8,0.32,27.5,1.4,,26.8,1.9,0.62,27.25,1.275,0.5933333333333333
2025-07-07 09:00,28.5,1.9,2.01,27.5,0.6,0.33,27.8,1.3,,27.5,2.7,1.53,27.825,1.625,1.29
2025-07-07 10:00,29.7,1.5,2.6,28.9,1.6,0.86,29.2,0.6,,28.9,2.4,2.43,29.174999999999997,1.525,1.9633333333333336
2025-07-07 11:00,31.2,2.2,3.1,31.2,2.1,2.77,30.6,1.1,,29.7,3.2,3.07,30.675,2.1500000000000004,2.98
2025-07-07 12:00,32.2,2.3,3.41,32.8,1.4,3.04,30.6,2.8,,30.1,3.7,3.41,31.424999999999997,2.55,3.2866666666666666
2025-07-07 13:00,33.0,1.3,3.56,34.2,2.5,3.44,31.6,3.0,,30.8,3.7,3.55,32.400000000000006,2.625,3.516666666666667
2025-07-07 14:00,34.5,1.4,3.34,34.2,2.4,2.87,31.2,4.1,,31.1,3.8,3.44,32.75,2.925,3.216666666666667
2025-07-07 15:00,33.9,1.9,1.91,33.2,3.1,1.75,30.7,4.5,,31.4,4.4,3.2,32.3,3.475,2.2866666666666666
2025-07-07 16:00,34.3,1.5,2.16,34.4,2.8,1.89,30.1,4.6,,31.5,4.6,2.71,32.574999999999996,3.3749999999999996,2.2533333333333334
2025-07-07 17:00,34.8,1.6,1.6,33.1,3.8,2.07,29.8,3.9,,30.5,3.9,2.05,32.05,3.3000000000000003,1.9066666666666665
2025-07-07 18:00,32.8,1.6,1.17,32.0,3.3,1.22,29.6,3.6,,30.4,2.7,1.39,31.200000000000003,2.8,1.2599999999999998
2025-07-07 19:00,31.7,1.3,0.53,30.8,2.0,0.59,29.0,3.0,,29.7,3.5,0.65,30.3,2.45,0.59
2025-07-07 20:00,30.1,1.1,0.14,29.5,2.2,0.1,27.5,4.1,,28.1,3.2,0.12,28.799999999999997,2.6500000000000004,0.12
2025-07-07 21:00,29.1,0.6,,28.5,2.9,,27.1,2.9,,26.9,3.7,,27.9,2.5250000000000004,0.0
2025-07-07 22:00,29.0,0.8,,28.1,1.7,,26.9,2.5,,26.8,3.9,,27.7,2.225,0.0
2025-07-07 23:00,29.0,0.8,,27.8,2.3,,26.9,1.6,,26.5,2.9,,27.549999999999997,1.9,0.0
2025-07-08 00:00,28.5,0.6,,27.6,1.4,,26.6,0.0,,26.5,2.4,,27.3,1.1,0.0
2025-07-08 01:00,27.8,1.1,,27.2,0.9,,26.4,0.0,,26.1,2.4,,26.875,1.1,0.0
2025-07-08 02:00,27.6,0.3,,27.2,0.8,,26.0,1.6,,26.1,1.4,,26.725,1.025,0.0
2025-07-08 03:00,27.5,1.4,,26.8,1.2,,25.8,0.0,,26.0,0.5,,26.525,0.7749999999999999,0.0
2025-07-08 04:00,27.0,0.5,,26.3,0.3,,26.2,1.3,,25.8,0.3,,26.325,0.6,0.0
2025-07-08 05:00,27.0,0.6,,26.2,1.4,,25.9,0.1,,25.9,1.6,,26.25,0.925,0.0
2025-07-08 06:00,27.1,0.4,0.09,26.5,1.4,0.03,25.9,1.0,,26.0,0.1,0.03,26.375,0.725,0.049999999999999996
2025-07-08 07:00,27.8,0.3,0.46,27.7,0.5,0.35,26.9,0.4,,27.0,1.3,0.35,27.35,0.625,0.3866666666666667
2025-07-08 08:00,29.4,0.7,1.14,29.9,0.6,0.97,28.4,0.8,,27.7,0.9,0.82,28.849999999999998,0.7499999999999999,0.9766666666666666
2025-07-08 09:00,29.9,0.4,1.44,31.9,0.4,1.67,29.9,2.4,,29.8,3.5,1.63,30.374999999999996,1.675,1.58
2025-07-08 10:00,31.0,1.4,1.74,32.9,1.3,2.13,31.6,2.0,,31.2,5.2,2.29,31.675,2.475,2.0533333333333332
2025-07-08 11:00,32.3,1.3,1.92,34.1,0.7,1.63,32.8,1.8,,31.9,4.9,2.85,32.775,2.175,2.1333333333333333
2025-07-08 12:00,33.9,2.3,2.61,33.4,2.2,1.24,34.0,2.1,,32.7,2.7,3.03,33.5,2.325,2.293333333333333
2025-07-08 13:00,34.6,1.8,3.29,35.3,2.0,2.25,33.7,3.1,,33.1,2.5,1.82,34.175000000000004,2.35,2.4533333333333336
2025-07-08 14:00,34.8,1.9,2.62,28.5,5.1,1.31,33.0,4.1,,33.6,1.9,2.44,32.475,3.25,2.1233333333333335
2025-07-08 15:00,35.3,2.3,3.07,29.4,2.5,0.85,33.5,2.8,,33.7,2.1,2.15,32.974999999999994,2.425,2.0233333333333334
2025-07-08 16:00,35.0,1.4,2.5,31.4,1.8,2.29,29.9,2.1,,33.6,2.9,1.83,32.475,2.0500000000000003,2.2066666666666666
2025-07-08 17:00,34.1,1.6,1.53,32.0,0.4,1.6,30.5,2.8,,33.9,3.3,1.57,32.625,2.025,1.5666666666666667
2025-07-08 18:00,34.3,1.8,1.19,29.7,2.1,0.36,30.2,2.1,,33.6,1.5,1.22,31.950000000000003,1.875,0.9233333333333332
2025-07-08 19:00,33.0,0.8,0.4,29.5,1.0,0.13,29.7,1.4,,31.7,2.5,0.58,30.975,1.425,0.36999999999999994
2025-07-08 20:00,31.8,1.1,0.12,28.7,1.5,0.04,29.4,3.2,,29.5,1.7,0.12,29.85,1.8750000000000002,0.09333333333333334
2025-07-08 21:00,30.9,0.1,,28.3,1.4,,28.6,0.4,,28.6,1.6,,29.1,0.875,0.0
2025-07-08 22:00,31.1,0.6,,28.1,1.2,,27.8,1.8,,27.8,1.4,,28.7,1.25,0.0
2025-07-08 23:00,30.5,0.8,,28.3,1.4,,27.4,0.1,,27.3,0.8,,28.374999999999996,0.7750000000000001,0.0
2025-07-09 00:00,29.9,0.8,,27.5,1.4,,27.3,1.8,,26.6,1.1,,27.825000000000003,1.275,0.0
2025-07-09 01:00,28.8,0.9,,26.7,1.8,,26.9,0.1,,26.5,1.3,,27.225,1.0250000000000001,0.0
2025-07-09 02:00,28.2,1.7,,27.0,1.1,,26.5,0.0,,26.7,2.6,,27.1,1.35,0.0
2025-07-09 03:00,27.6,0.9,,26.5,0.9,,26.9,0.4,,26.1,1.3,,26.775,0.875,0.0
2025-07-09 04:00,27.1,1.0,,26.5,1.1,,27.2,1.5,,25.7,0.7,,26.625,1.075,0.0
2025-07-09 05:00,26.6,0.3,,26.6,1.2,,26.8,0.0,,25.1,1.5,,26.275,0.75,0.0
2025-07-09 06:00,27.0,0.4,0.09,26.1,0.7,0.03,26.8,2.0,,25.2,0.4,0.02,26.275000000000002,0.875,0.04666666666666666
2025-07-09 07:00,27.2,1.4,0.46,27.8,1.0,0.4,27.9,2.0,,25.8,2.7,0.38,27.175,1.7750000000000001,0.4133333333333334
2025-07-09 08:00,28.7,1.5,1.18,29.8,1.1,1.08,28.9,2.1,,27.6,1.0,1.02,28.75,1.425,1.0933333333333333
2025-07-09 09:00,30.6,2.1,1.94,30.8,2.0,1.78,30.2,1.1,,29.8,2.2,1.8,30.35,1.8499999999999999,1.8399999999999999
2025-07-09 10:00,31.9,1.9,2.58,32.9,1.7,2.47,31.0,2.4,,30.7,3.3,2.47,31.625,2.325,2.5066666666666673
2025-07-09 11:00,33.2,2.6,3.13,33.3,1.9,3.0,31.8,3.1,,32.0,2.6,2.96,32.575,2.55,3.03
2025-07-09 12:00,34.7,2.3,3.46,34.4,2.0,3.34,32.8,2.1,,32.6,2.3,3.3,33.625,2.175,3.3666666666666667
2025-07-09 13:00,35.1,1.5,3.61,35.1,2.4,3.48,33.4,2.4,,33.2,3.1,3.47,34.2,2.35,3.52
2025-07-09 14:00,35.5,1.4,3.52,36.0,2.2,3.44,34.2,1.8,,34.1,3.1,3.42,34.95,2.125,3.4599999999999995
2025-07-09 15:00,34.9,2.4,3.08,35.9,2.8,3.16,35.0,2.4,,34.5,2.4,3.13,35.075,2.5,3.1233333333333335
2025-07-09 16:00,35.8,2.1,2.45,36.5,1.2,2.71,35.1,2.2,,32.9,4.3,2.57,35.075,2.45,2.5766666666666667
2025-07-09 17:00,34.4,3.1,2.04,35.0,2.4,1.9,35.1,3.5,,31.7,4.2,2.08,34.05,3.3,2.0066666666666664
2025-07-09 18:00,33.5,1.9,0.8,35.1,2.6,0.94,34.9,1.9,,31.1,4.4,1.32,33.65,2.7,1.02
2025-07-09 19:00,32.3,1.9,0.32,34.2,3.6,0.69,33.5,2.0,,30.0,2.6,0.7,32.5,2.525,0.57
2025-07-09 20:00,31.2,2.7,0.11,32.3,2.4,0.1,31.4,1.1,,28.6,2.4,0.1,30.875,2.15,0.10333333333333335
2025-07-09 21:00,29.9,2.5,,31.0,2.5,,31.1,2.5,,28.1,2.6,,30.025,2.525,0.0
2025-07-09 22:00,29.5,2.7,,30.1,1.6,,30.5,1.5,,27.8,2.7,,29.474999999999998,2.125,0.0
2025-07-09 23:00,28.5,1.1,,29.2,2.2,,29.0,0.6,,27.2,2.5,,28.475,1.6,0.0
2025-07-10 00:00,28.2,0.8,,27.7,2.5,,27.4,1.7,,26.8,0.4,,27.525,1.35,0.0
2025-07-10 01:00,27.9,0.4,,27.1,0.5,,27.0,1.2,,26.0,1.1,,27.0,0.8,0.0
2025-07-10 02:00,27.2,0.5,,26.7,1.5,,27.3,2.3,,25.4,2.2,,26.65,1.625,0.0
2025-07-10 03:00,26.6,1.1,,26.3,0.2,,25.8,1.5,,25.7,1.3,,26.1,1.025,0.0
2025-07-10 04:00,25.9,1.4,,25.9,1.6,,25.4,0.9,,25.4,1.3,,25.65,1.3,0.0
2025-07-10 05:00,25.8,2.7,,25.3,0.4,,25.0,1.7,,25.6,1.7,,25.424999999999997,1.625,0.0
2025-07-10 06:00,25.5,2.1,,25.0,1.1,0.03,25.6,2.5,,25.5,2.0,0.02,25.4,1.925,0.016666666666666666
2025-07-10 07:00,26.0,3.2,,27.1,0.6,0.42,26.2,2.6,,26.2,2.2,0.36,26.375,2.1500000000000004,0.26
2025-07-10 08:00,26.7,3.6,,28.8,1.7,1.06,27.6,2.8,,27.0,2.1,0.98,27.525,2.55,0.68
2025-07-10 09:00,28.8,1.1,,30.4,2.4,1.56,28.8,1.4,,29.4,2.5,1.71,29.35,1.85,1.09
2025-07-10 10:00,30.3,2.2,2.48,32.1,2.7,2.41,30.0,1.8,,30.1,3.1,2.33,30.625,2.45,2.4066666666666667
2025-07-10 11:00,32.4,2.4,3.0,32.8,2.9,2.97,31.1,2.7,,31.7,2.5,2.95,31.999999999999996,2.625,2.973333333333334
2025-07-10 12:00,32.0,2.6,2.84,33.3,2.8,3.23,32.0,3.4,,32.6,3.7,3.31,32.475,3.125,3.126666666666667
2025-07-10 13:00,33.2,2.8,2.61,34.7,2.1,3.37,32.9,2.9,,33.0,2.2,3.35,33.45,2.5,3.11
2025-07-10 14:00,33.5,2.2,2.46,35.0,2.4,3.32,33.6,2.6,,32.4,2.4,1.86,33.625,2.4,2.5466666666666664
2025-07-10 15:00,33.7,1.2,1.68,35.6,3.1,2.93,34.0,3.5,,32.2,2.5,1.57,33.875,2.575,2.06
2025-07-10 16:00,33.3,1.9,1.69,34.0,2.8,1.72,34.3,2.4,,32.0,3.3,1.61,33.4,2.5999999999999996,1.6733333333333336
2025-07-10 17:00,34.0,2.7,1.72,33.8,2.6,0.98,34.2,2.6,,31.4,3.1,1.68,33.35,2.75,1.46
2025-07-10 18:00,33.4,2.2,0.95,33.9,3.7,0.85,33.4,1.7,,31.1,4.3,1.08,32.949999999999996,2.975,0.96
2025-07-10 19:00,31.9,2.6,0.51,33.2,3.3,0.65,32.6,1.7,,30.3,2.7,0.33,31.999999999999996,2.575,0.49666666666666676
2025-07-10 20:00,30.5,3.1,0.14,31.8,3.4,0.1,31.7,2.4,,29.7,1.9,0.04,30.925,2.7,0.09333333333333334
2025-07-10 21:00,29.9,1.8,,31.2,3.6,,31.3,2.2,,28.2,0.2,,30.15,1.9500000000000002,0.0
2025-07-10 22:00,28.9,2.3,,30.6,3.6,,30.8,2.8,,27.7,0.0,,29.5,2.175,0.0
2025-07-10 23:00,28.1,2.4,,29.6,3.2,,29.9,1.9,,27.3,0.1,,28.724999999999998,1.9,0.0
2025-07-11 00:00,27.5,3.2,,29.0,3.3,,28.7,3.0,,27.2,0.6,,28.1,2.525,0.0
2025-07-11 01:00,26.4,2.8,,28.3,2.8,,27.7,2.9,,27.6,1.9,,27.5,2.6,0.0
2025-07-11 02:00,26.1,3.2,,27.8,3.1,,27.1,2.9,,27.3,1.9,,27.075,2.7750000000000004,0.0
2025-07-11 03:00,25.9,3.4,,27.3,3.3,,26.4,2.3,,27.0,2.1,,26.65,2.775,0.0
2025-07-11 04:00,25.4,3.5,,26.3,2.7,,25.7,1.8,,26.3,1.9,,25.925,2.475,0.0
2025-07-11 05:00,24.9,4.0,,25.1,2.3,,25.4,2.8,,26.0,1.6,,25.35,2.675,0.0
2025-07-11 06:00,25.1,4.8,0.09,25.0,1.9,0.05,25.2,3.5,,25.7,0.7,0.03,25.25,2.7249999999999996,0.05666666666666667
2025-07-11 07:00,25.2,5.0,0.52,26.7,1.1,0.45,25.9,3.4,,26.6,2.9,0.36,26.1,3.1,0.44333333333333336
2025-07-11 08:00,26.9,4.1,1.24,28.3,1.7,1.07,26.8,2.5,,27.7,2.4,1.08,27.425,2.6750000000000003,1.1300000000000001
2025-07-11 09:00,27.3,3.3,1.2,29.6,2.8,1.76,28.1,2.5,,29.2,1.7,1.74,28.55,2.5749999999999997,1.5666666666666667
2025-07-11 10:00,30.5,4.3,2.55,30.3,3.5,2.43,29.2,2.1,,30.4,3.4,2.4,30.1,3.325,2.4600000000000004
2025-07-11 11:00,30.6,3.6,2.0,32.4,3.9,2.95,30.4,2.6,,31.6,3.2,2.93,31.25,3.325,2.626666666666667
2025-07-11 12:00,31.5,3.9,2.79,33.5,2.8,3.3,31.7,2.4,,32.2,4.1,3.3,32.225,3.3,3.1300000000000003
2025-07-11 13:00,34.1,2.7,2.74,34.9,2.5,3.44,32.8,2.6,,33.1,2.8,3.46,33.725,2.6500000000000004,3.2133333333333334
2025-07-11 14:00,35.4,2.0,3.57,35.2,2.4,3.35,33.6,2.5,,33.8,2.2,3.16,34.5,2.2750000000000004,3.36
2025-07-11 15:00,34.8,3.1,3.17,35.9,2.0,3.11,33.9,2.7,,33.7,2.5,2.32,34.575,2.575,2.8666666666666667
2025-07-11 16:00,35.2,3.1,2.73,36.1,2.1,2.62,34.5,2.3,,33.3,1.4,1.07,34.775000000000006,2.225,2.14
2025-07-11 17:00,33.1,1.7,1.51,35.2,4.0,1.87,34.0,2.6,,31.8,2.1,0.94,33.525000000000006,2.6,1.4400000000000002
2025-07-11 18:00,32.5,1.3,0.86,34.5,3.1,1.34,33.3,2.0,,29.5,2.6,0.48,32.45,2.25,0.8933333333333334
2025-07-11 19:00,31.9,1.3,0.26,33.4,4.7,0.48,32.3,2.8,,29.7,2.3,0.62,31.825,2.7750000000000004,0.4533333333333333
2025-07-11 20:00,31.1,1.5,0.12,32.0,3.1,0.09,31.3,3.4,,29.1,1.3,0.13,30.875,2.325,0.11333333333333333
2025-07-11 21:00,30.8,1.5,,30.8,2.7,,30.4,2.5,,28.1,0.6,,30.025,1.825,0.0
2025-07-11 22:00,29.0,2.9,,29.7,2.7,,29.8,2.1,,28.2,2.3,,29.175,2.5,0.0
2025-07-11 23:00,28.4,2.8,,28.9,4.0,,28.7,2.1,,27.5,0.3,,28.375,2.3000000000000003,0.0
2025-07-12 00:00,27.1,3.4,,27.9,2.2,,27.3,1.7,,26.4,0.2,,27.174999999999997,1.875,0.0
2025-07-12 01:00,26.5,2.1,,27.2,1.7,,26.5,1.9,,26.7,2.5,,26.725,2.05,0.0
2025-07-12 02:00,25.8,1.5,,27.1,3.7,,25.4,3.1,,26.6,1.5,,26.225,2.45,0.0
2025-07-12 03:00,25.0,2.5,,25.3,1.1,,25.2,2.3,,26.6,2.3,,25.525,2.05,0.0
2025-07-12 04:00,24.7,2.4,,25.5,1.3,,24.7,2.8,,26.3,1.4,,25.3,1.975,0.0
2025-07-12 05:00,24.2,1.3,,24.3,1.7,,24.2,2.9,,25.5,0.6,,24.55,1.625,0.0
2025-07-12 06:00,24.2,2.2,0.09,23.2,1.2,0.04,23.8,3.5,,25.0,2.8,0.02,24.05,2.425,0.049999999999999996
2025-07-12 07:00,24.3,0.8,0.56,24.4,1.7,0.31,23.6,2.0,,25.5,0.0,0.26,24.450000000000003,1.125,0.3766666666666667
2025-07-12 08:00,26.0,1.0,0.94,26.6,1.1,1.03,24.9,2.9,,27.3,1.0,0.99,26.2,1.5,0.9866666666666667
2025-07-12 09:00,27.6,1.0,1.95,29.5,1.4,1.84,26.1,2.6,,29.0,3.0,1.87,28.05,2.0,1.8866666666666667
2025-07-12 10:00,29.3,1.1,2.4,30.8,0.8,2.32,28.0,2.0,,29.3,3.0,2.15,29.349999999999998,1.725,2.2899999999999996
2025-07-12 11:00,31.3,0.8,2.94,31.5,2.2,3.09,29.2,2.4,,30.4,2.4,2.94,30.6,1.9500000000000002,2.9899999999999998
2025-07-12 12:00,32.0,1.3,3.0,32.8,1.3,3.43,30.0,2.4,,30.7,3.1,3.37,31.375,2.025,3.266666666666667
2025-07-12 13:00,32.7,0.8,3.55,33.8,2.0,3.53,31.9,1.5,,31.2,2.7,3.53,32.4,1.75,3.5366666666666666
2025-07-12 14:00,33.8,2.0,3.49,34.2,2.2,3.44,32.4,1.5,,31.7,3.6,3.39,33.025,2.325,3.44
2025-07-12 15:00,34.7,1.3,3.1,34.2,2.8,3.16,32.7,3.4,,31.2,4.1,2.99,33.2,2.9,3.0833333333333335
2025-07-12 16:00,33.7,1.4,1.67,34.9,2.5,2.7,31.7,3.8,,30.5,4.2,2.43,32.7,2.9749999999999996,2.266666666666667
2025-07-12 17:00,33.4,0.7,0.8,34.8,2.8,2.09,30.9,4.6,,28.4,4.1,1.18,31.875,3.05,1.3566666666666665
2025-07-12 18:00,32.0,1.0,0.47,34.1,2.7,1.44,30.7,3.3,,27.6,2.5,0.64,31.1,2.375,0.85
2025-07-12 19:00,30.7,1.0,0.21,31.3,3.0,0.71,29.5,2.6,,26.8,2.1,0.31,29.575,2.175,0.41
2025-07-12 20:00,29.5,1.8,0.09,29.4,2.9,0.15,27.6,2.6,,26.3,1.6,0.05,28.2,2.225,0.09666666666666666
2025-07-12 21:00,28.4,1.3,,28.3,1.8,,26.7,2.1,,25.9,1.3,,27.325000000000003,1.625,0.0
2025-07-12 22:00,27.8,0.8,,27.8,2.9,,26.5,1.3,,25.5,1.0,,26.9,1.5,0.0
2025-07-12 23:00,27.2,0.5,,26.9,2.2,,25.9,1.3,,25.3,0.0,,26.325,1.0,0.0
2025-07-13 00:00,27.0,0.7,,26.3,1.2,,25.6,1.7,,25.1,0.5,,26.0,1.025,0.0
2025-07-13 01:00,26.6,0.1,,26.1,0.5,,24.7,0.8,,24.7,1.4,,25.525000000000002,0.7,0.0
2025-07-13 02:00,25.9,0.7,,25.4,0.7,,23.7,0.0,,24.7,1.1,,24.925,0.625,0.0
2025-07-13 03:00,26.0,1.2,,25.3,0.6,,22.9,1.7,,25.1,1.0,,24.824999999999996,1.125,0.0
2025-07-13 04:00,25.7,0.6,,25.1,0.8,,22.6,1.9,,24.5,1.7,,24.475,1.25,0.0
2025-07-13 05:00,26.1,0.0,,24.6,1.1,,22.3,0.9,,24.3,0.1,,24.325,0.525,0.0
2025-07-13 06:00,26.2,0.5,0.1,24.6,1.3,0.02,22.5,0.3,,24.5,0.8,0.01,24.45,0.7250000000000001,0.043333333333333335
2025-07-13 07:00,25.7,0.8,0.2,26.8,1.1,0.49,24.1,0.5,,24.8,0.6,0.07,25.349999999999998,0.7500000000000001,0.25333333333333335
2025-07-13 08:00,26.0,0.9,0.3,26.8,0.8,0.66,25.9,1.0,,25.3,0.4,0.27,25.999999999999996,0.775,0.41
2025-07-13 09:00,26.3,1.3,0.53,28.0,0.2,0.79,26.8,0.7,,25.6,1.8,0.53,26.674999999999997,1.0,0.6166666666666667
2025-07-13 10:00,26.8,0.8,0.88,28.7,1.9,1.07,27.5,1.8,,25.6,2.9,0.47,27.15,1.85,0.8066666666666666
2025-07-13 11:00,28.1,1.2,1.45,28.9,1.3,1.13,27.9,0.3,,25.2,2.7,0.3,27.525000000000002,1.375,0.96
2025-07-13 12:00,24.3,1.6,0.37,29.0,1.3,1.02,27.6,0.9,,24.2,2.7,0.24,26.275000000000002,1.625,0.5433333333333333
2025-07-13 13:00,23.8,1.3,0.14,28.1,2.4,0.62,26.7,1.5,,23.7,1.4,0.1,25.575000000000003,1.65,0.2866666666666667
2025-07-13 14:00,23.4,0.9,0.15,26.7,2.7,0.4,26.0,2.5,,22.4,3.9,0.18,24.625,2.5,0.24333333333333332
2025-07-13 15:00,23.1,1.7,0.23,25.1,1.7,0.42,26.0,2.2,,23.2,3.5,0.39,24.35,2.275,0.3466666666666667
2025-07-13 16:00,23.0,1.3,0.27,25.5,0.9,0.31,25.3,2.1,,23.4,3.3,0.44,24.299999999999997,1.9000000000000001,0.34
2025-07-13 17:00,22.3,1.9,0.25,25.1,1.2,0.19,24.5,2.3,,23.2,2.5,0.38,23.775000000000002,1.9749999999999999,0.2733333333333334
2025-07-13 18:00,22.4,1.4,0.24,25.2,0.1,0.13,24.2,1.3,,23.2,3.4,0.32,23.75,1.5499999999999998,0.22999999999999998
2025-07-13 19:00,22.4,2.5,0.17,24.8,0.1,0.08,24.2,2.0,,23.0,3.8,0.11,23.6,2.0999999999999996,0.12
2025-07-13 20:00,22.5,1.9,0.07,24.2,2.1,0.02,23.4,1.7,,23.0,3.5,0.07,23.275,2.3,0.053333333333333344
2025-07-13 21:00,21.0,1.3,,23.9,3.2,,23.4,1.4,,22.9,2.7,,22.799999999999997,2.1500000000000004,0.0
2025-07-13 22:00,20.6,1.3,,23.4,1.5,,22.7,2.9,,22.8,3.3,,22.375,2.25,0.0
2025-07-13 23:00,20.9,2.8,,22.6,0.9,,22.2,1.7,,22.3,2.9,,22.0,2.0749999999999997,0.0
2025-07-14 00:00,20.7,2.0,,22.5,2.4,,21.8,0.4,,21.7,1.3,,21.675,1.5250000000000001,0.0
2025-07-14 01:00,20.0,1.4,,21.9,2.1,,21.2,0.0,,22.1,1.7,,21.299999999999997,1.3,0.0
2025-07-14 02:00,20.1,0.1,,21.6,1.8,,21.0,0.0,,22.3,1.6,,21.25,0.875,0.0
2025-07-14 03:00,20.3,0.0,,21.4,1.8,,20.7,0.0,,23.0,3.5,,21.35,1.325,0.0
2025-07-14 04:00,20.3,0.0,,21.2,0.2,,20.5,0.0,,23.0,3.9,,21.25,1.025,0.0
2025-07-14 05:00,20.3,0.3,,21.4,0.9,,20.4,0.0,,22.9,2.6,,21.25,0.95,0.0
2025-07-14 06:00,20.5,0.8,0.09,21.4,0.9,0.02,20.4,0.0,,23.0,2.9,0.02,21.325,1.15,0.043333333333333335
2025-07-14 07:00,21.3,0.5,0.44,22.3,0.9,0.31,21.3,2.4,,23.8,1.1,0.38,22.175,1.225,0.37666666666666665
2025-07-14 08:00,22.8,0.6,1.09,23.3,1.0,0.73,23.5,1.5,,24.9,2.2,1.04,23.625,1.3250000000000002,0.9533333333333335
2025-07-14 09:00,24.6,0.3,1.58,24.1,1.8,0.96,24.4,0.0,,25.8,3.5,1.62,24.724999999999998,1.4,1.3866666666666667
2025-07-14 10:00,26.1,0.8,2.2,25.6,1.4,1.44,25.5,1.5,,26.7,3.1,1.79,25.975,1.7000000000000002,1.8099999999999998
2025-07-14 11:00,27.2,1.2,2.16,26.7,2.4,1.63,26.2,4.5,,27.0,5.7,2.14,26.775,3.45,1.9766666666666666
2025-07-14 12:00,28.6,1.5,2.54,28.2,1.9,2.42,26.6,4.4,,26.9,5.4,1.63,27.575000000000003,3.3000000000000003,2.1966666666666668
2025-07-14 13:00,29.6,1.7,3.39,27.9,4.2,1.75,26.1,6.3,,27.8,5.7,2.12,27.849999999999998,4.475,2.4200000000000004
2025-07-14 14:00,29.4,2.5,3.24,28.3,4.8,2.93,26.2,6.1,,27.5,8.2,3.65,27.85,5.3999999999999995,3.2733333333333334
2025-07-14 15:00,30.1,2.1,3.04,28.2,5.3,2.1,26.2,6.4,,27.2,6.2,2.36,27.925,5.0,2.5
2025-07-14 16:00,29.4,2.1,2.75,26.9,3.7,1.38,25.2,5.9,,26.7,5.5,1.66,27.05,4.300000000000001,1.93
2025-07-14 17:00,27.8,2.2,1.72,25.6,3.7,0.72,25.0,2.8,,26.3,7.5,1.67,26.175,4.05,1.3699999999999999
2025-07-14 18:00,26.7,1.3,0.92,22.5,1.2,0.12,23.4,2.4,,26.3,6.0,1.32,24.724999999999998,2.725,0.7866666666666667
2025-07-14 19:00,25.8,1.4,0.52,22.5,0.1,0.13,23.8,1.1,,25.6,5.6,0.59,24.424999999999997,2.05,0.41333333333333333
2025-07-14 20:00,24.8,1.1,0.12,22.0,1.8,0.06,22.7,0.6,,24.7,4.6,0.11,23.55,2.025,0.09666666666666666
2025-07-14 21:00,24.1,1.2,,21.9,1.4,,22.6,0.7,,24.1,3.3,,23.174999999999997,1.65,0.0
2025-07-14 22:00,23.8,1.3,,21.8,1.6,,22.7,2.2,,23.9,2.1,,23.049999999999997,1.8000000000000003,0.0
2025-07-14 23:00,23.3,0.3,,21.8,1.1,,22.3,1.0,,23.6,3.0,,22.75,1.35,0.0
2025-07-15 00:00,23.3,0.8,,21.6,2.4,,22.0,2.6,,23.5,3.6,,22.6,2.35,0.0
2025-07-15 01:00,23.4,1.1,,21.4,1.9,,21.5,0.1,,23.3,2.8,,22.4,1.475,0.0
2025-07-15 02:00,22.2,1.3,,20.8,1.6,,21.6,2.4,,23.2,3.6,,21.95,2.225,0.0
2025-07-15 03:00,21.7,0.9,,20.9,1.5,,21.3,2.8,,22.9,3.5,,21.699999999999996,2.175,0.0
2025-07-15 04:00,21.6,1.0,,21.0,2.3,,21.0,2.5,,22.2,4.2,,21.45,2.5,0.0
2025-07-15 05:00,21.7,1.3,,21.1,2.0,,21.2,2.6,,22.2,3.3,,21.55,2.3,0.0
2025-07-15 06:00,21.5,2.0,0.07,20.9,3.5,0.01,21.2,4.2,,22.4,3.6,0.0,21.5,3.3249999999999997,0.02666666666666667
2025-07-15 07:00,21.7,1.8,0.18,21.0,3.4,0.13,21.5,3.5,,22.6,4.0,0.08,21.700000000000003,3.175,0.13
2025-07-15 08:00,22.0,2.4,0.39,21.2,3.5,0.31,21.8,3.4,,22.7,4.3,0.19,21.925,3.4000000000000004,0.29666666666666663
2025-07-15 09:00,22.4,1.3,0.53,21.5,2.8,0.37,22.0,1.7,,22.8,4.2,0.54,22.175,2.5,0.48
2025-07-15 10:00,23.4,1.5,0.88,22.9,2.8,1.02,23.0,3.4,,23.1,2.5,0.84,23.1,2.55,0.9133333333333332
2025-07-15 11:00,24.3,1.1,1.16,24.7,3.2,2.15,23.3,3.3,,24.5,0.7,1.35,24.2,2.075,1.5533333333333335
2025-07-15 12:00,24.6,2.3,1.3,24.5,3.7,1.35,24.0,3.9,,25.5,1.6,1.64,24.65,2.875,1.43
2025-07-15 13:00,24.5,2.0,0.9,22.9,2.2,0.33,23.4,4.3,,26.5,2.3,2.53,24.325,2.7,1.2533333333333332
2025-07-15 14:00,24.3,2.3,1.02,23.2,1.4,0.36,23.3,0.9,,27.4,4.2,2.82,24.549999999999997,2.2,1.3999999999999997
2025-07-15 15:00,25.5,2.0,1.05,24.2,1.2,0.73,25.2,1.9,,28.4,3.9,3.24,25.825000000000003,2.25,1.6733333333333336
2025-07-15 16:00,26.9,1.0,1.5,24.9,1.9,0.97,25.5,2.3,,28.3,4.9,2.74,26.4,2.525,1.7366666666666666
2025-07-15 17:00,27.6,1.5,1.49,25.3,1.4,0.9,25.7,1.2,,28.2,4.8,2.09,26.700000000000003,2.2249999999999996,1.4933333333333334
2025-07-15 18:00,28.1,2.4,0.84,25.8,2.1,0.79,26.3,2.0,,27.6,5.3,1.27,26.950000000000003,2.95,0.9666666666666667
2025-07-15 19:00,27.0,2.5,0.66,24.6,2.2,0.23,25.6,0.9,,26.9,3.2,0.59,26.025,2.2,0.49333333333333335
2025-07-15 20:00,26.0,1.5,0.15,24.3,1.6,0.07,25.0,1.6,,26.2,3.3,0.15,25.375,2.0,0.12333333333333334
2025-07-15 21:00,25.5,1.9,,24.0,1.6,,24.3,2.2,,25.8,3.8,,24.9,2.375,0.0
2025-07-15 22:00,24.9,1.3,,23.5,1.2,,24.1,2.3,,25.6,2.7,,24.525,1.875,0.0
2025-07-15 23:00,24.9,2.2,,23.0,1.3,,23.9,2.4,,25.5,2.7,,24.325,2.1500000000000004,0.0
2025-07-16 00:00,24.4,1.5,,22.7,1.6,,23.6,2.5,,25.2,3.4,,23.974999999999998,2.25,0.0
2025-07-16 01:00,24.4,1.9,,22.5,1.6,,23.1,2.5,,25.1,2.9,,23.775,2.225,0.0
2025-07-16 02:00,24.2,1.3,,22.4,1.3,,23.2,2.4,,24.5,2.6,,23.575,1.9,0.0
2025-07-16 03:00,23.9,1.0,,22.7,2.0,,23.3,2.8,,24.5,3.2,,23.599999999999998,2.25,0.0
2025-07-16 04:00,24.1,1.8,,23.0,1.0,,23.3,2.3,,24.5,2.3,,23.725,1.8499999999999999,0.0
2025-07-16 05:00,24.2,2.6,,23.0,2.1,,23.2,2.9,,24.7,2.3,,23.775000000000002,2.4749999999999996,0.0
2025-07-16 06:00,24.1,1.6,0.07,23.2,1.6,0.0,23.1,2.7,,25.0,3.9,0.0,23.85,2.45,0.023333333333333334
2025-07-16 07:00,24.4,2.6,0.14,23.6,0.0,0.07,23.3,3.0,,25.1,3.7,0.08,24.1,2.325,0.09666666666666668
2025-07-16 08:00,24.4,2.2,0.2,24.3,1.8,0.24,23.9,2.3,,25.5,4.3,0.2,24.525,2.65,0.21333333333333335
2025-07-16 09:00,23.8,1.5,0.27,23.6,2.0,0.25,23.8,2.7,,25.0,3.4,0.19,24.05,2.4,0.23666666666666666
2025-07-16 10:00,22.5,1.0,0.25,23.5,2.0,0.37,23.7,3.0,,24.7,3.6,0.21,23.6,2.4,0.27666666666666667
2025-07-16 11:00,22.6,0.5,0.27,22.7,2.4,0.35,22.2,2.9,,23.8,3.9,0.25,22.825,2.425,0.29
2025-07-16 12:00,22.9,1.2,0.29,21.9,2.6,0.34,22.2,4.2,,23.4,4.8,0.53,22.6,3.2,0.3866666666666667
2025-07-16 13:00,23.5,1.4,0.46,22.0,1.6,0.28,21.8,4.3,,24.3,3.6,1.11,22.9,2.725,0.6166666666666667
2025-07-16 14:00,23.0,3.4,0.37,22.1,0.7,0.2,21.7,3.9,,25.4,4.0,0.86,23.049999999999997,3.0,0.47666666666666674
2025-07-16 15:00,23.7,3.9,0.63,22.3,3.6,0.21,22.6,4.7,,26.0,5.4,1.14,23.65,4.4,0.66
2025-07-16 16:00,24.4,3.7,0.56,23.0,2.8,0.18,22.4,0.2,,25.6,7.1,0.48,23.85,3.45,0.4066666666666667
2025-07-16 17:00,25.1,4.0,0.36,22.9,4.3,0.15,22.4,3.6,,26.4,3.7,0.73,24.200000000000003,3.9000000000000004,0.41333333333333333
2025-07-16 18:00,25.2,4.6,0.35,23.4,5.9,0.1,22.5,3.3,,26.3,3.2,0.29,24.349999999999998,4.25,0.24666666666666667
2025-07-16 19:00,25.3,3.6,0.15,24.0,4.4,0.04,22.6,3.0,,26.2,3.4,0.23,24.525000000000002,3.6,0.14
2025-07-16 20:00,25.3,4.4,0.14,24.6,5.0,0.02,23.0,4.1,,26.0,3.6,0.05,24.725,4.275,0.07
2025-07-16 21:00,25.5,4.0,,25.0,4.9,,23.5,2.1,,26.7,5.6,,25.175,4.15,0.0
2025-07-16 22:00,25.5,4.2,,25.2,4.4,,24.1,6.4,,26.7,7.0,,25.375000000000004,5.5,0.0
2025-07-16 23:00,25.7,2.9,,25.3,4.5,,24.1,2.0,,26.9,6.3,,25.5,3.925,0.0
2025-07-17 00:00,25.7,3.1,,25.5,3.8,,23.4,1.9,,27.1,6.2,,25.424999999999997,3.75,0.0
2025-07-17 01:00,25.1,2.7,,25.6,2.8,,23.9,3.7,,27.2,6.5,,25.45,3.925,0.0
2025-07-17 02:00,26.0,3.3,,25.8,2.9,,25.5,3.9,,27.4,5.7,,26.174999999999997,3.95,0.0
2025-07-17 03:00,25.1,2.2,,25.7,2.6,,25.9,4.7,,27.3,5.0,,25.999999999999996,3.625,0.0
2025-07-17 04:00,25.5,2.8,,25.5,2.9,,26.3,4.6,,27.9,5.6,,26.299999999999997,3.9749999999999996,0.0
2025-07-17 05:00,25.5,2.9,,25.5,2.1,,26.6,4.5,,27.2,5.9,,26.2,3.85,0.0
2025-07-17 06:00,25.5,2.6,0.09,25.4,2.6,0.01,26.5,3.9,,26.9,5.3,0.0,26.075000000000003,3.5999999999999996,0.03333333333333333
2025-07-17 07:00,26.3,2.1,0.29,26.2,3.0,0.18,27.3,4.8,,27.0,5.6,0.07,26.7,3.8749999999999996,0.18000000000000002
2025-07-17 08:00,27.0,3.0,0.51,27.3,3.4,0.41,26.8,4.5,,26.7,5.0,0.24,26.95,3.975,0.38666666666666666
2025-07-17 09:00,26.6,3.0,0.45,25.6,1.8,0.23,26.1,3.1,,27.4,6.2,0.67,26.425000000000004,3.5250000000000004,0.45
2025-07-17 10:00,27.5,2.7,0.66,26.9,1.9,0.42,23.3,2.6,,27.8,6.9,0.56,26.375,3.525,0.5466666666666667
2025-07-17 11:00,24.5,3.0,0.11,23.4,5.4,0.53,23.0,2.0,,27.4,6.0,0.35,24.575000000000003,4.1,0.33
2025-07-17 12:00,24.2,2.2,0.11,23.1,3.0,0.1,23.6,1.5,,27.3,6.5,0.3,24.55,3.3,0.17
2025-07-17 13:00,23.6,1.3,0.13,23.8,2.7,0.11,23.7,1.5,,25.9,7.9,0.29,24.25,3.35,0.17666666666666667
2025-07-17 14:00,24.0,3.6,0.13,24.0,2.8,0.04,24.2,0.5,,24.9,1.4,0.17,24.275,2.075,0.11333333333333334
2025-07-17 15:00,23.0,4.2,0.1,23.5,3.4,0.05,24.3,1.0,,25.8,4.1,0.12,24.15,3.175,0.09000000000000001
2025-07-17 16:00,22.5,1.8,0.09,22.9,2.6,0.02,24.3,3.6,,26.7,6.5,0.22,24.1,3.625,0.11
2025-07-17 17:00,22.7,1.4,0.09,23.0,2.9,0.02,24.3,4.8,,27.2,4.9,0.36,24.3,3.5,0.15666666666666665
2025-07-17 18:00,21.3,2.1,0.08,22.9,3.8,0.02,24.0,3.5,,27.2,5.8,0.2,23.85,3.8,0.10000000000000002
2025-07-17 19:00,20.9,1.6,0.09,22.8,3.4,0.0,23.4,5.2,,23.9,6.3,0.13,22.75,4.125,0.07333333333333333
2025-07-17 20:00,20.8,1.6,0.06,22.1,3.2,0.0,22.4,5.3,,21.7,5.1,0.0,21.750000000000004,3.8000000000000003,0.02
2025-07-17 21:00,20.9,2.1,,21.9,3.3,,22.1,4.5,,21.8,2.8,,21.675,3.175,0.0
2025-07-17 22:00,21.5,0.4,,21.9,4.6,,22.2,6.4,,22.0,3.7,,21.9,3.7750000000000004,0.0
2025-07-17 23:00,21.6,1.2,,22.3,1.3,,21.9,4.7,,21.4,2.1,,21.800000000000004,2.325,0.0
2025-07-18 00:00,21.4,0.5,,22.4,4.1,,22.0,4.4,,21.7,4.1,,21.875,3.275,0.0
2025-07-18 01:00,21.4,1.3,,22.3,3.8,,22.1,3.2,,21.2,4.1,,21.750000000000004,3.1,0.0
2025-07-18 02:00,21.4,1.3,,22.1,2.8,,22.3,4.4,,21.6,2.6,,21.85,2.775,0.0
2025-07-18 03:00,21.3,0.7,,22.4,0.7,,22.1,0.0,,21.8,2.2,,21.900000000000002,0.9,0.0
2025-07-18 04:00,20.9,3.4,,21.9,2.8,,22.1,0.7,,21.7,3.9,,21.650000000000002,2.6999999999999997,0.0
2025-07-18 05:00,21.2,2.3,,22.1,1.8,,21.8,0.0,,21.6,4.3,,21.674999999999997,2.0999999999999996,0.0
2025-07-18 06:00,21.3,1.6,0.08,22.0,0.9,0.01,22.0,1.5,,21.7,2.9,0.02,21.75,1.725,0.03666666666666667
2025-07-18 07:00,21.9,0.4,0.39,22.5,1.6,0.2,22.4,0.5,,22.3,0.9,0.16,22.275,0.85,0.25000000000000006
2025-07-18 08:00,24.0,0.6,1.19,23.4,0.6,0.39,23.3,1.1,,23.6,3.9,1.01,23.575000000000003,1.5499999999999998,0.8633333333333333
2025-07-18 09:00,25.6,2.1,1.96,26.8,1.8,1.76,25.4,0.3,,25.1,0.9,1.47,25.725,1.2750000000000001,1.7299999999999998
2025-07-18 10:00,26.7,0.4,1.95,28.8,1.9,2.36,26.2,1.2,,27.3,1.2,2.44,27.25,1.175,2.25
2025-07-18 11:00,29.1,1.0,2.34,29.2,2.0,1.68,26.3,2.2,,28.1,2.2,2.45,28.174999999999997,1.85,2.1566666666666667
2025-07-18 12:00,27.8,0.6,1.62,30.5,2.4,2.59,27.7,0.9,,29.1,4.3,2.26,28.775,2.05,2.1566666666666667
2025-07-18 13:00,28.5,3.0,1.86,30.9,2.0,1.91,27.4,0.6,,28.3,4.5,2.76,28.775,2.525,2.1766666666666663
2025-07-18 14:00,29.7,2.9,2.96,30.9,2.4,1.47,27.5,1.0,,28.7,5.4,1.6,29.2,2.925,2.01
2025-07-18 15:00,28.7,3.3,1.67,30.0,2.4,0.85,26.9,1.5,,28.5,1.0,0.59,28.525,2.05,1.0366666666666666
2025-07-18 16:00,26.6,1.4,0.46,28.5,2.2,0.48,25.4,4.0,,27.9,4.1,0.31,27.1,2.925,0.4166666666666667
2025-07-18 17:00,25.7,1.6,0.3,27.0,2.6,0.33,25.3,1.7,,23.6,4.3,0.06,25.4,2.55,0.22999999999999998
2025-07-18 18:00,25.3,2.9,0.1,26.1,2.9,0.14,25.5,0.6,,23.3,5.0,0.08,25.05,2.8499999999999996,0.10666666666666667
2025-07-18 19:00,22.9,4.0,0.08,25.6,0.7,0.03,25.3,1.1,,23.2,3.8,0.29,24.25,2.4000000000000004,0.13333333333333333
2025-07-18 20:00,22.9,0.8,0.11,25.0,1.8,0.03,25.3,2.2,,23.4,3.7,0.04,24.15,2.125,0.060000000000000005
2025-07-18 21:00,22.8,1.7,,25.2,1.6,,25.1,2.5,,24.3,3.7,,24.349999999999998,2.375,0.0
2025-07-18 22:00,23.4,1.4,,25.1,2.1,,25.1,0.3,,24.4,1.4,,24.5,1.2999999999999998,0.0
2025-07-18 23:00,24.5,1.7,,24.9,1.6,,24.7,1.9,,24.5,3.1,,24.65,2.0749999999999997,0.0
2025-07-19 00:00,24.3,3.2,,24.9,2.4,,24.6,2.4,,24.9,2.6,,24.675000000000004,2.65,0.0
2025-07-19 01:00,24.2,2.6,,24.1,1.9,,24.8,3.4,,24.8,3.0,,24.474999999999998,2.725,0.0
2025-07-19 02:00,24.5,3.8,,24.0,2.6,,24.5,3.3,,24.9,2.6,,24.475,3.0749999999999997,0.0
2025-07-19 03:00,23.4,1.8,,24.0,0.8,,23.9,2.4,,25.3,3.4,,24.15,2.1,0.0
2025-07-19 04:00,24.0,2.6,,23.9,1.3,,23.9,2.0,,25.4,4.2,,24.299999999999997,2.5250000000000004,0.0
2025-07-19 05:00,23.9,0.5,,23.3,2.5,,24.2,3.5,,25.7,5.4,,24.275000000000002,2.975,0.0
2025-07-19 06:00,24.0,1.2,0.07,23.0,1.7,0.0,23.5,5.1,,25.5,5.1,0.0,24.0,3.275,0.023333333333333334
2025-07-19 07:00,24.2,1.4,0.13,23.4,1.7,0.04,23.5,3.6,,25.7,4.0,0.09,24.2,2.675,0.08666666666666667
2025-07-19 08:00,24.7,0.4,0.23,23.8,1.8,0.03,23.6,1.9,,25.7,4.1,0.24,24.45,2.05,0.16666666666666666
2025-07-19 09:00,25.3,1.5,0.43,24.0,3.4,0.03,23.9,3.6,,26.4,6.4,0.41,24.9,3.725,0.29
2025-07-19 10:00,26.4,2.0,0.85,24.8,3.2,0.05,24.2,3.5,,26.8,5.3,0.42,25.55,3.5,0.44
2025-07-19 11:00,25.9,0.8,0.32,23.4,2.6,0.06,22.8,4.7,,27.6,4.7,0.46,24.924999999999997,3.2,0.28
2025-07-19 12:00,26.1,0.7,0.71,23.9,2.7,0.12,23.7,2.5,,28.5,5.0,1.34,25.55,2.725,0.7233333333333333
2025-07-19 13:00,26.4,1.6,0.85,25.6,3.5,0.52,24.8,0.6,,28.9,6.1,1.51,26.424999999999997,2.9499999999999997,0.96
2025-07-19 14:00,27.7,3.6,1.48,27.0,1.4,0.77,25.6,3.1,,29.9,7.6,3.36,27.550000000000004,3.925,1.8699999999999999
2025-07-19 15:00,28.2,3.8,1.87,27.9,1.0,1.04,26.9,2.4,,29.6,8.3,2.53,28.15,3.875,1.8133333333333332
2025-07-19 16:00,28.4,2.9,1.65,26.2,2.5,0.59,28.2,1.5,,29.1,6.1,1.79,27.975,3.25,1.343333333333333
2025-07-19 17:00,26.5,1.0,0.39,26.9,2.0,0.79,27.9,2.1,,27.2,3.1,0.76,27.125,2.05,0.6466666666666667
2025-07-19 18:00,25.5,0.8,0.16,26.3,2.9,0.52,28.0,3.3,,27.4,5.1,0.44,26.799999999999997,3.025,0.37333333333333335
2025-07-19 19:00,25.5,1.0,0.18,26.2,1.7,0.21,27.2,3.0,,27.3,3.1,0.58,26.55,2.2,0.3233333333333333
2025-07-19 20:00,24.9,1.9,0.09,24.6,3.0,0.07,26.4,2.5,,26.9,1.8,0.07,25.700000000000003,2.3000000000000003,0.07666666666666667
2025-07-19 21:00,24.6,1.0,,24.3,2.6,,26.2,3.6,,26.7,2.9,,25.450000000000003,2.525,0.0
2025-07-19 22:00,24.9,1.3,,24.9,2.8,,25.8,3.5,,26.3,2.2,,25.474999999999998,2.45,0.0
2025-07-19 23:00,24.9,1.7,,24.7,2.6,,25.3,2.9,,26.3,3.4,,25.299999999999997,2.65,0.0
2025-07-20 00:00,24.5,0.9,,24.1,2.6,,24.8,2.8,,26.1,2.4,,24.875,2.175,0.0
2025-07-20 01:00,24.3,0.6,,24.1,1.6,,24.6,3.3,,26.1,4.0,,24.775,2.375,0.0
2025-07-20 02:00,24.4,0.9,,23.9,1.9,,24.4,2.1,,25.9,1.4,,24.65,1.5750000000000002,0.0
2025-07-20 03:00,24.4,1.8,,24.1,2.1,,24.1,2.5,,25.6,1.4,,24.549999999999997,1.9500000000000002,0.0
2025-07-20 04:00,24.8,0.8,,24.0,2.3,,23.8,0.0,,25.5,2.2,,24.525,1.325,0.0
2025-07-20 05:00,23.9,0.0,,23.8,1.6,,23.6,0.0,,25.4,2.8,,24.175000000000004,1.1,0.0
2025-07-20 06:00,23.9,1.2,0.08,23.9,1.6,0.01,24.0,0.0,,25.5,2.4,0.0,24.325,1.2999999999999998,0.03
2025-07-20 07:00,24.8,0.7,0.46,24.5,1.3,0.16,24.7,0.0,,26.3,3.5,0.08,25.075,1.375,0.2333333333333333
2025-07-20 08:00,26.7,0.4,1.11,26.8,0.7,0.65,27.1,1.9,,27.5,4.1,1.0,27.025,1.775,0.92
2025-07-20 09:00,28.0,1.8,1.79,28.9,2.7,1.66,28.3,2.5,,28.6,3.7,1.81,28.450000000000003,2.675,1.7533333333333332
2025-07-20 10:00,29.6,1.4,2.43,30.0,3.7,2.16,29.4,2.7,,28.8,4.7,2.07,29.45,3.125,2.22
2025-07-20 11:00,29.9,3.3,3.2,31.0,2.1,2.84,30.6,2.6,,29.4,5.1,1.99,30.225,3.275,2.6766666666666663
2025-07-20 12:00,,,,31.6,4.3,3.13,30.8,2.5,,30.1,5.2,2.57,30.833333333333332,4.0,1.8999999999999997
2025-07-20 13:00,30.8,2.8,,32.3,2.5,3.06,32.2,1.8,,30.4,4.6,3.11,31.424999999999997,2.925,2.0566666666666666
2025-07-20 14:00,31.0,3.7,3.27,32.7,2.6,2.99,32.5,3.0,,30.1,4.0,2.14,31.575000000000003,3.325,2.8000000000000003
2025-07-20 15:00,31.5,3.1,3.16,33.6,3.2,3.06,33.3,3.4,,30.6,5.2,2.26,32.25,3.7250000000000005,2.8266666666666667
2025-07-20 16:00,29.7,2.1,1.39,34.2,2.4,2.86,33.0,2.9,,30.5,4.3,2.57,31.85,2.925,2.2733333333333334
2025-07-20 17:00,29.4,1.4,1.15,32.4,2.4,2.17,33.1,2.4,,30.1,5.3,2.24,31.25,2.875,1.8533333333333335
2025-07-20 18:00,28.9,2.8,0.58,31.9,2.7,1.1,30.3,2.3,,29.9,3.2,1.26,30.25,2.75,0.9800000000000001
2025-07-20 19:00,27.8,1.2,0.22,30.6,2.3,0.33,28.8,2.8,,28.7,4.4,0.71,28.975,2.675,0.42
2025-07-20 20:00,27.6,1.6,0.09,29.4,2.4,0.06,27.8,0.0,,27.6,3.5,0.11,28.1,1.875,0.08666666666666667
2025-07-20 21:00,27.0,0.9,,28.5,2.6,,26.6,0.0,,27.2,2.5,,27.325,1.5,0.0
2025-07-20 22:00,26.2,0.9,,27.8,1.2,,26.4,0.0,,26.9,3.0,,26.825000000000003,1.275,0.0
2025-07-20 23:00,26.5,1.5,,27.1,2.0,,26.1,0.0,,26.7,2.8,,26.6,1.575,0.0
2025-07-21 00:00,26.0,1.2,,26.8,2.3,,26.0,0.0,,26.7,3.0,,26.375,1.625,0.0
2025-07-21 01:00,26.3,1.6,,26.2,2.6,,25.4,2.0,,26.6,3.4,,26.125,2.4,0.0
2025-07-21 02:00,25.9,0.4,,26.2,1.7,,25.5,2.5,,26.4,2.2,,26.0,1.7,0.0
2025-07-21 03:00,26.3,1.5,,26.2,2.0,,25.9,1.8,,26.3,3.7,,26.175,2.25,0.0
2025-07-21 04:00,26.1,0.6,,26.3,2.1,,25.7,2.5,,26.1,3.5,,26.050000000000004,2.175,0.0
2025-07-21 05:00,26.2,1.8,,26.0,2.0,,25.3,0.3,,26.1,3.3,,25.9,1.8499999999999999,0.0
2025-07-21 06:00,26.0,2.0,0.08,26.1,1.1,0.02,24.5,0.0,,26.0,2.6,0.01,25.65,1.425,0.03666666666666667
2025-07-21 07:00,26.2,0.9,0.41,28.0,1.2,0.32,25.4,0.0,,26.9,2.6,0.36,26.625,1.175,0.3633333333333333
2025-07-21 08:00,27.9,2.2,1.21,28.8,1.9,1.03,27.9,0.0,,27.8,3.3,0.84,28.099999999999998,1.8499999999999999,1.0266666666666666
2025-07-21 09:00,29.3,2.5,1.95,29.5,0.7,1.02,29.6,2.6,,29.0,1.8,1.3,29.35,1.9000000000000001,1.4233333333333331
2025-07-21 10:00,30.3,2.1,1.82,30.9,1.3,1.66,30.8,2.5,,29.8,3.8,2.06,30.45,2.425,1.8466666666666667
2025-07-21 11:00,30.7,3.1,2.64,30.4,1.2,1.81,32.0,3.6,,29.4,3.2,1.34,30.625,2.7750000000000004,1.93
2025-07-21 12:00,30.6,0.9,1.92,32.2,1.8,2.69,30.8,3.2,,30.8,4.5,2.56,31.1,2.6,2.39
2025-07-21 13:00,28.3,3.7,2.47,32.8,2.1,2.92,31.3,4.4,,29.2,2.7,1.37,30.4,3.2250000000000005,2.2533333333333334
2025-07-21 14:00,25.9,0.6,0.55,30.3,4.2,1.67,31.4,4.6,,29.7,1.4,0.98,29.325,2.6999999999999997,1.0666666666666667
2025-07-21 15:00,26.2,0.9,0.6,29.0,2.0,0.72,31.5,4.9,,29.3,1.6,1.03,29.0,2.35,0.7833333333333332
2025-07-21 16:00,26.1,0.7,0.43,29.7,1.3,0.74,31.4,4.1,,28.9,1.6,0.7,29.025,1.9249999999999998,0.6233333333333333
2025-07-21 17:00,26.9,1.4,0.72,26.8,2.0,,31.6,4.9,,29.2,1.7,1.29,28.625000000000004,2.5,0.6699999999999999
2025-07-21 18:00,26.0,2.0,0.63,27.0,1.8,,29.8,3.3,,28.7,2.8,0.9,27.875,2.4749999999999996,0.51
2025-07-21 19:00,26.8,1.5,0.41,26.8,1.5,,28.8,2.9,,28.2,2.3,0.4,27.650000000000002,2.05,0.27
2025-07-21 20:00,25.5,1.2,0.15,26.2,1.9,,27.7,1.6,,27.9,1.5,0.14,26.825000000000003,1.5499999999999998,0.09666666666666668
2025-07-21 21:00,25.2,1.2,,25.9,1.6,,26.8,1.8,,27.2,2.3,,26.275,1.7249999999999999,0.0
2025-07-21 22:00,25.4,1.0,,25.5,1.7,,26.4,2.6,,26.9,2.5,,26.049999999999997,1.9500000000000002,0.0
2025-07-21 23:00,24.9,1.2,,25.3,1.5,,26.0,1.7,,26.7,2.4,,25.725,1.7000000000000002,0.0
2025-07-22 00:00,24.6,1.5,,25.1,1.9,,26.0,2.6,,26.4,2.1,,25.525,2.025,0.0
2025-07-22 01:00,24.5,0.5,,24.8,1.4,,25.9,2.6,,26.1,2.1,,25.324999999999996,1.65,0.0
2025-07-22 02:00,24.1,1.0,,24.8,1.6,,25.4,2.9,,25.7,1.8,,25.000000000000004,1.825,0.0
2025-07-22 03:00,23.9,0.8,,24.7,1.2,,25.1,2.4,,25.3,1.1,,24.749999999999996,1.375,0.0
2025-07-22 04:00,23.6,0.3,,24.5,1.2,,24.8,0.0,,25.3,0.1,,24.55,0.4,0.0
2025-07-22 05:00,23.4,0.5,,24.2,2.0,,24.3,0.0,,25.3,3.2,,24.299999999999997,1.425,0.0
2025-07-22 06:00,23.5,0.0,0.07,24.2,2.2,0.02,24.1,0.0,,25.3,2.8,0.01,24.275000000000002,1.25,0.03333333333333333
2025-07-22 07:00,24.4,0.1,0.47,26.4,2.4,0.41,26.1,2.2,,26.2,2.4,0.34,25.775000000000002,1.775,0.4066666666666667
2025-07-22 08:00,26.4,0.4,1.17,28.9,1.0,1.07,27.9,0.0,,27.6,1.4,0.99,27.699999999999996,0.7,1.0766666666666669
2025-07-22 09:00,28.2,0.3,1.88,29.9,1.6,1.76,30.1,0.0,,28.5,3.8,1.65,29.174999999999997,1.425,1.763333333333333
2025-07-22 10:00,29.5,2.2,1.77,31.1,2.2,2.43,30.7,2.2,,29.3,1.9,2.18,30.15,2.125,2.126666666666667
2025-07-22 11:00,29.7,1.5,2.49,31.2,1.0,2.17,31.3,1.9,,30.2,2.2,2.39,30.6,1.6500000000000001,2.35
2025-07-22 12:00,30.3,1.0,1.7,31.5,0.9,2.34,31.8,2.5,,31.0,1.8,2.51,31.15,1.55,2.183333333333333
2025-07-22 13:00,31.2,2.3,3.0,31.6,2.3,1.97,30.7,3.2,,31.7,2.3,2.82,31.3,2.525,2.5966666666666662
2025-07-22 14:00,32.1,1.3,2.79,31.0,1.7,1.74,30.8,4.2,,31.1,3.7,2.44,31.25,2.725,2.3233333333333337
2025-07-22 15:00,32.7,2.6,2.67,33.3,2.1,2.96,31.2,3.8,,31.8,4.3,3.28,32.25,3.2,2.97
2025-07-22 16:00,32.4,1.1,2.14,32.8,0.6,1.51,31.1,4.3,,32.2,4.1,2.58,32.125,2.525,2.0766666666666667
2025-07-22 17:00,31.6,2.4,1.27,32.0,2.8,1.79,31.1,4.2,,31.9,4.0,2.16,31.65,3.3499999999999996,1.7400000000000002
2025-07-22 18:00,30.7,2.3,0.9,33.0,2.2,1.46,30.2,3.5,,31.1,2.1,1.18,31.25,2.525,1.18
2025-07-22 19:00,29.7,1.3,0.3,30.2,2.5,0.71,28.6,3.6,,30.0,2.8,0.3,29.625,2.55,0.4366666666666667
2025-07-22 20:00,29.5,0.9,0.08,28.7,2.6,0.07,27.7,2.0,,28.4,1.3,0.05,28.575000000000003,1.7,0.06666666666666667
2025-07-22 21:00,29.1,0.3,,28.0,2.2,,26.9,0.6,,28.1,1.0,,28.025,1.025,0.0
2025-07-22 22:00,28.2,0.0,,27.5,1.8,,26.8,0.6,,27.2,1.0,,27.425,0.85,0.0
2025-07-22 23:00,27.7,0.0,,27.3,1.3,,26.1,0.0,,27.1,0.0,,27.049999999999997,0.325,0.0
2025-07-23 00:00,27.4,0.5,,27.1,1.4,,25.7,0.0,,26.6,0.0,,26.700000000000003,0.475,0.0
2025-07-23 01:00,26.7,0.7,,26.5,0.0,,25.6,0.1,,26.4,0.0,,26.300000000000004,0.19999999999999998,0.0
2025-07-23 02:00,26.4,0.5,,26.2,1.1,,24.9,0.0,,25.6,0.3,,25.775,0.47500000000000003,0.0
2025-07-23 03:00,25.7,0.3,,25.9,1.2,,24.4,0.0,,25.4,0.3,,25.35,0.45,0.0
2025-07-23 04:00,25.1,0.0,,25.4,1.0,,24.2,0.0,,24.9,0.0,,24.9,0.25,0.0
2025-07-23 05:00,25.1,0.5,,25.2,1.2,,24.6,0.8,,24.6,0.8,,24.875,0.825,0.0
2025-07-23 06:00,24.7,0.1,0.07,25.2,1.4,0.01,24.7,0.0,,24.4,0.0,0.01,24.75,0.375,0.03
2025-07-23 07:00,25.3,0.0,0.42,25.6,1.3,0.22,25.4,0.0,,25.1,1.0,0.35,25.35,0.575,0.33
2025-07-23 08:00,27.0,0.0,1.08,27.5,0.3,0.67,27.5,0.0,,26.6,1.7,1.01,27.15,0.5,0.9199999999999999
2025-07-23 09:00,28.6,0.9,1.9,29.5,1.2,1.38,29.4,1.8,,28.4,1.9,1.77,28.975,1.4500000000000002,1.6833333333333333
2025-07-23 10:00,30.0,0.9,2.65,30.9,1.8,2.16,30.0,1.8,,29.8,2.6,2.44,30.175,1.775,2.4166666666666665
2025-07-23 11:00,30.9,0.6,2.5,31.9,1.4,2.85,31.0,2.5,,29.8,2.5,2.15,30.9,1.75,2.5
2025-07-23 12:00,30.7,0.6,1.76,32.8,2.4,3.2,31.7,2.4,,31.0,2.4,2.5,31.55,1.9500000000000002,2.486666666666667
2025-07-23 13:00,32.1,0.9,3.16,32.7,1.6,2.04,32.6,2.5,,31.4,2.6,2.78,32.2,1.9,2.66
2025-07-23 14:00,33.2,0.5,3.05,33.6,2.4,2.01,32.6,3.3,,31.6,4.0,3.64,32.75,2.55,2.9
2025-07-23 15:00,32.8,1.2,1.64,33.1,2.4,2.61,30.7,4.5,,31.5,3.9,3.08,32.025000000000006,3.0,2.4433333333333334
2025-07-23 16:00,32.8,0.9,1.39,32.5,2.6,1.08,32.7,2.6,,31.9,3.3,2.17,32.475,2.3499999999999996,1.5466666666666666
2025-07-23 17:00,33.1,0.8,1.8,33.1,2.0,0.99,32.3,3.2,,32.0,2.4,1.86,32.625,2.1,1.55
2025-07-23 18:00,31.7,1.0,0.76,32.2,3.2,0.67,31.2,2.6,,31.1,3.3,1.4,31.550000000000004,2.5250000000000004,0.9433333333333334
2025-07-23 19:00,30.9,1.1,0.52,31.5,2.3,0.39,29.6,2.5,,29.0,3.1,0.54,30.25,2.25,0.4833333333333334
2025-07-23 20:00,29.4,0.8,0.18,29.8,2.9,0.04,28.4,2.1,,28.1,2.2,0.1,28.924999999999997,2.0,0.10666666666666667
2025-07-23 21:00,29.0,0.9,,28.4,3.5,,27.5,0.4,,27.4,1.8,,28.075000000000003,1.6500000000000001,0.0
2025-07-23 22:00,28.6,1.0,,27.8,2.5,,26.8,0.0,,26.9,0.5,,27.525,1.0,0.0
2025-07-23 23:00,27.6,0.6,,27.7,2.3,,26.3,0.0,,26.4,0.0,,27.0,0.725,0.0
2025-07-24 00:00,26.8,1.3,,27.3,1.4,,26.2,0.1,,25.8,0.0,,26.525,0.7000000000000001,0.0
2025-07-24 01:00,26.6,0.9,,26.9,0.7,,25.9,0.5,,25.1,0.3,,26.125,0.6,0.0
2025-07-24 02:00,26.5,0.1,,26.6,1.0,,25.4,1.0,,25.2,0.9,,25.925,0.75,0.0
2025-07-24 03:00,26.1,0.0,,26.1,0.2,,25.2,0.0,,24.8,0.7,,25.55,0.22499999999999998,0.0
2025-07-24 04:00,25.5,0.0,,26.0,1.2,,25.0,0.0,,24.5,0.9,,25.25,0.525,0.0
2025-07-24 05:00,25.6,0.2,,25.6,1.2,,24.8,0.0,,24.3,1.8,,25.075,0.8,0.0
2025-07-24 06:00,25.2,0.3,0.08,25.2,1.6,0.01,24.5,0.0,,24.4,0.9,0.01,24.825000000000003,0.7000000000000001,0.03333333333333333
2025-07-24 07:00,25.6,0.2,0.4,26.8,0.7,0.33,25.4,0.6,,25.4,0.2,0.27,25.800000000000004,0.425,0.3333333333333333
2025-07-24 08:00,27.5,0.5,1.1,28.6,0.6,0.86,27.6,1.0,,27.2,0.6,0.97,27.725,0.675,0.9766666666666666
2025-07-24 09:00,29.0,1.1,1.85,30.6,0.7,1.7,29.6,0.9,,28.0,2.4,1.71,29.3,1.275,1.7533333333333332
2025-07-24 10:00,30.6,2.2,2.54,31.7,1.8,2.37,29.8,1.0,,29.8,2.3,2.46,30.474999999999998,1.825,2.4566666666666666
2025-07-24 11:00,31.8,1.1,3.14,32.5,2.0,2.91,31.1,1.5,,30.8,3.5,2.66,31.55,2.025,2.9033333333333338
2025-07-24 12:00,32.7,1.5,3.34,32.5,1.8,3.03,32.0,2.5,,31.6,2.9,3.31,32.2,2.175,3.2266666666666666
2025-07-24 13:00,33.7,1.7,3.6,34.0,1.6,3.03,33.2,2.7,,32.1,3.0,3.32,33.25,2.25,3.3166666666666664
2025-07-24 14:00,33.1,1.0,2.93,34.9,1.5,3.21,33.8,1.7,,32.2,3.6,3.43,33.5,1.9500000000000002,3.19
2025-07-24 15:00,33.5,1.2,2.18,34.1,2.4,2.49,34.1,1.6,,32.6,2.9,3.16,33.574999999999996,2.025,2.61
2025-07-24 16:00,32.7,0.5,1.14,34.5,1.3,1.86,33.1,3.2,,32.3,3.2,2.64,33.150000000000006,2.05,1.8800000000000001
2025-07-24 17:00,34.3,0.4,1.58,34.1,1.3,1.23,32.6,3.4,,31.2,3.2,1.92,33.05,2.075,1.5766666666666669
2025-07-24 18:00,34.1,0.6,0.96,33.8,1.7,0.62,32.2,2.5,,30.8,3.2,1.2,32.725,2.0,0.9266666666666667
2025-07-24 19:00,31.8,1.3,0.36,32.2,2.7,0.31,31.1,2.2,,30.0,4.0,0.55,31.275,2.55,0.4066666666666667
2025-07-24 20:00,30.3,1.7,0.09,30.5,1.6,0.05,29.6,0.8,,28.5,3.4,0.08,29.725,1.875,0.07333333333333335
2025-07-24 21:00,30.1,2.1,,29.7,2.2,,28.3,0.0,,27.8,1.7,,28.974999999999998,1.5000000000000002,0.0
2025-07-24 22:00,29.1,1.7,,29.4,1.2,,27.7,0.0,,27.3,1.4,,28.375,1.075,0.0
2025-07-24 23:00,28.7,0.7,,28.8,1.0,,27.0,0.0,,26.8,0.0,,27.825,0.425,0.0
2025-07-25 00:00,27.9,0.8,,27.3,0.9,,26.7,0.0,,26.4,0.0,,27.075000000000003,0.42500000000000004,0.0
2025-07-25 01:00,27.8,0.1,,26.8,1.6,,26.7,1.1,,25.8,0.7,,26.775,0.875,0.0
2025-07-25 02:00,26.7,0.0,,26.5,0.9,,26.1,0.2,,25.4,1.7,,26.175000000000004,0.7,0.0
2025-07-25 03:00,26.6,0.8,,26.2,1.2,,25.5,1.6,,25.4,1.3,,25.924999999999997,1.225,0.0
2025-07-25 04:00,25.6,0.4,,25.1,0.7,,25.3,0.2,,25.7,1.2,,25.425,0.625,0.0
2025-07-25 05:00,25.9,0.9,,25.2,0.7,,25.1,1.7,,25.4,1.6,,25.4,1.225,0.0
2025-07-25 06:00,24.9,1.4,0.07,25.0,1.7,0.02,25.0,2.1,,25.4,1.0,0.01,25.075000000000003,1.5499999999999998,0.03333333333333333
2025-07-25 07:00,25.3,1.5,0.44,26.8,1.9,0.38,26.0,0.0,,26.3,1.1,0.33,26.099999999999998,1.125,0.38333333333333336
2025-07-25 08:00,27.8,0.1,1.13,29.2,0.9,1.05,28.0,0.8,,28.0,1.3,1.02,28.25,0.775,1.0666666666666667
2025-07-25 09:00,29.6,1.1,1.85,30.8,1.2,1.75,29.6,1.4,,29.1,1.9,1.75,29.775,1.4,1.7833333333333332
2025-07-25 10:00,30.8,1.3,2.52,32.1,1.7,2.4,31.3,1.2,,30.7,2.0,2.41,31.225,1.55,2.4433333333333334
2025-07-25 11:00,32.3,1.0,3.03,34.0,0.6,2.92,31.7,2.0,,31.6,2.7,2.9,32.4,1.5750000000000002,2.9499999999999997
2025-07-25 12:00,33.8,0.8,3.27,34.3,1.7,3.28,32.5,1.5,,32.9,3.6,3.26,33.375,1.9,3.2699999999999996
2025-07-25 13:00,34.8,1.7,3.69,34.7,3.2,3.38,33.4,1.8,,33.8,3.0,3.42,34.175,2.425,3.4966666666666666
2025-07-25 14:00,35.3,1.7,3.13,35.1,2.4,3.36,34.3,2.2,,32.6,2.3,1.56,34.325,2.15,2.6833333333333336
2025-07-25 15:00,34.1,2.0,2.58,34.2,2.1,2.17,33.8,3.2,,32.5,2.2,1.13,33.650000000000006,2.375,1.96
2025-07-25 16:00,34.5,1.3,1.89,35.5,2.8,2.35,33.1,2.7,,31.4,3.3,0.62,33.625,2.525,1.62
2025-07-25 17:00,33.1,1.7,1.18,34.1,2.0,0.91,33.0,3.1,,32.0,2.2,1.01,33.05,2.25,1.0333333333333332
2025-07-25 18:00,32.7,1.0,0.68,34.2,1.3,0.54,32.8,2.2,,31.6,2.6,1.25,32.825,1.775,0.8233333333333334
2025-07-25 19:00,31.7,1.8,0.23,34.7,1.0,0.53,31.7,2.0,,30.9,2.4,0.6,32.25,1.7999999999999998,0.4533333333333333
2025-07-25 20:00,30.8,2.1,0.08,33.1,2.0,0.06,30.1,2.0,,29.5,0.9,0.08,30.875,1.75,0.07333333333333335
2025-07-25 21:00,30.6,2.5,,31.4,1.4,,28.8,1.6,,28.5,1.2,,29.825,1.675,0.0
2025-07-25 22:00,29.3,1.7,,30.5,1.4,,28.2,1.2,,28.5,0.2,,29.125,1.125,0.0
2025-07-25 23:00,29.1,1.3,,29.2,1.4,,27.5,2.0,,27.3,0.5,,28.275,1.3,0.0
2025-07-26 00:00,28.0,1.7,,28.1,1.8,,27.1,2.4,,27.4,1.0,,27.65,1.725,0.0
2025-07-26 01:00,27.9,1.3,,27.5,1.8,,26.7,2.7,,27.2,2.4,,27.325,2.0500000000000003,0.0
2025-07-26 02:00,27.3,0.9,,26.5,2.1,,26.7,2.4,,27.0,2.1,,26.875,1.875,0.0
2025-07-26 03:00,26.3,1.6,,26.3,2.0,,26.4,1.3,,26.9,1.1,,26.475,1.5,0.0
2025-07-26 04:00,26.6,1.0,,25.9,2.0,,25.8,0.0,,26.5,1.9,,26.2,1.225,0.0
2025-07-26 05:00,25.7,2.3,,25.6,1.6,,25.3,0.0,,26.0,1.9,,25.65,1.45,0.0
2025-07-26 06:00,25.4,2.2,0.08,25.7,1.7,0.02,24.8,0.0,,26.1,0.5,0.01,25.5,1.1,0.03666666666666667
2025-07-26 07:00,26.1,1.8,0.44,27.8,0.9,0.38,26.7,0.0,,27.2,0.8,0.34,26.950000000000003,0.875,0.3866666666666667
2025-07-26 08:00,28.0,1.6,1.17,30.0,1.5,1.06,29.0,0.9,,28.6,2.5,1.04,28.9,1.625,1.09
2025-07-26 09:00,29.8,2.3,1.9,31.7,1.1,1.72,29.3,1.8,,29.6,1.9,1.75,30.1,1.775,1.79
2025-07-26 10:00,31.2,0.7,2.54,32.0,1.8,2.26,30.3,1.9,,31.0,2.7,2.41,31.125,1.7750000000000001,2.4033333333333333
2025-07-26 11:00,32.2,1.7,3.12,33.1,2.0,2.95,31.9,1.7,,31.7,3.0,2.93,32.225,2.1,3.0
2025-07-26 12:00,33.3,1.6,3.46,34.9,1.3,3.31,32.8,2.6,,32.6,3.9,3.22,33.4,2.35,3.33
2025-07-26 13:00,33.3,2.2,3.34,35.0,1.7,3.23,33.2,2.8,,33.5,2.9,3.3,33.75,2.4,3.2900000000000005
2025-07-26 14:00,35.2,2.0,3.57,35.3,2.1,2.3,34.2,2.5,,34.4,2.0,3.44,34.775,2.15,3.103333333333333
2025-07-26 15:00,34.8,1.9,2.36,36.5,2.6,2.83,34.6,3.2,,33.7,1.0,1.96,34.900000000000006,2.175,2.3833333333333333
2025-07-26 16:00,34.8,1.9,2.32,35.7,3.3,1.58,35.5,2.8,,32.8,1.7,1.44,34.7,2.425,1.78
2025-07-26 17:00,34.7,1.4,1.95,33.9,2.1,0.53,33.7,2.6,,33.3,0.5,0.88,33.9,1.65,1.1199999999999999
2025-07-26 18:00,33.5,1.9,1.1,34.8,3.0,0.72,32.9,2.0,,33.0,2.5,0.65,33.55,2.35,0.8233333333333334
2025-07-26 19:00,32.8,1.3,0.48,33.9,3.0,0.41,31.5,1.1,,32.4,1.0,0.48,32.65,1.6,0.4566666666666666
2025-07-26 20:00,31.7,1.3,0.1,32.6,2.8,0.05,30.2,0.0,,30.1,0.5,0.07,31.15,1.15,0.07333333333333335
2025-07-26 21:00,30.8,1.3,,31.4,2.6,,29.1,0.0,,29.1,1.0,,30.1,1.225,0.0
2025-07-26 22:00,30.2,0.9,,30.6,1.4,,29.9,0.3,,28.6,1.4,,29.824999999999996,0.9999999999999999,0.0
2025-07-26 23:00,29.0,1.8,,29.6,2.6,,30.1,2.6,,28.6,0.9,,29.325000000000003,1.975,0.0
2025-07-27 00:00,29.1,1.5,,29.2,2.6,,29.1,2.0,,28.5,2.1,,28.975,2.05,0.0
2025-07-27 01:00,28.3,2.0,,28.9,2.6,,27.5,1.4,,28.0,1.3,,28.175,1.825,0.0
2025-07-27 02:00,27.6,2.1,,28.0,1.6,,28.6,2.6,,27.8,2.4,,28.0,2.1750000000000003,0.0
2025-07-27 03:00,27.0,2.1,,27.7,2.1,,28.6,2.9,,27.6,2.6,,27.725,2.425,0.0
2025-07-27 04:00,27.0,2.4,,27.2,1.8,,28.0,2.6,,27.3,2.1,,27.375,2.225,0.0
2025-07-27 05:00,26.8,1.3,,26.5,2.0,,26.6,0.8,,27.1,2.6,,26.75,1.6749999999999998,0.0
2025-07-27 06:00,26.3,1.2,0.07,26.8,1.8,0.01,25.9,1.9,,27.1,3.1,0.0,26.525,2.0,0.02666666666666667
2025-07-27 07:00,26.7,1.0,0.45,29.0,1.6,0.38,27.3,1.1,,27.9,1.4,0.35,27.725,1.275,0.39333333333333337
2025-07-27 08:00,28.6,1.7,1.16,30.9,1.1,1.05,29.2,0.1,,28.9,2.8,1.04,29.4,1.4249999999999998,1.0833333333333333
2025-07-27 09:00,29.9,1.0,1.88,32.6,1.0,1.75,31.1,1.0,,29.9,2.4,1.76,30.875,1.35,1.7966666666666666
2025-07-27 10:00,31.4,1.5,2.53,33.4,1.2,2.39,31.9,1.7,,31.3,2.3,2.43,31.999999999999996,1.675,2.4499999999999997
2025-07-27 11:00,32.4,1.4,3.03,33.5,1.5,2.9,32.6,1.8,,32.3,1.8,2.95,32.7,1.625,2.9599999999999995
2025-07-27 12:00,32.9,1.2,3.29,34.9,2.7,3.28,33.4,2.6,,33.5,1.8,3.32,33.675,2.075,3.296666666666667
2025-07-27 13:00,34.3,2.7,3.53,34.7,1.4,2.62,34.0,2.2,,33.1,1.1,2.44,34.025,1.85,2.8633333333333333
2025-07-27 14:00,35.0,2.0,3.56,35.3,1.6,2.29,34.7,2.5,,33.4,2.2,2.28,34.6,2.075,2.7099999999999995
2025-07-27 15:00,34.9,1.5,3.07,37.1,1.8,3.26,34.8,2.6,,34.0,2.6,2.33,35.2,2.125,2.8866666666666667
2025-07-27 16:00,34.2,1.4,2.04,36.9,2.2,2.35,34.9,3.1,,34.8,2.0,2.29,35.2,2.175,2.226666666666667
2025-07-27 17:00,34.7,2.5,1.48,36.7,2.7,2.23,34.2,3.8,,33.4,3.3,1.71,34.75,3.075,1.8066666666666666
2025-07-27 18:00,33.8,3.0,1.17,35.9,1.7,0.95,33.6,2.5,,33.1,3.3,1.09,34.099999999999994,2.625,1.07
2025-07-27 19:00,32.6,2.6,0.47,33.5,1.2,0.13,32.6,2.6,,32.1,2.5,0.6,32.699999999999996,2.225,0.39999999999999997
2025-07-27 20:00,31.0,2.6,0.11,31.2,2.9,0.01,30.6,3.0,,29.5,2.2,0.08,30.575000000000003,2.675,0.06666666666666667
2025-07-27 21:00,30.0,0.3,,30.2,3.2,,27.5,0.5,,28.8,0.8,,29.125,1.2,0.0
2025-07-27 22:00,29.5,1.0,,29.6,0.9,,26.5,0.6,,28.5,0.3,,28.525,0.7,0.0
2025-07-27 23:00,29.1,2.1,,29.4,0.8,,26.6,0.6,,29.1,3.3,,28.549999999999997,1.7000000000000002,0.0
2025-07-28 00:00,28.5,0.3,,28.9,0.5,,26.0,2.4,,28.5,1.6,,27.975,1.2000000000000002,0.0
2025-07-28 01:00,28.8,0.8,,28.6,0.7,,26.0,1.4,,27.4,1.1,,27.700000000000003,1.0,0.0
2025-07-28 02:00,27.5,2.0,,28.2,1.0,,25.9,1.9,,26.8,1.2,,27.099999999999998,1.5250000000000001,0.0
2025-07-28 03:00,27.2,1.0,,27.9,0.9,,26.1,0.9,,27.0,2.5,,27.049999999999997,1.325,0.0
2025-07-28 04:00,26.6,0.9,,27.3,1.4,,25.8,0.3,,27.0,1.3,,26.675,0.9749999999999999,0.0
2025-07-28 05:00,26.6,0.9,,27.0,1.5,,25.6,0.9,,26.9,2.0,,26.525,1.325,0.0
2025-07-28 06:00,25.9,0.7,0.07,26.8,1.5,0.01,25.4,1.6,,26.7,2.2,0.0,26.2,1.5,0.02666666666666667
2025-07-28 07:00,26.6,0.7,0.43,28.4,0.7,0.35,26.9,0.7,,27.7,1.3,0.34,27.400000000000002,0.8499999999999999,0.37333333333333335
2025-07-28 08:00,28.6,0.9,1.14,30.5,0.4,1.0,29.5,0.9,,29.2,1.4,1.04,29.45,0.9,1.0599999999999998
2025-07-28 09:00,29.9,0.5,1.7,31.4,0.5,1.23,30.4,1.2,,30.4,1.6,1.76,30.525,0.9500000000000001,1.5633333333333332
2025-07-28 10:00,31.9,0.6,2.52,32.7,1.1,2.11,31.0,2.1,,31.6,2.7,2.43,31.799999999999997,1.625,2.3533333333333335
2025-07-28 11:00,32.7,0.9,3.06,32.7,1.6,2.3,31.7,3.7,,32.5,2.1,2.94,32.400000000000006,2.075,2.766666666666666
2025-07-28 12:00,33.8,1.9,3.5,33.1,2.3,2.22,32.0,3.6,,32.7,2.9,3.28,32.900000000000006,2.675,3.0
2025-07-28 13:00,33.6,2.0,2.34,34.3,2.0,2.67,32.2,3.7,,33.3,3.1,3.47,33.35,2.7,2.8266666666666667
2025-07-28 14:00,34.0,2.2,2.84,34.9,2.7,2.96,31.8,4.6,,33.1,4.1,3.45,33.45,3.4,3.0833333333333335
2025-07-28 15:00,34.5,2.1,2.87,35.0,2.8,2.39,31.9,4.5,,32.9,5.1,3.23,33.575,3.625,2.83
2025-07-28 16:00,34.8,1.6,2.4,34.5,3.6,2.15,31.5,4.2,,32.4,5.2,2.66,33.3,3.6500000000000004,2.4033333333333333
2025-07-28 17:00,34.1,1.4,2.0,33.8,4.4,2.01,30.9,4.5,,32.1,5.3,2.02,32.725,3.9000000000000004,2.01
2025-07-28 18:00,33.2,1.7,0.67,32.5,3.4,1.11,31.3,3.1,,30.7,5.7,1.32,31.925,3.4749999999999996,1.0333333333333334
2025-07-28 19:00,27.6,4.5,0.56,31.7,2.1,0.54,30.5,2.3,,29.7,5.0,0.61,29.875,3.4749999999999996,0.57
2025-07-28 20:00,25.8,1.9,0.15,30.2,2.5,0.07,29.3,2.0,,28.8,3.7,0.08,28.525,2.5250000000000004,0.09999999999999999
2025-07-28 21:00,25.2,1.6,,29.4,2.8,,28.3,1.0,,28.4,3.4,,27.824999999999996,2.2,0.0
2025-07-28 22:00,25.7,0.8,,29.0,0.9,,27.5,2.1,,28.1,2.6,,27.575000000000003,1.6,0.0
2025-07-28 23:00,25.7,0.7,,28.9,1.0,,27.1,2.3,,27.7,2.4,,27.349999999999998,1.6,0.0
2025-07-29 00:00,25.7,1.0,,27.7,1.7,,26.6,1.5,,27.3,0.8,,26.825,1.25,0.0
2025-07-29 01:00,25.5,0.1,,27.2,2.1,,26.2,0.0,,26.7,1.6,,26.400000000000002,0.9500000000000001,0.0
2025-07-29 02:00,26.1,0.6,,27.1,1.1,,26.2,0.0,,26.9,1.2,,26.575000000000003,0.7250000000000001,0.0
2025-07-29 03:00,25.5,0.0,,26.9,1.0,,25.7,0.0,,26.5,1.2,,26.15,0.55,0.0
2025-07-29 04:00,25.3,0.1,,26.3,0.5,,25.4,0.0,,26.1,2.1,,25.775,0.675,0.0
2025-07-29 05:00,25.4,0.1,,26.2,1.2,,25.6,0.5,,25.9,3.4,,25.775,1.3,0.0
2025-07-29 06:00,24.9,1.3,0.07,25.9,1.4,0.01,25.0,0.0,,25.4,1.4,0.0,25.299999999999997,1.025,0.02666666666666667
2025-07-29 07:00,25.8,0.4,0.42,28.0,1.6,0.34,26.3,0.0,,26.5,0.9,0.35,26.65,0.725,0.36999999999999994
2025-07-29 08:00,27.1,0.4,1.14,30.5,0.5,1.0,28.5,2.3,,28.4,2.0,1.05,28.625,1.2999999999999998,1.0633333333333332
2025-07-29 09:00,29.0,0.5,1.91,31.7,1.1,1.72,30.5,1.7,,29.7,2.4,1.79,30.225,1.4249999999999998,1.8066666666666666
2025-07-29 10:00,30.3,1.4,2.56,32.8,1.1,2.36,31.8,1.8,,30.4,2.9,2.46,31.324999999999996,1.7999999999999998,2.46
2025-07-29 11:00,31.7,1.7,3.09,34.0,1.0,2.99,32.0,2.4,,32.0,2.6,3.01,32.425,1.9249999999999998,3.03
2025-07-29 12:00,32.8,0.8,3.45,33.3,2.1,3.19,32.7,2.3,,32.9,2.0,3.36,32.925,1.8,3.3333333333333335
2025-07-29 13:00,33.8,1.6,3.55,35.3,1.0,2.54,32.5,3.5,,33.2,2.0,3.31,33.7,2.025,3.1333333333333333
2025-07-29 14:00,34.1,1.5,3.54,34.2,2.6,1.61,32.7,3.1,,34.4,2.0,3.58,33.85,2.3,2.91
2025-07-29 15:00,34.8,1.0,2.7,35.0,1.9,1.98,32.5,4.0,,34.1,1.2,2.59,34.1,2.025,2.4233333333333333
2025-07-29 16:00,34.2,1.6,1.96,36.1,1.2,1.76,31.9,3.8,,33.9,2.6,2.05,34.025000000000006,2.3,1.9233333333333331
2025-07-29 17:00,34.3,2.5,1.85,36.0,2.2,1.47,31.4,3.9,,32.9,3.4,1.88,33.65,3.0,1.7333333333333334
2025-07-29 18:00,33.3,2.6,1.21,34.7,3.1,1.22,30.5,2.9,,31.2,4.1,1.1,32.425,3.175,1.1766666666666665
2025-07-29 19:00,31.4,2.5,0.44,33.0,2.4,0.67,30.1,2.9,,30.3,1.8,0.27,31.2,2.4000000000000004,0.46
2025-07-29 20:00,30.3,2.1,0.1,30.8,2.0,0.07,28.5,3.1,,28.6,1.7,0.07,29.549999999999997,2.2249999999999996,0.08
2025-07-29 21:00,29.7,2.2,,29.6,1.7,,28.1,1.9,,28.2,1.4,,28.900000000000002,1.8000000000000003,0.0
2025-07-29 22:00,29.1,1.3,,28.8,3.0,,27.7,1.3,,27.6,0.4,,28.300000000000004,1.5,0.0
2025-07-29 23:00,28.3,1.3,,28.5,2.2,,27.7,1.3,,26.9,1.7,,27.85,1.625,0.0
2025-07-30 00:00,28.0,0.7,,28.2,1.2,,27.4,0.7,,26.4,1.3,,27.5,0.9749999999999999,0.0
2025-07-30 01:00,26.9,1.2,,27.7,1.5,,26.9,1.6,,26.4,1.7,,26.975,1.5000000000000002,0.0
2025-07-30 02:00,26.3,0.9,,27.4,0.7,,26.7,2.1,,26.3,2.3,,26.675,1.5,0.0
2025-07-30 03:00,26.3,0.7,,27.0,1.3,,26.4,1.3,,26.2,2.0,,26.474999999999998,1.325,0.0
2025-07-30 04:00,25.4,0.4,,26.4,1.0,,25.9,0.8,,25.5,1.4,,25.799999999999997,0.9,0.0
2025-07-30 05:00,25.4,1.2,,26.0,1.7,,25.5,1.1,,25.2,1.9,,25.525000000000002,1.475,0.0
2025-07-30 06:00,24.7,1.3,0.08,25.7,1.5,0.01,25.6,0.7,,25.1,2.3,0.01,25.275,1.45,0.03333333333333333
2025-07-30 07:00,25.3,0.8,0.51,27.5,1.4,0.34,27.1,0.7,,25.8,2.2,0.24,26.425,1.2750000000000001,0.36333333333333334
2025-07-30 08:00,26.5,1.0,0.9,29.6,0.8,1.07,28.5,2.3,,27.4,2.2,1.04,28.0,1.575,1.0033333333333334
2025-07-30 09:00,28.4,1.4,1.92,31.2,0.6,1.63,29.9,1.3,,28.4,2.2,1.45,29.475,1.375,1.6666666666666667
2025-07-30 10:00,30.2,1.0,2.59,32.1,2.0,2.4,30.7,2.6,,30.4,2.4,2.46,30.85,2.0,2.4833333333333334
2025-07-30 11:00,31.5,2.0,3.11,32.3,1.9,2.67,31.5,2.5,,31.8,2.2,2.96,31.775,2.1500000000000004,2.9133333333333327
2025-07-30 12:00,32.5,2.5,3.48,33.9,2.9,3.11,32.2,2.2,,32.0,2.6,2.98,32.650000000000006,2.5500000000000003,3.19
2025-07-30 13:00,33.6,2.3,3.65,34.3,2.5,3.19,33.0,2.3,,32.6,4.0,2.9,33.375,2.775,3.2466666666666666
2025-07-30 14:00,33.2,2.5,3.37,35.4,2.4,3.07,34.0,1.4,,33.0,3.3,1.99,33.9,2.4000000000000004,2.81
2025-07-30 15:00,33.7,2.3,2.18,36.0,2.9,2.77,34.6,1.9,,32.5,2.7,1.81,34.2,2.45,2.2533333333333334
2025-07-30 16:00,32.6,1.5,1.44,35.0,2.9,2.02,34.3,1.8,,31.7,2.7,1.54,33.4,2.225,1.6666666666666667
2025-07-30 17:00,31.0,2.0,0.93,34.0,2.1,1.02,32.7,2.2,,32.0,1.3,1.35,32.425,1.9,1.1
2025-07-30 18:00,31.0,3.3,0.52,33.2,1.8,0.57,31.3,2.7,,30.8,4.6,1.06,31.575,3.0999999999999996,0.7166666666666667
2025-07-30 19:00,29.8,3.0,0.31,32.2,1.5,0.2,30.1,1.3,,29.4,3.2,0.37,30.375,2.25,0.29333333333333333
2025-07-30 20:00,29.0,1.9,0.07,31.1,1.7,0.02,29.5,0.0,,28.7,2.7,0.05,29.575,1.575,0.04666666666666667
2025-07-30 21:00,28.1,1.8,,30.3,1.9,,28.9,0.0,,28.1,3.5,,28.85,1.8,0.0
2025-07-30 22:00,28.0,2.2,,29.7,1.1,,28.5,1.8,,27.9,2.7,,28.525,1.9500000000000002,0.0
2025-07-30 23:00,27.7,0.8,,28.7,2.0,,28.0,2.3,,27.8,1.7,,28.05,1.7,0.0
2025-07-31 00:00,27.7,1.2,,28.1,1.7,,27.7,2.6,,27.4,1.7,,27.725,1.8,0.0
2025-07-31 01:00,27.0,1.1,,28.0,1.8,,27.3,1.7,,27.4,3.2,,27.424999999999997,1.9500000000000002,0.0
2025-07-31 02:00,27.0,1.2,,27.6,2.3,,26.5,1.2,,27.3,2.3,,27.099999999999998,1.75,0.0
2025-07-31 03:00,26.7,1.4,,27.1,1.5,,26.1,1.6,,27.3,1.5,,26.8,1.5,0.0
2025-07-31 04:00,26.1,1.3,,26.7,1.1,,25.8,1.2,,27.4,3.1,,26.5,1.6750000000000003,0.0
2025-07-31 05:00,26.4,1.0,,26.2,0.8,,25.4,0.6,,26.9,1.2,,26.225,0.8999999999999999,0.0
2025-07-31 06:00,26.1,0.7,0.06,25.8,0.9,0.0,25.3,0.0,,26.9,1.5,0.0,26.025,0.775,0.02
2025-07-31 07:00,26.2,1.6,0.24,25.9,1.0,0.16,25.1,1.1,,27.4,1.9,0.3,26.15,1.4,0.2333333333333333
2025-07-31 08:00,27.9,1.1,1.05,27.0,2.2,0.55,26.4,0.0,,27.7,2.1,0.59,27.25,1.35,0.73
2025-07-31 09:00,29.3,1.9,1.92,30.9,1.1,1.44,28.0,1.8,,29.1,3.8,1.64,29.325000000000003,2.15,1.6666666666666667
2025-07-31 10:00,30.8,1.3,2.59,32.2,2.1,2.27,29.4,1.6,,30.3,3.9,2.3,30.675,2.225,2.3866666666666663
2025-07-31 11:00,31.8,1.5,3.02,33.3,1.6,2.92,31.2,1.6,,31.0,3.1,2.7,31.825,1.9500000000000002,2.8800000000000003
2025-07-31 12:00,31.7,1.2,2.96,34.5,1.4,3.43,32.5,2.2,,32.0,3.3,3.04,32.675,2.025,3.143333333333333
2025-07-31 13:00,32.7,1.2,2.13,35.9,1.7,3.51,32.8,1.8,,32.3,2.5,2.7,33.425,1.8,2.78
2025-07-31 14:00,33.0,2.0,2.28,35.9,2.4,3.16,33.8,1.8,,32.5,3.8,2.64,33.8,2.5,2.6933333333333334
2025-07-31 15:00,34.0,1.8,3.18,34.3,2.1,2.38,34.5,1.4,,32.0,2.8,1.89,33.7,2.0250000000000004,2.4833333333333334
2025-07-31 16:00,32.3,1.8,1.83,36.3,2.5,2.25,34.8,1.7,,32.7,3.2,2.14,34.025,2.3,2.0733333333333337
2025-07-31 17:00,33.7,1.3,1.36,35.2,2.8,1.9,34.1,2.0,,32.8,3.2,1.97,33.95,2.325,1.7433333333333332
2025-07-31 18:00,33.0,1.0,1.05,35.4,1.3,0.98,33.2,3.1,,32.1,3.0,1.31,33.425000000000004,2.1,1.1133333333333335
2025-07-31 19:00,31.8,3.1,0.47,33.4,1.0,0.25,31.5,2.0,,30.9,3.4,0.55,31.9,2.375,0.42333333333333334
2025-07-31 20:00,30.2,1.9,0.09,31.6,1.5,0.02,29.5,0.9,,29.5,3.8,0.06,30.2,2.025,0.056666666666666664
2025-07-31 21:00,30.0,2.5,,31.1,1.6,,28.6,0.0,,28.8,2.3,,29.625,1.5999999999999999,0.0
2025-07-31 22:00,28.8,1.3,,29.8,2.3,,27.5,1.8,,28.3,0.9,,28.599999999999998,1.575,0.0
2025-07-31 23:00,28.3,1.2,,29.0,2.6,,26.7,2.6,,27.8,0.0,,27.95,1.6,0.0
2025-08-01 01:00,27.3,0.8,,26.8,2.0,,25.9,2.0,,27.2,1.5,,26.8,1.575,0.0
2025-08-01 02:00,26.8,0.2,,26.9,1.6,,25.3,2.2,,26.4,2.5,,26.35,1.625,0.0
2025-08-01 03:00,25.8,1.2,,26.2,1.9,,25.2,1.3,,25.9,1.5,,25.775,1.4749999999999999,0.0
2025-08-01 04:00,25.6,0.5,,25.6,1.7,,24.7,1.2,,25.8,2.1,,25.425,1.375,0.0
2025-08-01 05:00,25.4,1.2,,25.2,2.0,,24.6,1.1,,26.0,0.6,,25.299999999999997,1.225,0.0
2025-08-01 06:00,25.1,0.9,0.07,24.9,1.3,0.0,24.3,0.0,,25.5,1.7,0.0,24.95,0.9750000000000001,0.023333333333333334
2025-08-01 07:00,25.3,0.8,0.38,26.9,1.0,0.3,25.3,0.0,,26.4,1.4,0.3,25.975,0.8,0.32666666666666666
2025-08-01 08:00,27.1,0.8,1.1,29.3,0.6,1.0,28.4,0.2,,28.2,1.0,0.96,28.250000000000004,0.6499999999999999,1.02
2025-08-01 09:00,28.8,0.3,1.83,30.9,1.8,1.71,30.8,0.0,,29.6,1.3,1.69,30.025,0.8500000000000001,1.7433333333333334
2025-08-01 10:00,30.3,1.0,2.49,32.0,2.4,2.37,30.3,2.5,,30.7,2.4,2.35,30.825,2.075,2.4033333333333338
2025-08-01 11:00,32.3,0.8,3.01,33.5,1.8,2.88,31.3,2.7,,31.7,2.6,2.9,32.199999999999996,1.975,2.9299999999999997
2025-08-01 12:00,32.8,0.8,3.34,34.3,2.5,3.21,32.4,3.4,,32.7,2.8,3.38,33.05,2.375,3.31
2025-08-01 13:00,33.7,1.0,3.55,34.9,2.6,3.39,32.9,2.7,,33.2,2.3,3.31,33.675,2.1500000000000004,3.4166666666666665
2025-08-01 14:00,34.0,0.9,3.18,35.9,1.2,3.34,33.9,2.4,,33.4,3.9,3.5,34.300000000000004,2.1,3.34
2025-08-01 15:00,33.3,0.9,1.8,35.7,2.4,2.65,33.7,2.9,,33.8,3.7,2.9,34.125,2.4749999999999996,2.4499999999999997
2025-08-01 16:00,32.8,0.5,0.89,36.6,1.5,2.78,32.8,4.0,,33.8,4.0,2.63,34.0,2.5,2.1
2025-08-01 17:00,33.6,0.9,0.81,35.7,3.0,2.06,31.7,3.8,,32.4,3.4,1.6,33.35,2.775,1.4900000000000002
2025-08-01 18:00,33.3,0.9,0.71,34.6,3.1,1.26,31.1,2.9,,31.7,3.1,0.7,32.675,2.5,0.89
2025-08-01 19:00,32.7,1.0,0.41,32.3,2.7,0.52,30.0,2.3,,30.9,2.7,0.51,31.475,2.175,0.48
2025-08-01 20:00,31.2,1.0,0.1,30.3,2.4,0.03,28.5,2.7,,29.2,2.8,0.06,29.8,2.2249999999999996,0.06333333333333334
2025-08-01 21:00,30.6,0.5,,29.6,1.9,,27.9,2.3,,28.3,1.0,,29.099999999999998,1.4249999999999998,0.0
2025-08-01 22:00,30.3,0.9,,28.8,1.5,,27.1,1.4,,27.6,1.3,,28.450000000000003,1.275,0.0
2025-08-01 23:00,29.4,0.8,,28.3,1.6,,26.5,1.4,,27.4,0.8,,27.9,1.1500000000000001,0.0
2025-08-02 00:00,28.6,0.6,,28.0,1.7,,26.4,0.7,,27.0,0.7,,27.5,0.925,0.0
2025-08-02 01:00,27.9,1.4,,27.3,0.1,,26.4,0.0,,27.0,0.6,,27.15,0.525,0.0
2025-08-02 02:00,27.5,0.9,,27.4,0.8,,26.1,0.5,,26.7,0.5,,26.925,0.675,0.0
2025-08-02 03:00,27.3,0.5,,26.9,0.3,,25.6,0.0,,26.5,0.0,,26.575000000000003,0.2,0.0
2025-08-02 04:00,27.1,0.7,,26.5,1.0,,25.4,0.4,,26.3,0.0,,26.325,0.525,0.0
2025-08-02 05:00,26.7,0.7,,26.0,1.4,,25.0,0.0,,26.5,0.0,,26.05,0.5249999999999999,0.0
2025-08-02 06:00,26.7,0.4,0.07,25.7,0.6,0.01,24.8,0.0,,26.1,1.1,0.0,25.825000000000003,0.525,0.02666666666666667
2025-08-02 07:00,26.5,0.2,0.36,27.3,1.3,0.29,26.5,0.0,,26.9,0.6,0.27,26.799999999999997,0.525,0.30666666666666664
2025-08-02 08:00,27.9,0.5,1.05,29.3,0.7,0.95,28.5,0.9,,28.1,0.2,0.95,28.450000000000003,0.5750000000000001,0.9833333333333334
2025-08-02 09:00,29.9,0.4,1.78,32.1,0.8,1.63,30.3,1.1,,29.8,1.1,1.58,30.525,0.8500000000000001,1.6633333333333333
2025-08-02 10:00,31.5,0.9,2.48,33.3,1.0,2.33,30.7,0.1,,30.1,2.3,2.15,31.4,1.075,2.3200000000000003
2025-08-02 11:00,32.7,1.4,2.99,34.1,2.4,2.87,31.7,2.6,,30.9,2.6,2.74,32.35,2.25,2.866666666666667
2025-08-02 12:00,32.6,1.5,3.26,35.1,1.9,3.02,33.3,1.6,,31.9,2.6,3.08,33.225,1.9,3.1199999999999997
2025-08-02 13:00,33.0,1.2,1.69,34.3,1.8,2.62,33.5,2.7,,32.3,4.3,3.51,33.275,2.5,2.606666666666667
2025-08-02 14:00,33.2,1.1,1.69,35.7,3.1,3.14,33.4,4.1,,32.3,4.5,3.19,33.650000000000006,3.2,2.6733333333333333
2025-08-02 15:00,33.3,0.6,1.48,36.6,2.2,2.91,33.1,4.1,,32.4,3.1,2.52,33.85,2.5,2.3033333333333332
2025-08-02 16:00,33.4,1.4,0.92,36.5,2.3,2.5,32.7,3.7,,31.2,3.1,1.29,33.45,2.625,1.57
2025-08-02 17:00,26.8,3.4,0.35,34.5,3.8,1.42,31.4,3.5,,30.5,2.5,0.98,30.799999999999997,3.3,0.9166666666666666
2025-08-02 18:00,26.0,0.4,0.19,32.4,4.5,0.64,30.1,3.0,,30.2,1.9,0.65,29.675,2.45,0.49333333333333335
2025-08-02 19:00,25.6,0.7,0.25,31.2,2.4,0.27,29.5,3.3,,29.4,1.9,0.24,28.924999999999997,2.0749999999999997,0.25333333333333335
2025-08-02 20:00,25.5,0.0,0.1,30.1,2.2,0.03,29.1,2.8,,28.5,2.5,0.04,28.3,1.875,0.05666666666666667
2025-08-02 21:00,26.1,0.7,,29.6,1.5,,28.7,2.6,,28.0,2.2,,28.1,1.7500000000000002,0.0
2025-08-02 22:00,26.3,0.7,,29.4,2.0,,28.6,1.6,,28.1,1.0,,28.1,1.3250000000000002,0.0
2025-08-02 23:00,26.1,1.3,,29.3,1.9,,28.0,1.2,,27.8,0.8,,27.8,1.3,0.0
2025-08-03 00:00,26.5,0.8,,29.1,0.2,,27.6,2.0,,27.0,0.1,,27.55,0.775,0.0
2025-08-03 01:00,26.1,0.4,,28.7,1.7,,27.3,1.7,,27.0,0.2,,27.275,1.0,0.0
2025-08-03 02:00,26.4,0.2,,28.1,1.7,,27.2,1.4,,27.0,0.7,,27.175,1.0,0.0
2025-08-03 03:00,26.2,0.7,,27.9,1.5,,27.1,0.0,,26.9,0.9,,27.025,0.775,0.0
2025-08-03 04:00,26.1,0.1,,27.8,0.3,,26.7,0.5,,27.0,0.4,,26.900000000000002,0.325,0.0
2025-08-03 05:00,25.8,0.3,,27.5,0.8,,26.6,0.3,,26.9,3.3,,26.700000000000003,1.175,0.0
2025-08-03 06:00,26.0,0.7,0.06,27.2,1.7,0.0,26.5,0.7,,26.6,2.4,0.0,26.575000000000003,1.375,0.02
2025-08-03 07:00,26.5,0.4,0.15,27.2,1.4,0.04,26.6,0.2,,26.6,2.5,0.04,26.725,1.125,0.07666666666666667
2025-08-03 08:00,26.4,1.1,0.3,28.7,0.6,0.52,27.9,0.5,,27.7,2.4,0.36,27.675,1.15,0.39333333333333337
2025-08-03 09:00,27.8,0.4,0.58,29.0,1.1,0.66,28.7,1.4,,28.7,3.2,0.74,28.55,1.525,0.66
2025-08-03 10:00,28.8,0.8,1.22,30.1,0.8,0.94,29.0,1.0,,28.6,4.3,0.82,29.125,1.725,0.9933333333333333
2025-08-03 11:00,28.8,2.5,1.19,30.0,1.7,0.58,28.7,2.1,,28.9,3.7,0.74,29.1,2.5,0.8366666666666666
2025-08-03 12:00,28.6,2.9,0.85,29.6,2.5,0.56,28.9,2.2,,29.1,4.1,0.54,29.049999999999997,2.925,0.65
2025-08-03 13:00,28.3,1.7,0.74,30.2,1.4,0.58,28.9,1.6,,29.3,5.3,0.6,29.175,2.5,0.64
2025-08-03 14:00,25.7,0.3,0.55,30.6,3.0,1.08,29.3,1.0,,29.7,4.1,0.78,28.825,2.0999999999999996,0.8033333333333333
2025-08-03 15:00,25.2,0.6,0.37,29.8,1.9,0.48,28.1,1.2,,29.7,7.3,0.55,28.2,2.75,0.4666666666666666
2025-08-03 16:00,25.1,1.7,0.17,28.7,1.0,0.12,26.3,0.7,,29.3,5.2,0.12,27.349999999999998,2.1500000000000004,0.1366666666666667
2025-08-03 17:00,25.2,1.5,0.13,26.3,1.6,0.05,24.7,3.9,,27.7,5.9,0.04,25.975,3.225,0.07333333333333333
2025-08-03 18:00,25.4,2.2,0.09,23.9,3.1,0.04,24.4,3.8,,27.2,6.3,0.01,25.224999999999998,3.8500000000000005,0.04666666666666667
2025-08-03 19:00,25.8,1.8,0.07,23.3,2.1,0.03,24.1,2.6,,27.0,4.1,0.0,25.05,2.65,0.03333333333333333
2025-08-03 20:00,25.8,2.2,0.06,23.6,1.2,0.0,23.1,4.0,,27.7,6.3,0.01,25.05,3.425,0.02333333333333333
2025-08-03 21:00,25.9,2.9,,24.2,1.6,,23.0,1.8,,28.0,7.9,,25.275,3.55,0.0
2025-08-03 22:00,25.6,3.4,,24.9,0.7,,24.0,4.2,,27.3,6.4,,25.45,3.6750000000000003,0.0
2025-08-03 23:00,26.0,3.4,,25.1,0.8,,24.6,3.5,,27.3,6.2,,25.75,3.475,0.0
2025-08-04 00:00,26.1,3.4,,25.3,2.0,,25.3,4.3,,27.5,6.3,,26.05,4.0,0.0
2025-08-04 01:00,26.4,3.2,,25.2,3.1,,25.6,2.1,,27.6,5.8,,26.199999999999996,3.55,0.0
2025-08-04 02:00,26.7,3.2,,25.4,0.5,,26.9,3.1,,27.2,6.7,,26.55,3.375,0.0
2025-08-04 03:00,26.5,1.9,,26.6,2.8,,27.1,3.4,,27.2,4.7,,26.85,3.2,0.0
2025-08-04 04:00,26.2,1.8,,27.0,2.1,,27.3,2.7,,27.2,4.8,,26.925,2.85,0.0
2025-08-04 05:00,26.3,2.3,,27.0,2.2,,27.3,3.5,,27.4,3.1,,27.0,2.775,0.0
2025-08-04 06:00,26.3,2.2,0.06,27.0,2.3,0.01,26.6,3.9,,27.5,2.7,0.0,26.85,2.7750000000000004,0.02333333333333333
2025-08-04 07:00,26.4,1.5,0.14,27.2,1.6,0.13,26.6,3.5,,27.4,2.7,0.07,26.9,2.325,0.11333333333333334
2025-08-04 08:00,26.9,2.3,0.45,28.0,1.5,0.5,27.1,2.9,,27.5,3.2,0.23,27.375,2.4749999999999996,0.3933333333333333
2025-08-04 09:00,26.9,1.7,0.37,28.3,2.3,0.84,27.6,3.1,,27.9,4.1,0.53,27.675000000000004,2.8,0.58
2025-08-04 10:00,26.7,1.9,0.28,27.7,2.0,0.57,28.4,1.2,,27.0,4.5,0.3,27.45,2.4,0.3833333333333333
2025-08-04 11:00,28.2,1.2,0.6,28.7,1.1,0.86,28.5,3.5,,27.9,4.7,0.95,28.325000000000003,2.625,0.8033333333333333
2025-08-04 12:00,26.3,3.1,0.36,29.8,2.5,1.59,28.3,2.5,,29.4,5.8,1.9,28.450000000000003,3.4749999999999996,1.2833333333333334
2025-08-04 13:00,26.2,2.7,0.51,31.1,2.7,1.81,28.1,4.0,,27.7,4.7,1.25,28.275000000000002,3.5250000000000004,1.1900000000000002
2025-08-04 14:00,26.5,1.7,0.59,31.4,2.9,2.21,29.2,3.3,,27.3,1.9,0.68,28.599999999999998,2.4499999999999997,1.16
2025-08-04 15:00,27.9,0.9,1.39,32.2,3.3,3.03,28.3,4.7,,28.0,2.0,1.46,29.1,2.725,1.96
2025-08-04 16:00,29.2,1.3,1.79,29.9,4.0,1.47,27.3,5.0,,28.5,4.6,1.22,28.724999999999998,3.725,1.4933333333333332
2025-08-04 17:00,28.7,1.4,0.8,29.7,3.8,1.59,27.3,4.1,,27.4,3.0,0.29,28.275,3.0749999999999997,0.8933333333333334
2025-08-04 18:00,28.1,1.1,0.61,28.2,2.6,0.56,27.7,1.8,,27.4,0.8,0.29,27.85,1.575,0.48666666666666664
2025-08-04 19:00,27.6,1.4,0.22,27.5,2.3,0.3,27.8,2.0,,27.4,0.6,0.25,27.575000000000003,1.5749999999999997,0.25666666666666665
2025-08-04 20:00,26.3,1.7,0.09,26.6,0.9,0.03,26.7,0.8,,26.9,1.0,0.04,26.625,1.1,0.05333333333333334
2025-08-04 21:00,25.9,1.4,,26.3,1.7,,26.3,1.6,,26.7,0.5,,26.3,1.2999999999999998,0.0
2025-08-04 22:00,26.6,0.6,,26.3,1.6,,26.2,1.9,,26.3,0.6,,26.35,1.1749999999999998,0.0
2025-08-04 23:00,26.6,0.4,,26.2,1.7,,25.7,1.3,,26.3,1.1,,26.2,1.125,0.0
2025-08-05 00:00,26.0,0.1,,25.9,1.5,,25.1,1.3,,26.4,0.4,,25.85,0.8250000000000001,0.0
2025-08-05 01:00,26.1,0.5,,25.5,1.2,,24.7,2.3,,26.2,1.2,,25.625,1.3,0.0
2025-08-05 02:00,26.4,0.7,,25.5,0.9,,24.6,1.7,,26.1,0.6,,25.65,0.975,0.0
2025-08-05 03:00,26.3,0.2,,24.9,1.2,,24.3,1.5,,25.9,1.9,,25.35,1.2,0.0
2025-08-05 04:00,26.0,0.0,,25.0,1.1,,24.1,2.3,,26.0,1.7,,25.275,1.275,0.0
2025-08-05 05:00,25.9,0.7,,24.7,1.0,,24.0,0.4,,26.1,1.2,,25.174999999999997,0.825,0.0
2025-08-05 06:00,25.7,1.2,0.07,24.3,0.4,0.01,23.8,1.0,,26.0,1.1,0.0,24.95,0.925,0.02666666666666667
2025-08-05 07:00,26.1,0.9,0.23,26.1,0.8,0.28,24.5,0.0,,26.1,1.0,0.1,25.700000000000003,0.675,0.20333333333333334
2025-08-05 08:00,27.3,0.7,0.78,28.5,0.7,0.93,26.7,1.9,,26.9,1.2,0.3,27.35,1.125,0.6699999999999999
2025-08-05 09:00,29.0,2.1,1.6,28.7,1.2,1.23,27.9,1.7,,28.1,2.1,1.01,28.424999999999997,1.775,1.28
2025-08-05 10:00,29.8,1.8,2.28,30.5,2.2,2.06,29.9,1.4,,29.6,3.7,2.24,29.949999999999996,2.2750000000000004,2.1933333333333334
2025-08-05 11:00,30.1,1.3,2.02,31.7,1.6,2.64,30.7,2.5,,30.5,3.9,2.75,30.75,2.325,2.47
2025-08-05 12:00,30.5,2.2,1.62,32.3,1.8,3.13,30.8,1.3,,30.6,3.7,2.28,31.049999999999997,2.25,2.3433333333333333
2025-08-05 13:00,31.3,2.5,2.56,33.0,3.3,2.84,31.2,2.9,,31.1,5.8,2.96,31.65,3.625,2.7866666666666666
2025-08-05 14:00,28.7,1.0,1.06,32.3,4.2,2.79,31.3,3.5,,31.2,6.7,2.8,30.875,3.8499999999999996,2.216666666666667
2025-08-05 15:00,28.5,2.1,1.17,32.5,2.9,1.83,31.2,4.7,,30.3,6.4,2.52,30.625,4.025,1.8399999999999999
2025-08-05 16:00,29.8,1.7,1.41,32.9,4.2,2.07,31.4,3.8,,28.1,6.6,0.78,30.549999999999997,4.074999999999999,1.42
2025-08-05 17:00,28.6,3.9,0.53,32.1,2.8,1.28,31.4,3.3,,29.0,5.3,1.22,30.275,3.825,1.01
2025-08-05 18:00,28.7,4.0,1.06,32.0,2.2,0.92,31.2,2.9,,29.6,4.5,1.29,30.375,3.4,1.09
2025-08-05 19:00,28.0,3.0,0.23,30.3,2.0,0.34,29.7,1.9,,28.9,4.3,0.51,29.225,2.8,0.36000000000000004
2025-08-05 20:00,27.7,3.0,0.07,29.6,2.4,0.02,28.9,1.4,,28.6,3.1,0.02,28.699999999999996,2.475,0.036666666666666674
2025-08-05 21:00,27.9,1.9,,28.3,1.7,,28.8,2.7,,28.4,3.3,,28.35,2.4,0.0
2025-08-05 22:00,27.5,2.5,,28.1,2.4,,28.7,3.3,,27.8,3.6,,28.025,2.9499999999999997,0.0
2025-08-05 23:00,27.2,2.2,,28.2,1.7,,28.0,2.4,,27.7,3.9,,27.775000000000002,2.5500000000000003,0.0
2025-08-06 00:00,27.1,1.6,,27.9,1.3,,27.5,2.9,,27.8,3.3,,27.575,2.2750000000000004,0.0
2025-08-06 01:00,26.9,1.3,,27.7,1.1,,27.2,2.6,,27.7,2.3,,27.375,1.825,0.0
2025-08-06 02:00,26.9,1.5,,27.6,0.7,,27.0,2.3,,27.7,3.6,,27.3,2.025,0.0
2025-08-06 03:00,27.1,1.3,,27.4,1.3,,27.0,2.4,,27.7,5.5,,27.3,2.625,0.0
2025-08-06 04:00,27.1,2.0,,27.5,1.3,,26.8,2.3,,27.8,4.1,,27.3,2.425,0.0
2025-08-06 05:00,27.0,2.0,,27.4,2.2,,26.8,3.2,,28.2,4.9,,27.35,3.075,0.0
2025-08-06 06:00,27.1,2.0,0.06,27.6,2.0,0.0,27.0,2.3,,28.2,4.8,0.0,27.475,2.775,0.02
2025-08-06 07:00,27.4,2.6,0.18,28.0,2.1,0.18,26.6,2.5,,28.1,5.6,0.09,27.525,3.2,0.15
2025-08-06 08:00,27.3,1.5,0.33,28.2,1.6,0.26,28.1,3.3,,28.4,5.4,0.25,28.0,2.95,0.28
2025-08-06 09:00,26.7,2.3,0.45,29.8,1.7,0.91,29.3,3.3,,28.2,4.9,0.31,28.5,3.05,0.5566666666666668
2025-08-06 10:00,27.9,2.6,1.16,29.9,3.5,1.02,29.6,3.2,,29.0,6.5,1.14,29.1,3.95,1.1066666666666665
2025-08-06 11:00,28.3,2.7,0.88,30.4,2.3,1.78,29.8,5.8,,29.5,6.6,1.42,29.5,4.35,1.36
2025-08-06 12:00,28.0,2.9,0.64,31.3,4.8,1.39,30.6,5.8,,29.0,5.8,1.31,29.725,4.825,1.1133333333333333
2025-08-06 13:00,29.3,3.4,1.33,30.9,5.2,1.84,30.3,3.7,,29.2,5.9,1.68,29.925,4.550000000000001,1.6166666666666665
2025-08-06 14:00,29.9,3.2,1.68,29.3,3.6,1.01,29.8,4.0,,28.2,5.8,0.93,29.3,4.15,1.2066666666666668
2025-08-06 15:00,28.7,3.6,0.5,29.0,3.9,1.1,29.7,3.0,,29.6,6.3,2.41,29.25,4.2,1.3366666666666667
2025-08-06 16:00,29.5,2.8,1.59,29.3,3.5,0.73,29.4,3.3,,29.2,5.9,1.73,29.349999999999998,3.875,1.3500000000000003
2025-08-06 17:00,29.1,2.5,0.68,29.0,3.6,0.64,28.5,5.0,,29.1,5.7,1.2,28.924999999999997,4.2,0.84
2025-08-06 18:00,28.6,2.5,0.44,28.1,3.3,0.29,28.6,4.5,,28.8,4.0,0.58,28.525000000000002,3.575,0.4366666666666667
2025-08-06 19:00,28.6,2.5,0.2,28.2,2.5,0.14,28.1,3.2,,28.3,4.8,0.17,28.3,3.25,0.17
2025-08-06 20:00,28.2,2.1,0.08,27.7,1.5,0.0,28.1,2.9,,28.1,3.9,0.03,28.025,2.6,0.03666666666666667
2025-08-06 21:00,27.8,2.4,,27.8,2.8,,28.1,3.3,,28.0,3.6,,27.925,3.025,0.0
2025-08-06 22:00,27.6,2.1,,27.6,3.6,,27.9,1.4,,28.0,3.3,,27.775,2.5999999999999996,0.0
2025-08-06 23:00,27.5,1.8,,27.5,2.2,,27.7,3.4,,27.9,2.9,,27.65,2.575,0.0
2025-08-07 00:00,27.4,1.0,,27.5,3.3,,26.8,3.3,,27.7,3.8,,27.35,2.8499999999999996,0.0
2025-08-07 01:00,27.2,1.6,,27.5,2.5,,26.0,2.5,,27.5,2.6,,27.05,2.3,0.0
2025-08-07 02:00,27.1,1.7,,26.6,2.9,,25.6,2.5,,27.4,2.2,,26.675000000000004,2.325,0.0
2025-08-07 03:00,27.2,1.4,,25.8,2.3,,25.7,2.0,,27.4,2.6,,26.525,2.0749999999999997,0.0
2025-08-07 04:00,26.7,1.7,,25.8,1.4,,25.5,1.0,,27.2,1.8,,26.3,1.4749999999999999,0.0
2025-08-07 05:00,26.6,0.7,,25.8,0.2,,25.5,0.1,,27.3,2.5,,26.3,0.875,0.0
2025-08-07 06:00,26.7,0.8,0.07,26.0,0.8,0.0,25.3,0.0,,27.2,1.7,0.0,26.3,0.825,0.023333333333333334
2025-08-07 07:00,27.2,0.9,0.18,26.3,0.7,0.13,25.8,0.3,,27.5,1.3,0.14,26.7,0.8,0.15
2025-08-07 08:00,28.3,1.0,0.72,26.9,1.0,0.34,27.0,0.2,,27.8,2.9,0.52,27.5,1.275,0.5266666666666667
2025-08-07 09:00,29.2,1.3,1.61,28.1,1.2,0.86,28.3,3.1,,29.0,3.8,1.1,28.65,2.3499999999999996,1.1900000000000002
2025-08-07 10:00,29.8,0.5,1.7,29.1,1.6,1.31,28.6,3.3,,29.2,3.3,1.69,29.175,2.175,1.5666666666666664
2025-08-07 11:00,29.7,1.6,1.67,29.1,2.8,1.35,28.4,3.8,,29.1,4.7,1.48,29.074999999999996,3.2249999999999996,1.5
2025-08-07 12:00,30.2,1.6,2.49,29.5,3.7,1.8,28.8,4.7,,29.5,3.5,1.86,29.5,3.375,2.0500000000000003
2025-08-07 13:00,30.6,1.8,2.47,29.9,3.0,2.12,29.0,4.8,,29.9,3.0,1.77,29.85,3.15,2.1199999999999997
2025-08-07 14:00,30.9,1.2,2.18,30.2,3.7,1.88,29.4,5.3,,29.9,3.9,2.12,30.1,3.525,2.06
2025-08-07 15:00,30.7,1.7,2.14,29.8,3.8,2.43,29.3,4.4,,30.4,4.4,2.76,30.049999999999997,3.575,2.4433333333333334
2025-08-07 16:00,29.9,1.3,1.3,30.1,4.1,2.04,28.7,5.4,,29.6,4.8,1.82,29.575000000000003,3.9000000000000004,1.72
2025-08-07 17:00,30.1,1.6,1.14,30.0,3.6,2.01,27.9,4.8,,29.6,4.5,1.15,29.4,3.625,1.433333333333333
2025-08-07 18:00,29.7,2.0,1.18,28.7,2.9,1.19,26.8,3.7,,29.1,3.5,0.93,28.575000000000003,3.0250000000000004,1.1
2025-08-07 19:00,27.9,1.4,0.35,27.3,3.6,0.53,26.4,3.6,,28.1,3.6,0.42,27.424999999999997,3.05,0.43333333333333335
2025-08-07 20:00,27.0,1.0,0.1,26.1,1.6,0.04,25.5,2.8,,26.9,2.9,0.02,26.375,2.075,0.05333333333333334
2025-08-07 21:00,26.5,1.1,,25.1,1.7,,25.1,2.1,,26.3,2.8,,25.75,1.925,0.0
2025-08-07 22:00,26.0,0.9,,24.7,0.9,,24.7,2.4,,25.9,2.4,,25.325000000000003,1.65,0.0
2025-08-07 23:00,25.4,0.1,,24.8,1.4,,24.0,1.7,,25.7,2.0,,24.975,1.3,0.0
2025-08-08 00:00,24.9,0.1,,24.6,0.7,,23.2,0.9,,25.4,1.5,,24.525,0.8,0.0
2025-08-08 01:00,24.5,0.3,,23.9,0.8,,23.0,1.2,,24.9,1.6,,24.075000000000003,0.975,0.0
2025-08-08 02:00,24.4,0.6,,23.4,1.6,,22.7,1.1,,24.9,1.3,,23.85,1.1500000000000001,0.0
2025-08-08 03:00,23.9,0.7,,23.1,1.2,,22.7,1.5,,24.8,1.3,,23.625,1.175,0.0
2025-08-08 04:00,23.6,1.0,,22.8,1.7,,22.5,1.9,,24.4,0.9,,23.325000000000003,1.375,0.0
2025-08-08 05:00,22.9,0.3,,22.7,1.5,,22.2,1.4,,24.2,0.8,,23.0,1.0,0.0
2025-08-08 06:00,22.9,0.5,0.06,22.3,1.8,0.01,22.0,1.4,,24.4,0.5,0.0,22.9,1.0499999999999998,0.02333333333333333
2025-08-08 07:00,23.1,0.1,0.27,23.4,0.9,0.26,22.4,0.8,,24.6,1.4,0.18,23.375,0.8,0.23666666666666666
2025-08-08 08:00,24.4,0.7,0.99,25.3,0.7,0.75,23.8,1.3,,25.8,0.5,0.72,24.825,0.8,0.82
2025-08-08 09:00,26.3,1.0,1.49,27.3,0.8,1.61,25.6,1.0,,26.3,1.9,0.97,26.375,1.1749999999999998,1.3566666666666667
2025-08-08 10:00,26.9,0.8,2.08,27.7,0.7,2.07,26.6,0.9,,27.4,2.0,2.16,27.15,1.1,2.1033333333333335
2025-08-08 11:00,28.3,0.9,2.65,27.7,1.2,1.42,27.1,0.5,,27.9,2.1,2.04,27.75,1.175,2.0366666666666666
2025-08-08 12:00,29.4,0.8,2.59,28.5,1.7,1.76,27.8,1.2,,28.8,2.6,2.74,28.625,1.5750000000000002,2.3633333333333333
2025-08-08 13:00,30.1,0.9,3.4,29.4,1.7,2.46,28.9,0.4,,29.3,2.7,3.24,29.425,1.425,3.033333333333333
2025-08-08 14:00,30.6,1.3,2.99,30.0,1.8,2.71,28.8,0.6,,29.3,3.6,2.83,29.675,1.8250000000000002,2.8433333333333337
2025-08-08 15:00,31.6,1.2,2.63,29.3,2.4,1.65,28.3,3.0,,30.0,3.5,2.92,29.8,2.525,2.4
2025-08-08 16:00,30.8,1.2,2.1,29.3,1.3,1.0,27.8,2.9,,28.8,3.0,2.02,29.175,2.1,1.7066666666666668
2025-08-08 17:00,29.4,2.0,1.16,28.3,1.8,0.77,27.0,3.3,,27.7,2.6,0.64,28.1,2.425,0.8566666666666666
2025-08-08 18:00,28.5,2.0,0.29,27.7,2.1,0.35,26.6,1.8,,27.2,2.7,0.37,27.500000000000004,2.15,0.3366666666666666
2025-08-08 19:00,27.5,0.6,0.15,27.3,1.0,0.11,26.0,1.8,,27.0,2.8,0.4,26.95,1.55,0.22
2025-08-08 20:00,27.1,1.6,0.06,26.3,2.2,0.0,25.1,0.8,,26.6,1.2,0.02,26.275,1.4500000000000002,0.02666666666666667
2025-08-08 21:00,26.7,0.5,,26.0,0.6,,24.2,0.0,,26.2,2.6,,25.775000000000002,0.925,0.0
2025-08-08 22:00,26.1,1.1,,25.4,1.3,,23.8,1.0,,26.0,0.7,,25.325,1.0250000000000001,0.0
2025-08-08 23:00,25.7,1.2,,25.3,1.3,,23.7,1.0,,26.0,0.0,,25.175,0.875,0.0
2025-08-09 00:00,25.3,0.7,,25.1,1.1,,23.7,1.6,,25.8,0.3,,24.975,0.925,0.0
2025-08-09 01:00,24.9,0.2,,24.7,1.2,,23.6,0.5,,25.5,1.6,,24.674999999999997,0.875,0.0
2025-08-09 02:00,25.0,0.3,,24.6,0.8,,23.7,2.3,,25.2,1.0,,24.625,1.1,0.0
2025-08-09 03:00,24.5,0.0,,24.1,1.4,,23.4,0.0,,25.0,1.9,,24.25,0.825,0.0
2025-08-09 04:00,24.0,0.6,,24.2,0.4,,23.1,0.0,,24.7,1.7,,24.000000000000004,0.675,0.0
2025-08-09 05:00,24.1,0.6,,23.9,1.7,,22.8,0.0,,24.3,2.2,,23.775,1.125,0.0
2025-08-09 06:00,23.6,0.4,0.06,23.8,1.7,0.0,23.1,1.2,,24.3,2.3,0.0,23.7,1.4,0.02
2025-08-09 07:00,23.9,0.3,0.23,24.0,1.0,0.08,23.6,2.7,,24.6,2.2,0.08,24.025,1.55,0.13
2025-08-09 08:00,24.4,0.4,0.37,24.5,0.4,0.24,23.8,1.5,,25.1,2.4,0.26,24.450000000000003,1.1749999999999998,0.29
2025-08-09 09:00,25.6,0.6,0.58,25.5,1.5,0.35,24.3,1.6,,25.5,2.5,0.31,25.225,1.55,0.41333333333333333
2025-08-09 10:00,25.9,0.7,0.98,27.2,1.4,0.91,25.5,1.1,,25.1,3.2,0.3,25.924999999999997,1.6,0.73
2025-08-09 11:00,25.9,0.8,0.59,28.2,0.5,1.0,26.1,1.3,,24.8,2.2,0.37,26.249999999999996,1.2000000000000002,0.6533333333333333
2025-08-09 12:00,24.2,1.7,0.47,27.7,0.6,0.54,25.5,1.6,,24.6,1.7,0.19,25.5,1.4,0.39999999999999997
2025-08-09 13:00,24.4,1.8,0.39,26.5,1.7,0.5,25.3,2.1,,24.1,1.8,0.12,25.075000000000003,1.8499999999999999,0.33666666666666667
2025-08-09 14:00,24.5,0.0,0.31,27.1,1.3,0.76,25.9,0.7,,24.2,1.7,0.35,25.425,0.925,0.47333333333333333
2025-08-09 15:00,24.2,0.4,0.35,26.7,0.6,0.4,26.3,1.5,,24.4,2.3,0.47,25.4,1.2,0.4066666666666667
2025-08-09 16:00,22.1,1.1,0.24,26.6,1.2,0.37,26.0,0.9,,24.2,2.3,0.22,24.725,1.375,0.27666666666666667
2025-08-09 17:00,22.0,1.7,0.29,26.1,1.8,0.3,25.6,1.3,,23.7,1.9,0.17,24.35,1.6749999999999998,0.25333333333333335
2025-08-09 18:00,22.3,1.2,0.26,25.2,1.2,0.14,25.0,1.2,,23.8,1.8,0.12,24.075,1.3499999999999999,0.17333333333333334
2025-08-09 19:00,22.4,0.5,0.11,24.0,1.6,0.05,24.5,2.0,,23.1,3.7,0.04,23.5,1.95,0.06666666666666667
2025-08-09 20:00,22.0,0.2,0.07,23.6,1.4,0.01,24.2,1.5,,23.4,2.9,0.0,23.299999999999997,1.5,0.02666666666666667
2025-08-09 21:00,22.0,1.2,,23.5,1.6,,23.9,1.0,,23.4,3.1,,23.200000000000003,1.725,0.0
2025-08-09 22:00,21.7,0.8,,23.5,1.3,,23.5,1.6,,23.4,3.0,,23.025,1.675,0.0
2025-08-09 23:00,21.9,1.4,,23.5,1.6,,23.5,1.2,,23.4,4.2,,23.075000000000003,2.1,0.0
2025-08-10 00:00,21.9,2.2,,23.8,1.4,,23.5,0.8,,23.8,3.0,,23.25,1.85,0.0
2025-08-10 01:00,21.9,1.8,,23.0,1.3,,23.4,1.3,,24.6,5.2,,23.225,2.4000000000000004,0.0
2025-08-10 02:00,22.1,1.7,,22.4,1.1,,23.0,0.6,,24.8,3.4,,23.075,1.7,0.0
2025-08-10 03:00,22.0,2.3,,22.0,2.3,,22.8,0.8,,24.0,5.2,,22.7,2.65,0.0
2025-08-10 04:00,21.9,1.5,,22.0,1.6,,22.4,0.0,,23.9,2.4,,22.549999999999997,1.375,0.0
2025-08-10 05:00,22.1,1.5,,22.0,0.7,,22.1,2.0,,23.1,3.2,,22.325000000000003,1.85,0.0
2025-08-10 06:00,22.0,2.4,0.07,21.7,1.1,0.0,22.0,1.0,,23.0,2.9,0.01,22.175,1.85,0.02666666666666667
2025-08-10 07:00,22.0,0.9,0.09,23.3,0.8,0.25,22.8,2.6,,23.1,2.7,0.01,22.799999999999997,1.7500000000000002,0.11666666666666665
2025-08-10 08:00,22.3,1.0,0.17,25.0,1.9,1.03,24.2,3.0,,23.1,2.4,0.05,23.65,2.075,0.4166666666666667
2025-08-10 09:00,23.3,0.8,0.59,27.0,0.9,1.55,24.7,2.5,,24.2,5.1,0.6,24.8,2.325,0.9133333333333334
2025-08-10 10:00,24.4,1.9,0.78,26.6,2.9,2.04,26.8,3.0,,24.1,5.5,0.39,25.475,3.325,1.07
2025-08-10 11:00,26.0,2.4,1.99,28.1,2.9,2.84,28.4,1.7,,25.2,4.6,0.94,26.925,2.9,1.9233333333333331
2025-08-10 12:00,28.0,1.2,2.67,29.6,2.4,3.23,29.2,2.1,,27.1,5.9,2.96,28.475,2.9,2.953333333333333
2025-08-10 13:00,28.6,0.9,2.46,29.8,2.9,2.88,29.3,3.4,,27.8,4.9,3.02,28.875,3.025,2.7866666666666666
2025-08-10 14:00,29.2,0.4,1.87,30.6,3.9,3.25,30.2,2.4,,27.8,3.8,2.69,29.45,2.625,2.6033333333333335
2025-08-10 15:00,30.8,0.8,2.58,31.3,2.8,3.12,30.7,2.3,,28.0,4.0,2.26,30.2,2.4749999999999996,2.6533333333333333
2025-08-10 16:00,30.5,1.4,2.11,31.4,3.8,2.51,29.6,4.8,,27.9,4.8,2.11,29.85,3.7,2.2433333333333327
2025-08-10 17:00,30.8,1.7,2.11,31.4,3.0,1.93,29.2,4.0,,28.1,4.8,1.64,29.875,3.375,1.8933333333333333
2025-08-10 18:00,29.9,1.5,1.19,31.0,3.0,1.22,28.7,2.4,,27.7,5.3,1.26,29.325,3.05,1.2233333333333334
2025-08-10 19:00,28.3,1.2,0.39,28.7,2.5,0.4,27.9,2.4,,26.4,4.7,0.39,27.825000000000003,2.7,0.39333333333333337
2025-08-10 20:00,26.6,0.6,0.08,26.9,2.9,0.04,26.1,2.8,,25.6,3.7,0.05,26.299999999999997,2.5,0.056666666666666664
2025-08-10 21:00,26.2,0.6,,26.1,1.7,,24.9,2.2,,24.9,2.7,,25.525,1.8,0.0
2025-08-10 22:00,25.9,0.6,,25.5,1.1,,24.4,0.8,,24.6,1.7,,25.1,1.05,0.0
2025-08-10 23:00,25.1,0.8,,25.4,1.6,,23.8,0.0,,24.2,0.8,,24.625,0.8,0.0
2025-08-11 00:00,24.7,0.7,,24.9,0.9,,23.3,1.0,,24.0,0.8,,24.224999999999998,0.8500000000000001,0.0
2025-08-11 01:00,24.8,0.5,,24.6,1.1,,23.2,1.5,,23.9,0.7,,24.125,0.95,0.0
2025-08-11 02:00,24.4,0.2,,24.3,0.3,,23.2,1.6,,23.7,0.7,,23.900000000000002,0.7,0.0
2025-08-11 03:00,24.1,0.3,,24.2,0.7,,23.1,1.0,,23.8,0.2,,23.8,0.55,0.0
2025-08-11 04:00,23.8,0.6,,23.9,0.3,,23.1,1.6,,23.8,0.9,,23.650000000000002,0.85,0.0
2025-08-11 05:00,23.3,0.5,,23.9,0.0,,22.9,2.2,,24.1,2.0,,23.549999999999997,1.175,0.0
2025-08-11 06:00,23.5,0.1,0.06,23.8,1.7,0.0,22.7,1.5,,24.2,1.3,0.0,23.55,1.15,0.02
2025-08-11 07:00,24.7,0.1,0.38,24.6,1.5,0.22,23.4,1.6,,24.6,1.3,0.18,24.324999999999996,1.125,0.26
2025-08-11 08:00,24.9,0.4,0.54,26.3,1.9,0.6,24.8,0.1,,24.8,1.6,0.38,25.2,1.0,0.5066666666666667
2025-08-11 09:00,26.1,0.6,0.91,27.7,0.8,1.08,25.1,0.9,,25.8,3.1,0.83,26.175,1.35,0.9400000000000001
2025-08-11 10:00,27.1,1.0,1.01,27.1,1.6,0.53,26.3,0.9,,25.9,1.4,0.56,26.6,1.225,0.7000000000000001
2025-08-11 11:00,27.3,0.7,1.55,27.9,0.5,0.58,26.7,1.2,,25.5,0.5,0.37,26.85,0.725,0.8333333333333334
2025-08-11 12:00,25.9,0.6,0.66,28.4,0.7,0.84,27.2,1.1,,24.9,1.8,0.37,26.6,1.05,0.6233333333333334
2025-08-11 13:00,24.1,1.9,0.52,28.8,1.2,0.93,27.0,2.5,,23.5,3.8,0.39,25.85,2.3499999999999996,0.6133333333333334
2025-08-11 14:00,23.4,0.3,0.65,27.3,1.0,0.44,26.7,1.2,,23.5,3.7,0.38,25.225,1.55,0.49000000000000005
2025-08-11 15:00,23.1,1.4,0.6,24.2,1.9,0.2,26.4,1.8,,23.1,4.2,0.36,24.199999999999996,2.325,0.3866666666666667
2025-08-11 16:00,22.5,1.2,0.4,24.1,1.3,0.29,26.2,1.9,,22.6,3.2,0.27,23.85,1.9000000000000001,0.32
2025-08-11 17:00,22.6,1.7,0.34,23.8,2.4,0.22,23.8,3.4,,22.4,2.4,0.25,23.15,2.475,0.27
2025-08-11 18:00,22.8,1.6,0.18,22.9,1.8,0.11,22.7,2.6,,22.5,2.3,0.21,22.725,2.075,0.16666666666666666
2025-08-11 19:00,22.4,1.2,0.11,22.6,1.6,0.09,21.9,0.8,,22.5,2.5,0.07,22.35,1.525,0.09000000000000001
2025-08-11 20:00,22.3,1.4,0.07,22.7,0.9,0.01,21.8,0.0,,22.4,1.3,0.0,22.299999999999997,0.8999999999999999,0.02666666666666667
2025-08-11 21:00,22.0,1.4,,22.3,1.5,,21.9,0.0,,22.5,0.4,,22.174999999999997,0.825,0.0
2025-08-11 22:00,21.3,1.2,,22.2,0.1,,22.0,1.3,,22.5,0.4,,22.0,0.75,0.0
2025-08-11 23:00,21.0,1.2,,21.8,0.0,,21.8,0.0,,22.3,1.7,,21.724999999999998,0.725,0.0
2025-08-12 00:00,20.8,0.0,,21.5,1.0,,21.2,0.0,,22.4,1.8,,21.475,0.7,0.0
2025-08-12 01:00,21.1,0.0,,21.8,1.0,,21.5,1.7,,22.4,1.0,,21.700000000000003,0.925,0.0
2025-08-12 02:00,21.2,1.4,,21.6,1.6,,21.3,1.0,,22.2,1.8,,21.575,1.45,0.0
2025-08-12 03:00,21.1,0.5,,21.2,1.6,,21.4,0.0,,22.1,1.0,,21.45,0.775,0.0
2025-08-12 04:00,21.0,1.0,,20.9,0.8,,21.6,1.8,,22.0,1.5,,21.375,1.275,0.0
2025-08-12 05:00,21.0,0.4,,21.1,1.6,,21.5,1.1,,21.8,1.4,,21.35,1.125,0.0
2025-08-12 06:00,21.1,1.2,0.06,21.0,1.3,0.0,21.5,0.7,,21.5,1.8,0.0,21.275,1.25,0.02
2025-08-12 07:00,21.4,0.8,0.16,21.4,0.9,0.14,21.6,1.2,,21.7,2.3,0.08,21.525000000000002,1.3,0.12666666666666668
2025-08-12 08:00,21.7,0.8,0.32,21.9,1.7,0.23,21.9,1.4,,21.9,2.7,0.26,21.85,1.65,0.27
2025-08-12 09:00,22.8,0.5,0.53,23.3,0.6,0.53,22.9,2.1,,22.0,2.8,0.43,22.75,1.5,0.49666666666666665
2025-08-12 10:00,21.8,2.4,0.37,24.7,1.2,0.84,24.0,1.9,,21.9,1.7,0.05,23.1,1.8,0.42
2025-08-12 11:00,21.4,1.4,0.13,25.3,1.1,0.94,24.5,2.2,,22.4,1.2,0.2,23.4,1.475,0.4233333333333333
2025-08-12 12:00,22.1,1.4,0.41,25.7,1.9,0.98,25.5,2.4,,23.4,1.8,0.91,24.174999999999997,1.8749999999999998,0.7666666666666666
2025-08-12 13:00,22.9,1.4,0.64,24.7,1.7,0.64,26.8,1.9,,24.1,4.1,0.98,24.625,2.275,0.7533333333333333
2025-08-12 14:00,23.8,1.1,0.8,25.6,0.6,0.97,27.1,3.3,,25.0,1.5,0.9,25.375,1.625,0.89
2025-08-12 15:00,25.0,0.9,1.16,24.6,0.6,0.64,26.0,2.6,,25.8,3.6,0.96,25.349999999999998,1.9249999999999998,0.9199999999999999
2025-08-12 16:00,25.3,0.2,0.75,25.0,1.1,0.41,25.7,2.4,,25.2,4.7,0.31,25.3,2.1,0.49
2025-08-12 17:00,24.2,0.2,0.25,25.5,1.5,0.62,25.7,2.7,,24.5,2.6,0.1,24.975,1.75,0.3233333333333333
2025-08-12 18:00,24.0,1.8,0.14,25.6,1.3,0.29,25.5,2.0,,24.3,1.9,0.02,24.849999999999998,1.75,0.15
2025-08-12 19:00,23.8,1.3,0.09,25.5,1.4,0.11,25.3,2.2,,24.6,4.0,0.04,24.799999999999997,2.225,0.08
2025-08-12 20:00,23.8,0.5,0.06,25.1,2.7,0.01,25.2,2.4,,24.4,3.0,0.0,24.625,2.15,0.02333333333333333
2025-08-12 21:00,24.0,0.6,,25.0,2.7,,25.2,2.3,,24.5,2.3,,24.675,1.9749999999999999,0.0
2025-08-12 22:00,23.7,0.0,,24.8,2.5,,25.0,0.6,,24.6,1.8,,24.525,1.225,0.0
2025-08-12 23:00,23.6,0.0,,25.0,2.2,,25.0,1.4,,24.6,2.7,,24.549999999999997,1.5750000000000002,0.0
2025-08-13 00:00,23.9,0.7,,25.3,1.1,,25.0,2.6,,24.7,2.4,,24.725,1.7000000000000002,0.0
2025-08-13 01:00,24.1,0.3,,24.7,2.1,,24.9,2.7,,24.7,2.5,,24.599999999999998,1.9,0.0
2025-08-13 02:00,23.7,0.0,,24.8,2.0,,24.7,2.1,,24.6,2.6,,24.450000000000003,1.6749999999999998,0.0
2025-08-13 03:00,23.6,0.1,,24.9,2.2,,24.9,2.4,,24.6,2.8,,24.5,1.875,0.0
2025-08-13 04:00,24.0,1.2,,25.0,2.5,,25.1,3.2,,24.8,3.2,,24.724999999999998,2.5250000000000004,0.0
2025-08-13 05:00,24.3,1.0,,25.4,2.5,,25.2,2.7,,25.1,3.9,,25.0,2.525,0.0
2025-08-13 06:00,24.7,0.7,0.07,25.3,1.6,0.0,25.1,2.6,,25.3,2.6,0.0,25.099999999999998,1.875,0.023333333333333334
2025-08-13 07:00,24.9,0.3,0.21,25.7,1.2,0.06,25.1,3.3,,25.6,2.3,0.11,25.324999999999996,1.775,0.12666666666666668
2025-08-13 08:00,26.4,1.5,0.65,26.7,1.0,0.3,25.8,3.3,,26.2,2.1,0.33,26.275,1.975,0.4266666666666667
2025-08-13 09:00,27.2,2.0,,27.9,2.5,0.69,26.9,2.6,,27.4,3.9,0.78,27.35,2.75,0.49
2025-08-13 10:00,29.0,2.4,1.84,29.4,2.3,1.17,28.4,4.1,,28.9,4.0,2.12,28.924999999999997,3.1999999999999997,1.71
2025-08-13 11:00,29.4,2.7,2.55,28.9,3.4,1.5,29.8,4.4,,29.2,5.2,2.4,29.325,3.925,2.15
2025-08-13 12:00,30.1,3.4,1.91,31.5,2.3,3.0,30.9,3.9,,28.1,5.8,1.29,30.15,3.8499999999999996,2.066666666666667
2025-08-13 13:00,28.3,2.7,1.48,30.4,4.3,1.85,30.8,3.8,,29.1,4.5,2.23,29.65,3.825,1.8533333333333335
2025-08-13 14:00,30.3,3.0,2.3,28.4,5.2,1.87,31.5,5.5,,30.3,5.1,3.08,30.125,4.699999999999999,2.4166666666666665
2025-08-13 15:00,30.2,3.1,1.81,30.5,3.9,2.02,31.7,5.1,,30.8,5.2,2.9,30.8,4.325,2.2433333333333336
2025-08-13 16:00,30.6,3.5,2.32,32.3,3.1,2.23,31.8,3.9,,31.0,4.7,2.48,31.425,3.8,2.3433333333333333
2025-08-13 17:00,31.2,3.2,1.9,31.8,3.3,1.86,31.9,2.7,,30.7,4.3,2.02,31.400000000000002,3.375,1.9266666666666665
2025-08-13 18:00,30.2,2.8,1.16,31.1,2.9,0.88,31.4,3.4,,29.8,4.6,1.25,30.624999999999996,3.425,1.0966666666666667
2025-08-13 19:00,28.5,2.0,0.39,30.2,1.9,0.24,29.8,3.6,,28.6,4.3,0.26,29.275,2.95,0.2966666666666667
2025-08-13 20:00,27.7,1.2,0.07,29.2,1.7,0.02,28.2,2.3,,27.9,3.5,0.02,28.25,2.175,0.036666666666666674
2025-08-13 21:00,27.4,1.9,,28.9,1.9,,27.9,2.4,,27.3,3.3,,27.874999999999996,2.375,0.0
2025-08-13 22:00,27.0,1.2,,28.4,1.8,,28.0,2.5,,26.9,2.9,,27.575000000000003,2.1,0.0
2025-08-13 23:00,26.3,1.5,,27.0,1.6,,26.7,2.7,,26.5,2.0,,26.625,1.9500000000000002,0.0
2025-08-14 00:00,26.2,1.4,,26.5,1.6,,26.6,2.7,,26.2,0.9,,26.375000000000004,1.6500000000000001,0.0
2025-08-14 01:00,26.6,0.6,,26.1,1.5,,26.4,2.9,,26.3,2.5,,26.349999999999998,1.875,0.0
2025-08-14 02:00,25.6,0.4,,25.7,1.6,,26.2,1.6,,25.8,2.5,,25.825,1.525,0.0
2025-08-14 03:00,25.5,0.0,,25.4,1.8,,25.3,2.4,,25.6,2.1,,25.450000000000003,1.5750000000000002,0.0
2025-08-14 04:00,25.4,0.2,,25.1,2.1,,25.0,2.5,,25.5,2.6,,25.25,1.85,0.0
2025-08-14 05:00,25.0,0.2,,25.0,1.8,,24.8,2.4,,25.4,2.4,,25.049999999999997,1.7000000000000002,0.0
2025-08-14 06:00,24.9,0.0,0.06,25.3,1.0,0.0,24.7,1.9,,25.3,1.2,0.0,25.05,1.025,0.02
2025-08-14 07:00,25.3,0.0,0.23,26.6,2.2,0.24,25.3,2.1,,25.9,1.8,0.17,25.775,1.5250000000000001,0.21333333333333335
2025-08-14 08:00,27.2,0.8,0.93,28.8,0.9,0.89,27.5,2.7,,27.3,3.2,0.89,27.7,1.9000000000000001,0.9033333333333333
2025-08-14 09:00,28.2,3.1,1.5,28.6,1.4,0.83,28.4,2.8,,28.4,3.6,1.45,28.4,2.725,1.26
2025-08-14 10:00,28.9,1.7,1.7,29.4,2.1,1.49,29.6,4.2,,29.5,4.4,1.87,29.35,3.1,1.6866666666666668
2025-08-14 11:00,29.8,2.6,2.31,31.6,2.9,2.92,30.4,3.5,,30.3,5.6,2.91,30.525000000000002,3.65,2.7133333333333334
2025-08-14 12:00,31.4,1.5,3.27,31.3,3.0,2.86,31.6,3.6,,30.8,4.4,3.28,31.275000000000002,3.125,3.1366666666666667
2025-08-14 13:00,30.3,1.8,2.08,31.2,4.3,2.16,26.8,2.7,,31.0,3.0,3.41,29.825,2.95,2.5500000000000003
2025-08-14 14:00,31.7,2.8,3.38,30.7,4.3,2.45,28.7,3.2,,30.7,3.8,3.37,30.45,3.5250000000000004,3.0666666666666664
2025-08-14 15:00,26.7,0.4,1.7,32.5,3.1,2.47,29.4,3.8,,31.4,3.0,3.06,30.0,2.575,2.41
2025-08-14 16:00,31.1,1.2,2.63,31.6,3.5,2.06,30.0,2.6,,31.5,3.1,2.57,31.05,2.6,2.42
2025-08-14 17:00,31.7,1.5,1.93,31.6,2.9,1.95,31.2,1.9,,31.2,2.7,1.92,31.425,2.25,1.9333333333333333
2025-08-14 18:00,30.7,1.6,1.04,31.3,2.2,0.91,30.5,2.3,,30.2,3.2,1.18,30.675,2.325,1.0433333333333332
2025-08-14 19:00,30.0,1.8,0.32,29.9,2.4,0.41,28.9,2.9,,29.1,2.8,0.47,29.475,2.4749999999999996,0.39999999999999997
2025-08-14 20:00,29.1,1.5,0.07,28.4,2.9,0.02,27.3,0.4,,27.8,2.6,0.03,28.15,1.85,0.04
2025-08-14 21:00,28.3,1.0,,27.6,1.4,,26.7,0.0,,27.3,1.3,,27.475,0.925,0.0
2025-08-14 22:00,28.0,0.6,,27.4,1.7,,26.9,1.3,,27.2,1.9,,27.375,1.375,0.0
2025-08-14 23:00,27.4,0.2,,27.4,0.7,,26.8,0.5,,26.8,0.7,,27.099999999999998,0.5249999999999999,0.0
2025-08-15 00:00,27.0,0.4,,27.2,1.1,,26.5,2.6,,26.5,0.7,,26.8,1.2,0.0
2025-08-15 01:00,26.3,0.4,,26.6,1.5,,26.2,1.8,,26.1,0.6,,26.300000000000004,1.075,0.0
2025-08-15 02:00,26.1,0.4,,26.4,0.8,,26.1,1.4,,26.2,1.0,,26.2,0.9,0.0
2025-08-15 03:00,26.0,0.7,,26.1,1.0,,25.8,2.1,,25.9,0.2,,25.950000000000003,1.0,0.0
2025-08-15 04:00,25.4,0.4,,25.8,1.0,,25.5,2.3,,25.8,0.3,,25.625,0.9999999999999999,0.0
2025-08-15 05:00,25.3,0.1,,25.8,0.7,,25.4,1.9,,25.7,0.7,,25.55,0.8499999999999999,0.0
2025-08-15 06:00,25.2,0.0,0.06,25.4,1.4,0.0,25.2,2.3,,25.4,1.3,0.0,25.299999999999997,1.25,0.02
2025-08-15 07:00,25.4,0.0,0.24,26.4,0.9,0.19,25.3,2.1,,26.1,0.7,0.22,25.799999999999997,0.925,0.21666666666666667
2025-08-15 08:00,27.3,0.9,0.99,28.2,1.3,0.88,27.5,1.7,,27.3,0.8,0.9,27.575,1.175,0.9233333333333333
2025-08-15 09:00,27.4,1.0,1.49,30.2,0.9,1.74,28.7,0.9,,27.6,1.0,0.68,28.475,0.95,1.3033333333333335
2025-08-15 10:00,28.1,0.8,1.78,31.2,1.6,2.27,28.9,2.1,,28.8,1.6,1.91,29.249999999999996,1.525,1.9866666666666666
2025-08-15 11:00,30.1,0.8,3.19,31.7,1.4,2.12,29.1,4.0,,30.2,3.1,2.99,30.275000000000002,2.325,2.766666666666667
2025-08-15 12:00,31.6,0.8,3.35,31.7,1.1,1.88,30.5,3.2,,30.8,2.3,3.38,31.15,1.85,2.8699999999999997
2025-08-15 13:00,32.1,0.6,3.21,31.7,1.3,1.27,30.8,4.2,,30.9,2.3,3.5,31.375,2.0999999999999996,2.66
2025-08-15 14:00,32.8,0.8,3.02,31.9,3.4,2.17,30.5,4.6,,31.7,3.4,3.4,31.724999999999998,3.0500000000000003,2.8633333333333333
2025-08-15 15:00,33.5,1.9,2.84,32.1,2.8,2.32,30.7,3.9,,31.6,4.0,3.07,31.975,3.15,2.7433333333333336
2025-08-15 16:00,32.1,1.1,1.53,33.4,3.6,2.62,30.6,4.1,,32.2,3.5,2.59,32.075,3.075,2.2466666666666666
2025-08-15 17:00,32.8,1.3,1.15,32.4,2.8,1.84,29.8,4.7,,31.2,3.7,1.94,31.549999999999997,3.125,1.6433333333333333
2025-08-15 18:00,31.6,1.1,1.2,32.0,2.6,1.14,29.5,3.9,,29.9,4.5,1.21,30.75,3.025,1.1833333333333333
2025-08-15 19:00,30.3,0.7,0.39,29.7,3.2,0.44,28.5,3.0,,28.7,3.9,0.46,29.3,2.7,0.43
2025-08-15 20:00,29.1,0.6,0.07,28.3,2.1,0.01,27.2,2.8,,27.3,2.2,0.03,27.975,1.925,0.03666666666666667
2025-08-15 21:00,28.2,0.5,,27.8,2.1,,26.9,2.3,,26.8,2.3,,27.425,1.8,0.0
2025-08-15 22:00,27.8,0.5,,27.2,1.4,,26.6,1.8,,26.6,1.0,,27.049999999999997,1.175,0.0
2025-08-15 23:00,26.7,0.1,,26.9,1.3,,26.2,0.0,,26.2,2.3,,26.5,0.925,0.0
2025-08-16 00:00,26.4,1.1,,26.6,1.3,,26.0,0.1,,26.0,0.5,,26.25,0.7500000000000001,0.0
2025-08-16 01:00,26.3,0.9,,26.3,1.2,,25.5,0.0,,25.8,0.0,,25.974999999999998,0.525,0.0
2025-08-16 02:00,26.0,0.9,,26.1,0.9,,25.0,0.3,,25.7,0.2,,25.7,0.5750000000000001,0.0
2025-08-16 03:00,25.6,0.6,,25.5,1.1,,24.6,0.0,,25.5,0.7,,25.3,0.6000000000000001,0.0
2025-08-16 04:00,24.9,0.0,,25.3,1.0,,24.6,0.0,,25.3,1.7,,25.025000000000002,0.675,0.0
2025-08-16 05:00,24.9,0.2,,25.4,0.9,,24.3,0.0,,25.2,0.2,,24.95,0.325,0.0
2025-08-16 06:00,24.9,0.4,0.06,25.0,1.1,0.0,24.5,0.8,,25.1,0.3,0.0,24.875,0.6499999999999999,0.02
2025-08-16 07:00,25.0,0.6,0.13,25.9,1.0,0.25,25.0,0.7,,25.0,0.1,0.08,25.225,0.6,0.15333333333333335
2025-08-16 08:00,25.3,0.0,0.34,26.8,0.8,0.79,25.3,0.0,,26.3,0.8,0.77,25.925,0.4,0.6333333333333334
2025-08-16 09:00,25.8,0.8,0.75,28.8,0.6,1.19,27.1,1.1,,26.7,2.3,1.33,27.1,1.2,1.09
2025-08-16 10:00,27.8,0.7,2.21,30.1,1.4,2.08,29.8,1.4,,28.6,1.9,2.3,29.075000000000003,1.3499999999999999,2.1966666666666668
2025-08-16 11:00,29.3,1.0,2.96,30.6,2.4,2.9,30.9,2.3,,29.6,2.1,2.98,30.1,1.9499999999999997,2.9466666666666668
2025-08-16 12:00,31.0,0.7,3.35,31.6,2.6,3.01,31.6,1.9,,30.5,2.4,3.32,31.175,1.9,3.2266666666666666
2025-08-16 13:00,31.8,0.8,3.38,32.1,3.0,3.6,31.6,1.9,,30.9,2.0,3.45,31.6,1.9249999999999998,3.4766666666666666
2025-08-16 14:00,31.4,1.3,2.83,33.2,2.6,3.49,31.7,2.9,,31.3,2.7,3.38,31.9,2.375,3.233333333333333
2025-08-16 15:00,32.7,2.0,2.91,33.0,2.8,3.09,31.7,3.5,,31.5,3.6,3.09,32.225,2.975,3.03
2025-08-16 16:00,33.2,1.5,2.84,33.0,2.3,2.27,31.3,3.7,,31.8,3.2,2.6,32.325,2.675,2.57
2025-08-16 17:00,32.5,1.4,2.1,32.2,1.9,1.8,30.9,3.6,,30.8,4.3,1.93,31.599999999999998,2.8,1.9433333333333334
2025-08-16 18:00,31.8,1.4,1.19,32.3,2.9,1.08,29.6,4.8,,30.0,3.0,1.18,30.924999999999997,3.025,1.1500000000000001
2025-08-16 19:00,30.0,1.8,0.39,29.9,3.7,0.43,28.6,2.9,,29.4,2.3,0.46,29.475,2.675,0.4266666666666667
2025-08-16 20:00,29.1,1.1,0.06,28.4,2.3,0.01,27.1,2.6,,27.7,0.5,0.02,28.075,1.625,0.03
2025-08-16 21:00,28.3,0.5,,27.5,2.2,,26.5,1.4,,26.7,1.0,,27.25,1.275,0.0
2025-08-16 22:00,27.8,1.0,,26.9,1.5,,25.7,0.9,,26.2,1.3,,26.650000000000002,1.175,0.0
2025-08-16 23:00,26.6,1.1,,26.6,1.6,,25.3,0.0,,26.1,1.2,,26.15,0.9750000000000001,0.0
2025-08-17 00:00,26.8,1.0,,26.2,0.6,,24.6,1.0,,25.8,2.0,,25.849999999999998,1.15,0.0
2025-08-17 01:00,26.0,0.9,,25.9,1.1,,24.5,1.4,,25.6,0.5,,25.5,0.975,0.0
2025-08-17 02:00,25.3,0.7,,25.3,1.4,,24.2,2.6,,25.0,1.4,,24.95,1.525,0.0
2025-08-17 03:00,25.2,0.6,,24.7,0.8,,24.0,2.4,,24.8,0.7,,24.675,1.125,0.0
2025-08-17 04:00,24.5,0.7,,24.3,0.6,,23.7,2.8,,24.5,1.4,,24.25,1.375,0.0
2025-08-17 05:00,23.9,0.1,,24.2,1.1,,23.7,2.7,,24.7,1.4,,24.125,1.3250000000000002,0.0
2025-08-17 06:00,23.6,0.1,0.06,23.8,1.0,0.0,23.7,2.7,,24.7,1.7,0.0,23.950000000000003,1.375,0.02
2025-08-17 07:00,24.1,0.0,0.29,24.9,1.4,0.2,24.1,2.6,,25.0,2.1,0.2,24.525,1.525,0.22999999999999998
2025-08-17 08:00,25.9,0.7,0.91,27.6,0.9,0.9,26.2,1.6,,26.4,1.2,0.78,26.525,1.1,0.8633333333333333
2025-08-17 09:00,27.5,0.6,1.75,29.5,0.9,1.66,27.5,2.2,,28.4,2.2,1.54,28.225,1.475,1.6500000000000001
2025-08-17 10:00,28.1,0.9,2.34,30.3,0.9,1.95,29.1,2.0,,29.2,2.3,2.14,29.175,1.525,2.143333333333333
2025-08-17 11:00,29.4,0.6,2.04,30.7,2.0,2.59,29.8,1.4,,29.8,2.2,2.48,29.924999999999997,1.55,2.3699999999999997
2025-08-17 12:00,30.2,0.5,2.34,31.7,1.9,3.1,31.1,1.1,,30.6,2.2,3.26,30.9,1.425,2.9
2025-08-17 13:00,30.8,1.0,2.63,31.5,1.7,2.79,31.2,2.8,,31.1,2.3,3.3,31.15,1.95,2.9066666666666663
2025-08-17 14:00,32.6,1.2,2.9,32.8,1.0,2.81,31.6,2.7,,31.5,2.4,3.32,32.125,1.8250000000000002,3.01
2025-08-17 15:00,33.0,1.8,3.0,33.6,2.5,2.87,31.9,3.4,,31.8,2.7,2.94,32.575,2.5999999999999996,2.936666666666667
2025-08-17 16:00,33.3,1.4,2.53,33.5,2.7,2.45,31.6,3.7,,31.4,3.3,2.18,32.45,2.775,2.3866666666666667
2025-08-17 17:00,32.5,0.9,2.05,33.0,2.7,1.88,29.5,3.3,,31.3,2.2,1.56,31.575,2.2750000000000004,1.83
2025-08-17 18:00,31.8,1.2,0.87,31.3,3.2,0.92,29.7,3.0,,30.3,2.5,0.74,30.775,2.475,0.8433333333333334
2025-08-17 19:00,30.2,1.4,0.34,29.9,2.8,0.29,28.6,2.3,,29.1,1.7,0.36,29.449999999999996,2.05,0.33
2025-08-17 20:00,28.8,0.5,0.07,28.8,2.0,0.01,28.0,2.0,,27.9,2.4,0.02,28.375,1.725,0.03333333333333333
2025-08-17 21:00,28.6,1.5,,28.3,1.8,,27.9,1.8,,27.5,1.6,,28.075000000000003,1.6749999999999998,0.0
2025-08-17 22:00,28.0,0.7,,28.2,1.2,,27.8,0.7,,27.2,1.1,,27.8,0.9249999999999999,0.0
2025-08-17 23:00,27.7,0.7,,27.7,1.2,,27.5,1.3,,26.6,0.6,,27.375,0.9500000000000001,0.0
2025-08-18 00:00,26.8,0.5,,27.4,0.6,,26.4,1.6,,26.8,1.3,,26.849999999999998,1.0,0.0
2025-08-18 01:00,26.9,0.6,,26.9,0.9,,25.4,0.5,,26.5,1.9,,26.424999999999997,0.975,0.0
2025-08-18 02:00,26.4,0.7,,26.4,0.7,,25.2,2.1,,26.0,0.9,,26.0,1.1,0.0
2025-08-18 03:00,26.0,0.5,,26.4,1.0,,25.1,2.4,,25.9,0.6,,25.85,1.125,0.0
2025-08-18 04:00,25.3,0.0,,26.1,1.2,,24.6,2.8,,26.1,2.7,,25.525,1.675,0.0
2025-08-18 05:00,25.3,0.5,,25.7,1.3,,24.6,2.9,,26.1,1.4,,25.424999999999997,1.525,0.0
2025-08-18 06:00,25.2,0.1,0.06,25.3,1.6,0.0,24.4,2.3,,25.9,2.2,0.0,25.200000000000003,1.55,0.02
2025-08-18 07:00,25.7,0.7,0.17,26.0,1.9,0.16,25.4,2.8,,26.0,2.5,0.06,25.775,1.9749999999999999,0.13
2025-08-18 08:00,26.9,0.9,0.64,28.4,1.3,0.83,27.2,2.8,,26.9,1.8,0.48,27.35,1.7,0.65
2025-08-18 09:00,27.6,0.3,1.28,30.1,1.8,1.56,28.7,2.4,,27.4,2.1,0.54,28.450000000000003,1.65,1.1266666666666667
2025-08-18 10:00,29.0,1.2,1.94,31.0,1.5,2.16,30.8,1.9,,29.5,2.2,1.59,30.075,1.7,1.8966666666666665
2025-08-18 11:00,29.7,1.4,2.08,31.4,2.6,2.55,30.9,2.4,,30.7,2.7,2.65,30.675,2.2750000000000004,2.4266666666666663
2025-08-18 12:00,30.5,1.4,1.87,32.3,2.7,3.09,31.4,1.5,,30.2,3.3,2.17,31.099999999999998,2.2249999999999996,2.3766666666666665
2025-08-18 13:00,31.1,0.5,2.35,33.4,2.7,2.99,31.2,2.5,,31.3,3.0,2.99,31.75,2.175,2.776666666666667
2025-08-18 14:00,31.2,0.5,1.6,33.1,3.1,3.02,32.2,2.2,,31.9,3.3,3.39,32.1,2.2750000000000004,2.67
2025-08-18 15:00,31.8,1.6,1.69,33.8,3.2,2.9,32.1,3.9,,31.7,3.6,3.04,32.349999999999994,3.075,2.5433333333333334
2025-08-18 16:00,31.8,1.9,1.7,32.7,2.8,2.22,31.4,4.1,,31.6,3.2,2.45,31.875,3.0,2.1233333333333335
2025-08-18 17:00,32.3,2.8,1.35,33.2,3.2,1.36,31.2,4.4,,31.7,3.0,1.69,32.1,3.35,1.4666666666666668
2025-08-18 18:00,31.2,2.1,0.87,31.4,3.9,0.75,29.9,3.9,,30.7,3.8,1.18,30.8,3.425,0.9333333333333332
2025-08-18 19:00,30.1,2.0,0.33,29.3,3.0,0.3,28.9,1.5,,29.4,2.6,0.41,29.425000000000004,2.275,0.3466666666666667
2025-08-18 20:00,29.5,1.7,0.06,28.8,3.2,0.0,28.1,2.3,,28.3,3.0,0.01,28.675,2.55,0.02333333333333333
2025-08-18 21:00,28.8,1.4,,28.3,1.8,,28.0,2.1,,27.9,2.6,,28.25,1.975,0.0
2025-08-18 22:00,28.3,1.6,,28.0,1.2,,27.8,2.1,,27.9,3.0,,28.0,1.975,0.0
2025-08-18 23:00,27.4,1.3,,27.8,1.8,,27.5,1.3,,27.6,1.7,,27.575000000000003,1.5250000000000001,0.0
2025-08-19 00:00,26.9,1.3,,27.9,2.2,,26.9,2.6,,27.4,2.3,,27.275,2.0999999999999996,0.0
2025-08-19 01:00,26.7,0.7,,27.7,2.1,,26.1,2.3,,27.1,1.8,,26.9,1.7249999999999999,0.0
2025-08-19 02:00,26.6,0.9,,27.2,1.2,,25.6,2.5,,26.8,2.2,,26.55,1.7,0.0
2025-08-19 03:00,25.9,0.4,,26.4,1.3,,25.4,2.7,,26.5,2.4,,26.049999999999997,1.7000000000000002,0.0
2025-08-19 04:00,26.0,0.5,,26.2,1.2,,25.2,2.5,,26.3,1.9,,25.925,1.525,0.0
2025-08-19 05:00,26.1,0.1,,25.7,1.7,,25.0,2.9,,26.3,2.2,,25.775,1.725,0.0
2025-08-19 06:00,26.0,0.9,0.06,25.5,1.5,0.0,24.9,2.7,,26.4,2.8,0.0,25.700000000000003,1.9749999999999999,0.02
2025-08-19 07:00,26.2,0.5,0.31,27.0,1.3,0.22,25.7,3.1,,26.5,2.6,0.08,26.35,1.875,0.20333333333333334
2025-08-19 08:00,26.8,0.8,0.7,28.8,1.7,0.75,26.7,3.3,,27.6,3.0,0.59,27.475,2.2,0.68
2025-08-19 09:00,29.0,0.9,1.07,30.3,1.7,1.52,29.3,2.8,,28.7,3.1,1.39,29.325,2.125,1.3266666666666664
2025-08-19 10:00,28.9,1.3,1.25,30.6,1.9,2.06,30.3,2.5,,29.8,3.5,2.05,29.9,2.3,1.7866666666666664
2025-08-19 11:00,31.4,1.4,2.29,31.7,3.0,2.31,31.5,2.7,,30.3,2.7,2.55,31.224999999999998,2.45,2.3833333333333333
2025-08-19 12:00,31.5,2.1,2.71,32.2,3.2,2.5,32.0,3.0,,30.9,3.4,2.28,31.65,2.9250000000000003,2.4966666666666666
2025-08-19 13:00,31.0,2.4,2.61,32.2,3.8,2.57,32.7,1.4,,30.6,3.3,2.43,31.625,2.7249999999999996,2.5366666666666666
2025-08-19 14:00,32.5,2.2,2.87,33.1,3.5,2.25,32.3,3.4,,31.3,4.0,2.7,32.3,3.275,2.606666666666667
2025-08-19 15:00,32.9,2.2,3.03,33.6,3.5,2.87,31.7,3.6,,31.7,3.5,3.07,32.475,3.2,2.99
2025-08-19 16:00,31.8,2.1,1.9,32.3,4.2,1.65,31.6,4.2,,31.9,3.1,2.55,31.9,3.4,2.033333333333333
2025-08-19 17:00,31.5,2.8,1.91,32.2,4.5,1.82,30.6,4.9,,31.3,3.2,1.89,31.400000000000002,3.8499999999999996,1.8733333333333333
2025-08-19 18:00,31.3,2.1,0.86,31.3,3.0,0.92,29.6,4.2,,30.6,2.8,1.14,30.700000000000003,3.0250000000000004,0.9733333333333333
2025-08-19 19:00,29.9,2.3,0.48,29.7,2.9,0.39,29.2,3.2,,29.5,4.0,0.42,29.575,3.0999999999999996,0.43
2025-08-19 20:00,28.8,1.9,0.06,28.7,1.7,0.02,28.5,0.9,,28.5,2.6,0.01,28.625,1.775,0.03
2025-08-19 21:00,28.1,2.4,,28.4,1.5,,27.5,1.1,,28.1,4.1,,28.025,2.275,0.0
2025-08-19 22:00,27.8,1.4,,27.7,1.0,,26.7,2.5,,27.8,3.9,,27.5,2.2,0.0
2025-08-19 23:00,27.5,2.2,,27.2,1.3,,26.6,2.0,,27.4,2.5,,27.175000000000004,2.0,0.0
2025-08-20 00:00,27.2,1.6,,26.9,1.1,,25.6,2.3,,26.9,1.9,,26.65,1.725,0.0
2025-08-20 01:00,26.7,1.4,,26.7,1.3,,25.2,1.1,,26.7,2.7,,26.325,1.625,0.0
2025-08-20 02:00,26.7,0.4,,26.2,1.7,,25.0,1.0,,26.6,1.3,,26.125,1.1,0.0
2025-08-20 03:00,25.9,0.7,,26.0,0.4,,25.0,2.7,,26.5,1.9,,25.85,1.425,0.0
2025-08-20 04:00,25.9,0.8,,25.4,1.6,,25.0,1.7,,26.2,2.5,,25.625,1.6500000000000001,0.0
2025-08-20 05:00,25.4,0.2,,25.3,1.2,,24.5,2.0,,26.0,1.9,,25.3,1.325,0.0
2025-08-20 06:00,25.5,0.5,0.06,25.1,1.7,0.0,24.9,2.6,,25.6,1.6,0.0,25.275,1.6,0.02
2025-08-20 07:00,25.7,0.7,0.25,26.1,2.0,0.18,25.4,3.0,,26.3,1.9,0.15,25.874999999999996,1.9,0.19333333333333333
2025-08-20 08:00,27.2,0.8,0.9,28.4,1.9,0.79,27.4,2.5,,28.0,3.0,0.79,27.75,2.05,0.8266666666666667
2025-08-20 09:00,29.2,0.3,1.61,30.4,1.6,1.47,29.1,3.2,,29.1,3.0,1.55,29.449999999999996,2.0250000000000004,1.5433333333333332
2025-08-20 10:00,30.5,1.4,2.21,31.3,1.8,2.07,30.8,2.4,,30.6,2.9,2.37,30.799999999999997,2.125,2.2166666666666663
2025-08-20 11:00,30.8,1.0,3.11,32.2,1.8,2.57,31.4,2.6,,30.9,2.4,2.48,31.325000000000003,1.9500000000000002,2.72
2025-08-20 12:00,31.6,0.9,2.73,32.8,2.2,2.65,31.8,2.1,,31.3,3.3,2.43,31.875,2.125,2.6033333333333335
2025-08-20 13:00,33.3,1.9,3.0,33.6,2.4,3.17,30.4,3.7,,31.4,4.1,3.25,32.175000000000004,3.025,3.14
2025-08-20 14:00,33.1,1.2,3.09,33.2,3.6,2.73,31.5,4.2,,31.8,2.6,3.43,32.400000000000006,2.9,3.0833333333333335
2025-08-20 15:00,31.9,1.1,1.73,33.4,2.4,2.38,31.3,4.8,,32.1,3.6,3.15,32.175,2.975,2.42
2025-08-20 16:00,29.9,2.9,2.02,33.8,3.1,2.03,31.3,4.4,,31.7,2.6,2.06,31.675,3.25,2.0366666666666666
2025-08-20 17:00,30.0,2.0,0.99,33.2,3.5,1.74,31.1,3.9,,31.6,6.2,2.04,31.475,3.9000000000000004,1.5899999999999999
2025-08-20 18:00,30.4,2.7,0.81,31.3,4.3,1.0,30.2,3.8,,30.9,3.6,1.13,30.700000000000003,3.6,0.98
2025-08-20 19:00,29.2,2.3,0.28,30.1,3.7,0.25,29.0,3.8,,29.9,4.3,0.36,29.549999999999997,3.5250000000000004,0.2966666666666667
2025-08-20 20:00,28.7,3.1,0.06,28.8,2.2,0.01,28.2,1.8,,29.1,3.5,0.01,28.700000000000003,2.6500000000000004,0.02666666666666666
2025-08-20 21:00,28.0,1.6,,28.8,1.4,,27.9,0.4,,28.6,3.4,,28.324999999999996,1.7,0.0
2025-08-20 22:00,27.6,1.2,,28.6,1.6,,27.4,0.1,,27.6,2.1,,27.799999999999997,1.25,0.0
2025-08-20 23:00,27.0,1.2,,28.2,0.9,,27.0,0.3,,27.2,1.8,,27.35,1.05,0.0
2025-08-21 00:00,26.9,0.8,,27.6,1.3,,26.8,1.4,,27.1,1.8,,27.1,1.325,0.0
2025-08-21 01:00,26.5,1.1,,27.0,0.6,,26.7,1.7,,26.6,1.9,,26.700000000000003,1.3250000000000002,0.0
2025-08-21 02:00,26.3,0.2,,26.9,0.9,,26.7,0.9,,26.3,0.7,,26.55,0.675,0.0
2025-08-21 03:00,26.0,1.1,,26.5,1.2,,26.4,0.5,,26.2,1.6,,26.275000000000002,1.1,0.0
2025-08-21 04:00,25.3,0.6,,26.5,1.7,,26.0,1.9,,26.0,2.0,,25.95,1.5499999999999998,0.0
2025-08-21 05:00,25.3,0.1,,26.3,0.7,,25.9,2.4,,25.5,1.8,,25.75,1.25,0.0
2025-08-21 06:00,24.9,0.5,0.06,26.2,1.1,0.0,25.7,2.0,,25.1,1.2,0.0,25.475,1.2,0.02
2025-08-21 07:00,25.0,1.5,0.25,27.1,0.0,0.2,26.3,0.0,,25.7,2.0,0.2,26.025000000000002,0.875,0.21666666666666667
2025-08-21 08:00,26.7,1.6,0.96,29.3,0.3,0.85,27.0,0.9,,27.8,1.3,0.84,27.7,1.0250000000000001,0.8833333333333333
2025-08-21 09:00,28.9,0.3,1.67,30.1,1.7,1.14,28.7,0.8,,29.2,1.2,1.61,29.225,1.0,1.4733333333333334
2025-08-21 10:00,30.2,0.2,2.4,29.8,1.6,1.74,30.5,1.5,,30.2,0.8,2.31,30.175,1.025,2.15
2025-08-21 11:00,31.2,1.0,3.0,31.1,0.9,1.41,31.1,2.0,,30.6,2.4,2.82,31.0,1.575,2.41
2025-08-21 12:00,32.2,0.7,3.1,33.0,1.8,2.67,31.7,2.2,,31.1,2.4,2.76,32.0,1.775,2.8433333333333333
2025-08-21 13:00,32.8,0.9,2.77,33.7,2.7,3.52,32.0,2.9,,31.6,3.3,2.29,32.525,2.45,2.86
2025-08-21 14:00,31.9,0.7,2.12,33.5,2.5,2.12,31.8,3.7,,31.5,2.4,2.93,32.175,2.325,2.39
2025-08-21 15:00,32.8,1.1,1.23,34.2,3.5,2.72,31.6,4.0,,32.1,4.1,2.83,32.675,3.175,2.2600000000000002
2025-08-21 16:00,33.9,1.8,2.64,34.8,2.5,2.45,31.8,3.4,,31.8,3.2,1.59,33.074999999999996,2.7249999999999996,2.2266666666666666
2025-08-21 17:00,33.0,1.7,1.9,33.7,3.5,1.89,31.1,3.7,,31.9,3.2,1.79,32.425000000000004,3.0250000000000004,1.86
2025-08-21 18:00,33.0,1.1,1.29,32.3,3.6,1.03,30.2,3.7,,31.3,2.9,1.06,31.7,2.825,1.1266666666666667
2025-08-21 19:00,30.9,0.9,0.64,30.4,2.9,0.35,29.2,3.1,,29.9,2.3,0.41,30.1,2.3,0.4666666666666666
2025-08-21 20:00,29.6,0.5,0.07,29.0,2.6,0.01,28.1,2.7,,28.4,2.5,0.02,28.775,2.075,0.03333333333333333
2025-08-21 21:00,28.8,1.1,,28.4,1.1,,27.7,1.7,,27.9,1.5,,28.200000000000003,1.35,0.0
2025-08-21 22:00,28.7,1.2,,28.3,0.6,,26.9,0.3,,27.7,1.1,,27.900000000000002,0.7999999999999999,0.0
2025-08-21 23:00,28.0,0.8,,28.1,1.7,,26.6,0.5,,27.4,0.0,,27.525,0.75,0.0
2025-08-22 00:00,27.7,0.4,,27.6,0.4,,26.3,0.0,,27.3,1.7,,27.224999999999998,0.625,0.0
2025-08-22 01:00,27.0,0.6,,27.2,0.2,,26.2,1.1,,27.0,0.4,,26.85,0.5750000000000001,0.0
2025-08-22 02:00,27.0,0.9,,26.5,0.8,,26.1,1.0,,26.7,0.0,,26.575,0.675,0.0
2025-08-22 03:00,27.0,0.4,,26.6,0.0,,25.9,1.2,,26.4,0.8,,26.475,0.6000000000000001,0.0
2025-08-22 04:00,26.6,0.9,,26.7,0.2,,25.6,0.0,,26.3,0.3,,26.3,0.35000000000000003,0.0
2025-08-22 05:00,26.2,0.6,,26.6,1.2,,25.4,0.0,,26.1,0.3,,26.074999999999996,0.5249999999999999,0.0
2025-08-22 06:00,26.0,0.1,0.05,26.4,0.7,0.0,25.2,1.7,,25.9,0.5,,25.875,0.75,0.016666666666666666
2025-08-22 07:00,26.4,0.2,0.23,26.8,1.3,0.12,25.9,1.2,,26.4,0.1,0.17,26.375,0.7000000000000001,0.17333333333333334
2025-08-22 08:00,27.5,0.2,0.88,28.4,1.2,0.71,28.2,0.7,,28.0,1.3,0.8,28.025,0.8499999999999999,0.7966666666666665
2025-08-22 09:00,29.6,1.1,1.7,30.7,0.4,1.44,29.4,1.1,,29.0,0.8,1.56,29.674999999999997,0.8500000000000001,1.5666666666666664
2025-08-22 10:00,30.7,0.6,2.38,31.9,1.1,2.19,31.2,0.9,,29.5,2.3,1.44,30.825,1.225,2.0033333333333334
2025-08-22 11:00,32.7,0.9,2.79,32.5,1.7,2.76,31.4,2.3,,30.4,3.2,2.2,31.75,2.0250000000000004,2.5833333333333335
2025-08-22 12:00,31.2,1.4,2.15,32.4,2.3,1.94,31.2,3.6,,30.5,3.9,3.2,31.325,2.8,2.43
2025-08-22 13:00,33.3,2.2,2.93,32.6,2.9,2.65,31.8,3.5,,31.4,3.0,3.38,32.275,2.9,2.986666666666667
2025-08-22 14:00,32.7,1.1,2.89,33.9,2.9,2.78,31.6,4.7,,31.7,3.5,3.29,32.474999999999994,3.05,2.986666666666667
2025-08-22 15:00,32.5,2.3,1.77,33.5,4.1,2.94,31.3,4.9,,32.0,3.3,2.98,32.325,3.6500000000000004,2.563333333333333
2025-08-22 16:00,33.2,1.9,1.58,33.4,4.1,2.45,30.9,4.6,,31.9,3.6,2.5,32.35,3.55,2.1766666666666667
2025-08-22 17:00,32.7,1.3,1.82,31.7,3.8,1.79,30.5,4.6,,31.9,3.1,1.85,31.700000000000003,3.1999999999999997,1.8200000000000003
2025-08-22 18:00,31.8,2.4,0.95,31.9,2.3,1.13,30.4,3.2,,31.2,3.4,1.09,31.325,2.8249999999999997,1.0566666666666666
2025-08-22 19:00,30.4,1.6,0.38,30.1,2.7,0.41,29.1,2.9,,30.2,1.8,0.36,29.95,2.2500000000000004,0.3833333333333333
2025-08-22 20:00,29.5,0.8,0.05,29.0,1.9,0.01,28.0,1.4,,29.0,1.7,0.01,28.875,1.45,0.023333333333333334
2025-08-22 21:00,28.9,0.2,,28.4,1.4,,27.3,0.9,,28.4,0.5,,28.25,0.75,0.0
2025-08-22 22:00,28.3,0.6,,27.9,0.7,,26.6,0.2,,27.9,1.0,,27.675000000000004,0.625,0.0
2025-08-22 23:00,27.7,0.4,,27.3,1.4,,26.1,1.5,,27.6,0.7,,27.174999999999997,1.0,0.0
2025-08-23 00:00,26.9,0.7,,26.6,0.4,,25.7,0.0,,27.3,1.0,,26.625,0.525,0.0
2025-08-23 01:00,26.8,0.3,,26.3,1.0,,25.4,0.0,,26.6,1.0,,26.275,0.575,0.0
2025-08-23 02:00,26.0,0.8,,25.8,0.9,,25.2,0.0,,26.8,1.1,,25.95,0.7000000000000001,0.0
2025-08-23 03:00,25.5,0.2,,25.2,1.5,,25.0,0.0,,26.4,1.1,,25.525,0.7,0.0
2025-08-23 04:00,25.6,0.4,,24.8,1.5,,24.5,2.7,,26.2,2.1,,25.275000000000002,1.6749999999999998,0.0
2025-08-23 05:00,25.2,0.3,,24.4,1.7,,24.3,2.6,,26.0,1.2,,24.974999999999998,1.45,0.0
2025-08-23 06:00,25.0,0.4,0.05,24.3,1.6,0.0,23.9,1.4,,25.8,2.8,,24.749999999999996,1.5499999999999998,0.016666666666666666
2025-08-23 07:00,25.1,0.2,0.24,25.8,1.7,0.19,24.5,0.0,,26.2,2.1,0.15,25.400000000000002,1.0,0.19333333333333333
2025-08-23 08:00,26.9,0.6,0.94,27.9,2.0,0.82,27.8,0.5,,27.7,2.5,0.78,27.575,1.4,0.8466666666666667
2025-08-23 09:00,28.4,0.4,1.7,30.0,1.4,1.53,29.0,1.6,,29.1,1.8,1.4,29.125,1.3,1.5433333333333332
2025-08-23 10:00,29.8,0.7,1.85,30.3,1.2,1.73,30.3,2.3,,29.4,2.1,1.4,29.950000000000003,1.5749999999999997,1.6600000000000001
2025-08-23 11:00,31.1,1.0,2.53,32.2,2.0,2.78,31.1,0.0,,30.8,2.6,2.55,31.3,1.4,2.6199999999999997
2025-08-23 12:00,31.7,0.9,2.42,33.2,1.4,3.26,32.4,2.0,,31.2,3.7,3.23,32.125,2.0,2.97
2025-08-23 13:00,32.6,2.3,2.77,34.7,1.3,2.89,32.8,2.1,,31.7,3.8,3.35,32.95,2.375,3.0033333333333334
2025-08-23 14:00,33.4,1.8,2.99,32.8,3.0,2.13,32.3,3.6,,31.7,3.9,3.23,32.55,3.075,2.783333333333333
2025-08-23 15:00,34.1,1.5,2.89,34.5,3.1,2.42,31.7,4.6,,32.1,3.8,2.92,33.1,3.25,2.7433333333333336
2025-08-23 16:00,33.8,1.9,2.51,33.1,2.7,1.97,32.0,3.7,,31.1,4.4,2.44,32.5,3.1750000000000003,2.3066666666666666
2025-08-23 17:00,32.5,1.5,1.8,33.5,3.7,1.21,31.7,3.7,,31.3,2.5,1.82,32.25,2.85,1.61
2025-08-23 18:00,31.6,1.1,0.6,32.3,3.5,1.12,31.1,3.2,,30.4,4.0,0.94,31.35,2.95,0.8866666666666667
2025-08-23 19:00,30.6,2.2,0.24,30.6,2.4,0.37,29.6,3.2,,29.6,2.1,0.32,30.1,2.475,0.31
2025-08-23 20:00,29.6,1.7,0.06,29.6,2.3,0.01,28.6,2.2,,28.7,2.4,0.02,29.125000000000004,2.15,0.03
2025-08-23 21:00,29.1,0.7,,29.0,0.9,,28.0,0.0,,28.3,1.8,,28.599999999999998,0.8500000000000001,0.0
2025-08-23 22:00,28.5,1.7,,28.7,2.0,,27.3,1.0,,28.0,1.8,,28.125,1.625,0.0
2025-08-23 23:00,28.1,1.2,,28.3,1.0,,27.0,0.0,,27.6,0.7,,27.75,0.7250000000000001,0.0
2025-08-24 00:00,27.9,0.6,,28.1,1.0,,26.4,1.6,,27.0,1.6,,27.35,1.2000000000000002,0.0
2025-08-24 01:00,27.4,0.5,,27.4,1.3,,26.0,1.5,,27.0,2.4,,26.95,1.4249999999999998,0.0
2025-08-24 02:00,27.1,0.4,,26.7,1.5,,25.7,0.0,,26.7,2.3,,26.55,1.0499999999999998,0.0
2025-08-24 03:00,26.6,0.3,,26.7,1.0,,25.7,0.0,,26.5,2.4,,26.375,0.925,0.0
2025-08-24 04:00,26.0,0.2,,26.5,0.8,,25.6,1.1,,26.2,2.5,,26.075,1.15,0.0
2025-08-24 05:00,25.5,0.0,,26.4,0.3,,25.3,1.3,,26.1,1.9,,25.825000000000003,0.875,0.0
2025-08-24 06:00,25.4,0.3,0.06,26.2,1.5,0.0,24.8,1.8,,26.1,2.7,,25.625,1.5750000000000002,0.02
2025-08-24 07:00,25.6,0.3,0.19,26.9,1.5,0.13,25.5,1.6,,26.7,2.3,0.14,26.175,1.425,0.15333333333333335
2025-08-24 08:00,27.6,0.6,0.96,28.8,2.0,0.69,28.1,1.7,,28.4,1.6,0.77,28.225,1.475,0.8066666666666666
2025-08-24 09:00,28.6,0.4,1.33,31.0,0.7,1.43,29.6,2.7,,29.6,2.4,1.44,29.700000000000003,1.55,1.3999999999999997
2025-08-24 10:00,29.7,1.2,1.78,31.4,2.9,2.23,31.0,2.2,,30.4,2.6,1.99,30.625,2.225,2.0
2025-08-24 11:00,30.3,1.2,1.28,32.9,1.6,2.83,31.6,2.5,,30.5,4.3,2.21,31.325000000000003,2.4,2.106666666666667
2025-08-24 12:00,31.7,0.7,2.51,33.2,1.4,2.6,32.7,2.3,,31.3,4.3,2.25,32.225,2.175,2.453333333333333
2025-08-24 13:00,33.8,1.6,3.27,35.2,2.1,3.43,33.4,2.4,,31.8,4.6,2.81,33.550000000000004,2.675,3.17
2025-08-24 14:00,33.6,2.8,2.54,35.2,2.5,3.09,31.9,3.5,,32.4,3.6,3.23,33.275000000000006,3.1,2.953333333333333
2025-08-24 15:00,34.0,2.7,2.88,35.6,2.3,2.49,31.3,4.1,,31.9,4.3,2.96,33.199999999999996,3.3499999999999996,2.776666666666667
2025-08-24 16:00,33.6,2.4,2.19,35.2,3.1,2.51,31.0,2.9,,31.7,4.5,2.44,32.875,3.225,2.3799999999999994
2025-08-24 17:00,31.7,1.7,1.17,33.4,3.8,1.29,31.1,3.6,,31.5,3.4,1.75,31.924999999999997,3.125,1.4033333333333333
2025-08-24 18:00,31.5,2.1,0.76,32.0,4.5,1.01,30.9,3.0,,30.9,2.8,0.98,31.325000000000003,3.0999999999999996,0.9166666666666666
2025-08-24 19:00,30.5,1.8,0.36,30.7,2.2,0.33,29.8,2.7,,29.6,3.6,0.28,30.15,2.575,0.3233333333333333
2025-08-24 20:00,29.7,2.2,0.07,29.0,2.2,0.0,28.7,1.2,,28.9,2.8,0.0,29.075000000000003,2.1,0.023333333333333334
2025-08-24 21:00,28.9,2.1,,29.0,0.1,,28.5,0.6,,28.7,2.9,,28.775000000000002,1.425,0.0
2025-08-24 22:00,28.1,1.9,,28.7,0.9,,27.7,1.6,,28.3,1.4,,28.2,1.4500000000000002,0.0
2025-08-24 23:00,27.8,1.3,,28.4,1.0,,27.5,1.1,,27.8,3.4,,27.875,1.7,0.0
2025-08-25 00:00,27.7,1.4,,28.2,1.1,,27.1,1.4,,27.5,2.7,,27.625,1.65,0.0
2025-08-25 01:00,27.7,1.4,,27.6,1.0,,26.8,2.4,,27.3,1.6,,27.349999999999998,1.6,0.0
2025-08-25 02:00,27.1,0.7,,27.3,1.2,,26.4,2.6,,27.1,2.6,,26.975,1.775,0.0
2025-08-25 03:00,27.1,1.1,,27.2,1.0,,26.2,2.7,,27.2,1.9,,26.925,1.6750000000000003,0.0
2025-08-25 04:00,27.0,1.0,,26.9,0.8,,26.0,2.7,,27.2,2.4,,26.775000000000002,1.725,0.0
2025-08-25 05:00,26.7,0.7,,26.6,0.8,,25.9,1.6,,27.1,3.0,,26.574999999999996,1.525,0.0
2025-08-25 06:00,26.8,1.7,0.06,26.5,0.5,0.0,25.9,2.9,,26.9,2.7,,26.525,1.95,0.02
2025-08-25 07:00,27.3,1.3,0.18,27.6,1.7,0.17,26.5,2.8,,27.2,2.0,0.14,27.150000000000002,1.95,0.16333333333333333
2025-08-25 08:00,28.1,1.6,0.61,28.6,1.9,0.61,28.3,3.2,,28.1,3.0,0.53,28.275,2.425,0.5833333333333334
2025-08-25 09:00,29.3,1.9,1.16,30.9,2.1,1.36,29.9,3.3,,29.6,3.5,1.34,29.924999999999997,2.7,1.2866666666666668
2025-08-25 10:00,30.7,1.5,1.85,31.2,2.3,1.83,30.7,2.8,,29.7,4.3,1.33,30.575,2.7249999999999996,1.67
2025-08-25 11:00,32.0,2.6,3.05,31.8,2.6,1.62,32.3,4.0,,31.1,5.6,2.69,31.799999999999997,3.6999999999999997,2.453333333333333
2025-08-25 12:00,33.0,1.8,2.83,32.8,3.1,2.15,33.5,3.2,,31.8,5.3,3.12,32.775,3.3500000000000005,2.7000000000000006
2025-08-25 13:00,32.5,2.8,2.45,33.6,3.4,2.75,33.2,2.4,,32.2,5.2,3.19,32.875,3.45,2.796666666666667
2025-08-25 14:00,33.2,3.2,2.84,34.7,3.8,2.59,33.2,2.0,,32.7,4.6,3.13,33.45,3.4,2.853333333333333
2025-08-25 15:00,33.9,3.1,2.83,34.8,2.8,2.11,33.1,3.6,,32.2,5.1,2.5,33.5,3.65,2.48
2025-08-25 16:00,33.4,2.7,2.58,33.8,5.4,1.88,32.8,3.8,,31.7,5.0,2.12,32.925,4.2250000000000005,2.1933333333333334
2025-08-25 17:00,32.8,3.3,1.75,34.2,3.8,1.29,31.0,4.6,,31.8,4.2,1.73,32.45,3.9749999999999996,1.5899999999999999
2025-08-25 18:00,31.3,2.5,0.96,32.5,4.4,1.06,31.0,2.8,,30.9,4.5,0.95,31.424999999999997,3.55,0.9899999999999999
2025-08-25 19:00,29.8,2.9,0.25,30.9,3.1,0.25,30.1,2.9,,30.0,4.8,0.27,30.200000000000003,3.425,0.25666666666666665
2025-08-25 20:00,29.2,3.2,0.06,30.3,2.7,0.01,29.3,2.8,,29.3,2.9,0.0,29.525,2.9,0.02333333333333333
2025-08-25 21:00,28.5,2.3,,29.7,1.9,,28.8,2.4,,28.8,4.5,,28.95,2.775,0.0
2025-08-25 22:00,28.1,2.6,,29.0,2.0,,28.1,2.9,,28.7,4.2,,28.475,2.925,0.0
2025-08-25 23:00,28.0,1.4,,28.4,1.4,,27.5,2.4,,28.7,4.9,,28.150000000000002,2.525,0.0
2025-08-26 00:00,27.9,3.2,,28.7,2.4,,27.4,3.9,,28.5,4.1,,28.125,3.4,0.0
2025-08-26 01:00,27.9,2.4,,28.6,1.7,,27.2,3.5,,28.6,5.2,,28.075000000000003,3.2,0.0
2025-08-26 02:00,27.9,3.1,,28.4,2.4,,27.1,3.3,,28.4,5.8,,27.950000000000003,3.6500000000000004,0.0
2025-08-26 03:00,28.0,1.8,,28.2,1.5,,27.4,4.7,,28.3,5.9,,27.974999999999998,3.475,0.0
2025-08-26 04:00,27.7,2.0,,28.1,1.8,,26.1,4.3,,28.2,4.1,,27.525000000000002,3.05,0.0
2025-08-26 05:00,27.6,2.3,,28.4,2.6,,27.1,3.3,,27.9,5.1,,27.75,3.3249999999999997,0.0
2025-08-26 06:00,26.0,2.4,0.07,23.9,3.5,0.0,24.8,1.4,,27.8,4.8,,25.625,3.0250000000000004,0.023333333333333334
2025-08-26 07:00,26.4,2.4,0.18,24.2,1.5,0.01,24.7,3.8,,28.0,4.9,0.08,25.825,3.15,0.09000000000000001
2025-08-26 08:00,27.1,2.5,0.35,23.8,2.9,0.05,24.7,2.5,,28.1,4.2,0.3,25.925000000000004,3.0250000000000004,0.2333333333333333
2025-08-26 09:00,26.7,2.8,0.57,23.7,2.4,0.09,24.3,3.2,,28.6,4.5,0.68,25.825000000000003,3.2249999999999996,0.4466666666666666
2025-08-26 10:00,27.3,0.6,0.78,24.0,1.5,0.13,24.6,2.0,,29.1,4.8,0.96,26.25,2.2249999999999996,0.6233333333333334
2025-08-26 11:00,24.7,3.5,0.66,24.4,1.2,0.13,24.2,3.4,,30.0,3.6,2.24,25.825,2.925,1.01
2025-08-26 12:00,24.1,1.0,0.18,24.3,1.3,0.32,23.5,4.2,,31.1,2.9,3.28,25.75,2.35,1.26
2025-08-26 13:00,25.6,0.1,0.68,24.0,2.6,0.18,24.4,3.3,,31.9,2.2,3.77,26.475,2.05,1.5433333333333332
2025-08-26 14:00,28.2,0.9,2.47,26.0,2.4,0.81,26.7,2.4,,30.7,3.1,2.35,27.900000000000002,2.1999999999999997,1.876666666666667
2025-08-26 15:00,29.3,0.5,2.55,27.1,1.8,1.6,27.6,0.6,,30.6,3.8,1.62,28.65,1.6749999999999998,1.9233333333333336
2025-08-26 16:00,29.3,0.7,1.72,27.8,1.2,0.82,28.9,2.4,,29.5,2.7,1.44,28.875,1.75,1.3266666666666667
2025-08-26 17:00,29.5,0.9,1.23,28.4,1.8,1.08,29.2,4.3,,29.7,3.1,1.59,29.2,2.525,1.3
2025-08-26 18:00,29.7,1.8,0.86,28.0,1.6,0.29,28.8,3.7,,29.3,2.7,0.45,28.95,2.45,0.5333333333333333
2025-08-26 19:00,28.5,2.2,0.31,27.6,2.7,0.17,27.8,2.7,,28.5,1.6,0.26,28.1,2.3000000000000003,0.24666666666666667
2025-08-26 20:00,28.1,1.1,0.06,27.1,1.9,0.0,26.9,1.4,,28.2,1.5,0.0,27.575,1.475,0.02
2025-08-26 21:00,27.6,0.3,,27.0,1.7,,26.0,0.0,,27.7,1.9,,27.075,0.975,0.0
2025-08-26 22:00,27.7,0.4,,26.6,2.0,,25.4,0.0,,27.4,1.6,,26.775,1.0,0.0
2025-08-26 23:00,27.0,0.0,,26.4,0.3,,24.9,0.0,,27.1,1.2,,26.35,0.375,0.0
2025-08-27 00:00,26.5,0.3,,26.2,0.3,,24.5,0.0,,26.9,1.4,,26.025,0.5,0.0
2025-08-27 01:00,26.2,0.3,,25.9,0.3,,24.0,0.0,,26.8,1.9,,25.724999999999998,0.625,0.0
2025-08-27 02:00,26.2,0.3,,25.6,0.0,,23.7,0.0,,26.7,1.0,,25.55,0.325,0.0
2025-08-27 03:00,25.6,0.6,,25.0,0.3,,23.2,0.0,,26.4,0.6,,25.049999999999997,0.375,0.0
2025-08-27 04:00,25.1,0.0,,24.7,0.9,,23.2,0.0,,26.1,1.3,,24.775,0.55,0.0
2025-08-27 05:00,24.8,0.0,,24.6,0.6,,22.7,0.0,,25.9,1.4,,24.5,0.5,0.0
2025-08-27 06:00,24.9,0.6,,24.4,0.6,0.0,22.5,0.0,,25.8,0.5,,24.4,0.425,0.0
2025-08-27 07:00,25.0,1.3,0.14,24.6,0.9,0.09,23.0,0.0,,25.9,0.8,0.14,24.625,0.75,0.12333333333333334
2025-08-27 08:00,25.8,0.8,0.79,25.9,1.1,0.57,25.1,0.0,,27.1,1.1,0.78,25.975,0.75,0.7133333333333333
2025-08-27 09:00,27.3,1.0,1.25,27.5,0.8,1.51,25.4,1.4,,27.6,2.6,1.41,26.949999999999996,1.4500000000000002,1.39
2025-08-27 10:00,27.8,0.7,1.65,28.8,1.7,2.46,26.3,1.3,,28.4,2.4,1.54,27.825000000000003,1.525,1.883333333333333
2025-08-27 11:00,29.4,1.0,1.9,28.7,2.2,2.14,28.0,0.8,,29.7,2.7,2.41,28.95,1.675,2.15
2025-08-27 12:00,30.3,1.2,2.38,30.2,1.7,2.04,29.2,1.2,,30.6,3.0,3.35,30.075000000000003,1.775,2.59
2025-08-27 13:00,31.3,1.0,3.05,31.6,2.4,3.33,29.3,0.0,,31.1,3.3,3.27,30.825000000000003,1.6749999999999998,3.216666666666667
2025-08-27 14:00,32.0,0.6,3.09,31.1,2.2,2.29,30.6,0.4,,31.3,3.4,2.67,31.25,1.65,2.6833333333333336
2025-08-27 15:00,32.6,0.7,2.63,31.8,2.3,2.6,30.5,1.7,,31.2,3.8,2.71,31.525000000000002,2.125,2.646666666666667
2025-08-27 16:00,32.3,1.1,2.52,31.8,2.9,2.19,29.9,2.9,,30.8,4.6,2.31,31.2,2.875,2.34
2025-08-27 17:00,31.3,1.0,1.65,31.1,2.8,1.56,28.2,2.7,,29.6,4.5,1.62,30.050000000000004,2.75,1.61
2025-08-27 18:00,30.2,1.2,0.43,30.1,1.9,0.61,28.0,2.3,,28.7,3.2,0.89,29.25,2.15,0.6433333333333334
2025-08-27 19:00,29.1,0.5,0.24,28.0,2.2,0.16,26.9,2.5,,27.8,2.6,0.21,27.95,1.9500000000000002,0.20333333333333334
2025-08-27 20:00,28.3,0.5,0.06,27.2,1.1,0.0,25.5,0.8,,27.1,1.5,0.01,27.025,0.9750000000000001,0.02333333333333333
2025-08-27 21:00,27.3,1.4,,26.5,0.3,,24.4,0.0,,26.9,0.7,,26.275,0.6,0.0
2025-08-27 22:00,27.5,1.1,,26.2,1.0,,23.9,0.0,,26.5,0.9,,26.025,0.75,0.0
2025-08-27 23:00,26.8,0.5,,25.6,0.5,,23.3,1.0,,26.3,1.2,,25.5,0.8,0.0
2025-08-28 00:00,26.3,0.4,,24.9,1.8,,23.2,1.4,,26.2,1.4,,25.150000000000002,1.25,0.0
2025-08-28 01:00,25.6,0.0,,24.5,2.1,,23.1,0.4,,25.9,1.1,,24.775,0.9,0.0
2025-08-28 02:00,25.7,0.5,,24.2,1.6,,22.9,0.2,,25.6,1.8,,24.6,1.0250000000000001,0.0
2025-08-28 03:00,25.4,0.5,,24.3,1.2,,23.0,0.0,,25.4,2.0,,24.525,0.925,0.0
2025-08-28 04:00,25.1,0.6,,24.9,1.2,,23.2,0.1,,25.3,1.4,,24.625,0.825,0.0
2025-08-28 05:00,25.0,0.1,,25.0,1.7,,23.2,0.0,,25.4,2.2,,24.65,1.0,0.0
2025-08-28 06:00,24.6,0.9,,24.6,0.8,,23.2,0.0,,25.2,2.8,,24.400000000000002,1.125,0.0
2025-08-28 07:00,25.1,1.3,0.11,25.4,1.3,0.1,23.8,0.0,,25.6,2.3,0.11,24.975,1.225,0.10666666666666667
2025-08-28 08:00,26.5,0.4,0.53,26.4,1.0,0.45,25.4,1.9,,27.0,3.1,0.75,26.325,1.6,0.5766666666666667
2025-08-28 09:00,28.2,1.8,1.57,27.7,2.3,0.73,27.8,3.4,,28.3,3.5,1.38,28.0,2.75,1.2266666666666666
2025-08-28 10:00,28.9,1.1,1.7,30.0,2.7,2.13,28.9,3.5,,29.7,3.8,2.04,29.375,2.7750000000000004,1.9566666666666668
2025-08-28 11:00,30.1,1.0,1.59,30.6,1.3,1.91,30.5,2.1,,29.9,4.1,1.79,30.275,2.125,1.7633333333333334
2025-08-28 12:00,31.5,1.6,2.81,30.3,1.9,1.24,31.0,3.0,,31.5,3.4,3.04,31.075,2.475,2.3633333333333333
2025-08-28 13:00,31.5,1.9,2.71,32.2,3.1,2.13,31.0,1.2,,32.3,4.1,3.27,31.75,2.575,2.703333333333333
2025-08-28 14:00,31.8,1.6,2.61,32.4,2.5,2.22,31.8,3.6,,32.2,4.1,3.02,32.05,2.9499999999999997,2.6166666666666667
2025-08-28 15:00,32.8,2.1,2.86,33.5,2.5,2.91,31.7,4.4,,32.7,3.5,2.51,32.675,3.125,2.76
2025-08-28 16:00,31.8,2.4,1.88,32.4,2.9,1.87,31.8,2.3,,32.0,3.6,2.34,32.0,2.8,2.03
2025-08-28 17:00,31.9,2.3,1.31,31.8,2.6,1.11,30.8,3.4,,31.5,2.1,1.28,31.5,2.6,1.2333333333333334
2025-08-28 18:00,31.1,2.2,0.68,30.1,2.6,0.52,29.8,1.8,,30.1,4.2,0.72,30.275,2.7,0.64
2025-08-28 19:00,29.8,2.4,0.21,29.1,2.3,0.12,28.9,2.5,,29.3,2.6,0.19,29.275000000000002,2.4499999999999997,0.17333333333333334
2025-08-28 20:00,29.0,1.0,0.06,28.5,1.0,0.0,28.5,1.8,,28.6,3.1,0.0,28.65,1.725,0.02
2025-08-28 21:00,28.6,1.4,,28.1,0.7,,27.6,1.6,,28.2,2.9,,28.125000000000004,1.65,0.0
2025-08-28 22:00,27.8,1.1,,27.4,2.0,,26.9,2.3,,28.0,4.1,,27.525,2.375,0.0
2025-08-28 23:00,27.3,1.4,,27.0,1.6,,26.3,2.6,,27.7,3.5,,27.075,2.275,0.0
2025-08-29 00:00,27.1,0.8,,26.6,1.5,,25.8,2.8,,27.3,3.1,,26.7,2.05,0.0
2025-08-29 01:00,26.8,1.2,,26.4,1.1,,25.5,2.6,,27.1,3.3,,26.450000000000003,2.05,0.0
2025-08-29 02:00,26.3,0.9,,26.0,1.7,,25.2,1.3,,26.8,2.2,,26.075,1.5250000000000001,0.0
2025-08-29 03:00,26.4,0.6,,25.7,1.2,,25.0,2.1,,26.4,1.7,,25.875,1.4,0.0
2025-08-29 04:00,25.8,0.4,,25.5,1.2,,24.9,2.2,,26.4,1.7,,25.65,1.375,0.0
2025-08-29 05:00,25.5,1.0,,25.1,1.1,,24.8,2.1,,26.3,2.4,,25.425,1.65,0.0
2025-08-29 06:00,25.5,0.8,,25.1,0.9,,24.8,2.6,,26.4,2.3,,25.450000000000003,1.6500000000000001,0.0
2025-08-29 07:00,26.0,0.1,0.18,26.1,2.1,0.16,25.4,2.3,,26.7,1.8,0.15,26.05,1.575,0.16333333333333333
2025-08-29 08:00,27.2,0.6,0.81,28.2,0.8,0.59,27.1,2.7,,28.3,1.7,0.81,27.7,1.45,0.7366666666666667
2025-08-29 09:00,29.1,1.3,1.46,29.7,2.1,1.36,28.9,2.3,,29.1,3.0,1.04,29.199999999999996,2.175,1.2866666666666668
2025-08-29 10:00,29.6,1.4,2.18,30.5,1.9,1.66,30.3,2.7,,29.7,4.2,1.52,30.025000000000002,2.55,1.7866666666666664
2025-08-29 11:00,31.1,1.7,2.85,30.7,2.8,1.76,30.9,2.9,,30.6,3.1,1.8,30.824999999999996,2.625,2.1366666666666667
2025-08-29 12:00,31.7,1.8,2.59,32.4,4.1,2.6,31.2,3.3,,31.1,3.2,2.91,31.6,3.0999999999999996,2.6999999999999997
2025-08-29 13:00,31.9,1.4,2.51,32.3,4.2,2.68,31.7,4.0,,32.1,4.1,2.96,32.0,3.425,2.7166666666666663
2025-08-29 14:00,33.3,2.4,2.22,32.6,2.9,2.25,31.8,2.6,,31.8,5.6,3.21,32.375,3.375,2.56
2025-08-29 15:00,33.7,2.6,2.44,33.4,4.1,2.74,32.7,2.4,,31.7,4.4,2.92,32.875,3.375,2.6999999999999997
2025-08-29 16:00,32.9,1.6,2.4,32.8,3.1,2.32,31.5,4.3,,31.8,4.6,2.4,32.25,3.4,2.373333333333333
2025-08-29 17:00,32.2,1.7,1.72,32.4,3.9,1.67,31.1,3.8,,31.4,3.2,1.74,31.775,3.1499999999999995,1.71
2025-08-29 18:00,31.6,1.7,0.98,31.4,3.7,1.0,30.0,2.4,,30.8,3.3,0.99,30.95,2.7750000000000004,0.9899999999999999
2025-08-29 19:00,30.3,2.2,0.29,29.5,2.8,0.25,29.5,1.7,,29.6,4.3,0.29,29.725,2.75,0.27666666666666667
2025-08-29 20:00,29.3,2.3,0.05,28.7,2.1,0.01,28.7,1.5,,28.7,2.1,0.0,28.85,2.0,0.02
2025-08-29 21:00,29.0,1.3,,28.4,1.9,,28.5,1.9,,28.4,1.4,,28.575000000000003,1.625,0.0
2025-08-29 22:00,28.5,0.4,,28.1,1.6,,27.5,2.4,,28.1,2.4,,28.049999999999997,1.7000000000000002,0.0
2025-08-29 23:00,28.3,1.0,,27.7,0.6,,27.0,1.8,,27.8,1.3,,27.7,1.175,0.0
2025-08-30 00:00,27.8,0.8,,26.9,1.3,,26.4,2.3,,27.5,1.5,,27.15,1.475,0.0
2025-08-30 01:00,27.1,1.1,,26.3,1.6,,25.8,2.0,,27.1,1.6,,26.575000000000003,1.5750000000000002,0.0
2025-08-30 02:00,26.5,0.3,,25.9,0.8,,25.7,2.6,,26.9,1.9,,26.25,1.4,0.0
2025-08-30 03:00,26.5,0.3,,25.6,1.5,,25.3,2.4,,26.7,2.0,,26.025000000000002,1.55,0.0
2025-08-30 04:00,26.3,0.3,,25.2,1.6,,25.1,2.4,,26.3,2.4,,25.724999999999998,1.6749999999999998,0.0
2025-08-30 05:00,26.0,0.2,,24.8,1.9,,24.9,2.4,,26.1,1.7,,25.449999999999996,1.55,0.0
2025-08-30 06:00,25.6,0.7,,24.6,1.8,,24.7,2.6,,25.7,1.4,,25.150000000000002,1.625,0.0
2025-08-30 07:00,25.6,0.9,0.21,26.0,1.4,0.15,24.8,2.7,,26.1,2.5,0.11,25.625,1.875,0.15666666666666665
2025-08-30 08:00,26.7,0.5,0.89,27.5,1.9,0.62,27.2,1.8,,27.8,1.2,0.8,27.3,1.35,0.77
2025-08-30 09:00,28.5,0.5,1.75,29.8,1.2,1.5,28.9,2.5,,29.5,2.7,1.54,29.174999999999997,1.725,1.5966666666666667
2025-08-30 10:00,30.0,0.8,2.3,30.7,1.2,2.18,30.5,2.1,,31.1,2.0,2.33,30.575000000000003,1.525,2.27
2025-08-30 11:00,31.4,0.8,3.01,32.1,2.1,2.78,31.6,2.6,,31.9,2.3,2.42,31.75,1.95,2.7366666666666664
2025-08-30 12:00,32.1,1.4,3.27,32.3,2.3,3.22,31.0,3.7,,32.1,2.9,2.64,31.875,2.575,3.0433333333333334
2025-08-30 13:00,32.6,1.0,3.25,32.8,3.0,3.25,31.3,4.1,,32.3,3.1,3.42,32.25,2.8,3.3066666666666666
2025-08-30 14:00,33.3,1.6,2.52,33.1,2.5,2.99,32.0,3.9,,33.0,3.0,3.23,32.85,2.75,2.9133333333333336
2025-08-30 15:00,33.2,1.1,2.81,33.8,3.0,2.97,32.0,4.1,,32.7,3.7,2.58,32.925,2.9749999999999996,2.7866666666666666
2025-08-30 16:00,33.6,1.1,2.53,32.5,2.5,2.11,31.9,4.1,,32.6,3.3,2.35,32.65,2.75,2.33
2025-08-30 17:00,33.4,1.5,1.85,33.5,2.7,1.71,31.1,3.7,,32.4,2.8,1.77,32.6,2.675,1.7766666666666666
2025-08-30 18:00,30.4,1.6,0.53,32.1,3.3,1.06,30.3,3.9,,31.6,2.5,0.97,31.1,2.825,0.8533333333333334
2025-08-30 19:00,26.5,1.2,0.19,29.9,3.2,0.27,28.9,2.4,,30.2,1.7,0.28,28.875,2.125,0.24666666666666667
2025-08-30 20:00,26.3,0.7,0.06,29.3,2.4,0.0,28.1,1.2,,29.2,0.8,0.01,28.225,1.275,0.02333333333333333
2025-08-30 21:00,26.1,1.1,,28.9,1.2,,27.1,1.0,,28.9,0.7,,27.75,1.0,0.0
2025-08-30 22:00,26.4,1.1,,28.5,1.5,,26.5,0.0,,28.2,1.1,,27.400000000000002,0.925,0.0
2025-08-30 23:00,26.2,0.8,,28.0,0.4,,26.3,0.0,,28.1,0.8,,27.15,0.5,0.0
2025-08-31 00:00,26.2,0.6,,27.7,0.3,,25.9,0.0,,28.1,2.1,,26.975,0.75,0.0
2025-08-31 01:00,25.4,0.4,,27.0,1.5,,25.6,0.0,,27.4,0.5,,26.35,0.6,0.0
2025-08-31 02:00,25.5,0.1,,26.6,2.1,,25.2,0.0,,27.3,2.5,,26.15,1.175,0.0
2025-08-31 03:00,25.2,0.1,,26.2,1.6,,25.3,2.0,,27.1,2.8,,25.950000000000003,1.625,0.0
2025-08-31 04:00,25.1,1.4,,26.2,1.8,,25.0,0.0,,26.9,2.1,,25.799999999999997,1.3250000000000002,0.0
2025-08-31 05:00,24.9,0.8,,25.7,1.3,,24.8,0.0,,26.9,1.8,,25.574999999999996,0.9750000000000001,0.0
2025-08-31 06:00,24.7,0.9,,25.8,1.9,,25.1,0.7,,26.5,1.1,,25.525,1.15,0.0
2025-08-31 07:00,25.1,0.9,0.21,26.5,0.8,0.12,25.5,1.2,,26.8,2.6,0.11,25.974999999999998,1.375,0.14666666666666664
2025-08-31 08:00,26.9,0.7,0.81,28.1,2.2,0.56,27.2,3.8,,27.9,2.2,0.54,27.525,2.225,0.6366666666666667
2025-08-31 09:00,28.4,2.1,1.15,30.2,2.0,1.33,29.5,2.9,,28.5,3.8,1.06,29.15,2.7,1.18
2025-08-31 10:00,29.1,2.3,1.57,30.8,2.4,2.08,30.1,2.4,,29.5,3.4,1.22,29.875,2.625,1.6233333333333333
2025-08-31 11:00,29.6,2.6,2.08,30.7,2.5,2.18,31.1,3.0,,30.3,4.0,1.71,30.425,3.025,1.99
2025-08-31 12:00,26.1,1.2,0.36,32.0,2.2,2.44,31.8,2.2,,28.4,4.5,0.99,29.575000000000003,2.5250000000000004,1.2633333333333334
2025-08-31 13:00,25.0,,0.23,31.8,2.0,2.12,32.9,3.0,,29.5,1.4,1.52,29.799999999999997,2.1333333333333333,1.29
2025-08-31 14:00,26.8,,1.15,27.4,3.5,0.37,32.1,3.0,,30.1,3.7,1.45,29.1,3.4,0.9899999999999999
2025-08-31 15:00,25.5,,1.09,25.8,1.9,0.14,25.6,4.0,,30.8,3.0,1.78,26.925,2.966666666666667,1.0033333333333332
2025-08-31 16:00,27.3,,1.49,26.5,2.2,0.93,27.2,3.2,,30.0,4.7,0.68,27.75,3.366666666666667,1.0333333333333334
2025-08-31 17:00,25.3,,0.4,28.0,2.3,1.25,28.0,3.1,,29.8,4.2,0.73,27.775,3.2000000000000006,0.7933333333333333
2025-08-31 18:00,25.1,1.3,0.27,27.1,2.6,0.46,27.5,3.6,,29.4,2.3,0.6,27.275,2.45,0.44333333333333336
2025-08-31 19:00,25.1,0.7,0.15,26.6,2.6,0.12,27.0,3.0,,27.7,1.7,0.08,26.6,2.0,0.11666666666666668
2025-08-31 20:00,24.5,1.1,0.07,25.8,2.6,0.0,26.4,3.0,,26.8,3.4,0.0,25.874999999999996,2.525,0.023333333333333334
2025-08-31 21:00,24.9,1.3,,25.8,0.8,,25.8,3.0,,27.2,2.9,,25.925,2.0,0.0
2025-08-31 22:00,25.1,0.9,,25.9,2.3,,25.5,3.6,,27.1,2.4,,25.9,2.3,0.0
2025-08-31 23:00,25.0,0.5,,26.0,1.2,,25.1,2.0,,26.9,2.0,,25.75,1.425,0.0
2025-09-01 01:00,24.4,0.2,,25.4,2.5,,24.9,2.0,,26.7,3.5,,25.349999999999998,2.05,0.0
2025-09-01 02:00,24.6,0.1,,25.2,1.9,,24.9,3.0,,26.6,2.8,,25.324999999999996,1.95,0.0
2025-09-01 03:00,24.9,0.8,,25.3,1.5,,24.7,2.9,,26.4,2.8,,25.325000000000003,1.9999999999999998,0.0
2025-09-01 04:00,24.6,0.9,,25.2,1.7,,24.8,2.6,,26.0,1.6,,25.15,1.7000000000000002,0.0
2025-09-01 05:00,24.5,1.4,,25.0,2.1,,25.0,2.6,,26.4,4.6,,25.225,2.675,0.0
2025-09-01 06:00,24.9,1.3,,25.2,1.2,,25.0,2.4,,26.4,4.2,,25.375,2.2750000000000004,0.0
2025-09-01 07:00,25.7,1.6,0.22,26.3,1.3,0.12,25.7,3.8,,26.6,4.2,0.15,26.075000000000003,2.725,0.16333333333333333
2025-09-01 08:00,26.4,1.2,0.57,28.3,3.2,0.79,26.4,3.6,,27.5,2.8,0.55,27.15,2.7,0.6366666666666666
2025-09-01 09:00,27.6,2.9,1.3,29.8,2.3,1.5,29.1,4.7,,28.2,3.6,0.9,28.675,3.3749999999999996,1.2333333333333332
2025-09-01 10:00,28.6,2.7,1.56,30.4,3.0,2.01,30.4,4.5,,29.8,3.7,1.86,29.8,3.4749999999999996,1.8099999999999998
2025-09-01 11:00,28.8,3.0,1.66,30.9,2.4,2.09,30.3,4.6,,30.5,3.5,2.37,30.125,3.375,2.04
2025-09-01 12:00,29.9,2.2,2.57,31.6,3.2,2.02,31.6,4.5,,31.3,4.6,2.24,31.099999999999998,3.625,2.276666666666667
2025-09-01 13:00,30.5,3.7,2.37,32.5,3.5,2.54,31.7,3.3,,31.7,5.3,2.92,31.6,3.95,2.61
2025-09-01 14:00,31.5,3.3,2.73,32.9,3.2,2.24,32.3,4.9,,32.7,5.1,3.14,32.35,4.125,2.7033333333333336
2025-09-01 15:00,31.8,3.0,1.97,32.0,3.4,1.67,31.8,4.1,,32.5,4.5,2.56,32.025,3.75,2.0666666666666664
2025-09-01 16:00,31.6,3.7,1.89,27.7,4.1,0.42,26.8,3.0,,31.6,5.4,2.18,29.424999999999997,4.050000000000001,1.4966666666666668
2025-09-01 17:00,31.5,3.8,1.75,25.6,3.3,0.21,28.1,3.3,,31.1,5.6,1.62,29.075000000000003,3.9999999999999996,1.1933333333333334
2025-09-01 18:00,29.8,3.1,0.8,27.1,1.4,0.34,25.7,5.6,,29.8,3.8,0.46,28.1,3.4749999999999996,0.5333333333333333
2025-09-01 19:00,28.9,2.8,0.11,27.0,1.4,0.12,24.7,2.3,,28.4,3.0,0.08,27.25,2.375,0.10333333333333333
2025-09-01 20:00,27.5,1.3,0.0,26.2,1.6,,24.6,0.9,,28.8,2.9,0.0,26.775000000000002,1.675,0.0
2025-09-01 21:00,26.3,1.7,,24.1,3.3,,24.8,2.5,,28.4,3.7,,25.9,2.8,0.0
2025-09-01 22:00,26.5,2.2,,23.4,2.3,,24.6,2.7,,28.2,3.3,,25.675,2.625,0.0
2025-09-01 23:00,26.3,1.7,,23.8,1.1,,24.5,3.2,,27.9,3.9,,25.625,2.475,0.0
2025-09-02 00:00,24.9,0.7,,23.9,2.7,,24.6,3.1,,27.6,2.8,,25.25,2.325,0.0
2025-09-02 01:00,24.7,0.7,,24.1,1.3,,24.7,2.6,,27.3,2.9,,25.2,1.875,0.0
2025-09-02 02:00,24.6,0.7,,24.2,1.5,,24.6,2.2,,26.7,2.5,,25.025000000000002,1.725,0.0
2025-09-02 03:00,24.4,0.4,,24.3,1.1,,24.6,0.1,,26.6,1.6,,24.975,0.8,0.0
2025-09-02 04:00,24.8,0.7,,24.4,0.0,,24.6,0.0,,26.5,1.1,,25.075000000000003,0.45,0.0
2025-09-02 05:00,24.9,1.0,,24.6,1.0,,24.5,0.0,,26.1,1.3,,25.025,0.825,0.0
2025-09-02 06:00,24.3,0.4,,24.7,1.4,,24.3,0.0,,25.6,0.7,,24.725,0.625,0.0
2025-09-02 07:00,24.2,0.1,0.09,24.8,0.9,0.05,24.1,0.3,,25.5,1.7,0.06,24.65,0.75,0.06666666666666667
2025-09-02 08:00,25.3,0.3,0.49,25.2,1.1,0.25,24.5,2.4,,26.3,2.2,0.6,25.325,1.5,0.4466666666666666
2025-09-02 09:00,26.3,0.4,1.02,25.8,0.0,0.49,25.2,1.5,,26.8,3.0,1.46,26.025,1.225,0.9899999999999999
2025-09-02 10:00,27.5,1.2,1.46,26.0,0.5,0.48,27.0,0.5,,27.2,4.1,1.24,26.925,1.575,1.0599999999999998
2025-09-02 11:00,28.4,1.2,2.48,27.4,1.9,1.32,27.3,0.0,,27.4,4.7,1.86,27.625,1.95,1.8866666666666667
2025-09-02 12:00,28.3,1.3,2.34,27.6,2.3,2.4,26.2,0.1,,26.5,3.4,0.6,27.150000000000002,1.775,1.78
2025-09-02 13:00,27.4,0.6,0.89,27.7,1.0,1.06,27.3,0.0,,28.0,3.1,2.34,27.599999999999998,1.175,1.43
2025-09-02 14:00,27.9,0.6,1.33,28.0,2.3,1.25,28.6,0.0,,28.5,2.4,1.78,28.25,1.325,1.4533333333333334
2025-09-02 15:00,27.6,0.6,1.06,28.5,1.2,1.15,29.1,1.5,,28.0,3.3,1.02,28.3,1.65,1.0766666666666667
2025-09-02 16:00,29.0,1.9,1.61,29.1,2.4,1.91,29.8,0.0,,28.9,3.4,2.09,29.200000000000003,1.9249999999999998,1.8699999999999999
2025-09-02 17:00,29.1,0.8,1.39,30.2,1.6,1.71,29.6,0.0,,29.2,3.0,1.65,29.525000000000002,1.35,1.5833333333333333
2025-09-02 18:00,28.5,1.0,0.89,28.8,2.8,0.9,28.6,0.0,,28.7,3.6,0.92,28.650000000000002,1.85,0.9033333333333333
2025-09-02 19:00,27.0,0.4,0.22,26.7,0.6,0.16,26.6,0.1,,27.6,3.7,0.23,26.975,1.2000000000000002,0.20333333333333334
2025-09-02 20:00,25.4,1.2,,26.0,1.5,,24.8,0.0,,26.3,3.2,0.0,25.625,1.475,0.0
2025-09-02 21:00,24.7,1.8,,24.3,1.1,,23.5,0.0,,25.8,2.4,,24.575,1.3250000000000002,0.0
2025-09-02 22:00,24.6,1.0,,23.5,1.7,,22.6,0.0,,25.5,1.6,,24.05,1.0750000000000002,0.0
2025-09-02 23:00,24.6,0.8,,22.9,1.3,,21.7,0.0,,24.9,1.9,,23.525,1.0,0.0
2025-09-03 00:00,24.0,0.6,,22.7,1.2,,21.5,0.0,,24.9,0.1,,23.275,0.475,0.0
2025-09-03 01:00,23.3,1.0,,22.3,1.3,,21.0,0.0,,24.5,1.3,,22.775,0.8999999999999999,0.0
2025-09-03 02:00,23.4,0.5,,22.2,1.3,,21.2,0.0,,24.4,1.0,,22.799999999999997,0.7,0.0
2025-09-03 03:00,22.7,0.1,,22.0,1.4,,21.0,0.0,,23.5,1.9,,22.3,0.85,0.0
2025-09-03 04:00,22.3,0.7,,21.8,1.1,,21.0,0.0,,23.3,1.3,,22.099999999999998,0.775,0.0
2025-09-03 05:00,22.1,0.2,,21.7,0.4,,21.4,2.4,,23.0,0.9,,22.049999999999997,0.975,0.0
2025-09-03 06:00,22.1,0.1,,21.3,1.1,,21.1,0.9,,22.9,0.7,,21.85,0.7,0.0
2025-09-03 07:00,22.3,0.1,0.2,22.6,0.5,0.12,22.1,1.1,,23.4,1.2,0.12,22.6,0.7250000000000001,0.14666666666666667
2025-09-03 08:00,24.2,0.5,0.86,25.5,1.5,0.71,24.1,0.6,,25.5,0.4,0.73,24.825000000000003,0.75,0.7666666666666666
2025-09-03 09:00,26.7,0.7,1.6,28.5,0.8,1.45,25.2,2.5,,27.7,1.8,1.49,27.025000000000002,1.45,1.5133333333333334
2025-09-03 10:00,28.3,0.3,2.26,29.4,1.7,2.08,27.1,2.1,,29.4,2.1,2.17,28.550000000000004,1.5499999999999998,2.17
2025-09-03 11:00,30.1,1.7,2.81,30.8,1.9,2.41,29.3,0.1,,31.0,3.0,2.72,30.3,1.6749999999999998,2.646666666666667
2025-09-03 12:00,30.6,1.0,3.15,32.4,1.6,2.76,30.7,0.5,,31.9,1.6,3.03,31.4,1.175,2.98
2025-09-03 13:00,31.4,1.0,1.81,33.1,1.9,3.09,31.4,1.9,,33.0,2.1,3.24,32.225,1.725,2.7133333333333334
2025-09-03 14:00,30.1,0.8,1.32,33.3,2.8,3.27,32.2,1.7,,32.2,2.6,3.22,31.95,1.975,2.6033333333333335
2025-09-03 15:00,29.4,0.5,0.77,33.7,2.4,2.69,32.8,0.9,,32.7,3.2,3.0,32.150000000000006,1.75,2.1533333333333333
2025-09-03 16:00,29.5,1.9,0.41,33.4,1.5,1.34,32.1,2.8,,32.0,2.5,2.66,31.75,2.175,1.47
2025-09-03 17:00,27.7,1.3,0.65,31.8,2.3,1.47,31.2,1.5,,30.4,1.0,0.66,30.275,1.525,0.9266666666666667
2025-09-03 18:00,26.6,1.4,0.33,32.3,2.2,0.91,30.9,2.6,,30.0,1.6,0.42,29.95,1.9500000000000002,0.5533333333333333
2025-09-03 19:00,27.3,1.1,0.11,29.9,2.3,0.19,28.4,0.0,,28.6,1.6,0.24,28.549999999999997,1.25,0.18000000000000002
2025-09-03 20:00,26.4,0.7,,25.1,1.6,,27.2,0.0,,28.1,1.2,,26.700000000000003,0.875,0.0
2025-09-03 21:00,25.6,0.7,,24.9,1.1,,25.6,3.7,,27.5,1.3,,25.9,1.7,0.0
2025-09-03 22:00,25.8,0.2,,24.1,1.5,,24.6,4.1,,26.9,2.0,,25.35,1.95,0.0
2025-09-03 23:00,25.2,1.1,,24.3,2.1,,24.4,1.7,,26.5,1.9,,25.1,1.7000000000000002,0.0
2025-09-04 00:00,24.5,0.8,,24.4,1.6,,24.3,2.5,,26.0,1.8,,24.8,1.675,0.0
2025-09-04 01:00,24.3,1.1,,24.3,1.3,,24.1,0.0,,25.6,1.8,,24.575000000000003,1.05,0.0
2025-09-04 02:00,23.9,1.4,,24.4,0.9,,24.1,0.0,,25.3,1.8,,24.425,1.025,0.0
2025-09-04 03:00,24.0,1.0,,24.2,1.3,,24.0,1.1,,25.1,1.8,,24.325000000000003,1.3,0.0
2025-09-04 04:00,23.9,1.1,,24.3,0.4,,24.1,2.1,,24.8,1.3,,24.275000000000002,1.225,0.0
2025-09-04 05:00,23.6,1.1,,23.9,0.7,,24.3,0.0,,24.7,1.3,,24.125,0.775,0.0
2025-09-04 06:00,23.2,0.7,,23.9,1.1,,24.1,1.7,,24.4,1.2,,23.9,1.175,0.0
2025-09-04 07:00,23.8,1.1,0.21,25.3,0.6,0.15,24.5,2.3,,25.0,0.8,0.14,24.65,1.2,0.16666666666666666
2025-09-04 08:00,25.1,1.3,0.87,26.1,0.1,0.74,25.0,2.3,,26.7,0.7,0.62,25.725,1.1,0.7433333333333333
2025-09-04 09:00,27.2,1.1,1.56,27.9,1.1,1.12,25.9,2.7,,28.6,2.8,1.48,27.4,1.925,1.3866666666666667
2025-09-04 10:00,28.6,0.6,2.27,29.5,1.3,2.12,25.5,1.8,,30.0,2.3,2.18,28.4,1.5,2.19
2025-09-04 11:00,30.6,0.9,2.94,30.9,1.1,2.63,25.1,3.0,,30.7,3.0,2.94,29.325,2.0,2.8366666666666664
2025-09-04 12:00,30.1,1.5,1.45,28.5,4.2,1.56,25.0,2.9,,31.7,2.3,2.15,28.825,2.7249999999999996,1.72
2025-09-04 13:00,30.3,1.3,1.2,29.7,2.1,1.25,25.7,2.7,,31.4,2.4,1.69,29.275,2.125,1.3800000000000001
2025-09-04 14:00,30.7,1.6,1.69,29.2,2.8,1.84,27.2,2.8,,29.8,3.8,0.82,29.224999999999998,2.75,1.4500000000000002
2025-09-04 15:00,30.7,1.0,1.44,29.2,3.1,1.36,29.0,2.4,,31.0,1.7,1.77,29.975,2.05,1.5233333333333334
2025-09-04 16:00,30.5,0.7,1.21,31.1,2.8,1.97,30.1,2.0,,31.8,3.3,2.5,30.875,2.2,1.8933333333333333
2025-09-04 17:00,29.8,0.9,0.54,30.1,2.4,0.72,29.5,1.2,,31.6,3.3,1.67,30.25,1.95,0.9766666666666666
2025-09-04 18:00,25.6,4.6,0.27,29.2,3.0,0.43,28.6,2.3,,29.9,4.1,0.83,28.325000000000003,3.4999999999999996,0.5099999999999999
2025-09-04 19:00,23.5,0.8,0.09,28.3,1.6,0.11,28.1,0.2,,28.3,5.5,0.22,27.05,2.0250000000000004,0.14
2025-09-04 20:00,23.4,3.6,,27.7,1.3,,27.1,0.6,,27.6,2.8,,26.449999999999996,2.075,0.0
2025-09-04 21:00,23.4,1.2,,27.3,1.0,,26.3,1.6,,27.0,1.7,,26.0,1.375,0.0
2025-09-04 22:00,23.2,0.0,,26.7,0.2,,25.8,1.0,,26.4,1.0,,25.525,0.55,0.0
2025-09-04 23:00,23.2,1.0,,26.5,1.2,,25.6,0.2,,25.7,0.7,,25.250000000000004,0.7750000000000001,0.0
2025-09-05 00:00,23.3,0.0,,26.3,0.9,,25.0,0.3,,25.7,0.0,,25.075,0.3,0.0
2025-09-05 01:00,23.5,0.5,,25.9,0.4,,25.1,1.7,,25.5,1.5,,25.0,1.025,0.0
2025-09-05 02:00,23.4,0.6,,25.6,0.2,,25.1,1.1,,25.1,1.0,,24.799999999999997,0.7250000000000001,0.0
2025-09-05 03:00,23.5,0.6,,25.2,1.3,,24.8,1.9,,25.2,0.1,,24.675,0.975,0.0
2025-09-05 04:00,23.5,0.6,,25.0,0.5,,24.4,0.1,,25.0,0.5,,24.475,0.42500000000000004,0.0
2025-09-05 05:00,23.3,0.3,,24.5,1.2,,24.2,0.0,,24.6,1.6,,24.15,0.775,0.0
2025-09-05 06:00,23.1,0.2,,24.6,1.5,,24.1,0.2,,24.3,0.9,,24.025000000000002,0.7,0.0
2025-09-05 07:00,23.6,0.7,0.17,25.3,1.2,0.1,24.2,0.0,,24.7,1.4,0.11,24.450000000000003,0.825,0.12666666666666668
2025-09-05 08:00,24.5,0.0,0.78,27.3,0.2,0.67,26.5,0.5,,26.2,0.2,0.7,26.125,0.22499999999999998,0.7166666666666668
2025-09-05 09:00,26.5,0.0,1.54,28.2,0.3,1.05,27.6,2.0,,28.7,1.7,1.45,27.750000000000004,1.0,1.3466666666666667
2025-09-05 10:00,28.8,0.7,2.25,30.3,1.3,2.02,29.4,1.3,,30.3,1.7,2.14,29.7,1.25,2.1366666666666667
2025-09-05 11:00,29.8,0.7,2.63,30.5,1.2,1.81,30.7,1.9,,30.7,2.3,2.51,30.425,1.525,2.3166666666666664
2025-09-05 12:00,30.3,1.3,2.92,31.5,0.7,1.46,30.2,2.5,,31.4,3.0,3.09,30.85,1.875,2.4899999999999998
2025-09-05 13:00,32.2,1.4,2.5,32.4,2.5,2.71,30.9,0.9,,32.1,2.8,3.22,31.9,1.9,2.81
2025-09-05 14:00,33.0,1.5,3.21,33.1,2.1,3.07,31.4,3.3,,32.5,2.7,3.12,32.5,2.4000000000000004,3.133333333333333
2025-09-05 15:00,32.8,2.0,2.95,33.0,2.7,2.8,31.4,3.8,,33.0,3.0,2.76,32.55,2.875,2.8366666666666664
2025-09-05 16:00,32.2,1.5,1.96,33.3,2.8,2.18,31.3,3.8,,32.7,2.8,2.26,32.375,2.7249999999999996,2.1333333333333333
2025-09-05 17:00,31.1,1.4,0.51,30.7,3.8,0.68,30.4,4.7,,32.0,3.4,1.73,31.049999999999997,3.3249999999999997,0.9733333333333333
2025-09-05 18:00,26.4,2.9,0.2,29.3,1.3,0.28,30.1,1.2,,30.9,3.2,0.84,29.175000000000004,2.1500000000000004,0.44
2025-09-05 19:00,26.7,2.2,0.18,28.1,1.3,0.24,28.5,2.4,,29.5,3.9,0.18,28.2,2.45,0.19999999999999998
2025-09-05 20:00,26.7,2.1,,27.4,1.1,,27.5,0.0,,28.7,3.0,,27.575,1.55,0.0
2025-09-05 21:00,26.4,1.4,,26.9,0.8,,27.0,1.7,,28.1,3.9,,27.1,1.9500000000000002,0.0
2025-09-05 22:00,25.9,1.1,,26.2,1.8,,26.3,2.6,,27.6,1.8,,26.5,1.825,0.0
2025-09-05 23:00,26.2,2.1,,26.2,1.8,,25.9,2.2,,27.1,3.1,,26.35,2.3000000000000003,0.0
2025-09-06 00:00,25.8,1.1,,26.2,1.5,,25.8,2.1,,26.9,3.4,,26.174999999999997,2.025,0.0
2025-09-06 01:00,25.7,0.9,,26.0,1.9,,25.6,2.3,,26.8,3.7,,26.025000000000002,2.2,0.0
2025-09-06 02:00,25.8,1.3,,25.7,2.5,,25.3,2.4,,26.6,2.8,,25.85,2.25,0.0
2025-09-06 03:00,25.9,1.5,,25.4,1.3,,25.0,2.2,,26.4,3.2,,25.674999999999997,2.05,0.0
2025-09-06 04:00,25.1,0.1,,25.3,1.6,,24.9,3.2,,26.3,3.3,,25.400000000000002,2.05,0.0
2025-09-06 05:00,25.1,0.9,,25.2,1.8,,24.7,2.7,,26.3,3.2,,25.325,2.1500000000000004,0.0
2025-09-06 06:00,25.2,0.7,,25.1,2.1,,24.6,2.2,,26.1,2.6,,25.25,1.9,0.0
2025-09-06 07:00,25.4,0.4,0.16,25.9,1.8,0.08,25.0,2.7,,26.5,2.4,0.09,25.7,1.8250000000000002,0.10999999999999999
2025-09-06 08:00,27.0,0.7,0.74,28.2,1.7,0.68,27.1,2.7,,27.8,2.9,0.69,27.525000000000002,2.0,0.7033333333333333
2025-09-06 09:00,28.4,3.2,1.42,29.2,3.1,1.39,29.0,3.5,,27.4,1.7,0.45,28.5,2.875,1.0866666666666667
2025-09-06 10:00,28.4,2.8,1.36,30.5,2.5,2.08,29.8,3.7,,29.7,4.3,2.02,29.6,3.325,1.8200000000000003
2025-09-06 11:00,30.0,2.3,2.03,30.5,2.6,1.95,31.1,3.8,,31.1,5.2,2.61,30.674999999999997,3.4749999999999996,2.1966666666666668
2025-09-06 12:00,30.8,2.5,2.33,29.3,2.1,1.46,31.8,4.2,,31.9,4.9,3.12,30.950000000000003,3.4250000000000003,2.3033333333333332
2025-09-06 13:00,31.6,2.2,2.89,31.4,2.3,2.94,31.7,4.0,,31.6,6.9,3.29,31.575000000000003,3.85,3.0400000000000005
2025-09-06 14:00,30.9,3.2,2.3,32.0,1.8,2.13,31.2,4.1,,31.1,7.0,1.98,31.299999999999997,4.025,2.1366666666666667
2025-09-06 15:00,31.1,4.3,2.1,29.7,3.0,1.25,31.4,4.1,,31.7,6.4,2.59,30.974999999999998,4.449999999999999,1.9799999999999998
2025-09-06 16:00,31.1,3.7,1.61,31.5,4.5,1.6,30.8,4.5,,31.5,5.2,1.64,31.225,4.475,1.6166666666666665
2025-09-06 17:00,31.3,3.6,1.21,31.4,4.9,1.51,30.3,4.5,,30.7,5.6,1.56,30.925,4.65,1.4266666666666665
2025-09-06 18:00,30.2,3.2,0.75,30.5,3.0,0.76,29.6,3.6,,30.1,4.9,0.71,30.1,3.6750000000000003,0.7399999999999999
2025-09-06 19:00,28.7,2.2,0.18,29.3,3.9,0.07,29.0,3.4,,29.1,4.7,0.15,29.025,3.55,0.13333333333333333
2025-09-06 20:00,28.1,3.1,,28.7,2.4,,28.4,3.1,,28.8,3.1,,28.499999999999996,2.925,0.0
2025-09-06 21:00,27.6,2.6,,28.6,2.0,,27.1,3.0,,28.8,2.7,,28.025000000000002,2.575,0.0
2025-09-06 22:00,27.7,2.2,,28.5,1.3,,26.8,2.8,,28.7,3.7,,27.925,2.5,0.0
2025-09-06 23:00,27.7,2.4,,28.5,1.1,,24.3,3.4,,28.6,4.5,,27.275,2.85,0.0
2025-09-07 00:00,27.5,3.5,,23.5,4.6,,23.8,3.1,,28.4,4.2,,25.799999999999997,3.8499999999999996,0.0
2025-09-07 01:00,27.4,2.4,,23.7,1.3,,24.6,2.1,,28.3,4.7,,25.999999999999996,2.625,0.0
2025-09-07 02:00,27.3,2.8,,23.4,3.4,,24.5,4.5,,28.1,4.3,,25.825000000000003,3.75,0.0
2025-09-07 03:00,27.3,4.1,,23.2,1.7,,23.9,2.1,,28.0,3.9,,25.6,2.95,0.0
2025-09-07 04:00,27.2,3.3,,23.0,2.2,,23.9,3.7,,28.0,4.0,,25.525,3.3,0.0
2025-09-07 05:00,26.9,2.7,,23.3,2.4,,23.9,3.8,,27.9,2.5,,25.5,2.8499999999999996,0.0
2025-09-07 06:00,26.5,2.9,,23.2,2.6,,23.8,3.4,,27.9,2.1,,25.35,2.75,0.0
2025-09-07 07:00,25.9,1.0,0.07,23.5,2.2,0.01,23.9,3.9,,28.0,3.8,0.08,25.325,2.7249999999999996,0.05333333333333334
2025-09-07 08:00,25.4,1.3,0.1,24.0,1.4,0.08,24.2,2.1,,27.6,2.2,0.1,25.299999999999997,1.7500000000000002,0.09333333333333334
2025-09-07 09:00,24.1,,0.17,25.1,1.0,0.3,24.5,3.2,,27.8,2.4,0.45,25.375,2.1999999999999997,0.30666666666666664
2025-09-07 10:00,24.9,,0.18,24.9,1.1,0.22,25.5,2.2,,26.1,2.2,0.25,25.35,1.8333333333333333,0.21666666666666667
2025-09-07 11:00,27.1,,1.6,24.3,1.7,0.14,26.8,2.6,,28.2,2.9,1.82,26.6,2.4,1.1866666666666668
2025-09-07 12:00,26.9,,0.96,26.1,1.3,0.79,27.0,1.5,,28.6,2.4,2.34,27.15,1.7333333333333332,1.3633333333333333
2025-09-07 13:00,25.7,0.4,0.67,28.0,2.3,1.57,28.4,1.4,,28.0,2.0,0.61,27.525,1.525,0.9500000000000001
2025-09-07 14:00,26.7,0.4,0.83,28.9,3.0,1.86,28.6,4.2,,27.1,2.6,0.47,27.824999999999996,2.55,1.0533333333333335
2025-09-07 15:00,26.5,0.7,0.79,29.4,2.9,2.02,27.5,4.1,,26.8,2.7,0.28,27.55,2.5999999999999996,1.03
2025-09-07 16:00,26.6,1.0,0.52,28.1,3.9,0.91,26.4,4.5,,26.8,1.9,0.22,26.974999999999998,2.825,0.55
2025-09-07 17:00,27.0,0.9,0.46,26.8,3.3,0.64,25.8,2.7,,26.6,0.7,0.25,26.549999999999997,1.9000000000000001,0.45
2025-09-07 18:00,26.2,0.7,0.24,26.1,2.4,0.26,25.3,1.3,,26.5,1.3,0.1,26.025,1.4249999999999998,0.19999999999999998
2025-09-07 19:00,26.6,0.6,0.11,25.2,1.6,0.06,24.6,2.9,,26.4,1.4,0.05,25.700000000000003,1.625,0.07333333333333332
2025-09-07 20:00,25.7,1.1,,24.8,1.5,,23.6,0.6,,26.3,1.0,,25.099999999999998,1.05,0.0
2025-09-07 21:00,26.0,1.0,,24.6,1.7,,22.0,0.0,,26.2,1.2,,24.7,0.9750000000000001,0.0
2025-09-07 22:00,25.3,0.7,,23.6,0.7,,21.0,0.0,,25.9,2.0,,23.950000000000003,0.85,0.0
2025-09-07 23:00,24.6,0.4,,23.1,1.0,,20.1,0.3,,25.2,3.7,,23.250000000000004,1.35,0.0
2025-09-08 00:00,23.5,1.0,,21.9,1.0,,19.5,0.0,,24.9,1.8,,22.450000000000003,0.95,0.0
2025-09-08 01:00,23.4,0.1,,21.3,1.2,,19.2,1.2,,24.7,1.0,,22.150000000000002,0.875,0.0
2025-09-08 02:00,23.4,0.7,,20.8,0.7,,18.7,0.6,,24.6,1.9,,21.875,0.975,0.0
2025-09-08 03:00,22.9,0.6,,20.6,1.4,,18.6,0.0,,24.4,1.3,,21.625,0.825,0.0
2025-09-08 04:00,22.5,0.4,,20.4,0.7,,18.5,0.0,,24.3,1.5,,21.425,0.65,0.0
2025-09-08 05:00,22.5,0.4,,20.0,1.2,,18.1,0.0,,24.1,1.4,,21.175,0.75,0.0
2025-09-08 06:00,21.9,0.9,,19.9,1.6,,18.4,0.1,,23.8,1.2,,21.0,0.95,0.0
2025-09-08 07:00,22.1,0.8,0.2,20.2,0.1,0.05,18.9,1.2,,23.9,2.2,0.12,21.275,1.0750000000000002,0.12333333333333334
2025-09-08 08:00,22.9,0.9,0.67,21.8,0.8,0.46,20.0,0.8,,24.4,1.2,0.54,22.275,0.925,0.5566666666666668
2025-09-08 09:00,24.6,0.4,1.21,23.2,0.2,1.06,21.2,1.2,,24.8,1.6,0.57,23.45,0.8500000000000001,0.9466666666666667
2025-09-08 10:00,24.6,0.8,0.84,23.7,1.1,0.76,22.0,1.4,,24.8,1.8,0.56,23.775,1.275,0.7200000000000001
2025-09-08 11:00,25.1,0.9,0.83,24.1,1.7,0.68,22.1,1.9,,25.1,1.9,0.6,24.1,1.6,0.7033333333333333
2025-09-08 12:00,24.9,1.0,0.75,24.2,0.7,0.78,22.7,0.8,,23.8,1.8,0.34,23.9,1.075,0.6233333333333334
2025-09-08 13:00,20.1,0.5,0.41,25.1,0.0,0.72,23.3,1.0,,22.2,3.2,0.31,22.675,1.175,0.48
2025-09-08 14:00,21.7,1.2,0.55,25.3,1.0,0.9,23.8,1.2,,22.4,2.5,0.39,23.299999999999997,1.475,0.6133333333333334
2025-09-08 15:00,23.2,0.7,1.05,25.4,1.2,0.84,24.3,1.4,,22.5,3.8,1.12,23.849999999999998,1.775,1.0033333333333334
2025-09-08 16:00,22.7,1.4,0.72,25.5,0.2,0.85,24.3,0.0,,23.0,2.5,1.31,23.875,1.025,0.96
2025-09-08 17:00,22.3,1.1,0.3,24.6,0.8,0.3,23.8,0.0,,22.8,2.7,0.49,23.375,1.1500000000000001,0.3633333333333333
2025-09-08 18:00,19.1,0.7,0.12,23.9,0.9,0.08,23.1,1.2,,22.7,3.3,0.22,22.2,1.525,0.14
2025-09-08 19:00,18.6,1.9,0.08,22.3,2.5,0.01,22.6,0.6,,22.2,1.6,0.03,21.425,1.65,0.04
2025-09-08 20:00,19.1,0.8,,21.4,1.6,,22.4,1.5,,21.7,3.4,,21.15,1.8250000000000002,0.0
2025-09-08 21:00,19.5,1.5,,21.3,1.2,,22.1,1.4,,20.5,1.5,,20.85,1.4,0.0
2025-09-08 22:00,19.2,1.2,,21.1,2.6,,21.3,1.7,,20.6,1.3,,20.549999999999997,1.7,0.0
2025-09-08 23:00,19.4,1.4,,20.9,0.3,,20.6,1.5,,20.6,1.4,,20.375,1.15,0.0
2025-09-09 00:00,19.5,1.1,,20.5,1.4,,20.8,1.0,,21.0,2.0,,20.45,1.375,0.0
2025-09-09 01:00,19.7,0.9,,20.6,0.3,,21.1,0.5,,20.7,1.9,,20.525,0.8999999999999999,0.0
2025-09-09 02:00,19.9,1.7,,20.9,0.9,,21.0,1.1,,21.1,1.3,,20.725,1.25,0.0
2025-09-09 03:00,19.7,0.9,,20.8,0.4,,21.1,1.5,,21.2,6.0,,20.7,2.2,0.0
2025-09-09 04:00,19.7,0.9,,20.5,0.0,,21.3,0.8,,20.8,7.1,,20.575,2.2,0.0
2025-09-09 05:00,19.3,1.7,,20.6,1.3,,21.3,1.5,,19.8,5.4,,20.25,2.475,0.0
2025-09-09 06:00,17.9,1.6,,18.8,2.4,,20.8,1.6,,19.7,4.8,,19.3,2.5999999999999996,0.0
2025-09-09 07:00,18.0,2.0,0.09,18.8,2.5,0.02,20.4,1.3,,19.4,3.0,0.04,19.15,2.2,0.049999999999999996
2025-09-09 08:00,18.2,2.7,0.2,19.5,1.5,0.08,20.8,0.2,,18.4,4.3,0.13,19.225,2.175,0.1366666666666667
2025-09-09 09:00,19.0,2.1,0.47,20.8,1.6,0.43,20.9,0.1,,20.0,3.1,0.49,20.174999999999997,1.725,0.4633333333333333
2025-09-09 10:00,20.2,2.9,0.94,22.0,1.3,1.12,21.0,2.1,,20.1,2.1,0.58,20.825000000000003,2.1,0.88
2025-09-09 11:00,20.6,2.1,0.73,22.2,0.0,0.53,20.0,1.6,,19.9,2.5,0.33,20.674999999999997,1.55,0.53
2025-09-09 12:00,21.0,1.5,0.57,22.1,2.5,0.64,19.6,2.6,,20.6,4.6,0.35,20.825000000000003,2.8,0.52
2025-09-09 13:00,20.8,1.5,0.66,21.9,1.2,0.51,20.0,2.5,,21.4,3.2,0.99,21.025,2.1,0.7200000000000001
2025-09-09 14:00,20.5,1.0,0.5,21.3,2.1,0.84,20.7,2.6,,21.0,2.5,0.55,20.875,2.05,0.63
2025-09-09 15:00,20.7,1.6,0.47,22.5,0.6,0.65,20.8,2.3,,20.8,2.7,0.27,21.2,1.8,0.4633333333333334
2025-09-09 16:00,20.3,1.0,0.28,21.7,1.9,0.34,21.7,2.1,,20.9,2.2,0.22,21.15,1.8,0.28
2025-09-09 17:00,20.1,2.2,0.23,21.4,1.9,0.21,22.2,2.5,,21.3,1.5,0.31,21.25,2.025,0.25
2025-09-09 18:00,20.0,1.9,0.16,21.5,1.8,0.28,21.9,2.1,,21.2,2.4,0.15,21.15,2.0500000000000003,0.19666666666666668
2025-09-09 19:00,19.9,1.8,0.08,21.1,1.1,0.07,21.3,1.5,,21.1,2.4,0.03,20.85,1.7000000000000002,0.060000000000000005
2025-09-09 20:00,19.8,1.7,,20.9,1.2,,20.7,1.2,,21.0,1.3,,20.6,1.3499999999999999,0.0
2025-09-09 21:00,19.9,0.4,,20.9,1.4,,20.3,1.2,,21.1,1.4,,20.549999999999997,1.1,0.0
2025-09-09 22:00,19.8,1.3,,20.9,0.7,,20.2,2.6,,21.1,0.8,,20.5,1.3499999999999999,0.0
2025-09-09 23:00,19.8,1.7,,21.1,0.6,,20.1,2.1,,21.1,1.2,,20.525000000000002,1.4000000000000001,0.0
2025-09-10 00:00,19.9,0.1,,21.1,0.1,,20.0,0.8,,21.0,2.9,,20.5,0.975,0.0
2025-09-10 01:00,19.9,0.6,,21.2,0.5,,20.5,1.2,,20.8,2.3,,20.599999999999998,1.15,0.0
2025-09-10 02:00,19.9,0.6,,21.0,0.3,,20.6,1.4,,20.7,2.1,,20.55,1.1,0.0
2025-09-10 03:00,20.2,0.3,,20.8,0.7,,20.0,0.7,,20.9,1.2,,20.475,0.725,0.0
2025-09-10 04:00,20.0,1.5,,20.5,0.4,,19.5,1.2,,20.8,2.7,,20.2,1.45,0.0
2025-09-10 05:00,19.9,1.0,,20.2,1.0,,19.4,1.9,,20.7,1.1,,20.049999999999997,1.25,0.0
2025-09-10 06:00,20.3,1.4,,19.8,1.2,,19.3,1.6,,20.7,1.5,,20.025000000000002,1.4249999999999998,0.0
2025-09-10 07:00,20.4,1.0,0.11,20.0,0.4,0.07,19.7,1.7,,21.0,1.8,0.04,20.275,1.2249999999999999,0.07333333333333333
2025-09-10 08:00,21.0,0.3,0.46,22.0,1.3,0.55,21.8,0.0,,21.7,1.2,0.23,21.625,0.7,0.41333333333333333
2025-09-10 09:00,22.6,1.2,1.02,23.2,1.3,1.04,24.0,0.2,,23.2,4.1,1.02,23.25,1.7,1.0266666666666666
2025-09-10 10:00,24.4,2.0,1.78,24.4,1.4,1.39,25.4,1.6,,23.8,4.6,2.13,24.499999999999996,2.4,1.7666666666666666
2025-09-10 11:00,24.8,1.6,2.05,26.4,1.5,2.64,25.8,2.4,,24.5,3.2,2.06,25.375,2.175,2.25
2025-09-10 12:00,25.2,1.8,1.64,26.6,2.2,1.95,26.7,2.8,,25.8,3.5,2.31,26.075,2.575,1.9666666666666668
2025-09-10 13:00,27.1,1.3,3.1,27.8,1.7,2.29,27.4,2.4,,26.8,3.0,3.3,27.275000000000002,2.1,2.896666666666667
2025-09-10 14:00,27.3,1.5,3.21,28.1,0.7,1.43,29.0,2.6,,27.2,3.1,2.76,27.900000000000002,1.975,2.4666666666666663
2025-09-10 15:00,28.3,2.3,2.71,28.7,2.3,1.69,28.6,2.9,,28.0,3.1,2.61,28.4,2.65,2.3366666666666664
2025-09-10 16:00,28.3,1.7,2.21,28.9,3.4,2.12,28.8,2.0,,27.8,4.7,1.61,28.45,2.95,1.9800000000000002
2025-09-10 17:00,28.8,1.4,1.43,28.8,2.7,1.44,28.6,1.9,,27.5,5.0,1.57,28.425,2.75,1.4800000000000002
2025-09-10 18:00,27.9,1.4,0.61,28.1,2.2,0.77,28.2,1.3,,26.8,4.5,0.77,27.75,2.35,0.7166666666666667
2025-09-10 19:00,26.0,1.0,0.16,26.0,2.0,0.13,26.4,1.3,,25.8,3.8,0.15,26.05,2.025,0.1466666666666667
2025-09-10 20:00,24.6,1.3,,24.6,1.9,,25.2,1.0,,25.1,3.2,,24.875,1.85,0.0
2025-09-10 21:00,24.1,1.5,,24.4,1.1,,23.4,0.8,,24.3,2.9,,24.05,1.5750000000000002,0.0
2025-09-10 22:00,23.3,1.5,,23.3,1.6,,22.3,1.7,,24.0,2.6,,23.225,1.85,0.0
2025-09-10 23:00,23.0,2.0,,22.8,1.9,,22.0,0.0,,23.7,2.9,,22.875,1.7,0.0
2025-09-11 00:00,23.0,1.0,,21.8,1.3,,22.4,1.2,,23.4,2.0,,22.65,1.375,0.0
2025-09-11 01:00,22.2,0.6,,21.7,1.5,,22.2,0.8,,23.4,0.7,,22.375,0.9000000000000001,0.0
2025-09-11 02:00,22.1,0.3,,21.3,1.7,,22.3,1.9,,23.1,0.9,,22.200000000000003,1.2,0.0
2025-09-11 03:00,21.4,1.2,,20.7,0.3,,21.0,1.5,,22.7,2.6,,21.45,1.4,0.0
2025-09-11 04:00,21.4,0.8,,20.4,1.1,,21.0,0.7,,22.6,0.2,,21.35,0.7000000000000001,0.0
2025-09-11 05:00,20.8,0.7,,19.9,1.7,,20.6,2.4,,22.1,1.5,,20.85,1.575,0.0
2025-09-11 06:00,20.7,0.9,,19.4,1.7,,20.7,1.9,,22.0,1.4,,20.7,1.475,0.0
2025-09-11 07:00,21.3,0.3,0.17,20.5,0.7,0.1,21.2,3.5,,22.3,1.5,0.1,21.325,1.5,0.12333333333333334
2025-09-11 08:00,22.5,0.3,0.82,22.7,0.3,0.69,22.7,2.0,,24.0,2.1,0.58,22.975,1.175,0.6966666666666667
2025-09-11 09:00,23.9,2.2,1.34,25.1,0.6,1.4,24.3,2.9,,25.2,2.0,1.31,24.625,1.925,1.3500000000000003
2025-09-11 10:00,26.1,1.7,2.28,27.4,2.4,2.1,26.0,2.2,,27.0,2.4,2.18,26.625,2.175,2.186666666666667
2025-09-11 11:00,27.5,2.4,2.82,28.1,3.5,2.6,27.2,2.6,,28.2,2.7,2.66,27.75,2.8,2.6933333333333334
2025-09-11 12:00,28.8,1.8,3.17,28.8,4.1,2.87,28.3,2.8,,28.9,2.5,3.13,28.700000000000003,2.8,3.0566666666666666
2025-09-11 13:00,29.6,2.0,2.85,28.5,2.9,2.27,29.2,3.4,,30.4,2.8,3.45,29.424999999999997,2.7750000000000004,2.856666666666667
2025-09-11 14:00,27.9,1.4,1.47,29.6,2.5,2.22,29.6,2.1,,29.0,2.9,2.54,29.025,2.225,2.0766666666666667
2025-09-11 15:00,28.6,1.9,1.54,29.6,4.3,1.54,29.8,3.1,,30.0,3.3,1.69,29.5,3.1499999999999995,1.5899999999999999
2025-09-11 16:00,30.8,1.2,1.51,29.8,2.8,1.71,29.6,1.4,,29.4,2.9,1.83,29.9,2.075,1.6833333333333333
2025-09-11 17:00,27.6,1.8,1.04,29.6,2.7,1.27,29.3,2.1,,28.6,1.5,0.39,28.775,2.025,0.9
2025-09-11 18:00,27.2,1.3,0.26,29.0,2.3,0.67,28.0,1.4,,27.8,1.7,0.39,28.0,1.675,0.44
2025-09-11 19:00,26.6,1.1,0.11,27.4,2.0,0.05,27.0,2.6,,26.7,2.7,0.02,26.925,2.1,0.06
2025-09-11 20:00,26.1,0.9,,26.5,2.4,,27.1,3.2,,26.3,1.5,,26.5,2.0,0.0
2025-09-11 21:00,25.1,1.5,,25.4,1.6,,26.5,2.0,,26.5,1.3,,25.875,1.5999999999999999,0.0
2025-09-11 22:00,24.4,1.9,,24.5,1.4,,25.9,2.3,,26.1,2.1,,25.225,1.9249999999999998,0.0
2025-09-11 23:00,23.9,2.9,,24.5,1.3,,24.3,1.9,,25.7,2.5,,24.6,2.15,0.0
2025-09-12 00:00,23.6,3.0,,23.9,0.4,,23.9,1.7,,25.2,1.8,,24.150000000000002,1.7249999999999999,0.0
2025-09-12 01:00,23.6,2.2,,23.7,0.9,,23.5,2.3,,25.0,1.8,,23.95,1.8,0.0
2025-09-12 02:00,23.3,1.9,,23.3,1.3,,23.2,2.2,,24.6,1.8,,23.6,1.8,0.0
2025-09-12 03:00,22.4,2.9,,23.0,1.8,,23.2,2.8,,23.9,0.8,,23.125,2.075,0.0
2025-09-12 04:00,22.5,3.6,,22.7,0.8,,22.7,2.6,,23.7,2.4,,22.900000000000002,2.35,0.0
2025-09-12 05:00,22.5,2.9,,22.3,0.4,,22.3,2.6,,24.0,1.9,,22.775,1.9500000000000002,0.0
2025-09-12 06:00,22.6,3.0,,22.1,0.9,,22.2,3.2,,23.6,1.8,,22.625,2.225,0.0
2025-09-12 07:00,22.7,1.3,0.1,22.4,0.0,0.03,22.2,1.8,,23.6,2.1,0.04,22.725,1.3,0.05666666666666667
2025-09-12 08:00,23.8,2.0,0.36,23.0,1.1,0.18,22.4,2.4,,24.4,1.6,0.25,23.4,1.775,0.26333333333333336
2025-09-12 09:00,24.5,3.4,0.73,25.5,1.0,0.76,22.7,3.7,,25.9,2.5,0.76,24.65,2.6500000000000004,0.75
2025-09-12 10:00,25.8,3.1,1.28,27.1,0.8,1.07,23.8,1.9,,26.1,2.7,1.29,25.700000000000003,2.125,1.2133333333333334
2025-09-12 11:00,25.6,2.8,0.92,26.7,2.0,0.91,24.5,2.8,,26.3,2.9,0.91,25.775,2.625,0.9133333333333334
2025-09-12 12:00,25.6,2.3,0.61,27.3,1.5,1.03,24.8,2.7,,27.6,2.2,1.51,26.325000000000003,2.175,1.05
2025-09-12 13:00,26.5,2.4,0.95,26.3,1.8,0.49,25.4,2.7,,26.2,3.1,1.25,26.099999999999998,2.5,0.8966666666666666
2025-09-12 14:00,25.7,2.6,0.8,26.2,1.6,0.38,25.2,1.9,,25.6,2.5,0.36,25.674999999999997,2.15,0.5133333333333333
2025-09-12 15:00,24.8,1.8,0.54,24.2,2.4,0.22,24.4,2.1,,26.6,2.9,0.85,25.0,2.3000000000000003,0.5366666666666666
2025-09-12 16:00,25.0,2.6,0.36,24.5,2.4,0.35,23.2,3.6,,26.9,2.5,0.94,24.9,2.775,0.5499999999999999
2025-09-12 17:00,24.8,2.0,0.26,24.2,0.7,0.19,23.2,3.3,,27.2,4.5,0.44,24.85,2.625,0.2966666666666667
2025-09-12 18:00,24.3,1.5,0.21,23.6,3.0,0.07,22.9,3.3,,26.6,2.7,0.15,24.35,2.625,0.14333333333333334
2025-09-12 19:00,25.0,1.5,0.09,23.1,2.1,0.01,22.3,2.9,,26.2,2.6,0.04,24.150000000000002,2.275,0.04666666666666666
2025-09-12 20:00,25.1,0.4,,23.3,1.1,,22.1,3.5,,25.9,3.0,,24.1,2.0,0.0
2025-09-12 21:00,25.7,2.0,,23.4,0.4,,22.1,2.1,,25.7,3.5,,24.224999999999998,2.0,0.0
2025-09-12 22:00,25.9,1.2,,23.3,0.7,,22.3,2.6,,25.6,3.4,,24.275,1.975,0.0
2025-09-12 23:00,25.6,2.3,,23.5,2.5,,22.6,1.6,,25.7,1.9,,24.35,2.075,0.0
2025-09-13 00:00,25.4,2.8,,23.9,1.8,,23.2,1.6,,25.7,4.4,,24.55,2.65,0.0
2025-09-13 01:00,25.3,3.3,,24.6,2.3,,23.0,2.9,,25.9,4.7,,24.700000000000003,3.3,0.0
2025-09-13 02:00,25.3,2.4,,25.1,2.3,,23.3,3.3,,26.0,4.9,,24.925,3.2249999999999996,0.0
2025-09-13 03:00,24.5,2.9,,25.4,3.0,,23.9,4.0,,25.7,4.6,,24.875,3.625,0.0
2025-09-13 04:00,24.6,3.1,,25.6,2.1,,24.2,4.1,,26.5,5.3,,25.225,3.6500000000000004,0.0
2025-09-13 05:00,24.4,3.7,,24.7,2.9,,24.3,4.2,,27.2,7.7,,25.15,4.625,0.0
2025-09-13 06:00,24.9,3.3,,24.9,2.5,,24.2,3.5,,26.8,8.3,,25.2,4.4,0.0
2025-09-13 07:00,25.4,3.0,0.06,24.5,4.3,0.01,24.3,5.1,,25.1,9.5,0.0,24.825000000000003,5.475,0.02333333333333333
2025-09-13 08:00,25.6,2.0,0.1,24.8,2.5,0.03,25.1,2.7,,25.5,5.0,0.11,25.25,3.05,0.08
2025-09-13 09:00,25.3,3.2,0.22,25.9,2.0,0.49,24.9,5.3,,26.5,7.9,0.48,25.65,4.6,0.39666666666666667
2025-09-13 10:00,25.1,2.8,0.34,24.9,5.9,0.47,25.1,4.8,,26.6,5.4,0.61,25.424999999999997,4.725,0.47333333333333333
2025-09-13 11:00,25.7,1.4,0.56,24.9,2.8,0.62,25.2,5.3,,26.5,7.0,0.7,25.575,4.125,0.6266666666666667
2025-09-13 12:00,25.4,2.6,0.7,26.6,3.5,1.3,25.2,4.5,,26.8,4.4,1.1,26.0,3.75,1.0333333333333334
2025-09-13 13:00,25.5,0.6,0.49,27.1,2.9,2.1,25.6,3.5,,26.3,3.5,0.43,26.125,2.625,1.0066666666666666
2025-09-13 14:00,27.5,1.4,1.52,26.6,2.5,1.32,25.9,1.9,,28.0,2.4,1.82,27.0,2.05,1.5533333333333335
2025-09-13 15:00,26.7,1.4,0.85,27.0,2.6,1.38,26.7,4.1,,28.3,3.4,3.0,27.175,2.875,1.7433333333333334
2025-09-13 16:00,27.3,1.3,0.53,27.1,2.5,1.09,25.5,4.3,,27.3,3.5,1.45,26.8,2.9,1.0233333333333334
2025-09-13 17:00,27.5,1.6,0.67,26.2,2.0,0.66,25.4,3.9,,27.4,3.4,1.02,26.625,2.725,0.7833333333333333
2025-09-13 18:00,26.5,1.5,0.56,25.3,2.5,0.26,24.9,3.3,,25.8,3.7,0.4,25.624999999999996,2.75,0.40666666666666673
2025-09-13 19:00,25.2,0.6,0.1,24.6,3.3,0.02,24.3,2.9,,25.1,3.4,0.06,24.799999999999997,2.55,0.06
2025-09-13 20:00,24.4,0.7,,24.2,2.4,,24.0,1.9,,24.7,2.0,,24.325,1.75,0.0
2025-09-13 21:00,24.2,0.5,,23.7,1.5,,23.1,1.5,,24.3,0.8,,23.825,1.075,0.0
2025-09-13 22:00,23.6,1.0,,23.5,1.9,,23.2,0.0,,24.1,0.2,,23.6,0.775,0.0
2025-09-13 23:00,23.8,0.9,,23.2,0.7,,22.7,1.6,,23.8,1.2,,23.375,1.1,0.0
2025-09-14 00:00,23.2,0.9,,23.1,0.5,,22.5,3.0,,23.9,0.9,,23.174999999999997,1.3250000000000002,0.0
2025-09-14 01:00,22.7,0.5,,22.6,1.1,,22.4,1.8,,23.7,0.8,,22.849999999999998,1.05,0.0
2025-09-14 02:00,22.7,0.0,,22.7,1.1,,22.2,2.4,,23.6,0.2,,22.799999999999997,0.925,0.0
2025-09-14 03:00,22.5,0.4,,22.6,1.2,,22.2,2.6,,23.3,0.4,,22.65,1.1500000000000001,0.0
2025-09-14 04:00,22.3,0.1,,22.2,1.8,,22.2,2.2,,23.4,1.4,,22.525,1.375,0.0
2025-09-14 05:00,22.3,0.0,,22.4,1.4,,22.1,2.7,,23.2,0.6,,22.500000000000004,1.1749999999999998,0.0
2025-09-14 06:00,22.1,0.0,,21.6,1.6,,22.1,0.4,,23.2,0.0,,22.250000000000004,0.5,0.0
2025-09-14 07:00,22.4,0.0,0.19,22.5,1.0,0.11,22.2,1.6,,23.5,2.1,0.11,22.65,1.175,0.13666666666666666
2025-09-14 08:00,23.5,0.3,0.81,23.2,0.6,0.38,22.8,2.3,,24.9,2.0,0.84,23.6,1.2999999999999998,0.6766666666666666
2025-09-14 09:00,24.6,0.7,1.08,25.4,1.3,1.02,25.4,2.2,,25.7,0.2,0.95,25.275000000000002,1.1,1.0166666666666666
2025-09-14 10:00,25.6,0.8,1.46,27.1,0.9,1.78,27.5,1.7,,26.3,0.6,0.98,26.625,1.0,1.406666666666667
2025-09-14 11:00,26.4,1.0,2.16,27.3,0.7,1.57,27.0,1.4,,27.3,2.5,1.79,27.0,1.4,1.84
2025-09-14 12:00,28.1,1.2,2.71,27.2,1.7,1.4,28.1,1.7,,28.4,2.4,2.74,27.950000000000003,1.75,2.283333333333333
2025-09-14 13:00,28.0,1.4,2.18,28.5,1.5,1.83,27.8,2.9,,28.1,2.4,1.99,28.1,2.05,2.0
2025-09-14 14:00,28.3,0.9,1.42,30.3,1.9,2.51,27.6,3.1,,27.7,2.3,0.99,28.475,2.05,1.64
2025-09-14 15:00,28.0,0.4,1.07,30.2,2.2,2.41,27.7,3.0,,27.7,1.4,0.93,28.400000000000002,1.75,1.47
2025-09-14 16:00,28.6,1.4,1.0,29.0,2.7,1.89,26.9,2.6,,27.6,2.4,0.94,28.025,2.275,1.2766666666666666
2025-09-14 17:00,27.5,1.3,0.92,27.7,2.9,0.9,26.4,3.0,,26.6,1.7,0.43,27.049999999999997,2.225,0.75
2025-09-14 18:00,26.2,1.9,0.23,26.6,2.1,0.33,25.6,1.7,,26.0,1.0,0.15,26.1,1.675,0.2366666666666667
2025-09-14 19:00,26.3,0.8,0.08,25.8,2.1,0.03,25.0,0.9,,25.5,1.3,0.02,25.65,1.2750000000000001,0.043333333333333335
2025-09-14 20:00,26.0,0.8,,25.4,0.3,,24.3,1.3,,24.9,2.6,,25.15,1.25,0.0
2025-09-14 21:00,25.5,0.2,,24.8,1.4,,23.8,0.0,,24.9,0.1,,24.75,0.425,0.0
2025-09-14 22:00,25.2,1.2,,24.8,0.7,,23.3,0.0,,24.7,0.9,,24.5,0.7,0.0
2025-09-14 23:00,24.7,0.8,,24.5,1.1,,23.0,1.1,,24.7,1.2,,24.225,1.05,0.0
2025-09-15 00:00,24.5,0.4,,24.1,1.2,,22.9,0.0,,24.8,2.2,,24.075,0.9500000000000001,0.0
2025-09-15 01:00,24.4,0.4,,23.8,1.1,,22.6,0.0,,24.8,1.3,,23.900000000000002,0.7,0.0
2025-09-15 02:00,24.2,0.1,,23.2,1.0,,22.4,0.2,,24.6,1.1,,23.6,0.6000000000000001,0.0
2025-09-15 03:00,24.0,0.2,,23.2,0.4,,22.2,0.0,,24.5,1.6,,23.475,0.55,0.0
2025-09-15 04:00,23.3,1.3,,23.1,0.6,,22.1,0.0,,24.3,0.6,,23.2,0.625,0.0
2025-09-15 05:00,23.6,0.4,,23.0,0.9,,22.2,1.3,,24.3,1.2,,23.275,0.95,0.0
2025-09-15 06:00,23.1,1.0,,22.7,1.0,,22.0,0.0,,24.2,1.6,,23.0,0.9,0.0
2025-09-15 07:00,24.0,0.3,0.12,22.9,0.8,0.05,22.1,0.0,,24.4,1.0,0.03,23.35,0.525,0.06666666666666667
2025-09-15 08:00,24.5,0.5,0.41,23.9,1.1,0.31,23.1,1.1,,24.7,1.8,0.25,24.05,1.125,0.3233333333333333
2025-09-15 09:00,25.2,1.0,0.53,26.8,0.6,1.0,24.5,0.9,,25.2,0.8,0.31,25.425,0.825,0.6133333333333334
2025-09-15 10:00,25.7,1.1,0.65,27.0,2.0,1.58,25.2,2.6,,25.8,1.5,0.51,25.925,1.8,0.9133333333333334
2025-09-15 11:00,25.7,0.9,0.49,28.1,0.9,1.59,26.8,2.1,,25.7,0.7,0.23,26.575,1.1500000000000001,0.77
2025-09-15 12:00,24.2,0.3,0.37,29.2,0.3,1.52,27.3,0.5,,24.6,1.6,0.12,26.325000000000003,0.675,0.67
2025-09-15 13:00,24.4,0.6,0.28,29.3,0.9,1.53,28.4,0.1,,25.1,2.7,0.78,26.799999999999997,1.0750000000000002,0.8633333333333333
2025-09-15 14:00,25.3,0.6,1.1,29.9,1.3,1.79,28.4,0.8,,25.6,2.7,0.79,27.299999999999997,1.35,1.2266666666666668
2025-09-15 15:00,25.3,0.8,0.92,29.3,2.0,1.12,28.7,0.9,,26.8,1.0,0.95,27.525,1.1749999999999998,0.9966666666666667
2025-09-15 16:00,25.9,0.8,0.93,28.4,2.1,0.82,28.3,0.3,,27.2,1.7,0.84,27.45,1.225,0.8633333333333333
2025-09-15 17:00,26.8,0.3,0.67,28.3,1.3,0.56,27.8,0.0,,27.5,1.5,0.75,27.6,0.775,0.66
2025-09-15 18:00,26.6,0.9,0.51,27.6,1.5,0.27,27.1,0.0,,28.2,0.1,0.63,27.375000000000004,0.625,0.47000000000000003
2025-09-15 19:00,25.0,0.4,0.12,27.1,1.0,0.05,26.2,0.0,,26.8,1.7,0.11,26.275,0.7749999999999999,0.09333333333333332
2025-09-15 20:00,24.5,0.7,,26.5,1.4,,25.4,0.0,,26.5,1.2,,25.725,0.825,0.0
2025-09-15 21:00,24.9,0.4,,26.3,1.3,,24.8,0.0,,26.0,1.4,,25.5,0.775,0.0
2025-09-15 22:00,24.6,1.1,,26.0,0.5,,24.6,0.0,,25.8,1.3,,25.25,0.7250000000000001,0.0
2025-09-15 23:00,24.5,0.2,,25.7,1.2,,24.0,1.0,,25.6,0.8,,24.950000000000003,0.8,0.0
2025-09-16 00:00,24.3,0.9,,25.2,1.9,,23.6,1.3,,25.3,1.3,,24.599999999999998,1.3499999999999999,0.0
2025-09-16 01:00,24.1,0.4,,24.8,1.8,,23.6,1.9,,25.1,1.8,,24.4,1.4749999999999999,0.0
2025-09-16 02:00,24.0,0.0,,25.1,1.2,,24.1,2.2,,24.9,2.7,,24.525,1.5250000000000001,0.0
2025-09-16 03:00,24.0,0.0,,24.9,1.3,,24.2,1.6,,24.7,1.8,,24.45,1.175,0.0
2025-09-16 04:00,23.8,0.0,,24.5,1.6,,24.3,1.8,,24.6,2.5,,24.299999999999997,1.475,0.0
2025-09-16 05:00,23.3,0.8,,24.6,0.5,,24.3,1.3,,24.7,2.4,,24.225,1.25,0.0
2025-09-16 06:00,23.4,0.4,,24.5,0.8,,24.3,1.7,,24.6,2.8,,24.200000000000003,1.425,0.0
2025-09-16 07:00,23.5,0.0,0.13,24.7,0.8,0.04,24.5,2.3,,24.7,3.2,0.04,24.35,1.575,0.07
2025-09-16 08:00,24.2,0.3,0.33,26.0,1.4,0.33,25.1,2.3,,25.5,3.4,0.36,25.200000000000003,1.85,0.34
2025-09-16 09:00,25.4,0.0,0.68,28.6,1.3,1.07,26.4,2.5,,27.1,3.1,1.11,26.875,1.725,0.9533333333333335
2025-09-16 10:00,27.5,0.9,1.89,29.1,2.0,1.57,28.4,3.0,,28.5,2.7,1.78,28.375,2.1500000000000004,1.7466666666666668
2025-09-16 11:00,28.4,2.4,1.43,30.0,2.3,1.3,30.0,2.9,,29.9,2.6,2.54,29.575000000000003,2.55,1.7566666666666666
2025-09-16 12:00,30.3,1.7,2.9,30.7,2.6,1.87,30.2,2.7,,29.9,3.6,2.99,30.275,2.65,2.5866666666666664
2025-09-16 13:00,31.4,2.9,3.1,31.4,4.2,2.3,30.2,2.8,,30.4,3.5,3.07,30.85,3.3499999999999996,2.8233333333333337
2025-09-16 14:00,31.4,2.2,2.65,32.2,4.5,3.05,30.2,2.9,,31.0,4.8,2.98,31.2,3.5999999999999996,2.893333333333333
2025-09-16 15:00,31.2,2.8,2.46,31.2,4.2,2.0,30.4,2.9,,30.4,4.1,2.52,30.799999999999997,3.5,2.3266666666666667
2025-09-16 16:00,31.2,2.5,1.63,31.2,4.0,1.57,29.9,3.1,,29.6,4.7,1.31,30.475,3.575,1.5033333333333332
2025-09-16 17:00,30.5,2.6,0.98,30.2,3.8,1.13,29.3,3.5,,29.5,5.6,0.93,29.875,3.875,1.0133333333333334
2025-09-16 18:00,29.2,2.3,0.58,29.0,3.3,0.31,28.5,2.8,,29.0,5.1,0.64,28.925,3.3749999999999996,0.5099999999999999
2025-09-16 19:00,28.6,2.1,0.12,27.9,2.2,0.05,27.6,2.0,,28.1,4.2,0.07,28.049999999999997,2.625,0.08
2025-09-16 20:00,27.9,2.2,,27.4,1.9,,27.3,2.5,,27.8,3.0,,27.599999999999998,2.4,0.0
2025-09-16 21:00,27.3,1.3,,27.2,1.6,,26.8,1.7,,27.6,2.8,,27.225,1.85,0.0
2025-09-16 22:00,26.7,2.0,,26.5,1.8,,26.6,1.2,,27.3,3.1,,26.775000000000002,2.025,0.0
2025-09-16 23:00,26.5,1.8,,26.6,1.1,,25.7,2.7,,27.2,3.3,,26.5,2.225,0.0
2025-09-17 00:00,26.6,2.2,,26.3,1.8,,25.6,1.4,,27.0,3.3,,26.375,2.175,0.0
2025-09-17 01:00,26.5,2.2,,25.9,1.1,,25.2,2.9,,26.7,3.6,,26.075,2.45,0.0
2025-09-17 02:00,26.7,1.4,,26.0,1.0,,25.2,2.2,,26.6,3.0,,26.125,1.9,0.0
2025-09-17 03:00,26.2,1.4,,25.8,0.9,,25.3,2.3,,26.4,2.1,,25.924999999999997,1.6749999999999998,0.0
2025-09-17 04:00,25.9,0.8,,25.7,0.5,,24.8,0.5,,26.2,2.6,,25.65,1.1,0.0
2025-09-17 05:00,25.9,1.2,,25.4,1.1,,24.3,0.8,,26.4,2.9,,25.5,1.5,0.0
2025-09-17 06:00,26.3,1.0,,25.1,1.7,,23.4,0.0,,26.9,3.4,,25.425000000000004,1.525,0.0
2025-09-17 07:00,25.9,1.3,0.12,25.7,1.4,0.06,23.3,1.4,,27.1,3.8,0.07,25.5,1.9749999999999999,0.08333333333333333
2025-09-17 08:00,26.7,1.3,0.5,27.8,1.8,0.55,24.6,1.7,,27.5,2.8,0.38,26.65,1.9,0.47666666666666674
2025-09-17 09:00,27.8,3.7,1.06,28.8,2.0,1.14,26.2,3.3,,28.8,5.4,0.94,27.9,3.6,1.0466666666666666
2025-09-17 10:00,28.4,2.3,1.31,29.7,3.6,1.3,27.2,2.9,,29.3,4.9,1.49,28.65,3.4250000000000003,1.366666666666667
2025-09-17 11:00,30.2,3.3,1.96,29.0,3.6,0.75,23.0,5.6,,29.3,7.2,1.48,27.875,4.925,1.3966666666666665
2025-09-17 12:00,29.6,2.7,2.01,24.1,5.6,0.45,23.3,2.6,,29.2,5.4,2.12,26.55,4.075,1.5266666666666666
2025-09-17 13:00,23.5,1.6,0.52,23.1,2.2,0.06,23.4,2.2,,26.2,2.6,1.28,24.05,2.15,0.62
2025-09-17 14:00,23.5,1.1,0.52,24.3,1.9,0.42,23.7,2.9,,25.1,2.9,0.27,24.15,2.2,0.4033333333333333
2025-09-17 15:00,23.3,1.2,0.42,25.8,2.6,1.12,24.4,1.8,,24.7,2.6,0.22,24.55,2.05,0.5866666666666667
2025-09-17 16:00,24.6,0.8,0.41,26.0,0.8,0.56,24.7,4.7,,25.2,2.4,0.77,25.125,2.1750000000000003,0.58
2025-09-17 17:00,25.0,1.1,0.77,25.5,3.2,0.51,23.9,4.2,,25.3,2.9,0.85,24.925,2.85,0.71
2025-09-17 18:00,24.9,1.9,0.35,23.9,4.2,0.16,23.0,5.3,,24.9,2.9,0.35,24.174999999999997,3.5749999999999997,0.2866666666666667
2025-09-17 19:00,24.6,1.7,0.09,23.2,3.8,0.06,22.2,3.4,,24.6,3.4,0.05,23.65,3.075,0.06666666666666667
2025-09-17 20:00,23.7,1.5,,22.7,2.4,,22.2,1.6,,23.8,6.1,,23.099999999999998,2.9,0.0
2025-09-17 21:00,23.4,0.6,,22.6,1.9,,22.3,2.7,,23.9,4.0,,23.049999999999997,2.3,0.0
2025-09-17 22:00,23.5,1.0,,22.7,1.8,,22.3,3.5,,23.8,3.9,,23.075,2.55,0.0
2025-09-17 23:00,23.3,1.0,,22.4,2.5,,21.8,3.6,,23.8,4.2,,22.825,2.825,0.0
2025-09-18 00:00,23.2,0.8,,21.9,1.2,,21.7,0.5,,23.5,3.2,,22.575,1.425,0.0
2025-09-18 01:00,22.6,0.4,,21.9,1.6,,21.5,0.0,,23.0,3.8,,22.25,1.45,0.0
2025-09-18 02:00,22.3,0.9,,21.8,2.0,,21.4,2.7,,22.6,3.7,,22.025,2.325,0.0
2025-09-18 03:00,22.5,0.5,,21.7,1.9,,21.2,0.0,,22.9,4.4,,22.075000000000003,1.7000000000000002,0.0
2025-09-18 04:00,22.3,1.0,,21.6,1.0,,21.0,0.0,,22.8,3.2,,21.925,1.3,0.0
2025-09-18 05:00,21.9,0.5,,21.5,0.0,,20.5,0.0,,22.6,3.8,,21.625,1.075,0.0
2025-09-18 06:00,21.5,0.9,,21.0,1.5,,20.3,0.0,,22.5,2.2,,21.325,1.15,0.0
2025-09-18 07:00,22.1,0.8,0.13,21.2,0.7,0.06,20.6,0.0,,22.6,3.0,0.07,21.625,1.125,0.08666666666666667
2025-09-18 08:00,22.5,1.5,0.42,21.4,1.2,0.16,20.9,0.0,,22.9,3.5,0.28,21.924999999999997,1.55,0.2866666666666667
2025-09-18 09:00,22.5,1.2,0.48,22.0,1.1,0.37,21.6,0.4,,23.6,4.5,0.59,22.424999999999997,1.7999999999999998,0.48
2025-09-18 10:00,22.9,1.2,0.55,22.4,0.0,0.43,22.2,0.7,,23.7,3.7,0.62,22.8,1.4,0.5333333333333333
2025-09-18 11:00,23.3,1.4,0.66,23.1,1.7,0.73,23.7,0.6,,24.2,4.0,0.95,23.575000000000003,1.9249999999999998,0.7799999999999999
2025-09-18 12:00,24.7,0.7,1.59,24.9,1.4,1.88,24.5,1.0,,25.0,3.0,2.46,24.775,1.525,1.9766666666666666
2025-09-18 13:00,25.6,1.5,2.85,26.7,2.3,2.18,25.6,2.3,,26.2,4.0,3.25,26.025000000000002,2.525,2.7600000000000002
2025-09-18 14:00,27.3,1.2,3.01,27.8,0.9,2.57,26.1,0.0,,26.1,3.0,2.58,26.825000000000003,1.275,2.72
2025-09-18 15:00,26.5,1.1,1.38,26.9,2.9,2.1,26.3,0.6,,26.9,3.3,2.7,26.65,1.9749999999999999,2.06
2025-09-18 16:00,26.5,1.8,1.1,26.9,1.1,1.22,26.7,0.4,,26.4,3.5,1.24,26.625,1.7000000000000002,1.1866666666666668
2025-09-18 17:00,26.1,0.3,0.87,27.3,1.7,1.28,26.0,2.3,,25.9,4.6,1.35,26.325000000000003,2.2249999999999996,1.1666666666666667
2025-09-18 18:00,26.4,1.0,0.5,25.6,2.0,0.48,24.5,0.3,,25.0,3.6,0.56,25.375,1.725,0.5133333333333333
2025-09-18 19:00,24.5,1.7,0.13,24.2,2.7,0.03,23.2,1.5,,23.6,3.7,0.06,23.875,2.4000000000000004,0.07333333333333333
2025-09-18 20:00,23.8,1.1,,22.9,1.1,,22.2,1.2,,23.3,2.9,,23.05,1.5750000000000002,0.0
2025-09-18 21:00,23.3,0.7,,22.8,1.4,,21.4,2.0,,23.3,1.5,,22.7,1.4,0.0
2025-09-18 22:00,23.3,1.1,,22.9,2.1,,20.7,2.1,,23.1,0.5,,22.5,1.4500000000000002,0.0
2025-09-18 23:00,23.3,0.5,,22.5,1.9,,20.4,2.9,,22.8,0.2,,22.249999999999996,1.375,0.0
2025-09-19 00:00,22.7,1.3,,22.3,2.5,,20.2,2.1,,22.7,0.2,,21.975,1.5250000000000001,0.0
2025-09-19 01:00,22.6,1.2,,21.5,2.6,,20.3,1.6,,22.7,0.4,,21.775000000000002,1.4500000000000002,0.0
2025-09-19 02:00,21.6,1.1,,21.1,2.9,,20.3,2.3,,22.1,2.0,,21.275,2.075,0.0
2025-09-19 03:00,20.6,1.5,,20.6,2.5,,20.0,0.6,,22.3,2.0,,20.875,1.65,0.0
2025-09-19 04:00,19.9,1.3,,20.5,1.8,,19.8,0.6,,21.7,1.1,,20.475,1.2000000000000002,0.0
2025-09-19 05:00,19.5,1.5,,20.1,1.5,,20.2,0.8,,21.5,2.4,,20.325,1.5499999999999998,0.0
2025-09-19 06:00,19.5,1.8,,20.4,2.3,,19.8,0.7,,21.2,1.2,,20.225,1.5,0.0
2025-09-19 07:00,19.8,1.7,0.1,20.3,2.1,0.04,19.5,1.0,,21.2,2.0,0.02,20.2,1.7,0.05333333333333334
2025-09-19 08:00,20.0,2.3,0.31,20.6,1.8,0.19,20.0,1.3,,21.6,1.1,0.26,20.55,1.625,0.25333333333333335
2025-09-19 09:00,21.2,1.7,0.79,21.8,0.9,0.48,20.6,1.1,,22.3,2.2,0.59,21.475,1.475,0.62
2025-09-19 10:00,22.4,0.9,1.17,23.3,1.7,1.02,22.1,0.1,,23.2,1.1,0.92,22.750000000000004,0.9500000000000001,1.0366666666666666
2025-09-19 11:00,24.0,1.8,1.36,25.1,2.2,1.69,23.0,0.0,,24.3,2.9,1.48,24.099999999999998,1.725,1.5099999999999998
2025-09-19 12:00,25.0,0.8,1.88,25.6,2.7,1.73,23.2,0.2,,25.3,3.5,1.79,24.775,1.8,1.8
2025-09-19 13:00,25.1,0.8,1.55,25.9,1.8,1.46,23.4,0.0,,25.8,3.0,1.53,25.05,1.4,1.5133333333333334
2025-09-19 14:00,26.5,0.7,1.98,25.7,2.1,1.02,23.0,0.5,,26.1,3.5,2.2,25.325000000000003,1.7,1.7333333333333334
2025-09-19 15:00,25.2,1.6,0.87,24.6,1.9,0.67,23.1,0.3,,25.7,2.1,1.19,24.650000000000002,1.475,0.91
2025-09-19 16:00,24.4,1.2,0.52,24.6,1.7,0.38,22.3,1.9,,25.3,1.8,0.37,24.15,1.65,0.42333333333333334
2025-09-19 17:00,24.4,2.0,0.39,24.1,2.5,0.25,22.0,2.2,,24.8,4.2,0.32,23.825,2.725,0.32
2025-09-19 18:00,24.1,1.5,0.17,23.6,1.9,0.12,21.1,2.8,,24.2,4.2,0.31,23.250000000000004,2.5999999999999996,0.20000000000000004
2025-09-19 19:00,23.6,1.2,0.07,23.4,2.1,0.01,20.7,3.0,,24.0,3.3,0.04,22.925,2.4,0.04
2025-09-19 20:00,23.8,2.3,,23.2,2.2,,19.6,2.8,,23.7,3.4,,22.575,2.675,0.0
2025-09-19 21:00,23.9,1.9,,23.0,3.3,,19.2,5.4,,23.2,4.7,,22.325,3.825,0.0
2025-09-19 22:00,23.9,3.4,,23.2,2.1,,19.2,3.7,,23.0,5.2,,22.325,3.5999999999999996,0.0
2025-09-19 23:00,23.8,2.6,,22.2,2.9,,19.0,2.6,,23.7,6.3,,22.175,3.5999999999999996,0.0
2025-09-20 00:00,23.7,2.6,,20.7,2.6,,19.6,3.0,,23.8,3.9,,21.95,3.025,0.0
2025-09-20 01:00,23.0,3.0,,20.8,3.0,,20.1,4.0,,23.4,4.8,,21.825,3.7,0.0
2025-09-20 02:00,22.5,4.1,,22.4,4.8,,21.0,3.6,,23.7,3.0,,22.400000000000002,3.8749999999999996,0.0
2025-09-20 03:00,23.0,2.6,,23.5,3.8,,22.5,4.8,,24.4,5.1,,23.35,4.074999999999999,0.0
2025-09-20 04:00,23.6,2.2,,23.9,3.0,,22.9,6.1,,24.7,3.4,,23.775000000000002,3.6750000000000003,0.0
2025-09-20 05:00,23.0,3.1,,22.4,3.0,,23.0,5.2,,25.5,4.4,,23.475,3.9250000000000003,0.0
2025-09-20 06:00,23.6,4.6,,22.4,2.5,,20.7,2.1,,24.6,6.8,,22.825000000000003,4.0,0.0
2025-09-20 07:00,23.8,3.5,0.08,20.2,2.1,0.0,19.5,0.0,,22.8,6.8,0.01,21.575,3.0999999999999996,0.03
2025-09-20 08:00,22.4,1.2,0.19,20.5,0.8,0.08,20.0,2.9,,22.3,4.7,0.19,21.3,2.4000000000000004,0.15333333333333335
2025-09-20 09:00,22.2,1.1,0.36,20.7,3.0,0.24,21.5,4.4,,22.5,5.9,0.29,21.725,3.6,0.29666666666666663
2025-09-20 10:00,23.1,1.4,1.19,21.6,2.4,0.76,22.2,4.3,,22.8,4.4,1.04,22.425,3.125,0.9966666666666667
2025-09-20 11:00,23.4,0.9,1.56,22.7,3.0,0.93,23.1,3.5,,23.9,4.7,1.15,23.275,3.0250000000000004,1.2133333333333334
2025-09-20 12:00,23.3,0.9,1.28,23.0,3.8,0.94,21.3,3.7,,23.3,5.0,1.56,22.724999999999998,3.35,1.26
2025-09-20 13:00,24.4,1.3,1.83,23.4,2.3,1.05,21.5,3.1,,23.3,5.8,1.45,23.15,3.125,1.4433333333333334
2025-09-20 14:00,24.7,2.0,2.45,23.2,2.9,1.01,23.2,4.1,,24.4,5.5,1.73,23.875,3.625,1.7299999999999998
2025-09-20 15:00,24.6,1.0,1.74,24.1,3.5,1.35,24.1,6.2,,23.9,7.4,0.72,24.175000000000004,4.525,1.2699999999999998
2025-09-20 16:00,24.1,1.5,1.46,24.3,2.5,1.1,24.1,5.8,,24.0,5.9,1.08,24.125,3.9250000000000003,1.2133333333333334
2025-09-20 17:00,24.2,1.4,1.09,24.5,3.2,1.27,24.2,3.5,,23.7,7.8,0.74,24.150000000000002,3.9749999999999996,1.0333333333333334
2025-09-20 18:00,23.1,1.5,0.46,23.2,3.4,0.58,22.8,3.0,,23.4,4.9,0.55,23.125,3.2,0.53
2025-09-20 19:00,22.4,1.1,0.1,22.0,2.6,0.06,21.3,0.0,,22.1,3.6,0.07,21.950000000000003,1.8250000000000002,0.07666666666666667
2025-09-20 20:00,21.4,0.6,,21.5,1.4,,20.7,0.0,,21.9,2.8,,21.375,1.2,0.0
2025-09-20 21:00,20.9,0.2,,20.5,0.8,,19.5,0.0,,22.1,2.7,,20.75,0.925,0.0
2025-09-20 22:00,20.7,0.8,,19.7,1.6,,18.9,0.6,,21.8,1.5,,20.275,1.125,0.0
2025-09-20 23:00,19.9,0.6,,19.2,1.7,,18.7,1.9,,21.7,2.0,,19.875,1.5499999999999998,0.0
2025-09-21 00:00,19.6,0.3,,18.9,1.5,,18.2,0.7,,21.6,2.9,,19.575000000000003,1.35,0.0
2025-09-21 01:00,19.3,1.0,,18.4,1.5,,17.8,0.0,,21.9,3.0,,19.35,1.375,0.0
2025-09-21 02:00,19.0,0.3,,18.0,1.1,,17.5,0.0,,21.9,3.6,,19.1,1.25,0.0
2025-09-21 03:00,18.1,0.4,,17.7,0.5,,17.3,0.6,,21.5,3.3,,18.65,1.2,0.0
2025-09-21 04:00,17.9,1.0,,17.6,0.9,,17.1,0.0,,20.7,1.8,,18.325,0.925,0.0
2025-09-21 05:00,17.9,0.3,,17.2,1.6,,17.2,0.0,,19.2,2.6,,17.875,1.125,0.0
2025-09-21 06:00,17.9,0.5,,17.2,1.0,,17.5,1.4,,18.6,2.2,,17.799999999999997,1.275,0.0
2025-09-21 07:00,17.9,0.1,0.13,17.2,1.0,0.04,17.5,0.3,,18.7,1.3,0.04,17.825,0.675,0.07
2025-09-21 08:00,18.8,0.9,0.45,19.1,0.1,0.38,19.1,1.8,,20.1,0.3,0.51,19.275000000000002,0.7749999999999999,0.4466666666666667
2025-09-21 09:00,20.4,1.2,0.97,21.3,1.8,1.3,20.7,2.2,,21.0,2.4,0.76,20.85,1.9,1.01
2025-09-21 10:00,22.8,1.0,2.2,22.2,2.4,1.91,22.1,1.6,,22.5,3.0,1.96,22.4,2.0,2.0233333333333334
2025-09-21 11:00,23.8,2.6,2.37,24.4,1.8,2.66,22.8,1.9,,23.2,3.7,2.53,23.55,2.5,2.52
2025-09-21 12:00,25.7,3.0,3.08,24.8,2.3,2.68,23.4,2.7,,24.2,3.4,2.29,24.525000000000002,2.85,2.6833333333333336
2025-09-21 13:00,26.5,2.2,3.19,26.5,2.4,3.07,24.5,1.9,,25.3,2.9,2.88,25.7,2.35,3.046666666666667
2025-09-21 14:00,26.9,1.8,2.97,27.0,1.6,2.76,25.1,2.8,,25.8,3.8,2.95,26.2,2.5,2.893333333333333
2025-09-21 15:00,27.5,1.7,2.56,26.8,2.0,2.12,26.3,3.2,,25.9,3.6,2.48,26.625,2.625,2.3866666666666667
2025-09-21 16:00,26.8,1.5,1.64,27.5,2.0,1.19,26.2,1.7,,25.6,4.0,2.18,26.525,2.3,1.67
2025-09-21 17:00,25.3,1.3,0.89,25.8,2.5,0.9,25.5,2.9,,24.8,3.4,0.75,25.349999999999998,2.525,0.8466666666666667
2025-09-21 18:00,24.4,1.5,0.39,25.2,2.4,0.32,24.5,0.8,,24.3,2.0,0.19,24.599999999999998,1.675,0.3
2025-09-21 19:00,23.7,0.9,0.08,23.1,2.0,0.03,22.7,0.3,,24.1,1.5,0.03,23.4,1.1749999999999998,0.04666666666666667
2025-09-21 20:00,22.8,0.8,,22.3,1.0,,22.5,2.0,,23.8,1.6,,22.849999999999998,1.35,0.0
2025-09-21 21:00,23.1,0.7,,21.4,0.8,,22.2,2.0,,23.0,2.0,,22.425,1.375,0.0
2025-09-21 22:00,23.1,1.0,,20.7,2.1,,22.3,2.2,,22.4,1.3,,22.125,1.6500000000000001,0.0
2025-09-21 23:00,22.0,0.9,,20.5,1.7,,21.7,2.4,,22.0,2.0,,21.55,1.75,0.0
2025-09-22 00:00,20.8,1.3,,19.9,2.0,,20.5,0.5,,21.5,1.8,,20.675,1.4,0.0
2025-09-22 01:00,20.3,1.3,,20.3,1.7,,20.1,1.3,,21.1,1.7,,20.450000000000003,1.5,0.0
2025-09-22 02:00,20.0,1.1,,19.6,1.8,,19.8,2.3,,21.3,1.6,,20.175,1.7000000000000002,0.0
2025-09-22 03:00,19.3,2.9,,19.7,1.5,,19.5,2.6,,20.9,2.1,,19.85,2.275,0.0
2025-09-22 04:00,19.3,3.9,,19.3,1.3,,19.1,2.1,,20.5,1.3,,19.55,2.1500000000000004,0.0
2025-09-22 05:00,18.9,2.0,,18.9,1.2,,19.1,2.8,,19.6,0.4,,19.125,1.6,0.0
2025-09-22 06:00,18.5,1.0,,18.2,1.3,,18.9,2.5,,19.5,0.8,,18.775,1.4,0.0
2025-09-22 07:00,18.5,2.1,0.11,18.6,1.2,0.04,18.6,1.3,,19.8,0.8,0.06,18.875,1.3499999999999999,0.06999999999999999
2025-09-22 08:00,19.9,1.5,0.78,20.0,1.3,0.41,19.0,1.9,,20.6,1.8,0.46,19.875,1.6249999999999998,0.5499999999999999
2025-09-22 09:00,21.7,2.6,1.37,23.4,2.4,1.27,21.0,1.7,,22.4,1.4,1.17,22.125,2.025,1.27
2025-09-22 10:00,23.8,2.7,2.08,24.7,2.8,1.81,22.4,0.5,,24.1,2.1,2.02,23.75,2.025,1.97
2025-09-22 11:00,25.7,2.3,2.76,25.4,1.4,1.91,23.2,2.1,,25.3,2.1,2.37,24.9,1.975,2.3466666666666667
2025-09-22 12:00,25.8,2.5,2.48,25.2,2.5,1.7,23.9,1.3,,26.5,3.8,2.85,25.35,2.525,2.3433333333333333
2025-09-22 13:00,26.8,2.2,2.4,26.0,2.3,1.84,23.4,2.4,,26.4,3.3,2.1,25.65,2.55,2.1133333333333333
2025-09-22 14:00,27.5,1.0,2.26,25.8,1.9,1.18,23.2,0.0,,26.9,2.5,2.18,25.85,1.35,1.873333333333333
2025-09-22 15:00,26.2,2.3,1.41,25.6,1.9,0.95,23.2,1.9,,26.7,4.0,2.43,25.425,2.525,1.5966666666666667
2025-09-22 16:00,25.7,2.5,1.3,25.2,1.4,0.76,23.4,2.0,,26.0,3.2,1.35,25.075,2.2750000000000004,1.1366666666666667
2025-09-22 17:00,24.8,0.8,0.8,24.4,2.2,0.51,23.1,1.5,,25.2,2.7,0.73,24.375000000000004,1.8,0.68
2025-09-22 18:00,24.2,1.8,0.28,23.4,2.3,0.24,22.4,1.7,,24.9,2.6,0.56,23.725,2.1,0.36000000000000004
2025-09-22 19:00,22.8,1.1,0.1,23.2,3.0,0.04,21.8,1.5,,23.9,1.9,0.06,22.924999999999997,1.875,0.06666666666666667
2025-09-22 20:00,22.4,1.6,,22.6,2.0,,21.5,1.3,,23.4,2.0,,22.475,1.725,0.0
2025-09-22 21:00,21.6,2.0,,22.0,1.7,,21.1,0.0,,22.8,2.1,,21.875,1.4500000000000002,0.0
2025-09-22 22:00,21.4,1.8,,21.6,1.1,,20.9,0.4,,22.7,2.3,,21.65,1.4,0.0
2025-09-22 23:00,21.2,1.3,,21.3,1.3,,20.5,0.1,,22.5,1.9,,21.375,1.15,0.0
2025-09-23 00:00,20.6,0.8,,20.7,1.8,,20.2,1.6,,22.0,1.9,,20.875,1.525,0.0
2025-09-23 01:00,19.8,2.4,,20.2,1.6,,19.7,2.0,,21.7,2.2,,20.35,2.05,0.0
2025-09-23 02:00,19.8,2.4,,19.8,1.1,,19.1,2.3,,21.5,1.9,,20.05,1.9249999999999998,0.0
2025-09-23 03:00,19.8,1.2,,19.5,1.1,,18.8,0.5,,21.5,2.0,,19.9,1.2,0.0
2025-09-23 04:00,19.5,2.3,,19.1,2.3,,19.1,3.0,,21.0,0.1,,19.675,1.9249999999999998,0.0
2025-09-23 05:00,19.7,2.3,,18.9,0.8,,18.9,1.8,,20.7,2.2,,19.549999999999997,1.775,0.0
2025-09-23 06:00,19.2,2.9,,18.5,1.1,,18.9,1.5,,20.6,0.4,,19.3,1.475,0.0
2025-09-23 07:00,19.3,1.8,0.1,18.8,1.2,0.06,18.9,2.2,,20.6,1.8,0.02,19.4,1.75,0.06
2025-09-23 08:00,19.9,2.3,0.39,19.4,1.3,0.23,19.2,2.3,,21.5,1.4,0.37,20.0,1.8249999999999997,0.33
2025-09-23 09:00,20.4,2.0,0.58,21.0,0.9,0.59,20.2,1.7,,22.9,2.2,1.15,21.125,1.7,0.7733333333333333
2025-09-23 10:00,21.8,2.3,1.08,23.8,2.1,1.59,22.3,1.4,,24.2,1.9,1.52,23.025000000000002,1.9250000000000003,1.3966666666666665
2025-09-23 11:00,23.3,1.1,1.78,25.0,1.2,1.94,23.1,1.2,,26.0,1.9,2.7,24.35,1.35,2.14
2025-09-23 12:00,25.3,1.4,2.61,27.1,1.8,2.54,23.8,0.3,,27.4,2.0,2.95,25.9,1.375,2.7000000000000006
2025-09-23 13:00,26.6,1.1,3.08,27.8,2.2,2.53,25.3,1.3,,27.9,2.9,3.03,26.9,1.875,2.8799999999999994
2025-09-23 14:00,27.7,0.8,2.91,28.5,1.3,2.61,26.6,2.3,,28.3,3.1,2.91,27.775000000000002,1.875,2.81
2025-09-23 15:00,28.2,1.4,2.52,28.8,2.1,2.31,26.9,1.7,,28.4,3.1,2.53,28.075000000000003,2.075,2.453333333333333
2025-09-23 16:00,27.9,2.8,1.97,29.7,1.3,1.67,27.4,1.9,,27.8,3.1,2.0,28.2,2.275,1.88
2025-09-23 17:00,27.3,3.0,1.29,28.5,2.0,1.27,27.3,0.2,,27.2,2.9,1.28,27.575,2.025,1.28
2025-09-23 18:00,25.6,2.5,0.52,26.7,2.1,0.53,25.6,0.9,,25.8,4.8,0.45,25.925,2.575,0.5
2025-09-23 19:00,24.6,1.2,0.08,24.7,1.9,0.03,23.9,0.8,,25.0,3.0,0.04,24.549999999999997,1.7249999999999999,0.049999999999999996
2025-09-23 20:00,23.9,0.5,,23.2,1.8,,23.1,1.5,,24.5,3.0,,23.674999999999997,1.7,0.0
2025-09-23 21:00,23.9,0.1,,22.7,1.7,,21.5,0.7,,24.3,5.0,,23.099999999999998,1.875,0.0
2025-09-23 22:00,23.2,0.3,,21.4,1.8,,20.7,0.0,,23.8,2.5,,22.275,1.15,0.0
2025-09-23 23:00,22.3,1.1,,20.9,1.6,,20.3,0.0,,23.5,2.9,,21.75,1.4,0.0
2025-09-24 00:00,21.8,0.5,,21.2,1.9,,21.5,2.0,,23.5,4.5,,22.0,2.225,0.0
2025-09-24 01:00,21.5,0.8,,21.6,1.6,,20.6,1.6,,23.5,3.6,,21.8,1.9,0.0
2025-09-24 02:00,21.5,0.7,,21.5,1.5,,20.1,3.0,,23.4,3.5,,21.625,2.175,0.0
2025-09-24 03:00,20.9,0.5,,21.7,2.5,,19.6,2.8,,23.2,4.2,,21.349999999999998,2.5,0.0
2025-09-24 04:00,21.0,0.6,,21.3,2.3,,19.5,1.7,,22.9,3.7,,21.174999999999997,2.075,0.0
2025-09-24 05:00,20.8,0.3,,21.1,1.6,,19.4,1.6,,22.6,3.3,,20.975,1.7,0.0
2025-09-24 06:00,20.4,0.7,,21.2,1.4,,19.3,2.7,,22.5,4.0,,20.849999999999998,2.2,0.0
2025-09-24 07:00,20.9,0.6,0.13,21.8,2.4,0.05,19.5,1.1,,22.7,2.7,0.04,21.225,1.7,0.07333333333333333
2025-09-24 08:00,22.3,0.8,0.54,24.4,2.0,0.49,21.5,0.7,,23.9,5.4,0.42,23.025,2.225,0.48333333333333334
2025-09-24 09:00,24.9,0.8,1.01,25.7,0.6,0.93,23.7,1.2,,25.6,5.4,0.92,24.975,2.0,0.9533333333333333
2025-09-24 10:00,26.0,3.5,1.41,26.2,2.2,0.91,24.2,3.4,,26.4,6.5,1.35,25.700000000000003,3.9,1.2233333333333334
2025-09-24 11:00,27.4,2.2,1.53,28.4,2.8,1.51,25.7,2.2,,27.2,5.4,1.3,27.175,3.1500000000000004,1.4466666666666665
2025-09-24 12:00,27.1,2.2,1.53,28.9,3.7,1.49,27.8,3.0,,28.3,3.2,1.65,28.025,3.0250000000000004,1.5566666666666666
2025-09-24 13:00,27.9,3.4,1.35,28.8,3.3,1.41,27.9,3.7,,28.5,4.3,1.36,28.275,3.675,1.3733333333333333
2025-09-24 14:00,28.3,1.7,1.23,27.9,3.0,0.68,28.0,3.2,,28.6,4.7,1.26,28.200000000000003,3.1500000000000004,1.0566666666666666
2025-09-24 15:00,28.1,3.5,0.99,27.9,2.1,0.52,28.1,5.0,,28.6,3.7,0.96,28.174999999999997,3.575,0.8233333333333333
2025-09-24 16:00,27.9,2.2,0.68,28.3,2.2,0.51,22.5,2.8,,28.8,3.3,0.68,26.875,2.625,0.6233333333333334
2025-09-24 17:00,27.9,2.4,0.55,23.1,2.2,0.14,22.5,2.4,,25.3,3.8,0.53,24.7,2.7,0.40666666666666673
2025-09-24 18:00,23.3,1.1,0.16,23.1,1.8,0.11,22.4,2.4,,24.0,5.8,0.15,23.200000000000003,2.7750000000000004,0.14
2025-09-24 19:00,23.6,1.1,0.09,23.2,0.6,0.03,22.3,2.6,,23.7,1.4,0.01,23.2,1.4250000000000003,0.043333333333333335
2025-09-24 20:00,24.2,0.4,,23.3,1.3,,22.3,1.7,,23.6,0.8,,23.35,1.05,0.0
2025-09-24 21:00,23.1,1.3,,23.0,1.5,,22.2,1.1,,23.5,1.1,,22.95,1.25,0.0
2025-09-24 22:00,23.0,1.0,,23.1,1.4,,22.3,1.5,,23.4,1.2,,22.950000000000003,1.275,0.0
2025-09-24 23:00,22.7,0.3,,23.0,1.1,,22.3,2.0,,23.6,1.9,,22.9,1.3250000000000002,0.0
2025-09-25 00:00,23.4,0.3,,22.6,1.7,,22.4,1.3,,23.3,1.4,,22.925,1.1749999999999998,0.0
2025-09-25 01:00,22.7,0.7,,22.9,1.0,,22.3,1.6,,23.5,0.7,,22.849999999999998,1.0,0.0
2025-09-25 02:00,22.6,0.2,,22.7,0.3,,22.4,1.2,,23.4,0.7,,22.775,0.6,0.0
2025-09-25 03:00,22.5,0.0,,22.7,1.1,,22.3,0.9,,23.4,1.3,,22.725,0.825,0.0
2025-09-25 04:00,22.8,1.0,,22.5,0.7,,22.4,0.0,,23.2,1.4,,22.724999999999998,0.7749999999999999,0.0
2025-09-25 05:00,22.5,0.8,,22.4,1.2,,22.3,2.1,,23.0,2.8,,22.55,1.7249999999999999,0.0
2025-09-25 06:00,22.3,1.7,,22.4,0.7,,22.2,1.7,,22.9,2.9,,22.450000000000003,1.75,0.0
2025-09-25 07:00,22.1,0.6,0.06,22.5,0.5,0.01,22.2,3.0,,22.6,3.0,0.01,22.35,1.775,0.02666666666666666
2025-09-25 08:00,22.2,1.6,0.14,22.5,1.9,0.1,22.4,0.0,,22.8,2.2,0.1,22.474999999999998,1.425,0.11333333333333334
2025-09-25 09:00,22.6,1.3,0.41,23.1,0.6,0.26,22.7,1.6,,23.2,0.3,0.19,22.900000000000002,0.95,0.2866666666666666
2025-09-25 10:00,22.8,0.5,0.31,23.5,2.1,0.49,23.0,2.0,,23.2,2.7,0.2,23.125,1.825,0.3333333333333333
2025-09-25 11:00,22.9,1.4,0.43,23.3,1.4,0.51,22.9,2.1,,23.3,2.0,0.28,23.099999999999998,1.725,0.4066666666666667
2025-09-25 12:00,23.1,0.4,0.57,23.3,1.9,0.5,22.9,2.7,,23.3,0.4,0.17,23.150000000000002,1.35,0.4133333333333333
2025-09-25 13:00,22.9,0.9,0.43,24.5,0.8,0.99,23.4,2.0,,23.4,2.8,0.36,23.549999999999997,1.625,0.5933333333333333
2025-09-25 14:00,23.3,0.9,0.6,24.2,1.2,0.5,23.7,1.9,,24.3,2.3,0.91,23.875,1.575,0.67
2025-09-25 15:00,23.6,0.9,0.61,24.1,1.8,0.63,24.6,2.0,,24.7,1.8,0.82,24.250000000000004,1.625,0.6866666666666666
2025-09-25 16:00,23.0,0.1,0.52,25.5,0.9,1.1,25.8,0.0,,25.2,2.3,0.95,24.875,0.825,0.8566666666666668
2025-09-25 17:00,23.0,0.8,0.36,25.6,0.9,0.72,24.9,0.0,,25.2,1.2,0.64,24.675,0.7250000000000001,0.5733333333333334
2025-09-25 18:00,22.7,0.2,0.25,25.1,1.3,0.28,24.0,2.1,,24.7,1.5,0.18,24.125,1.275,0.23666666666666666
2025-09-25 19:00,22.9,1.8,0.08,24.2,1.0,0.02,23.2,0.6,,24.7,1.4,0.03,23.75,1.2,0.043333333333333335
2025-09-25 20:00,22.5,0.3,,24.1,1.4,,22.5,0.0,,24.2,2.7,,23.325,1.1,0.0
2025-09-25 21:00,22.4,0.5,,23.7,2.0,,22.4,0.1,,24.1,0.0,,23.15,0.65,0.0
2025-09-25 22:00,22.1,0.7,,23.3,2.2,,22.2,1.5,,23.8,0.9,,22.85,1.3250000000000002,0.0
2025-09-25 23:00,21.9,0.1,,23.1,1.7,,22.1,0.0,,23.8,0.3,,22.724999999999998,0.525,0.0
2025-09-26 00:00,22.3,0.7,,22.8,0.9,,21.7,0.0,,23.6,1.3,,22.6,0.7250000000000001,0.0
2025-09-26 01:00,22.1,1.0,,22.6,1.6,,21.2,1.1,,23.6,0.0,,22.375,0.925,0.0
2025-09-26 02:00,22.1,0.0,,22.3,1.9,,20.9,1.3,,23.5,2.0,,22.200000000000003,1.3,0.0
2025-09-26 03:00,22.2,0.7,,21.9,1.6,,20.7,0.0,,23.3,1.2,,22.025,0.875,0.0
2025-09-26 04:00,22.0,0.0,,21.2,1.5,,20.3,1.4,,23.1,2.5,,21.65,1.35,0.0
2025-09-26 05:00,22.0,0.0,,20.7,1.0,,19.6,0.7,,22.8,1.2,,21.275000000000002,0.725,0.0
2025-09-26 06:00,22.1,0.1,,20.6,1.2,,19.0,2.1,,22.9,0.2,,21.15,0.9000000000000001,0.0
2025-09-26 07:00,22.1,0.0,0.11,20.9,1.3,0.03,19.1,1.6,,22.9,0.0,0.03,21.25,0.7250000000000001,0.05666666666666667
2025-09-26 08:00,22.8,0.4,0.47,21.0,2.0,0.34,19.2,0.9,,23.4,1.0,0.37,21.6,1.075,0.39333333333333337
2025-09-26 09:00,24.1,1.4,1.1,22.5,1.8,0.9,20.8,0.7,,24.0,2.2,0.67,22.85,1.5250000000000001,0.89
2025-09-26 10:00,25.1,1.8,1.61,23.8,1.8,1.77,21.5,0.9,,25.2,2.5,1.56,23.900000000000002,1.75,1.6466666666666665
2025-09-26 11:00,26.0,1.2,1.92,25.1,1.5,2.3,22.3,1.7,,26.0,3.0,2.23,24.85,1.85,2.15
2025-09-26 12:00,26.4,1.7,1.71,26.3,1.7,2.62,23.7,1.4,,25.9,2.6,1.48,25.575000000000003,1.85,1.9366666666666668
2025-09-26 13:00,27.4,0.8,2.21,27.6,2.6,2.71,24.6,2.4,,25.8,3.1,0.9,26.349999999999998,2.225,1.9400000000000002
2025-09-26 14:00,28.4,1.0,2.14,27.2,2.0,2.4,25.9,0.7,,25.6,3.7,0.94,26.775,1.85,1.8266666666666669
2025-09-26 15:00,28.7,0.9,2.51,27.8,1.4,2.16,26.1,0.0,,25.7,2.7,0.9,27.075,1.25,1.8566666666666667
2025-09-26 16:00,28.6,0.6,1.39,27.9,2.8,1.88,26.0,2.8,,25.5,3.2,0.71,27.0,2.3499999999999996,1.3266666666666664
2025-09-26 17:00,27.3,0.8,0.8,26.4,2.8,1.17,24.5,2.9,,24.8,3.5,0.62,25.75,2.5,0.8633333333333333
2025-09-26 18:00,25.3,0.6,0.22,24.2,2.8,0.33,23.3,1.9,,23.8,3.7,0.22,24.15,2.25,0.25666666666666665
2025-09-26 19:00,24.5,0.4,0.07,23.3,2.0,0.01,22.4,0.4,,23.3,3.9,0.01,23.374999999999996,1.6749999999999998,0.03
2025-09-26 20:00,23.5,0.5,,22.6,1.5,,21.5,0.0,,23.1,2.9,,22.674999999999997,1.225,0.0
2025-09-26 21:00,23.1,0.7,,21.9,1.2,,20.9,0.0,,22.7,1.0,,22.150000000000002,0.725,0.0
2025-09-26 22:00,22.4,1.8,,22.2,1.3,,20.5,0.0,,22.4,0.7,,21.875,0.95,0.0
2025-09-26 23:00,22.5,1.5,,21.2,0.2,,20.6,0.6,,22.1,1.6,,21.6,0.975,0.0
2025-09-27 00:00,22.1,1.4,,21.3,0.7,,20.5,1.1,,21.9,2.9,,21.450000000000003,1.525,0.0
2025-09-27 01:00,21.8,0.9,,20.9,2.4,,20.5,0.3,,21.7,0.4,,21.225,0.9999999999999999,0.0
2025-09-27 02:00,21.4,0.6,,20.9,0.9,,19.9,2.7,,21.6,0.6,,20.95,1.2,0.0
2025-09-27 03:00,21.4,0.1,,20.3,1.1,,19.7,1.3,,21.7,0.0,,20.775000000000002,0.625,0.0
2025-09-27 04:00,21.6,0.2,,20.5,0.8,,19.6,0.0,,21.6,1.3,,20.825000000000003,0.575,0.0
2025-09-27 05:00,21.0,0.9,,20.5,1.6,,19.5,0.1,,21.4,2.9,,20.6,1.375,0.0
2025-09-27 06:00,21.7,0.2,,19.9,1.3,,18.9,0.0,,21.0,3.4,,20.375,1.225,0.0
2025-09-27 07:00,21.2,1.3,0.09,20.1,1.3,0.04,18.8,0.7,,20.8,1.9,0.02,20.224999999999998,1.2999999999999998,0.049999999999999996
2025-09-27 08:00,22.1,0.4,0.51,22.1,0.7,0.48,20.2,0.0,,21.5,1.1,0.1,21.475,0.55,0.36333333333333334
2025-09-27 09:00,23.0,0.8,0.65,24.5,0.6,0.98,22.0,1.6,,22.6,1.4,0.47,23.025,1.1,0.6999999999999998
2025-09-27 10:00,24.6,0.4,1.42,25.7,1.3,1.91,24.6,0.3,,24.0,0.7,1.03,24.725,0.675,1.4533333333333334
2025-09-27 11:00,25.8,0.6,1.4,28.1,1.4,2.48,25.4,0.0,,23.8,2.4,0.52,25.775000000000002,1.1,1.4666666666666668
2025-09-27 12:00,27.1,0.7,2.3,28.2,1.9,2.36,26.8,1.8,,24.3,3.9,0.7,26.599999999999998,2.0749999999999997,1.7866666666666668
2025-09-27 13:00,26.8,2.6,1.8,28.2,1.2,2.2,28.0,0.0,,24.7,3.5,1.24,26.925,1.825,1.7466666666666668
2025-09-27 14:00,27.2,2.7,1.67,28.8,1.6,1.47,28.7,0.0,,24.8,3.4,0.98,27.375,1.9250000000000003,1.373333333333333
2025-09-27 15:00,26.5,2.9,1.49,29.0,1.1,1.35,27.6,0.8,,25.2,2.2,0.97,27.075,1.75,1.2699999999999998
2025-09-27 16:00,26.2,1.9,0.63,28.3,1.7,1.42,24.8,2.5,,25.2,3.0,0.8,26.125,2.275,0.9499999999999998
2025-09-27 17:00,26.2,1.9,0.49,26.7,2.8,0.27,24.3,2.5,,25.2,1.6,0.62,25.6,2.1999999999999997,0.45999999999999996
2025-09-27 18:00,25.5,1.8,0.24,25.2,2.4,0.09,23.8,2.5,,24.8,1.2,0.15,24.825,1.975,0.16
2025-09-27 19:00,24.9,0.8,0.06,24.2,2.2,0.01,23.2,2.0,,24.4,0.5,0.01,24.174999999999997,1.375,0.02666666666666666
2025-09-27 20:00,24.6,1.4,,23.7,1.3,,23.1,0.6,,23.7,1.1,,23.775000000000002,1.1,0.0
2025-09-27 21:00,24.2,1.3,,23.2,1.6,,23.2,2.2,,23.5,0.5,,23.525,1.4000000000000001,0.0
2025-09-27 22:00,24.2,1.0,,23.0,1.8,,22.1,2.1,,23.4,1.1,,23.175000000000004,1.5,0.0
2025-09-27 23:00,23.7,1.5,,22.6,1.5,,22.1,0.0,,23.4,0.2,,22.950000000000003,0.8,0.0
2025-09-28 00:00,23.6,1.1,,22.6,0.8,,22.1,0.0,,23.1,1.9,,22.85,0.95,0.0
2025-09-28 01:00,23.2,0.9,,22.5,1.4,,22.1,0.0,,23.0,1.2,,22.700000000000003,0.875,0.0
2025-09-28 02:00,23.0,0.2,,22.5,1.6,,21.8,0.0,,22.8,0.9,,22.525,0.675,0.0
2025-09-28 03:00,23.0,0.7,,22.4,1.0,,21.7,0.0,,22.8,1.9,,22.474999999999998,0.8999999999999999,0.0
2025-09-28 04:00,22.8,0.7,,22.6,1.0,,21.7,0.0,,22.7,0.7,,22.450000000000003,0.6,0.0
2025-09-28 05:00,23.0,1.1,,22.3,1.7,,21.7,0.0,,22.9,2.4,,22.475,1.2999999999999998,0.0
2025-09-28 06:00,22.9,0.6,,22.1,1.5,,21.6,0.5,,22.2,4.2,,22.2,1.7000000000000002,0.0
2025-09-28 07:00,21.9,1.3,0.07,22.6,1.4,0.01,21.7,0.5,,21.9,3.1,0.0,22.025,1.5750000000000002,0.02666666666666667
2025-09-28 08:00,20.9,2.2,0.1,23.0,2.0,0.14,21.7,1.8,,21.7,3.7,0.12,21.825,2.425,0.12
2025-09-28 09:00,20.9,1.6,0.19,22.7,2.6,0.23,21.3,0.9,,22.3,4.4,0.43,21.799999999999997,2.375,0.2833333333333334
2025-09-28 10:00,21.1,2.2,0.31,21.8,2.2,0.23,21.3,4.1,,23.3,3.7,0.55,21.875,3.05,0.36333333333333334
2025-09-28 11:00,21.7,1.9,0.34,22.3,4.5,0.33,21.6,3.9,,24.9,3.6,1.22,22.625,3.475,0.63
2025-09-28 12:00,22.7,1.5,0.66,21.9,2.6,0.29,21.9,3.9,,25.4,4.5,1.8,22.975,3.125,0.9166666666666666
2025-09-28 13:00,23.1,1.9,0.45,22.9,4.1,0.5,21.9,2.6,,25.4,3.4,1.43,23.325000000000003,3.0,0.7933333333333333
2025-09-28 14:00,22.2,2.8,0.4,22.0,3.4,0.26,21.3,3.5,,25.1,3.4,0.62,22.65,3.275,0.4266666666666667
2025-09-28 15:00,22.4,1.6,0.38,21.7,2.8,0.31,21.5,4.4,,24.2,3.8,0.58,22.45,3.1500000000000004,0.42333333333333334
2025-09-28 16:00,22.4,1.4,0.67,21.2,4.0,0.32,21.7,4.5,,24.3,3.1,0.45,22.4,3.25,0.48
2025-09-28 17:00,22.8,0.6,0.33,21.2,3.3,0.28,21.5,3.1,,24.0,3.4,0.41,22.375,2.6,0.34
2025-09-28 18:00,22.1,1.9,0.15,21.2,3.4,0.14,21.0,5.4,,22.8,5.6,0.17,21.775,4.074999999999999,0.15333333333333335
2025-09-28 19:00,21.4,0.6,0.07,21.1,3.2,0.02,20.2,4.3,,21.8,5.7,0.04,21.125,3.45,0.043333333333333335
2025-09-28 20:00,20.9,0.6,,20.3,3.4,,19.5,2.6,,21.9,5.8,,20.65,3.0999999999999996,0.0
2025-09-28 21:00,20.9,1.4,,20.0,3.1,,18.7,0.0,,21.8,5.2,,20.349999999999998,2.425,0.0
2025-09-28 22:00,20.7,0.8,,19.3,1.9,,18.9,0.7,,21.5,3.6,,20.1,1.75,0.0
2025-09-28 23:00,20.0,0.2,,19.2,1.5,,19.0,0.0,,21.1,1.1,,19.825000000000003,0.7,0.0
2025-09-29 00:00,19.2,0.4,,19.1,0.3,,19.0,0.5,,20.8,2.8,,19.525,1.0,0.0
2025-09-29 01:00,19.2,0.4,,19.2,0.2,,18.7,0.0,,20.0,1.6,,19.275,0.55,0.0
2025-09-29 02:00,18.9,0.6,,19.3,1.1,,18.7,0.0,,20.1,1.0,,19.25,0.675,0.0
2025-09-29 03:00,18.8,0.1,,19.1,0.8,,18.9,0.0,,20.2,0.4,,19.25,0.325,0.0
2025-09-29 04:00,19.0,0.3,,19.0,1.2,,18.8,0.0,,20.1,1.6,,19.225,0.775,0.0
2025-09-29 05:00,18.6,0.2,,18.8,1.0,,18.9,0.0,,20.2,1.0,,19.125,0.55,0.0
2025-09-29 06:00,18.8,0.3,,18.8,1.1,,18.7,0.0,,20.2,1.0,,19.125,0.6000000000000001,0.0
2025-09-29 07:00,19.1,0.6,0.09,18.9,0.8,0.03,18.3,0.0,,20.4,1.6,0.01,19.174999999999997,0.75,0.043333333333333335
2025-09-29 08:00,19.6,0.0,0.32,19.3,0.2,0.21,20.3,1.0,,21.1,1.4,0.27,20.075000000000003,0.6499999999999999,0.26666666666666666
2025-09-29 09:00,20.4,0.3,0.57,20.5,0.6,0.56,20.7,1.2,,21.8,2.7,0.84,20.849999999999998,1.2,0.6566666666666666
2025-09-29 10:00,21.6,0.6,1.0,21.9,2.1,1.22,21.7,1.6,,22.8,4.1,1.23,22.0,2.1,1.15
2025-09-29 11:00,23.1,0.7,1.6,22.6,1.9,1.94,22.6,2.3,,23.3,4.6,1.72,22.900000000000002,2.375,1.7533333333333332
2025-09-29 12:00,23.7,1.4,2.07,23.6,2.0,2.34,23.3,2.7,,24.0,5.2,2.39,23.65,2.825,2.266666666666667
2025-09-29 13:00,24.5,1.1,2.64,23.9,2.3,2.6,23.5,2.6,,24.3,5.0,2.6,24.05,2.75,2.6133333333333333
2025-09-29 14:00,25.2,1.1,2.36,23.8,2.1,1.55,23.7,2.6,,24.0,5.8,1.9,24.175,2.9000000000000004,1.9366666666666668
2025-09-29 15:00,24.8,1.2,1.56,23.7,1.7,1.35,23.1,4.5,,23.3,5.3,1.29,23.724999999999998,3.175,1.4000000000000001
2025-09-29 16:00,23.9,1.9,1.76,24.8,1.8,1.47,23.3,4.4,,23.3,5.1,1.15,23.825,3.3000000000000003,1.46
2025-09-29 17:00,23.6,1.1,0.78,24.0,3.1,1.15,22.7,3.4,,22.6,5.1,0.66,23.225,3.175,0.8633333333333333
2025-09-29 18:00,22.1,0.8,0.44,22.4,3.0,0.43,21.5,3.0,,21.9,5.7,0.36,21.975,3.125,0.41
2025-09-29 19:00,21.3,0.9,0.06,21.2,2.6,0.01,19.9,0.0,,21.1,3.2,0.01,20.875,1.675,0.02666666666666666
2025-09-29 20:00,20.7,0.9,,20.4,2.1,,19.0,0.0,,20.8,2.5,,20.224999999999998,1.375,0.0
2025-09-29 21:00,19.4,0.8,,19.7,1.1,,18.0,0.0,,20.3,0.7,,19.349999999999998,0.65,0.0
2025-09-29 22:00,18.8,0.6,,19.1,1.3,,17.4,0.0,,20.0,1.2,,18.825000000000003,0.7749999999999999,0.0
2025-09-29 23:00,18.2,0.2,,18.1,2.0,,16.7,0.0,,19.7,0.0,,18.175,0.55,0.0
2025-09-30 00:00,17.7,0.4,,17.5,1.1,,16.9,0.0,,19.7,0.8,,17.95,0.575,0.0
2025-09-30 01:00,17.2,0.3,,16.9,1.8,,16.2,0.0,,18.8,1.7,,17.275,0.95,0.0
2025-09-30 02:00,16.9,0.5,,16.5,1.7,,15.6,0.0,,18.6,2.5,,16.9,1.175,0.0
2025-09-30 03:00,16.5,0.4,,16.2,1.7,,15.5,0.0,,18.4,1.4,,16.65,0.875,0.0
2025-09-30 04:00,16.3,0.4,,16.1,1.9,,15.4,0.0,,18.3,1.0,,16.525000000000002,0.825,0.0
2025-09-30 05:00,16.4,0.3,,16.1,1.3,,15.5,0.0,,18.1,2.2,,16.525,0.9500000000000001,0.0
2025-09-30 06:00,16.5,0.2,,16.1,1.6,,15.6,0.0,,17.8,2.5,,16.5,1.075,0.0
2025-09-30 07:00,16.4,0.1,0.1,16.4,2.1,0.02,15.7,0.0,,17.4,0.9,0.02,16.475,0.775,0.04666666666666667
2025-09-30 08:00,17.4,0.0,0.39,18.2,1.3,0.41,17.1,0.0,,18.1,1.6,0.28,17.7,0.7250000000000001,0.36000000000000004
2025-09-30 09:00,18.8,0.3,0.99,19.7,0.8,0.69,19.2,0.0,,19.5,1.7,0.78,19.3,0.7,0.82
2025-09-30 10:00,20.3,0.9,1.61,22.3,1.2,1.46,20.5,0.6,,21.0,1.7,1.28,21.025,1.1,1.4500000000000002
2025-09-30 11:00,21.6,0.7,1.47,22.6,1.1,1.58,22.4,0.3,,22.7,1.0,1.55,22.325,0.775,1.5333333333333332
2025-09-30 12:00,22.4,0.8,1.89,23.8,0.9,2.01,24.1,0.0,,23.1,1.6,1.9,23.35,0.8250000000000001,1.933333333333333
2025-09-30 13:00,22.7,0.7,2.11,25.0,3.0,2.38,23.8,1.8,,23.2,2.7,2.04,23.675,2.05,2.1766666666666667
2025-09-30 14:00,24.5,1.2,2.25,24.5,3.8,2.47,23.4,1.7,,24.0,3.3,2.05,24.1,2.5,2.256666666666667
2025-09-30 15:00,24.5,1.2,1.97,25.4,2.1,2.11,24.5,2.1,,24.4,3.5,2.07,24.700000000000003,2.225,2.0500000000000003
2025-09-30 16:00,23.9,0.8,1.54,25.9,1.9,1.79,23.4,2.8,,24.4,3.6,1.96,24.4,2.275,1.7633333333333334
2025-09-30 17:00,24.0,0.8,0.71,23.8,2.2,0.95,23.1,2.1,,24.3,2.7,1.25,23.8,1.95,0.9700000000000001
2025-09-30 18:00,23.1,0.9,0.38,23.1,2.2,0.22,22.5,1.5,,22.9,3.3,0.5,22.9,1.9749999999999999,0.3666666666666667
2025-09-30 19:00,21.8,0.9,0.07,21.8,2.2,0.01,20.9,1.0,,21.9,2.9,0.01,21.6,1.75,0.03
2025-09-30 20:00,20.9,0.6,,21.0,2.3,,19.7,0.0,,21.4,2.5,,20.75,1.35,0.0
2025-09-30 21:00,20.6,0.4,,20.8,1.2,,18.6,0.2,,21.0,2.3,,20.25,1.025,0.0
2025-09-30 22:00,20.1,0.3,,20.1,0.9,,17.9,0.3,,20.8,1.4,,19.725,0.725,0.0
2025-09-30 23:00,19.7,0.1,,18.5,2.0,,17.5,0.1,,20.4,1.1,,19.025,0.8250000000000001,0.0
2025-10-01 01:00,17.9,0.3,,17.4,1.1,,16.8,0.3,,19.6,0.9,,17.924999999999997,0.65,0.0
2025-10-01 02:00,17.9,0.5,,17.1,1.3,,16.4,0.0,,19.2,1.2,,17.65,0.75,0.0
2025-10-01 03:00,17.7,0.6,,16.5,1.5,,15.9,0.1,,18.9,1.1,,17.25,0.8250000000000001,0.0
2025-10-01 04:00,16.7,0.1,,16.2,1.6,,15.7,0.7,,18.8,0.5,,16.849999999999998,0.7250000000000001,0.0
2025-10-01 05:00,16.4,0.1,,15.8,1.8,,15.9,0.8,,18.6,0.9,,16.675,0.9,0.0
2025-10-01 06:00,16.4,0.5,,15.6,1.4,,15.1,1.1,,18.2,0.9,,16.325,0.975,0.0
2025-10-01 07:00,16.0,0.2,0.1,15.6,1.6,0.03,15.1,0.6,,17.7,1.8,0.03,16.1,1.05,0.05333333333333334
2025-10-01 08:00,16.9,0.4,0.57,18.3,1.0,0.46,16.6,0.5,,18.9,1.2,0.48,17.675,0.7749999999999999,0.5033333333333333
2025-10-01 09:00,18.8,0.9,1.35,20.3,0.9,1.14,18.4,1.4,,20.5,0.5,1.25,19.5,0.925,1.2466666666666668
2025-10-01 10:00,20.2,0.6,1.98,22.4,0.4,1.7,19.5,2.2,,21.6,2.7,1.95,20.924999999999997,1.475,1.8766666666666667
2025-10-01 11:00,22.7,0.8,2.56,23.8,1.8,2.26,21.9,2.3,,22.7,3.4,2.51,22.775000000000002,2.075,2.4433333333333334
2025-10-01 12:00,24.2,1.5,2.87,25.4,1.1,2.57,23.5,2.3,,23.4,3.4,2.83,24.125,2.075,2.7566666666666664
2025-10-01 13:00,25.9,0.8,2.97,25.7,1.5,2.73,24.5,2.8,,24.7,3.1,2.93,25.2,2.05,2.876666666666667
2025-10-01 14:00,26.3,1.6,2.79,26.3,2.5,2.5,25.6,1.9,,25.5,4.5,2.79,25.925,2.625,2.6933333333333334
2025-10-01 15:00,26.4,1.0,2.31,26.7,2.4,2.18,24.8,4.4,,25.6,2.9,2.22,25.875,2.6750000000000003,2.236666666666667
2025-10-01 16:00,26.8,1.2,1.7,26.5,2.3,1.71,24.2,3.4,,25.7,3.5,1.85,25.8,2.6,1.7533333333333332
2025-10-01 17:00,25.8,1.7,1.11,25.8,1.5,0.89,23.9,1.7,,24.6,4.3,1.17,25.025,2.3,1.0566666666666666
2025-10-01 18:00,23.8,1.1,0.39,23.4,2.1,0.34,22.2,2.3,,23.4,3.3,0.43,23.200000000000003,2.2,0.38666666666666666
2025-10-01 19:00,22.8,0.5,0.06,22.0,2.6,0.01,21.0,2.7,,22.3,2.2,0.01,22.025,2.0,0.02666666666666666
2025-10-01 20:00,21.2,1.2,,20.8,2.0,,19.9,0.5,,21.2,3.1,,20.775,1.7000000000000002,0.0
2025-10-01 21:00,20.3,0.8,,20.4,1.7,,19.4,1.9,,21.6,3.7,,20.425,2.0250000000000004,0.0
2025-10-01 22:00,20.5,0.5,,19.8,1.0,,18.9,1.7,,20.6,3.0,,19.95,1.55,0.0
2025-10-01 23:00,20.5,0.1,,19.3,1.3,,18.5,2.2,,20.4,0.1,,19.674999999999997,0.9250000000000002,0.0
2025-10-02 00:00,19.7,0.5,,18.9,1.6,,18.4,2.1,,20.3,1.3,,19.325,1.375,0.0
2025-10-02 01:00,19.9,0.5,,18.6,1.3,,18.2,0.1,,20.4,0.1,,19.275,0.5,0.0
2025-10-02 02:00,19.3,0.8,,18.3,2.0,,17.8,1.1,,20.4,0.0,,18.950000000000003,0.975,0.0
2025-10-02 03:00,18.9,0.4,,18.1,1.4,,17.6,0.6,,19.8,0.6,,18.6,0.75,0.0
2025-10-02 04:00,18.5,0.1,,18.2,0.8,,17.7,0.3,,19.6,1.3,,18.5,0.625,0.0
2025-10-02 05:00,18.4,0.9,,18.1,1.6,,17.6,0.6,,19.4,0.8,,18.375,0.9750000000000001,0.0
2025-10-02 06:00,18.4,0.1,,18.1,1.3,,17.5,0.9,,19.5,0.2,,18.375,0.6250000000000001,0.0
2025-10-02 07:00,18.7,0.4,0.08,18.1,1.2,0.01,17.6,1.3,,19.4,2.7,0.01,18.45,1.4000000000000001,0.03333333333333333
2025-10-02 08:00,19.2,0.6,0.24,18.4,0.5,0.14,17.8,0.6,,19.7,0.6,0.16,18.775,0.5750000000000001,0.18000000000000002
2025-10-02 09:00,19.9,0.2,0.5,18.5,1.0,0.1,18.6,1.5,,20.5,1.0,0.34,19.375,0.925,0.3133333333333333
2025-10-02 10:00,20.6,0.9,0.96,20.4,1.5,0.58,20.1,1.0,,22.3,2.2,1.08,20.85,1.4,0.8733333333333334
2025-10-02 11:00,21.8,0.7,0.9,22.1,1.0,1.16,20.5,1.5,,22.3,2.4,0.83,21.675,1.4,0.9633333333333334
2025-10-02 12:00,23.4,1.4,1.47,23.4,0.7,1.17,22.1,1.4,,22.9,0.5,0.61,22.950000000000003,0.9999999999999999,1.0833333333333333
2025-10-02 13:00,23.0,0.7,1.06,24.4,0.7,1.68,24.0,0.9,,23.6,1.8,1.22,23.75,1.025,1.32
2025-10-02 14:00,23.3,1.5,0.93,24.5,0.9,1.46,24.5,2.2,,23.4,1.0,0.6,23.924999999999997,1.4,0.9966666666666667
2025-10-02 15:00,21.9,1.3,0.61,24.3,0.6,0.81,24.0,0.8,,23.1,1.5,0.41,23.325000000000003,1.05,0.61
2025-10-02 16:00,21.9,1.3,0.54,23.7,1.4,0.5,23.6,1.5,,22.7,3.1,0.38,22.974999999999998,1.8250000000000002,0.47333333333333333
2025-10-02 17:00,21.5,1.1,0.21,23.4,0.3,0.27,23.5,0.3,,21.3,3.6,0.06,22.425,1.3250000000000002,0.18000000000000002
2025-10-02 18:00,20.7,0.6,0.1,22.8,1.0,0.1,22.2,1.5,,20.8,2.1,0.03,21.625,1.3,0.07666666666666667
2025-10-02 19:00,20.5,0.7,0.06,22.1,1.3,0.0,21.4,0.7,,20.4,2.2,0.0,21.1,1.225,0.02
2025-10-02 20:00,20.0,1.5,,21.8,0.9,,20.6,0.9,,20.1,1.7,,20.625,1.25,0.0
2025-10-02 21:00,19.5,1.4,,21.2,0.7,,20.5,1.3,,19.2,3.1,,20.1,1.625,0.0
2025-10-02 22:00,19.6,1.4,,20.9,0.2,,20.1,0.1,,17.9,4.0,,19.625,1.425,0.0
2025-10-02 23:00,18.7,0.8,,20.3,1.7,,19.7,2.2,,17.5,3.2,,19.05,1.975,0.0
2025-10-03 00:00,19.1,0.8,,19.6,1.4,,19.6,1.7,,17.2,2.5,,18.875,1.6,0.0
2025-10-03 01:00,17.8,0.7,,19.0,1.0,,19.4,0.7,,17.2,3.2,,18.349999999999998,1.4,0.0
2025-10-03 02:00,17.4,1.3,,18.9,0.6,,19.1,0.2,,17.2,3.1,,18.15,1.3,0.0
2025-10-03 03:00,17.0,0.9,,18.3,1.9,,18.8,1.7,,16.8,4.0,,17.724999999999998,2.125,0.0
2025-10-03 04:00,17.0,2.0,,18.3,0.3,,18.9,2.6,,17.0,4.4,,17.799999999999997,2.325,0.0
2025-10-03 05:00,17.1,2.8,,18.1,1.1,,18.4,1.9,,17.2,4.5,,17.7,2.575,0.0
2025-10-03 06:00,17.0,1.1,,17.8,1.7,,18.0,1.9,,17.1,4.0,,17.475,2.175,0.0
2025-10-03 07:00,17.2,1.0,0.07,17.8,0.9,0.0,17.9,2.1,,16.9,4.8,0.0,17.45,2.2,0.023333333333333334
2025-10-03 08:00,17.4,1.4,0.1,18.1,1.3,0.08,18.3,1.9,,17.1,3.6,0.04,17.725,2.05,0.07333333333333333
2025-10-03 09:00,17.5,1.0,0.17,18.8,0.9,0.23,18.4,3.2,,17.8,3.0,0.12,18.125,2.025,0.17333333333333334
2025-10-03 10:00,18.5,0.6,0.25,18.6,1.5,0.33,18.1,3.6,,18.5,6.3,0.32,18.425,3.0,0.30000000000000004
2025-10-03 11:00,18.6,0.7,0.34,18.7,1.3,0.39,18.4,3.1,,19.3,6.7,0.47,18.75,2.95,0.39999999999999997
2025-10-03 12:00,18.7,1.7,0.37,19.9,1.9,0.55,18.8,2.3,,19.7,5.9,0.49,19.275,2.95,0.47000000000000003
2025-10-03 13:00,19.0,0.6,0.35,19.9,2.1,0.53,18.9,2.4,,19.3,7.0,0.29,19.275,3.025,0.38999999999999996
2025-10-03 14:00,18.7,1.3,0.36,20.3,0.8,0.35,18.9,3.4,,19.1,4.9,0.23,19.25,2.6,0.3133333333333333
2025-10-03 15:00,18.5,0.9,0.33,20.6,1.8,0.33,19.2,3.0,,19.2,6.1,0.17,19.375,2.95,0.27666666666666667
2025-10-03 16:00,18.5,0.8,0.18,20.1,1.0,0.24,18.6,2.9,,19.2,4.5,0.08,19.1,2.3,0.16666666666666666
2025-10-03 17:00,18.6,1.1,0.18,19.3,1.6,0.13,18.4,2.9,,19.3,5.3,0.08,18.900000000000002,2.7249999999999996,0.13
2025-10-03 18:00,18.7,0.9,0.1,19.2,0.6,0.04,18.2,2.9,,19.5,5.0,0.05,18.9,2.35,0.06333333333333334
2025-10-03 19:00,18.8,0.9,0.07,19.0,1.5,0.0,18.2,1.7,,19.5,4.2,0.0,18.875,2.075,0.023333333333333334
2025-10-03 20:00,18.9,0.1,,19.0,0.8,,18.3,1.6,,19.6,4.3,,18.950000000000003,1.7,0.0
2025-10-03 21:00,18.8,1.0,,18.9,1.5,,18.5,2.6,,19.7,3.6,,18.975,2.175,0.0
2025-10-03 22:00,18.8,1.2,,19.1,1.6,,18.6,1.2,,19.8,2.4,,19.075000000000003,1.6,0.0
2025-10-03 23:00,18.9,1.4,,19.4,1.5,,18.6,1.9,,19.6,1.6,,19.125,1.6,0.0
2025-10-04 00:00,19.0,0.1,,19.6,1.4,,18.7,1.2,,19.8,2.0,,19.275,1.175,0.0
2025-10-04 01:00,19.0,0.2,,19.7,0.7,,18.8,1.4,,19.7,2.4,,19.3,1.1749999999999998,0.0
2025-10-04 02:00,19.1,0.1,,19.8,0.5,,18.7,1.9,,20.0,2.9,,19.400000000000002,1.35,0.0
2025-10-04 03:00,19.1,0.2,,19.6,0.6,,18.9,1.0,,20.2,3.8,,19.45,1.4,0.0
2025-10-04 04:00,19.3,0.3,,19.6,0.8,,19.0,0.4,,20.5,3.3,,19.6,1.2,0.0
2025-10-04 05:00,19.4,0.1,,19.6,0.8,,19.1,1.0,,20.6,3.7,,19.675,1.4,0.0
2025-10-04 06:00,19.5,0.0,,19.8,0.9,,19.0,1.8,,20.8,3.2,,19.775,1.475,0.0
2025-10-04 07:00,19.6,0.0,0.08,19.9,0.5,0.0,19.1,2.1,,21.0,3.0,0.01,19.9,1.4,0.03
2025-10-04 08:00,20.0,0.0,0.18,20.2,0.7,0.09,19.3,1.5,,21.4,2.3,0.17,20.225,1.125,0.1466666666666667
2025-10-04 09:00,20.5,0.0,0.34,20.9,1.0,0.34,19.9,0.5,,23.3,1.6,0.81,21.15,0.775,0.49666666666666676
2025-10-04 10:00,21.4,0.0,0.71,23.5,1.3,1.21,21.1,1.0,,24.2,2.6,1.15,22.55,1.225,1.0233333333333332
2025-10-04 11:00,22.8,0.5,1.08,24.1,0.6,1.21,21.3,2.2,,24.5,3.3,1.68,23.175,1.65,1.3233333333333333
2025-10-04 12:00,24.3,0.2,1.59,24.4,0.9,0.91,22.2,0.7,,24.4,4.6,2.12,23.825000000000003,1.5999999999999999,1.54
2025-10-04 13:00,25.3,0.9,2.06,24.3,1.5,0.67,23.0,1.4,,24.5,3.4,1.62,24.275,1.7999999999999998,1.45
2025-10-04 14:00,25.0,0.2,0.94,24.3,1.4,0.88,24.1,2.1,,23.7,3.7,1.29,24.275000000000002,1.85,1.0366666666666666
2025-10-04 15:00,24.9,1.4,0.79,26.4,1.2,1.41,25.2,1.2,,23.3,3.7,0.96,24.95,1.875,1.0533333333333335
2025-10-04 16:00,25.5,1.0,0.94,26.4,1.7,1.79,25.1,1.2,,23.2,3.7,0.76,25.05,1.9000000000000001,1.1633333333333333
2025-10-04 17:00,25.1,1.3,0.48,24.9,0.3,0.38,24.6,1.7,,23.1,3.3,0.42,24.424999999999997,1.65,0.4266666666666667
2025-10-04 18:00,23.7,1.7,0.39,24.7,0.8,0.21,22.8,2.4,,22.5,2.1,0.14,23.425,1.75,0.24666666666666667
2025-10-04 19:00,22.7,1.8,0.06,23.3,1.2,0.0,22.1,1.6,,22.3,2.5,0.0,22.599999999999998,1.775,0.02
2025-10-04 20:00,21.7,1.7,,22.7,1.4,,22.2,0.8,,22.0,1.4,,22.15,1.3249999999999997,0.0
2025-10-04 21:00,21.9,0.9,,22.6,0.4,,22.1,0.0,,22.0,2.4,,22.15,0.925,0.0
2025-10-04 22:00,21.6,0.8,,22.3,0.6,,21.9,0.1,,22.1,1.2,,21.975,0.675,0.0
2025-10-04 23:00,21.7,0.8,,21.8,0.9,,21.4,0.3,,22.1,2.1,,21.75,1.025,0.0
2025-10-05 00:00,21.8,0.5,,21.5,0.7,,20.8,1.6,,22.0,2.6,,21.525,1.35,0.0
2025-10-05 01:00,21.5,0.0,,21.6,0.6,,21.0,0.6,,22.0,1.7,,21.525,0.725,0.0
2025-10-05 02:00,21.6,0.0,,21.7,0.4,,21.1,0.6,,22.0,1.9,,21.6,0.725,0.0
2025-10-05 03:00,21.4,0.0,,21.7,0.2,,21.0,0.6,,22.0,2.5,,21.525,0.825,0.0
2025-10-05 04:00,21.4,0.0,,21.6,0.7,,20.8,0.6,,21.9,1.5,,21.424999999999997,0.7,0.0
2025-10-05 05:00,21.2,0.0,,21.3,1.0,,20.9,1.4,,21.7,1.4,,21.275,0.95,0.0
2025-10-05 06:00,21.4,0.7,,21.4,0.6,,20.9,0.9,,21.7,1.3,,21.349999999999998,0.875,0.0
2025-10-05 07:00,21.3,0.3,,21.4,1.0,0.01,21.1,1.3,,21.6,2.1,0.01,21.35,1.175,0.006666666666666667
2025-10-05 08:00,21.5,0.5,,21.9,0.1,0.12,21.3,1.5,,21.9,1.3,0.15,21.65,0.8500000000000001,0.09000000000000001
2025-10-05 09:00,21.9,0.4,,22.2,0.9,0.14,21.8,0.5,,23.0,2.5,0.71,22.224999999999998,1.075,0.2833333333333333
2025-10-05 10:00,23.5,0.6,,22.5,1.2,0.38,22.5,1.7,,23.9,3.4,1.64,23.1,1.725,0.6733333333333333
2025-10-05 11:00,23.8,0.4,,23.0,1.7,0.58,23.1,3.2,,23.9,3.1,1.83,23.450000000000003,2.1,0.8033333333333333
2025-10-05 12:00,25.0,0.4,,25.2,2.6,1.69,23.6,2.9,,24.2,3.0,1.35,24.500000000000004,2.225,1.0133333333333334
2025-10-05 13:00,26.3,0.7,,24.6,2.9,0.93,23.7,2.8,,24.7,3.1,1.64,24.825000000000003,2.375,0.8566666666666666
2025-10-05 14:00,26.0,1.1,,24.4,2.4,0.84,23.7,3.4,,25.8,3.5,2.51,24.974999999999998,2.6,1.1166666666666665
2025-10-05 15:00,25.6,0.9,,25.2,2.6,0.85,24.0,3.5,,24.7,2.7,1.8,24.875,2.425,0.8833333333333333
2025-10-05 16:00,25.6,0.8,,24.7,2.5,0.78,23.5,4.5,,24.9,4.1,1.68,24.674999999999997,2.9749999999999996,0.82
2025-10-05 17:00,24.5,1.4,,24.1,2.7,0.47,23.1,3.0,,24.3,3.1,0.99,24.0,2.55,0.48666666666666664
2025-10-05 18:00,23.8,0.7,,23.0,2.2,0.22,22.6,2.3,,23.0,3.1,0.22,23.1,2.075,0.14666666666666667
2025-10-05 19:00,22.8,0.4,,22.6,2.4,0.01,22.0,2.1,,22.6,2.5,0.01,22.5,1.85,0.006666666666666667
2025-10-05 20:00,22.7,0.9,,22.4,1.5,,21.6,2.3,,22.2,2.0,,22.224999999999998,1.6749999999999998,0.0
2025-10-05 21:00,22.0,0.2,,21.7,1.3,,20.9,0.9,,22.1,0.7,,21.674999999999997,0.7749999999999999,0.0
2025-10-05 22:00,21.7,0.2,,21.5,0.7,,20.3,0.0,,22.0,1.7,,21.375,0.6499999999999999,0.0
2025-10-05 23:00,21.3,0.1,,21.2,0.2,,19.8,0.0,,21.8,0.8,,21.025,0.275,0.0
2025-10-06 00:00,21.4,0.2,,20.8,0.4,,19.6,0.5,,21.8,1.0,,20.900000000000002,0.525,0.0
2025-10-06 01:00,21.2,0.1,,20.7,0.8,,19.6,0.8,,21.9,0.6,,20.85,0.5750000000000001,0.0
2025-10-06 02:00,20.9,0.3,,20.6,0.9,,19.7,0.9,,21.9,0.0,,20.775,0.525,0.0
2025-10-06 03:00,20.7,0.4,,20.5,0.0,,19.7,0.1,,21.9,0.4,,20.700000000000003,0.225,0.0
2025-10-06 04:00,20.7,0.1,,20.6,0.9,,19.8,0.2,,21.9,0.0,,20.75,0.3,0.0
2025-10-06 05:00,20.7,0.0,,20.3,0.9,,19.7,0.4,,21.6,0.0,,20.575000000000003,0.325,0.0
2025-10-06 06:00,20.4,0.8,,20.3,0.7,,19.6,0.0,,21.3,0.3,,20.400000000000002,0.45,0.0
2025-10-06 07:00,20.5,0.2,0.07,20.3,0.9,0.01,20.0,1.8,,21.1,0.6,0.01,20.475,0.8750000000000001,0.03
2025-10-06 08:00,21.1,0.1,0.2,20.8,0.8,0.12,20.3,1.0,,22.6,2.2,0.44,21.200000000000003,1.025,0.25333333333333335
2025-10-06 09:00,22.2,0.2,0.78,21.4,0.7,0.18,20.7,1.8,,24.3,2.1,1.19,22.15,1.2000000000000002,0.7166666666666667
2025-10-06 10:00,22.5,0.2,0.53,22.2,0.9,0.36,21.0,0.9,,23.6,2.4,0.85,22.325000000000003,1.1,0.58
2025-10-06 11:00,23.0,0.5,0.74,22.1,1.6,0.35,21.4,1.3,,25.5,1.1,1.94,23.0,1.125,1.01
2025-10-06 12:00,25.0,0.9,1.51,22.9,0.7,0.45,22.9,2.0,,27.4,2.0,2.58,24.549999999999997,1.4,1.5133333333333334
2025-10-06 13:00,25.7,0.6,1.86,24.7,1.4,0.78,23.3,1.9,,27.7,3.1,2.58,25.35,1.75,1.7400000000000002
2025-10-06 14:00,25.6,1.4,0.84,24.9,2.4,0.87,23.2,2.4,,27.5,2.7,1.99,25.3,2.2249999999999996,1.2333333333333334
2025-10-06 15:00,25.5,1.3,0.77,24.1,2.1,0.34,22.8,2.1,,27.3,3.4,1.23,24.925,2.225,0.7799999999999999
2025-10-06 16:00,25.4,2.5,0.49,23.9,2.5,0.26,22.6,1.2,,26.4,4.3,0.37,24.575000000000003,2.625,0.37333333333333335
2025-10-06 17:00,24.8,2.6,0.2,22.4,1.9,0.06,22.1,3.1,,25.8,4.3,0.24,23.775000000000002,2.9749999999999996,0.16666666666666666
2025-10-06 18:00,24.4,2.8,0.14,21.8,2.2,0.02,22.1,3.7,,25.1,5.0,0.13,23.35,3.425,0.09666666666666668
2025-10-06 19:00,24.0,2.4,0.07,21.6,3.7,0.0,22.1,3.6,,24.6,4.0,0.0,23.075000000000003,3.425,0.023333333333333334
2025-10-06 20:00,23.8,3.0,,21.6,3.3,,22.2,3.7,,24.1,3.4,,22.925000000000004,3.35,0.0
2025-10-06 21:00,23.2,2.1,,22.0,2.7,,22.2,3.6,,23.4,3.8,,22.700000000000003,3.05,0.0
2025-10-06 22:00,22.4,3.3,,22.3,2.5,,22.3,1.9,,23.3,4.9,,22.575,3.15,0.0
2025-10-06 23:00,22.1,2.1,,22.4,2.2,,21.6,2.4,,23.2,5.0,,22.325,2.9250000000000003,0.0
2025-10-07 00:00,21.9,1.4,,22.1,2.6,,20.3,2.6,,23.1,5.3,,21.85,2.9749999999999996,0.0
2025-10-07 01:00,21.8,2.0,,22.0,3.3,,19.9,3.1,,23.2,4.0,,21.724999999999998,3.1,0.0
2025-10-07 02:00,21.9,1.3,,22.3,2.4,,19.9,2.7,,23.2,5.2,,21.825,2.9000000000000004,0.0
2025-10-07 03:00,22.0,1.0,,21.9,1.7,,19.8,3.0,,23.1,3.4,,21.700000000000003,2.275,0.0
2025-10-07 04:00,21.5,0.4,,22.2,2.4,,19.7,0.9,,23.0,2.9,,21.6,1.65,0.0
2025-10-07 05:00,22.0,1.9,,22.2,2.2,,19.6,1.1,,23.3,3.1,,21.775000000000002,2.0749999999999997,0.0
2025-10-07 06:00,22.2,1.6,,21.9,0.6,,19.7,1.2,,23.0,2.7,,21.7,1.5250000000000001,0.0
2025-10-07 07:00,21.8,1.7,0.07,21.6,0.3,0.0,19.7,1.1,,22.8,2.2,0.02,21.475,1.3250000000000002,0.030000000000000002
2025-10-07 08:00,21.8,2.1,0.14,21.5,1.4,0.03,20.3,1.3,,23.3,2.4,0.42,21.724999999999998,1.7999999999999998,0.19666666666666666
2025-10-07 09:00,22.9,1.7,0.72,21.8,1.6,0.12,20.6,0.2,,22.8,1.9,0.31,22.025000000000002,1.35,0.3833333333333333
2025-10-07 10:00,23.1,1.1,0.84,22.6,1.4,0.38,23.0,1.6,,23.4,3.0,1.03,23.025,1.775,0.75
2025-10-07 11:00,24.3,2.6,0.74,23.3,2.4,1.19,23.9,1.4,,23.0,3.7,1.11,23.625,2.5250000000000004,1.0133333333333334
2025-10-07 12:00,24.8,2.2,2.01,25.8,1.8,1.57,24.5,3.2,,22.5,4.8,0.72,24.4,3.0,1.4333333333333333
2025-10-07 13:00,25.7,2.7,2.66,25.2,3.2,2.02,23.6,2.4,,22.8,4.6,1.28,24.325,3.225,1.9866666666666666
2025-10-07 14:00,24.8,2.8,1.69,25.2,4.1,1.52,24.2,3.0,,22.5,3.0,1.33,24.175,3.2249999999999996,1.5133333333333334
2025-10-07 15:00,23.6,3.2,1.07,25.6,3.8,1.72,24.7,3.4,,22.5,5.5,1.2,24.1,3.975,1.33
2025-10-07 16:00,23.6,2.0,0.96,25.1,3.5,1.46,23.2,2.8,,22.3,5.8,1.42,23.55,3.5250000000000004,1.28
2025-10-07 17:00,23.2,1.7,0.35,25.2,3.4,0.56,22.0,1.9,,21.8,5.7,0.52,23.05,3.175,0.47666666666666674
2025-10-07 18:00,22.3,1.4,0.14,22.7,2.5,0.23,22.0,2.0,,21.4,3.8,0.13,22.1,2.425,0.16666666666666666
2025-10-07 19:00,21.8,1.3,0.06,22.3,2.5,0.0,21.9,2.1,,21.1,4.1,0.01,21.775,2.5,0.02333333333333333
2025-10-07 20:00,20.9,0.8,,22.3,1.5,,21.8,1.3,,20.8,4.2,,21.45,1.95,0.0
2025-10-07 21:00,20.9,0.9,,22.1,1.4,,21.8,0.8,,21.0,4.4,,21.45,1.875,0.0
2025-10-07 22:00,20.8,0.8,,21.9,0.0,,21.1,2.3,,20.8,4.4,,21.150000000000002,1.875,0.0
2025-10-07 23:00,20.9,0.7,,21.7,0.0,,20.9,2.3,,20.4,4.0,,20.974999999999998,1.75,0.0
2025-10-08 00:00,21.0,0.0,,21.6,0.7,,20.7,2.3,,20.3,3.9,,20.9,1.725,0.0
2025-10-08 01:00,21.0,1.0,,21.4,1.4,,20.7,2.2,,20.3,4.6,,20.849999999999998,2.3,0.0
2025-10-08 02:00,20.9,1.3,,21.2,1.1,,20.6,1.2,,20.3,4.4,,20.75,2.0,0.0
2025-10-08 03:00,20.7,0.0,,21.3,0.6,,20.6,2.2,,20.4,5.1,,20.75,1.975,0.0
2025-10-08 04:00,20.6,0.2,,20.9,1.9,,20.3,2.2,,20.1,4.5,,20.475,2.2,0.0
2025-10-08 05:00,20.7,0.5,,20.7,2.3,,20.1,2.2,,20.4,4.4,,20.475,2.35,0.0
2025-10-08 06:00,20.8,0.1,,20.5,1.2,,20.0,2.4,,20.8,4.7,,20.525,2.1,0.0
2025-10-08 07:00,20.9,0.5,0.07,20.5,1.0,0.01,19.9,2.8,,21.0,3.3,0.01,20.575,1.9,0.03
2025-10-08 08:00,21.3,0.0,0.24,20.9,1.6,0.13,20.2,2.4,,21.0,4.6,0.13,20.85,2.15,0.16666666666666666
2025-10-08 09:00,22.6,1.1,1.03,21.6,1.3,0.4,20.9,1.8,,21.1,3.9,0.18,21.549999999999997,2.025,0.5366666666666667
2025-10-08 10:00,22.7,0.7,0.77,22.7,1.3,0.71,21.7,3.6,,21.6,4.6,0.2,22.174999999999997,2.55,0.5599999999999999
2025-10-08 11:00,23.7,1.0,1.1,22.9,1.7,0.72,22.7,3.1,,22.2,4.8,0.72,22.875,2.6500000000000004,0.8466666666666667
2025-10-08 12:00,24.1,0.6,1.31,23.9,1.9,0.99,23.8,2.1,,22.7,4.4,1.02,23.625,2.25,1.1066666666666667
2025-10-08 13:00,25.1,1.0,1.62,24.9,1.8,1.34,23.4,3.1,,23.0,5.9,1.15,24.1,2.95,1.3699999999999999
2025-10-08 14:00,26.1,0.9,1.65,26.2,1.4,2.32,24.5,1.1,,23.6,4.8,1.7,25.1,2.05,1.89
2025-10-08 15:00,26.7,0.8,1.72,27.2,2.0,1.63,25.2,1.9,,23.7,4.2,1.88,25.7,2.2249999999999996,1.7433333333333332
2025-10-08 16:00,25.9,1.2,1.43,25.9,2.1,1.13,25.5,3.2,,24.1,4.0,1.53,25.35,2.625,1.3633333333333333
2025-10-08 17:00,24.0,1.5,0.78,26.3,2.4,0.47,25.7,2.0,,24.0,3.1,0.99,25.0,2.25,0.7466666666666667
2025-10-08 18:00,25.3,0.0,0.19,24.5,1.2,0.28,23.9,2.2,,22.8,4.1,0.31,24.124999999999996,1.875,0.26
2025-10-08 19:00,24.0,1.3,0.06,23.6,1.3,0.0,23.0,1.2,,22.1,3.5,0.0,23.174999999999997,1.825,0.02
2025-10-08 20:00,23.4,1.5,,22.7,1.7,,21.6,1.2,,21.8,3.6,,22.374999999999996,2.0,0.0
2025-10-08 21:00,22.8,1.2,,22.1,0.7,,21.5,0.8,,21.9,2.7,,22.075000000000003,1.35,0.0
2025-10-08 22:00,22.1,1.0,,21.5,1.1,,21.2,1.9,,21.9,0.7,,21.674999999999997,1.175,0.0
2025-10-08 23:00,22.2,0.8,,21.2,1.7,,21.2,1.3,,21.9,1.3,,21.625,1.275,0.0
2025-10-09 00:00,21.6,0.4,,20.7,0.1,,21.0,2.0,,21.9,0.0,,21.299999999999997,0.625,0.0
2025-10-09 01:00,21.4,0.5,,20.3,1.2,,20.6,1.0,,21.8,0.8,,21.025000000000002,0.875,0.0
2025-10-09 02:00,21.2,1.0,,20.0,1.6,,19.9,1.1,,21.7,1.3,,20.7,1.25,0.0
2025-10-09 03:00,21.0,0.8,,19.7,1.4,,19.8,1.3,,21.7,0.2,,20.55,0.925,0.0
2025-10-09 04:00,20.4,1.2,,19.7,1.0,,19.9,3.2,,21.8,0.3,,20.45,1.425,0.0
2025-10-09 05:00,20.4,1.4,,19.4,1.3,,19.4,2.2,,21.5,1.3,,20.174999999999997,1.55,0.0
2025-10-09 06:00,20.3,0.7,,18.8,1.1,,19.5,3.0,,21.2,2.2,,19.95,1.75,0.0
2025-10-09 07:00,20.0,1.5,0.09,19.0,0.5,0.02,19.5,2.4,,20.9,1.5,0.01,19.85,1.475,0.04
2025-10-09 08:00,20.5,1.9,0.4,20.6,0.5,0.36,19.9,1.6,,22.2,1.7,0.38,20.8,1.425,0.38000000000000006
2025-10-09 09:00,22.2,2.1,0.85,23.0,0.4,0.91,22.4,2.3,,23.7,2.6,1.17,22.825,1.85,0.9766666666666666
2025-10-09 10:00,24.3,1.6,1.66,25.1,1.5,1.75,24.4,2.0,,24.6,2.4,1.84,24.6,1.875,1.75
2025-10-09 11:00,25.5,1.4,2.47,26.4,1.7,2.21,25.1,3.6,,26.4,1.9,2.36,25.85,2.15,2.3466666666666662
2025-10-09 12:00,26.5,1.0,2.59,27.5,2.5,2.2,25.8,2.5,,27.4,2.8,2.7,26.799999999999997,2.2,2.4966666666666666
2025-10-09 13:00,26.0,1.3,2.04,26.8,1.7,2.15,27.0,2.0,,27.9,2.3,2.81,26.924999999999997,1.825,2.3333333333333335
2025-10-09 14:00,27.0,0.8,1.08,26.6,0.9,0.81,27.4,2.5,,28.5,2.3,2.76,27.375,1.625,1.55
2025-10-09 15:00,26.1,3.1,1.5,28.6,1.8,1.88,27.6,3.0,,27.8,2.7,1.9,27.525000000000002,2.6500000000000004,1.7599999999999998
2025-10-09 16:00,25.1,2.0,0.43,25.0,2.0,0.3,26.8,2.4,,26.2,1.6,0.68,25.775000000000002,2.0,0.47000000000000003
2025-10-09 17:00,24.2,1.2,0.11,25.4,2.5,0.28,25.5,1.9,,25.2,1.9,0.16,25.075,1.875,0.18333333333333335
2025-10-09 18:00,23.2,2.9,0.08,23.9,2.7,0.23,23.1,1.9,,24.3,2.3,0.11,23.624999999999996,2.45,0.13999999999999999
2025-10-09 19:00,22.7,1.0,0.06,23.1,2.2,0.0,21.7,2.1,,23.0,1.9,0.0,22.625,1.8000000000000003,0.02
2025-10-09 20:00,21.4,0.9,,22.0,2.2,,20.6,2.1,,22.1,1.2,,21.525,1.6,0.0
2025-10-09 21:00,21.2,1.1,,21.8,2.8,,20.0,1.2,,21.9,3.1,,21.225,2.05,0.0
2025-10-09 22:00,21.5,1.9,,21.5,2.4,,20.1,1.9,,21.9,2.8,,21.25,2.25,0.0
2025-10-09 23:00,21.3,0.5,,21.1,3.3,,20.6,1.7,,21.8,3.0,,21.200000000000003,2.125,0.0
2025-10-10 00:00,21.0,0.2,,20.8,1.6,,20.3,2.2,,21.6,3.0,,20.924999999999997,1.75,0.0
2025-10-10 01:00,20.7,0.6,,20.5,2.1,,20.2,1.8,,21.1,2.5,,20.625,1.75,0.0
2025-10-10 02:00,19.9,0.9,,20.3,1.9,,20.2,1.5,,20.1,2.8,,20.125,1.775,0.0
2025-10-10 03:00,18.6,1.9,,19.7,1.3,,20.1,2.6,,19.6,0.6,,19.5,1.6,0.0
2025-10-10 04:00,18.8,1.2,,19.5,2.3,,19.4,1.3,,19.1,2.7,,19.2,1.875,0.0
2025-10-10 05:00,18.2,1.2,,19.1,2.0,,19.0,0.9,,19.0,2.7,,18.825,1.7000000000000002,0.0
2025-10-10 06:00,18.0,1.1,,18.7,0.5,,18.3,2.2,,18.6,2.5,,18.4,1.5750000000000002,0.0
2025-10-10 07:00,17.7,0.8,0.09,18.3,1.8,0.02,18.2,0.5,,18.5,2.0,0.01,18.175,1.275,0.04
2025-10-10 08:00,18.6,0.5,0.44,20.0,2.0,0.35,19.1,0.4,,20.4,3.0,0.41,19.525,1.475,0.39999999999999997
2025-10-10 09:00,21.1,0.6,1.2,21.0,2.8,0.57,20.5,2.5,,22.4,3.3,1.11,21.25,2.3,0.96
2025-10-10 10:00,22.3,0.5,1.84,23.2,1.8,1.2,21.5,2.6,,23.7,2.6,1.79,22.675,1.875,1.61
2025-10-10 11:00,23.5,0.6,2.35,25.5,1.2,1.83,24.0,2.7,,24.7,2.0,2.3,24.425,1.625,2.1599999999999997
2025-10-10 12:00,25.2,1.0,2.64,27.0,1.2,2.35,25.1,1.8,,26.0,2.6,2.61,25.825000000000003,1.65,2.533333333333333
2025-10-10 13:00,26.1,1.3,2.72,27.7,2.4,2.46,27.3,1.7,,26.9,2.1,2.7,27.0,1.875,2.6266666666666665
2025-10-10 14:00,27.3,0.9,2.56,28.3,2.4,2.42,27.6,2.4,,27.3,2.5,2.54,27.625,2.05,2.506666666666667
2025-10-10 15:00,27.4,1.7,2.15,27.8,2.6,2.03,27.2,2.0,,27.3,3.0,2.17,27.425,2.325,2.1166666666666667
2025-10-10 16:00,27.8,1.1,1.57,27.0,1.8,0.72,25.5,2.9,,26.5,2.2,1.62,26.7,2.0,1.3033333333333335
2025-10-10 17:00,26.4,1.1,0.9,26.5,1.8,0.65,24.8,2.5,,26.0,2.5,0.95,25.925,1.975,0.8333333333333334
2025-10-10 18:00,24.8,1.9,0.28,25.5,1.5,0.21,23.2,2.3,,25.1,1.7,0.26,24.65,1.8499999999999999,0.25
2025-10-10 19:00,23.7,1.4,0.05,23.9,1.3,0.0,22.5,0.5,,23.7,2.4,0.01,23.45,1.4,0.02
2025-10-10 20:00,23.2,1.5,,23.5,1.2,,21.9,0.1,,22.9,2.7,,22.875,1.375,0.0
2025-10-10 21:00,22.8,1.3,,22.8,0.1,,21.5,0.9,,22.1,2.4,,22.299999999999997,1.175,0.0
2025-10-10 22:00,22.2,1.0,,21.9,1.2,,20.9,0.4,,21.7,1.8,,21.675,1.1,0.0
2025-10-10 23:00,21.4,0.3,,21.2,1.6,,20.1,1.0,,21.1,2.6,,20.95,1.375,0.0
2025-10-11 00:00,20.3,1.4,,20.9,1.6,,20.1,2.1,,20.9,2.4,,20.55,1.875,0.0
2025-10-11 01:00,19.9,1.4,,20.8,1.6,,19.9,0.9,,20.7,1.1,,20.325,1.25,0.0
2025-10-11 02:00,20.0,0.6,,21.0,1.2,,19.6,1.0,,20.3,2.1,,20.225,1.225,0.0
2025-10-11 03:00,20.1,0.8,,20.5,1.9,,19.2,0.0,,19.8,1.5,,19.9,1.05,0.0
2025-10-11 04:00,19.3,0.6,,20.2,1.6,,18.8,1.0,,19.6,0.1,,19.475,0.8250000000000001,0.0
2025-10-11 05:00,19.4,0.7,,19.9,1.4,,18.6,1.5,,19.4,1.7,,19.325,1.325,0.0
2025-10-11 06:00,19.3,1.0,,19.6,1.7,,18.5,0.4,,19.1,1.6,,19.125,1.175,0.0
2025-10-11 07:00,18.7,0.5,0.09,19.4,1.9,0.01,18.2,1.1,,19.0,2.4,0.01,18.825,1.475,0.03666666666666666
2025-10-11 08:00,19.8,0.0,0.41,21.8,1.4,0.34,19.9,0.0,,20.7,2.0,0.4,20.55,0.85,0.3833333333333333
2025-10-11 09:00,21.8,0.6,1.2,23.5,1.2,0.99,22.7,1.8,,23.1,1.1,1.12,22.775,1.1749999999999998,1.1033333333333333
2025-10-11 10:00,23.3,0.7,1.86,25.8,1.1,1.64,25.1,1.1,,24.8,2.0,1.81,24.75,1.225,1.7700000000000002
2025-10-11 11:00,25.3,0.8,2.38,26.2,1.8,2.16,25.2,1.5,,25.0,2.4,2.32,25.425,1.625,2.2866666666666666
2025-10-11 12:00,26.6,0.9,2.69,27.2,2.9,2.5,25.5,3.1,,25.9,1.6,2.64,26.299999999999997,2.125,2.61
2025-10-11 13:00,27.6,0.7,2.76,28.0,3.0,2.59,25.6,3.8,,26.9,1.6,2.74,27.025,2.275,2.6966666666666668
2025-10-11 14:00,28.3,0.8,2.59,28.3,3.3,2.47,25.9,3.7,,27.3,2.4,2.61,27.45,2.55,2.5566666666666666
2025-10-11 15:00,28.6,1.3,2.17,27.9,3.0,2.12,26.0,4.3,,27.1,3.1,2.22,27.4,2.925,2.17
2025-10-11 16:00,28.7,0.8,1.64,28.1,2.5,1.56,25.7,4.0,,26.6,3.1,1.67,27.275,2.6,1.6233333333333333
2025-10-11 17:00,26.8,1.2,0.93,26.8,1.9,0.89,25.1,3.3,,25.9,3.7,1.03,26.15,2.525,0.9500000000000001
2025-10-11 18:00,25.3,1.0,0.28,24.5,2.1,0.24,23.9,0.8,,24.6,2.1,0.24,24.574999999999996,1.5,0.25333333333333335
2025-10-11 19:00,24.3,1.2,0.06,23.7,1.1,0.0,22.9,0.6,,23.7,1.1,0.01,23.650000000000002,1.0,0.02333333333333333
2025-10-11 20:00,23.6,0.7,,23.4,2.1,,22.5,1.9,,23.4,0.3,,23.225,1.2499999999999998,0.0
2025-10-11 21:00,22.6,0.5,,23.5,1.0,,22.8,0.9,,22.4,0.8,,22.825000000000003,0.8,0.0
2025-10-11 22:00,22.3,0.2,,22.7,0.7,,22.6,2.0,,22.3,0.0,,22.474999999999998,0.725,0.0
2025-10-11 23:00,22.5,0.4,,21.9,1.4,,22.4,2.9,,22.2,0.0,,22.25,1.1749999999999998,0.0
2025-10-12 00:00,21.9,0.9,,21.7,1.5,,22.1,2.7,,21.9,0.0,,21.9,1.275,0.0
2025-10-12 01:00,21.7,0.3,,21.9,1.2,,21.9,1.6,,22.0,1.7,,21.875,1.2,0.0
2025-10-12 02:00,21.5,0.2,,22.1,1.2,,22.0,1.2,,21.9,1.5,,21.875,1.025,0.0
2025-10-12 03:00,21.4,0.2,,22.1,0.9,,22.6,2.1,,21.8,1.4,,21.974999999999998,1.15,0.0
2025-10-12 04:00,21.7,0.3,,22.3,1.6,,21.9,3.4,,21.9,0.9,,21.950000000000003,1.55,0.0
2025-10-12 05:00,21.9,0.3,,22.4,0.3,,21.2,2.8,,22.1,1.2,,21.9,1.15,0.0
2025-10-12 06:00,21.6,0.6,,21.8,2.0,,21.0,1.7,,22.1,1.0,,21.625,1.325,0.0
2025-10-12 07:00,21.6,0.6,0.07,21.8,1.3,0.0,20.8,0.5,,22.2,1.2,0.0,21.6,0.8999999999999999,0.023333333333333334
2025-10-12 08:00,21.4,0.7,0.13,21.5,1.2,0.05,21.2,0.6,,22.7,1.5,0.15,21.7,1.0,0.10999999999999999
2025-10-12 09:00,21.3,0.2,0.23,22.1,1.6,0.4,22.1,1.2,,21.7,4.1,0.19,21.8,1.775,0.2733333333333334
2025-10-12 10:00,22.5,0.9,0.52,22.4,1.5,0.41,22.5,1.6,,22.6,3.0,0.69,22.5,1.75,0.5399999999999999
2025-10-12 11:00,23.0,0.4,0.52,23.1,2.6,0.99,22.7,2.1,,23.4,2.1,0.87,23.049999999999997,1.7999999999999998,0.7933333333333333
2025-10-12 12:00,24.2,0.7,1.1,24.5,2.1,1.37,23.9,1.8,,24.7,2.0,1.23,24.325,1.65,1.2333333333333334
2025-10-12 13:00,25.0,0.9,1.51,23.9,2.2,0.82,23.9,2.7,,25.7,2.8,2.23,24.625,2.1500000000000004,1.5200000000000002
2025-10-12 14:00,25.3,1.0,0.61,23.8,1.7,0.51,22.2,3.0,,26.1,2.6,2.07,24.35,2.075,1.0633333333333332
2025-10-12 15:00,25.3,1.4,1.14,23.7,2.7,0.26,21.9,2.5,,25.5,3.2,1.73,24.1,2.45,1.0433333333333332
2025-10-12 16:00,25.5,2.2,0.69,21.9,2.2,0.15,22.1,1.5,,23.8,5.2,0.32,23.325,2.7750000000000004,0.38666666666666666
2025-10-12 17:00,24.8,1.3,0.36,22.0,0.9,0.14,22.0,1.9,,22.9,3.7,0.26,22.924999999999997,1.95,0.25333333333333335
2025-10-12 18:00,23.6,0.6,0.18,21.6,1.5,0.05,21.5,1.1,,22.3,4.0,0.26,22.25,1.8,0.16333333333333333
2025-10-12 19:00,22.5,0.4,0.05,21.5,1.0,0.0,20.5,0.0,,21.7,3.5,0.0,21.55,1.225,0.016666666666666666
2025-10-12 20:00,22.1,0.4,,21.2,0.2,,20.0,0.7,,21.3,3.4,,21.15,1.175,0.0
2025-10-12 21:00,21.7,1.2,,20.9,1.9,,20.0,0.3,,21.0,2.7,,20.9,1.525,0.0
2025-10-12 22:00,21.7,0.5,,20.3,0.6,,19.3,0.9,,20.8,1.8,,20.525,0.95,0.0
2025-10-12 23:00,21.3,0.8,,19.9,1.1,,19.2,0.8,,20.4,0.9,,20.200000000000003,0.9,0.0
2025-10-13 00:00,21.3,0.4,,19.8,0.5,,19.2,0.3,,20.2,0.7,,20.125,0.475,0.0
2025-10-13 01:00,20.8,0.4,,19.5,2.4,,19.3,2.1,,20.0,0.3,,19.9,1.3,0.0
2025-10-13 02:00,20.6,0.3,,19.7,0.9,,19.0,0.5,,19.6,0.8,,19.725,0.625,0.0
2025-10-13 03:00,20.7,0.6,,19.7,0.4,,18.4,0.6,,19.8,1.0,,19.65,0.65,0.0
2025-10-13 04:00,20.4,1.1,,19.6,0.7,,18.2,0.5,,19.7,1.0,,19.475,0.825,0.0
2025-10-13 05:00,20.5,0.5,,19.5,0.7,,18.3,2.0,,19.8,2.2,,19.525,1.35,0.0
2025-10-13 06:00,20.4,0.3,,19.6,1.0,,18.5,2.5,,19.8,2.6,,19.575,1.6,0.0
2025-10-13 07:00,20.7,0.6,0.07,20.0,1.1,0.0,18.8,1.4,,20.0,2.7,0.01,19.875,1.4500000000000002,0.02666666666666667
2025-10-13 08:00,21.3,0.1,0.22,21.0,0.8,0.2,19.7,2.4,,21.4,3.8,0.33,20.85,1.775,0.25
2025-10-13 09:00,22.1,0.5,0.51,23.2,0.9,0.7,20.4,0.7,,22.9,4.7,0.96,22.15,1.7,0.7233333333333333
2025-10-13 10:00,24.3,1.7,1.18,24.3,1.6,0.84,20.8,1.2,,24.9,3.2,1.65,23.575000000000003,1.925,1.2233333333333334
2025-10-13 11:00,25.5,3.2,1.72,23.0,3.2,0.38,20.5,0.9,,26.8,4.6,2.14,23.95,2.975,1.4133333333333333
2025-10-13 12:00,26.3,3.6,2.07,22.6,0.7,0.34,20.5,1.3,,27.3,4.0,2.2,24.175,2.4,1.5366666666666664
2025-10-13 13:00,26.4,2.4,1.67,23.0,1.0,0.36,20.4,1.2,,27.4,5.1,2.2,24.299999999999997,2.425,1.4100000000000001
2025-10-13 14:00,26.7,3.2,0.91,22.2,2.4,0.24,20.4,0.8,,27.4,4.5,1.72,24.174999999999997,2.7249999999999996,0.9566666666666667
2025-10-13 15:00,26.4,2.8,0.79,22.7,1.0,0.34,20.4,1.6,,26.8,5.0,0.83,24.075,2.6,0.6533333333333333
2025-10-13 16:00,26.1,1.8,0.36,22.7,0.0,0.17,21.1,1.1,,27.0,3.1,1.03,24.225,1.5,0.52
2025-10-13 17:00,25.9,2.0,0.18,23.1,0.6,0.18,21.4,2.2,,26.3,3.1,0.31,24.175,1.975,0.2233333333333333
2025-10-13 18:00,25.4,1.5,0.09,23.1,1.3,0.03,21.6,1.2,,25.6,3.3,0.05,23.924999999999997,1.825,0.056666666666666664
2025-10-13 19:00,24.9,2.6,0.0,23.1,1.5,,22.1,2.8,,25.2,2.9,0.0,23.825,2.4499999999999997,0.0
2025-10-13 20:00,24.6,1.9,,23.1,1.4,,22.0,0.0,,24.2,2.3,,23.475,1.4,0.0
2025-10-13 21:00,24.3,1.9,,23.0,1.3,,21.3,2.3,,23.7,3.1,,23.075,2.15,0.0
2025-10-13 22:00,24.3,1.5,,22.7,2.1,,20.2,0.9,,22.6,3.4,,22.450000000000003,1.975,0.0
2025-10-13 23:00,23.7,1.3,,20.8,2.6,,19.5,1.8,,22.3,2.1,,21.575,1.9500000000000002,0.0
2025-10-14 00:00,23.3,2.5,,20.0,1.6,,19.1,1.0,,22.5,1.0,,21.225,1.525,0.0
2025-10-14 01:00,22.7,1.7,,20.1,0.1,,18.6,2.0,,22.4,1.3,,20.95,1.275,0.0
2025-10-14 02:00,22.0,1.8,,19.9,1.0,,18.4,1.2,,22.1,1.8,,20.6,1.45,0.0
2025-10-14 03:00,21.6,0.9,,19.4,1.5,,18.2,2.0,,21.6,2.8,,20.200000000000003,1.8,0.0
2025-10-14 04:00,21.2,1.5,,19.0,1.6,,18.0,1.0,,21.0,4.1,,19.8,2.05,0.0
2025-10-14 05:00,20.4,1.5,,18.3,1.5,,17.8,2.0,,20.4,5.3,,19.225,2.575,0.0
2025-10-14 06:00,19.9,0.9,,18.2,1.4,,17.6,1.1,,20.2,2.1,,18.974999999999998,1.375,0.0
2025-10-14 07:00,20.1,1.4,0.07,18.2,1.2,0.0,17.6,1.1,,20.4,2.4,0.0,19.075,1.525,0.023333333333333334
2025-10-14 08:00,20.3,1.2,0.13,18.5,1.4,0.07,17.5,1.6,,20.6,2.3,0.13,19.225,1.6249999999999998,0.11
2025-10-14 09:00,20.8,0.5,0.34,19.0,1.3,0.33,18.4,1.6,,20.4,3.7,0.27,19.65,1.7750000000000001,0.31333333333333335
2025-10-14 10:00,21.4,1.4,0.72,19.0,2.0,0.61,19.0,1.1,,20.0,4.2,0.34,19.85,2.175,0.5566666666666668
2025-10-14 11:00,22.2,1.5,0.89,19.6,2.1,1.15,19.7,2.6,,20.6,5.3,0.55,20.525,2.875,0.8633333333333333
2025-10-14 12:00,23.2,0.9,1.66,21.3,0.9,1.0,20.1,1.1,,21.2,4.2,1.43,21.45,1.7750000000000001,1.3633333333333333
2025-10-14 13:00,23.7,0.5,1.48,21.7,2.3,1.83,20.2,1.0,,21.4,3.9,1.1,21.75,1.9249999999999998,1.47
2025-10-14 14:00,23.3,1.2,0.83,22.0,2.2,1.21,20.5,1.6,,21.5,4.6,1.02,21.825,2.4,1.02
2025-10-14 15:00,24.3,1.9,1.65,21.7,2.2,0.8,20.5,1.4,,21.6,3.8,1.67,22.025,2.325,1.3733333333333333
2025-10-14 16:00,24.9,1.5,1.52,21.5,2.4,0.59,20.6,1.6,,21.3,3.2,0.74,22.075,2.175,0.9499999999999998
2025-10-14 17:00,23.7,1.1,1.03,21.3,2.4,0.31,20.6,2.9,,20.8,3.4,0.37,21.599999999999998,2.45,0.57
2025-10-14 18:00,22.6,1.8,0.37,20.7,2.4,0.11,19.9,2.0,,20.3,4.2,0.11,20.875,2.6,0.19666666666666666
2025-10-14 19:00,21.4,1.1,,20.5,0.1,,19.5,1.3,,20.2,2.7,0.0,20.4,1.3,0.0
2025-10-14 20:00,20.7,1.1,,20.4,1.7,,19.9,2.0,,19.9,2.4,,20.224999999999998,1.7999999999999998,0.0
2025-10-14 21:00,20.7,0.6,,19.9,1.6,,19.5,1.7,,19.8,2.3,,19.974999999999998,1.55,0.0
2025-10-14 22:00,20.5,0.7,,19.6,1.0,,19.4,2.7,,19.7,2.0,,19.8,1.6,0.0
2025-10-14 23:00,20.3,0.4,,19.5,1.4,,19.3,2.4,,19.3,1.1,,19.599999999999998,1.3249999999999997,0.0
2025-10-15 00:00,19.9,0.6,,19.1,0.7,,19.0,1.7,,19.6,1.6,,19.4,1.15,0.0
2025-10-15 01:00,19.1,1.5,,18.6,0.9,,18.6,1.3,,19.5,1.2,,18.950000000000003,1.225,0.0
2025-10-15 02:00,19.3,0.9,,18.3,0.6,,18.3,1.1,,19.4,1.6,,18.825000000000003,1.05,0.0
2025-10-15 03:00,18.4,1.7,,18.4,1.5,,18.4,2.6,,18.9,0.9,,18.525,1.6750000000000003,0.0
2025-10-15 04:00,18.3,1.2,,18.5,0.8,,18.4,2.3,,19.0,1.0,,18.549999999999997,1.325,0.0
2025-10-15 05:00,18.9,3.0,,17.8,1.1,,18.5,1.7,,19.3,1.7,,18.625,1.875,0.0
2025-10-15 06:00,18.9,1.7,,17.8,0.7,,17.8,2.3,,19.5,1.6,,18.5,1.5749999999999997,0.0
2025-10-15 07:00,18.9,1.7,0.08,17.3,1.4,0.01,17.7,2.6,,19.6,1.5,0.0,18.375,1.7999999999999998,0.03
2025-10-15 08:00,19.3,2.1,0.28,18.9,0.2,0.25,19.3,3.4,,19.6,1.5,0.05,19.275,1.8,0.19333333333333336
2025-10-15 09:00,20.2,1.5,0.68,21.4,1.3,0.84,20.6,2.5,,19.3,2.8,0.17,20.375,2.025,0.5633333333333334
2025-10-15 10:00,20.7,0.5,0.35,23.5,0.7,1.41,21.7,2.9,,19.4,1.7,0.33,21.325000000000003,1.45,0.6966666666666667
2025-10-15 11:00,21.0,0.3,0.91,25.0,0.9,1.91,22.1,2.5,,19.4,1.9,0.37,21.875,1.4,1.0633333333333332
2025-10-15 12:00,20.1,1.0,0.6,24.3,1.9,1.08,24.1,1.5,,19.8,2.0,0.52,22.075,1.6,0.7333333333333334
2025-10-15 13:00,20.5,0.7,0.73,23.9,2.5,1.17,24.0,1.2,,20.6,1.3,0.83,22.25,1.425,0.91
2025-10-15 14:00,21.5,1.3,0.79,23.7,2.8,0.96,24.0,2.5,,21.0,2.4,0.48,22.55,2.25,0.7433333333333333
2025-10-15 15:00,21.5,0.4,0.51,23.0,2.7,0.94,23.2,2.4,,21.9,4.7,0.84,22.4,2.55,0.7633333333333333
2025-10-15 16:00,21.4,0.7,0.27,22.0,1.3,0.23,21.3,2.5,,22.2,4.7,0.61,21.725,2.3,0.36999999999999994
2025-10-15 17:00,21.2,0.2,0.18,21.1,0.8,0.12,20.5,1.4,,22.0,3.7,0.27,21.2,1.525,0.19000000000000003
2025-10-15 18:00,21.0,0.4,0.1,20.0,1.8,0.03,20.3,1.2,,21.6,3.6,0.08,20.725,1.75,0.07
2025-10-15 19:00,21.0,0.7,,19.8,1.7,,19.8,2.5,,21.4,3.9,0.0,20.5,2.2,0.0
2025-10-15 20:00,21.0,0.7,,20.1,2.3,,19.4,1.6,,21.4,5.0,,20.475,2.4,0.0
2025-10-15 21:00,21.7,1.9,,20.2,2.1,,19.7,0.9,,21.1,3.9,,20.674999999999997,2.2,0.0
2025-10-15 22:00,21.3,1.6,,20.6,0.8,,19.4,2.9,,21.2,4.6,,20.625,2.475,0.0
2025-10-15 23:00,21.2,0.9,,20.4,0.3,,19.1,2.1,,21.5,5.7,,20.549999999999997,2.25,0.0
2025-10-16 00:00,21.6,1.5,,20.8,0.7,,18.6,5.5,,21.8,5.1,,20.700000000000003,3.2,0.0
2025-10-16 01:00,21.8,2.6,,19.3,3.4,,18.2,1.4,,22.1,4.8,,20.35,3.05,0.0
2025-10-16 02:00,21.9,2.6,,18.6,3.3,,18.5,2.8,,21.5,3.6,,20.125,3.0749999999999997,0.0
2025-10-16 03:00,20.0,2.4,,18.4,1.7,,18.4,0.7,,21.5,3.7,,19.575,2.125,0.0
2025-10-16 04:00,19.1,0.8,,18.6,0.7,,18.4,1.2,,20.4,2.9,,19.125,1.4,0.0
2025-10-16 05:00,19.5,0.5,,18.8,1.6,,18.3,1.3,,20.7,0.9,,19.325,1.0750000000000002,0.0
2025-10-16 06:00,19.5,0.0,,18.8,0.9,,18.4,1.7,,20.3,3.9,,19.25,1.625,0.0
2025-10-16 07:00,19.3,0.0,0.07,18.8,1.3,0.01,18.2,1.8,,20.1,1.6,0.02,19.1,1.175,0.03333333333333333
2025-10-16 08:00,19.7,0.5,0.23,19.0,1.4,0.05,18.5,1.6,,20.4,2.9,0.3,19.4,1.6,0.19333333333333336
2025-10-16 09:00,20.6,0.1,0.73,18.9,2.5,0.13,19.4,1.1,,21.4,3.9,0.76,20.075,1.9,0.54
2025-10-16 10:00,21.0,0.2,0.72,20.0,1.6,0.61,21.6,2.5,,21.5,3.8,0.95,21.025,2.025,0.7600000000000001
2025-10-16 11:00,21.5,0.7,0.93,20.7,1.1,0.8,22.0,2.4,,22.3,2.9,1.5,21.625,1.775,1.0766666666666667
2025-10-16 12:00,22.6,0.2,0.8,21.4,0.8,0.93,22.2,1.5,,22.8,3.0,1.68,22.25,1.375,1.1366666666666667
2025-10-16 13:00,22.5,1.0,0.84,22.2,2.6,1.29,21.6,2.6,,22.5,4.7,0.91,22.200000000000003,2.725,1.0133333333333334
2025-10-16 14:00,22.8,1.7,1.05,21.9,2.6,0.84,22.5,2.2,,22.6,6.1,1.22,22.450000000000003,3.15,1.0366666666666668
2025-10-16 15:00,23.1,1.7,1.19,21.3,3.9,0.95,21.8,2.6,,21.5,7.3,1.3,21.925,3.875,1.1466666666666665
2025-10-16 16:00,22.5,3.3,0.66,22.2,3.5,1.04,22.8,2.3,,21.8,6.9,1.47,22.325,4.0,1.0566666666666666
2025-10-16 17:00,22.1,2.8,0.57,21.8,2.3,0.44,22.8,2.0,,21.4,5.1,0.58,22.025,3.05,0.5299999999999999
2025-10-16 18:00,20.6,2.1,0.22,20.6,1.5,0.1,21.1,1.3,,20.9,4.3,0.16,20.8,2.3,0.16
2025-10-16 19:00,19.9,1.7,,19.9,1.4,,19.9,1.3,,20.5,4.5,,20.049999999999997,2.2249999999999996,0.0
2025-10-16 20:00,19.3,2.0,,19.4,0.9,,19.4,1.4,,19.8,2.8,,19.475,1.775,0.0
2025-10-16 21:00,19.3,0.7,,18.8,0.6,,19.2,1.8,,19.2,2.2,,19.125,1.325,0.0
2025-10-16 22:00,19.0,0.4,,18.5,0.9,,19.4,1.8,,19.1,0.8,,19.0,0.9750000000000001,0.0
2025-10-16 23:00,19.0,0.9,,18.0,1.2,,19.7,2.3,,19.2,0.0,,18.975,1.1,0.0
2025-10-17 00:00,18.3,1.2,,17.6,1.0,,19.2,1.9,,19.3,0.9,,18.6,1.25,0.0
2025-10-17 01:00,18.5,0.1,,17.3,1.5,,18.7,1.4,,19.5,1.2,,18.5,1.05,0.0
2025-10-17 02:00,18.2,0.2,,16.8,0.9,,18.1,2.3,,19.4,1.3,,18.125,1.175,0.0
2025-10-17 03:00,17.6,1.8,,16.6,1.3,,18.0,2.6,,19.4,1.0,,17.9,1.675,0.0
2025-10-17 04:00,18.1,0.4,,16.0,1.5,,17.7,1.5,,19.0,2.5,,17.7,1.475,0.0
2025-10-17 05:00,16.8,1.4,,15.6,1.5,,17.4,1.9,,19.0,2.4,,17.2,1.7999999999999998,0.0
2025-10-17 06:00,17.4,1.1,,15.3,0.8,,17.0,1.1,,19.1,2.8,,17.200000000000003,1.45,0.0
2025-10-17 07:00,16.7,1.1,0.08,15.3,1.6,0.01,16.8,1.5,,19.0,1.7,0.0,16.95,1.475,0.03
2025-10-17 08:00,18.0,1.1,0.35,17.9,1.3,0.31,19.2,1.8,,19.3,2.7,0.26,18.599999999999998,1.725,0.30666666666666664
2025-10-17 09:00,19.8,1.2,0.83,20.5,1.6,0.99,20.3,0.9,,21.3,3.3,0.94,20.474999999999998,1.75,0.9199999999999999
2025-10-17 10:00,22.1,1.1,1.2,22.7,2.5,1.4,21.7,2.7,,23.3,4.6,1.68,22.45,2.725,1.4266666666666665
2025-10-17 11:00,24.2,0.4,2.08,24.6,1.4,1.97,22.3,2.7,,23.5,3.9,1.15,23.65,2.1,1.7333333333333332
2025-10-17 12:00,23.7,1.0,1.83,25.6,3.0,2.29,23.6,2.8,,23.5,3.0,1.13,24.1,2.45,1.75
2025-10-17 13:00,24.6,0.6,1.29,26.5,1.9,2.44,24.8,2.9,,23.6,4.2,1.17,24.875,2.4000000000000004,1.6333333333333335
2025-10-17 14:00,24.0,0.3,1.16,26.2,2.3,1.74,25.0,2.3,,24.9,4.7,1.78,25.025,2.4,1.5599999999999998
2025-10-17 15:00,24.7,2.7,1.51,25.2,2.5,1.04,25.1,1.0,,23.8,5.2,1.1,24.7,2.85,1.2166666666666666
2025-10-17 16:00,23.8,2.8,0.48,24.5,2.0,0.46,24.3,1.0,,23.0,4.0,0.3,23.9,2.45,0.41333333333333333
2025-10-17 17:00,23.3,2.9,0.24,23.1,1.2,0.13,21.7,1.3,,21.0,1.8,0.06,22.275000000000002,1.7999999999999998,0.14333333333333334
2025-10-17 18:00,20.1,2.0,0.07,22.3,1.4,0.03,20.3,2.1,,20.7,2.8,0.02,20.85,2.075,0.04
2025-10-17 19:00,19.9,1.0,,20.9,0.7,,19.9,1.3,,20.9,4.0,,20.4,1.75,0.0
2025-10-17 20:00,19.6,1.2,,20.3,1.1,,19.5,1.9,,20.9,3.0,,20.075000000000003,1.7999999999999998,0.0
2025-10-17 21:00,19.7,0.8,,19.5,2.2,,19.3,1.9,,20.9,4.5,,19.85,2.35,0.0
2025-10-17 22:00,20.1,2.1,,19.5,2.6,,19.3,1.4,,21.2,3.9,,20.025000000000002,2.5,0.0
2025-10-17 23:00,20.4,2.4,,20.3,3.5,,18.9,3.5,,21.4,4.0,,20.25,3.35,0.0
2025-10-18 00:00,20.4,2.5,,19.8,3.0,,18.6,1.8,,21.7,2.3,,20.125,2.4,0.0
2025-10-18 01:00,20.4,2.7,,19.0,0.6,,18.4,2.0,,21.6,1.8,,19.85,1.7750000000000001,0.0
2025-10-18 02:00,20.8,1.4,,18.8,1.6,,18.3,3.0,,21.6,1.7,,19.875,1.925,0.0
2025-10-18 03:00,20.6,1.0,,18.7,1.6,,18.2,1.5,,22.3,3.3,,19.95,1.8499999999999999,0.0
2025-10-18 04:00,21.0,1.1,,18.6,1.8,,18.1,2.8,,22.4,3.5,,20.025,2.3,0.0
2025-10-18 05:00,20.4,1.1,,18.7,0.5,,18.1,2.4,,22.2,2.7,,19.849999999999998,1.675,0.0
2025-10-18 06:00,20.9,1.6,,18.7,0.6,,18.1,2.8,,22.1,3.7,,19.95,2.175,0.0
2025-10-18 07:00,20.6,1.9,0.07,18.2,3.7,0.0,17.4,3.8,,19.1,9.9,0.0,18.825,4.824999999999999,0.023333333333333334
2025-10-18 08:00,19.5,1.0,0.08,17.6,2.2,0.04,16.7,4.6,,18.7,9.1,0.06,18.125,4.225,0.06
2025-10-18 09:00,19.1,0.1,0.2,17.3,3.0,0.22,17.0,2.3,,18.6,8.8,0.18,18.0,3.5500000000000003,0.20000000000000004
2025-10-18 10:00,19.4,1.3,0.5,17.3,2.5,0.35,17.2,3.5,,19.1,8.6,0.31,18.25,3.9749999999999996,0.38666666666666666
2025-10-18 11:00,18.5,1.2,0.69,17.1,3.6,0.44,17.5,4.0,,19.3,8.7,0.83,18.1,4.375,0.6533333333333333
2025-10-18 12:00,18.1,1.3,0.37,17.1,3.6,0.5,17.9,4.4,,19.2,8.9,0.57,18.075,4.550000000000001,0.48
2025-10-18 13:00,18.3,1.7,0.62,17.5,2.9,0.39,18.2,3.7,,18.9,8.2,0.27,18.225,4.125,0.4266666666666667
2025-10-18 14:00,18.3,2.3,0.41,17.6,2.9,0.37,18.1,3.3,,19.1,9.3,0.52,18.275000000000002,4.45,0.43333333333333335
2025-10-18 15:00,18.0,2.7,0.41,18.1,2.4,0.56,18.4,4.1,,18.9,8.9,0.41,18.35,4.525,0.45999999999999996
2025-10-18 16:00,18.1,2.2,0.38,17.9,2.5,0.45,18.1,3.2,,18.6,9.5,0.38,18.175,4.35,0.4033333333333333
2025-10-18 17:00,17.8,2.2,0.23,17.4,2.1,0.25,17.2,2.8,,18.2,7.4,0.25,17.650000000000002,3.625,0.24333333333333332
2025-10-18 18:00,17.4,1.6,0.09,17.1,2.2,0.04,16.6,1.5,,17.8,6.2,0.06,17.225,2.875,0.06333333333333334
2025-10-18 19:00,16.9,1.8,,16.6,1.9,,15.8,2.2,,17.3,5.3,,16.65,2.8,0.0
2025-10-18 20:00,16.7,1.3,,15.8,2.3,,15.2,2.3,,17.1,5.3,,16.200000000000003,2.8,0.0
2025-10-18 21:00,16.2,1.4,,15.4,1.8,,14.5,1.9,,17.1,3.8,,15.8,2.2249999999999996,0.0
2025-10-18 22:00,16.6,0.7,,15.0,2.3,,14.5,2.6,,16.8,3.2,,15.725000000000001,2.2,0.0
2025-10-18 23:00,16.4,1.1,,14.7,2.0,,14.0,1.0,,16.6,3.2,,15.424999999999999,1.825,0.0
2025-10-19 00:00,16.5,0.9,,14.7,0.8,,13.9,0.8,,16.7,5.0,,15.45,1.875,0.0
2025-10-19 01:00,15.9,1.1,,15.0,0.8,,14.0,1.8,,16.5,4.0,,15.35,1.925,0.0
2025-10-19 02:00,16.0,0.3,,14.7,0.7,,13.9,0.9,,16.1,5.0,,15.175,1.725,0.0
2025-10-19 03:00,15.9,1.1,,14.3,0.7,,14.1,2.1,,15.8,2.6,,15.025000000000002,1.625,0.0
2025-10-19 04:00,15.9,0.8,,14.2,0.5,,14.2,1.1,,15.8,2.1,,15.024999999999999,1.125,0.0
2025-10-19 05:00,15.8,0.4,,13.8,1.1,,13.9,1.8,,16.1,2.5,,14.9,1.45,0.0
2025-10-19 06:00,15.6,0.8,,13.8,1.0,,13.7,0.9,,16.0,2.6,,14.774999999999999,1.3250000000000002,0.0
2025-10-19 07:00,15.4,1.1,0.07,14.1,0.1,0.0,14.4,1.6,,15.7,3.2,0.0,14.899999999999999,1.5,0.023333333333333334
2025-10-19 08:00,16.4,0.7,0.26,15.3,1.4,0.22,14.7,0.9,,16.2,1.3,0.15,15.649999999999999,1.075,0.21
2025-10-19 09:00,17.7,2.2,0.56,16.6,0.6,0.52,16.3,2.3,,17.4,2.4,0.35,17.0,1.875,0.47666666666666674
2025-10-19 10:00,18.4,1.6,0.81,17.2,1.0,0.82,17.9,1.1,,18.2,2.2,0.67,17.924999999999997,1.475,0.7666666666666666
2025-10-19 11:00,19.5,1.1,1.01,19.1,1.3,1.36,19.0,0.8,,19.1,0.9,0.9,19.175,1.0250000000000001,1.09
2025-10-19 12:00,20.3,0.6,1.7,20.8,0.9,1.81,19.7,1.8,,20.2,1.0,1.14,20.25,1.075,1.5499999999999998
2025-10-19 13:00,21.3,0.5,1.4,20.8,3.0,1.83,19.5,5.2,,20.5,2.4,1.18,20.525,2.775,1.47
2025-10-19 14:00,21.3,0.7,1.19,20.7,2.8,0.98,19.3,3.9,,19.6,7.1,1.14,20.225,3.625,1.1033333333333333
2025-10-19 15:00,20.2,1.8,0.96,20.0,4.0,0.98,20.2,4.0,,19.2,6.3,0.59,19.900000000000002,4.025,0.8433333333333333
2025-10-19 16:00,19.9,1.2,0.68,19.5,2.4,0.66,18.7,4.8,,18.5,8.2,0.34,19.15,4.1499999999999995,0.56
2025-10-19 17:00,18.8,1.4,0.38,19.0,1.1,0.35,18.0,3.9,,18.0,8.0,0.24,18.45,3.6,0.3233333333333333
2025-10-19 18:00,18.0,1.1,0.13,17.7,2.6,0.07,16.7,3.7,,17.6,7.5,0.04,17.5,3.725,0.08
2025-10-19 19:00,17.3,0.3,,17.2,2.6,,15.7,3.4,,17.2,7.3,,16.85,3.4,0.0
2025-10-19 20:00,17.1,1.3,,16.7,2.5,,14.8,3.5,,16.8,6.7,,16.349999999999998,3.5,0.0
2025-10-19 21:00,16.3,1.0,,15.5,2.9,,13.4,1.7,,16.7,6.7,,15.475000000000001,3.075,0.0
2025-10-19 22:00,15.3,1.4,,14.1,2.7,,12.3,1.7,,16.8,7.5,,14.625,3.325,0.0
2025-10-19 23:00,14.7,1.4,,13.1,2.7,,11.9,1.2,,16.4,4.9,,14.024999999999999,2.55,0.0
2025-10-20 00:00,14.0,1.5,,12.1,2.1,,11.3,2.3,,15.5,4.0,,13.225000000000001,2.475,0.0
2025-10-20 01:00,14.0,1.5,,11.5,2.4,,11.3,3.5,,15.5,5.8,,13.075,3.3,0.0
2025-10-20 02:00,12.8,1.7,,11.0,3.4,,10.4,2.9,,15.2,9.0,,12.350000000000001,4.25,0.0
2025-10-20 03:00,12.4,1.7,,10.2,3.7,,9.9,2.5,,14.5,8.6,,11.75,4.125,0.0
2025-10-20 04:00,11.3,1.7,,9.1,3.1,,8.9,1.9,,13.9,9.2,,10.799999999999999,3.9749999999999996,0.0
2025-10-20 05:00,10.4,1.9,,8.2,3.0,,7.9,2.0,,13.0,8.5,,9.875,3.85,0.0
2025-10-20 06:00,10.1,2.3,,7.7,2.1,,7.6,2.4,,11.4,7.3,,9.2,3.5250000000000004,0.0
2025-10-20 07:00,9.3,2.0,0.07,7.5,2.6,0.0,6.7,1.1,,10.4,6.8,0.0,8.475,3.125,0.023333333333333334
2025-10-20 08:00,9.7,2.6,0.38,8.5,2.9,0.32,8.3,2.6,,10.4,6.8,0.35,9.225,3.7249999999999996,0.3499999999999999
2025-10-20 09:00,11.4,1.7,1.21,9.9,2.2,0.95,10.0,2.5,,11.4,6.6,1.09,10.675,3.25,1.0833333333333333
2025-10-20 10:00,13.0,2.4,1.9,11.6,2.3,1.63,11.6,2.4,,12.5,8.7,1.78,12.175,3.9499999999999997,1.7699999999999998
2025-10-20 11:00,14.6,1.5,2.4,13.2,2.0,2.16,12.8,2.6,,13.6,6.7,2.32,13.549999999999999,3.2,2.2933333333333334
2025-10-20 12:00,16.1,2.1,2.71,15.0,2.6,2.47,14.2,3.5,,14.4,7.6,2.59,14.924999999999999,3.9499999999999997,2.59
2025-10-20 13:00,16.5,1.7,2.76,16.2,2.4,2.54,15.2,3.0,,14.9,8.8,2.64,15.700000000000001,3.975,2.6466666666666665
2025-10-20 14:00,17.4,1.9,2.57,17.0,2.6,2.37,16.8,2.5,,15.1,9.0,2.43,16.575,4.0,2.4566666666666666
2025-10-20 15:00,17.4,1.6,2.16,17.3,3.0,1.96,17.3,3.0,,15.1,8.5,2.1,16.775,4.025,2.0733333333333337
2025-10-20 16:00,17.6,1.6,1.55,17.4,2.4,1.38,17.1,2.9,,15.5,7.6,1.57,16.9,3.625,1.5
2025-10-20 17:00,15.9,2.7,0.79,16.1,3.0,0.68,15.6,3.4,,15.1,6.5,0.8,15.675,3.9,0.7566666666666668
2025-10-20 18:00,14.7,1.1,0.17,14.6,3.6,0.12,13.8,2.3,,14.6,6.6,0.17,14.424999999999999,3.4,0.15333333333333335
2025-10-20 19:00,13.5,0.7,,13.5,2.6,,12.9,1.9,,14.0,5.5,,13.475,2.675,0.0
2025-10-20 20:00,13.2,1.3,,12.7,2.0,,12.5,3.1,,12.9,3.7,,12.825,2.5250000000000004,0.0
2025-10-20 21:00,12.9,1.6,,12.7,2.7,,12.2,2.6,,12.8,2.9,,12.649999999999999,2.45,0.0
2025-10-20 22:00,12.3,1.4,,12.5,2.6,,12.0,1.7,,13.3,4.9,,12.524999999999999,2.6500000000000004,0.0
2025-10-20 23:00,12.1,1.8,,12.4,2.7,,12.1,2.1,,13.1,4.5,,12.425,2.775,0.0
2025-10-21 00:00,12.2,1.5,,12.4,2.3,,11.8,2.3,,12.8,5.8,,12.3,2.9749999999999996,0.0
2025-10-21 01:00,12.0,1.9,,12.0,1.8,,11.4,2.5,,12.5,5.6,,11.975,2.95,0.0
2025-10-21 02:00,12.0,1.1,,11.5,2.1,,11.0,2.5,,12.5,3.9,,11.75,2.4,0.0
2025-10-21 03:00,11.6,1.8,,11.0,2.1,,10.4,2.1,,12.6,5.8,,11.4,2.95,0.0
2025-10-21 04:00,11.7,1.5,,10.3,1.7,,10.0,1.5,,12.6,5.6,,11.15,2.575,0.0
2025-10-21 05:00,11.7,1.4,,9.9,2.0,,9.6,1.8,,12.5,5.7,,10.925,2.725,0.0
2025-10-21 06:00,11.6,1.8,,9.5,1.6,,9.3,1.4,,12.3,5.8,,10.675,2.6500000000000004,0.0
2025-10-21 07:00,11.5,1.0,0.07,9.4,1.8,0.0,9.2,1.0,,12.0,6.2,0.0,10.524999999999999,2.5,0.023333333333333334
2025-10-21 08:00,11.8,1.7,0.18,10.0,1.7,0.13,9.5,1.4,,11.9,5.5,0.11,10.8,2.575,0.13999999999999999
2025-10-21 09:00,12.5,2.1,0.33,11.1,1.7,0.47,10.4,1.7,,12.3,7.0,0.26,11.575,3.125,0.35333333333333333
2025-10-21 10:00,14.1,2.3,0.84,12.1,0.9,0.69,11.7,1.8,,12.5,6.8,0.45,12.6,2.95,0.6599999999999999
2025-10-21 11:00,14.6,1.0,1.01,13.6,1.7,1.1,13.2,3.1,,13.6,6.0,0.79,13.75,2.95,0.9666666666666668
2025-10-21 12:00,15.1,0.8,1.04,14.3,1.6,1.38,13.7,4.1,,14.1,6.4,0.84,14.299999999999999,3.225,1.0866666666666667
2025-10-21 13:00,15.5,0.7,1.0,15.4,1.9,1.5,14.3,3.9,,14.4,6.6,0.96,14.9,3.275,1.1533333333333333
2025-10-21 14:00,15.6,1.0,1.01,15.1,3.2,0.99,14.8,3.0,,14.8,7.7,1.02,15.075,3.725,1.0066666666666666
2025-10-21 15:00,16.0,1.0,1.22,15.3,2.4,0.85,15.0,2.3,,15.2,7.7,1.01,15.375,3.3499999999999996,1.0266666666666666
2025-10-21 16:00,16.0,1.6,0.81,14.8,2.7,0.48,15.2,1.6,,14.9,7.9,0.65,15.225,3.45,0.6466666666666666
2025-10-21 17:00,15.2,1.4,0.42,14.6,2.3,0.41,14.4,1.1,,14.6,8.1,0.36,14.7,3.2249999999999996,0.39666666666666667
2025-10-21 18:00,14.3,1.6,0.12,13.7,3.0,0.08,12.6,1.7,,14.3,8.9,0.06,13.725000000000001,3.8,0.08666666666666667
2025-10-21 19:00,13.5,1.5,,12.4,2.3,,11.7,0.9,,13.9,6.5,,12.874999999999998,2.8,0.0
2025-10-21 20:00,13.0,2.1,,11.6,3.0,,11.2,2.9,,13.3,5.1,,12.274999999999999,3.275,0.0
2025-10-21 21:00,12.6,1.8,,10.8,1.7,,10.3,2.8,,12.9,4.6,,11.65,2.7249999999999996,0.0
2025-10-21 22:00,12.1,2.3,,10.1,1.4,,8.9,0.5,,12.5,4.3,,10.9,2.125,0.0
2025-10-21 23:00,11.8,1.5,,9.5,1.1,,8.1,0.2,,12.2,4.8,,10.399999999999999,1.9,0.0
2025-10-22 00:00,11.2,1.5,,9.1,1.2,,7.8,0.7,,11.7,5.7,,9.95,2.2750000000000004,0.0
2025-10-22 01:00,10.8,2.7,,8.9,1.2,,7.8,0.5,,11.4,5.0,,9.725000000000001,2.35,0.0
2025-10-22 02:00,10.9,1.9,,8.4,1.4,,7.8,0.8,,11.1,5.2,,9.55,2.325,0.0
2025-10-22 03:00,10.7,0.9,,8.2,1.0,,7.9,2.1,,10.7,6.0,,9.375,2.5,0.0
2025-10-22 04:00,9.9,0.4,,7.5,0.5,,7.3,0.4,,10.3,5.9,,8.75,1.8,0.0
2025-10-22 05:00,9.7,0.9,,7.7,0.5,,8.5,1.5,,9.6,4.1,,8.875,1.75,0.0
2025-10-22 06:00,9.8,1.1,,7.7,0.2,,8.2,1.3,,9.8,5.0,,8.875,1.9,0.0
2025-10-22 07:00,9.9,1.4,0.07,7.2,0.0,0.0,8.1,2.5,,9.1,4.6,0.0,8.575000000000001,2.125,0.023333333333333334
2025-10-22 08:00,10.1,0.4,0.27,8.9,1.1,0.33,9.8,2.3,,9.6,4.6,0.23,9.6,2.0999999999999996,0.27666666666666667
2025-10-22 09:00,12.3,0.4,0.92,11.2,1.2,0.93,11.7,1.4,,11.4,3.2,0.85,11.65,1.55,0.9
2025-10-22 10:00,14.2,1.1,1.54,13.0,1.4,1.51,13.5,2.4,,12.9,5.0,1.41,13.4,2.475,1.4866666666666666
2025-10-22 11:00,16.1,0.9,2.3,15.4,1.8,2.02,15.4,2.7,,14.3,4.4,2.09,15.3,2.45,2.1366666666666667
2025-10-22 12:00,18.6,0.9,2.55,17.6,1.9,2.34,17.5,2.6,,15.9,4.0,2.56,17.400000000000002,2.35,2.483333333333333
2025-10-22 13:00,19.8,1.0,2.57,19.4,1.4,2.42,19.0,1.9,,17.0,4.4,2.62,18.8,2.175,2.5366666666666666
2025-10-22 14:00,20.8,1.1,2.46,21.0,1.5,2.26,19.8,2.7,,17.5,5.2,2.45,19.775,2.625,2.39
2025-10-22 15:00,21.5,1.4,2.05,21.5,1.9,1.89,20.5,3.1,,17.6,5.4,2.07,20.275,2.95,2.0033333333333334
2025-10-22 16:00,20.6,0.7,1.29,21.5,2.3,1.37,20.4,2.7,,17.3,5.0,1.48,19.95,2.675,1.3800000000000001
2025-10-22 17:00,19.6,1.3,0.66,19.8,2.0,0.48,19.4,2.4,,16.9,5.1,0.76,18.925,2.6999999999999997,0.6333333333333334
2025-10-22 18:00,18.4,0.8,0.19,18.6,2.3,0.05,17.5,2.1,,16.4,5.2,0.18,17.725,2.5999999999999996,0.13999999999999999
2025-10-22 19:00,17.2,0.5,,16.9,1.5,,15.8,1.8,,16.1,5.2,,16.5,2.25,0.0
2025-10-22 20:00,16.5,0.6,,16.5,1.8,,15.8,2.2,,16.0,4.1,,16.2,2.175,0.0
2025-10-22 21:00,15.9,0.1,,16.0,0.7,,15.4,2.4,,15.7,3.5,,15.75,1.6749999999999998,0.0
2025-10-22 22:00,16.1,1.1,,15.4,1.3,,15.0,2.3,,15.3,3.0,,15.45,1.925,0.0
2025-10-22 23:00,15.4,1.0,,14.5,1.5,,14.6,1.2,,14.9,2.6,,14.85,1.5750000000000002,0.0
2025-10-23 00:00,14.8,1.1,,14.0,1.5,,14.1,1.7,,15.0,2.3,,14.475,1.65,0.0
2025-10-23 01:00,14.2,0.9,,13.2,1.6,,13.9,1.1,,14.8,1.1,,14.024999999999999,1.175,0.0
2025-10-23 02:00,13.7,1.0,,12.6,1.6,,13.4,1.0,,14.5,1.9,,13.549999999999999,1.375,0.0
2025-10-23 03:00,13.6,0.9,,12.5,1.8,,13.6,1.2,,14.2,2.8,,13.475000000000001,1.675,0.0
2025-10-23 04:00,13.1,1.4,,11.9,1.6,,12.6,2.2,,13.8,2.9,,12.850000000000001,2.025,0.0
2025-10-23 05:00,13.3,0.3,,11.5,0.0,,12.1,2.3,,13.7,3.4,,12.649999999999999,1.5,0.0
2025-10-23 06:00,13.2,0.5,,11.5,0.6,,11.8,1.7,,14.2,1.9,,12.675,1.1749999999999998,0.0
2025-10-23 07:00,12.8,0.2,0.07,11.2,1.8,0.0,12.3,1.6,,13.8,2.7,0.0,12.524999999999999,1.5750000000000002,0.023333333333333334
2025-10-23 08:00,13.3,0.2,0.35,13.4,1.3,0.31,13.1,1.1,,14.7,2.8,0.29,13.625,1.35,0.31666666666666665
2025-10-23 09:00,16.0,0.8,1.01,15.9,0.9,0.86,14.9,1.6,,16.5,0.8,0.81,15.825,1.0250000000000001,0.8933333333333334
2025-10-23 10:00,18.3,0.6,1.76,18.6,0.5,1.54,16.8,1.7,,18.4,0.9,1.66,18.025,0.9249999999999999,1.6533333333333333
2025-10-23 11:00,19.7,0.4,2.01,19.8,1.2,2.06,18.6,1.9,,19.0,3.4,2.18,19.275,1.725,2.0833333333333335
2025-10-23 12:00,21.3,1.6,2.55,21.2,1.9,2.37,19.3,2.1,,19.7,3.6,2.48,20.375,2.3,2.466666666666667
2025-10-23 13:00,20.7,1.2,2.16,21.8,2.4,2.1,20.2,2.3,,19.9,4.7,2.55,20.65,2.65,2.27
2025-10-23 14:00,21.3,0.9,2.04,22.8,1.6,2.3,20.9,3.1,,20.0,4.6,2.41,21.25,2.55,2.25
2025-10-23 15:00,21.9,1.2,1.78,23.0,1.8,2.01,20.4,3.6,,19.8,5.0,2.05,21.275,2.9,1.9466666666666665
2025-10-23 16:00,21.4,1.1,1.54,21.8,2.0,1.43,19.5,4.1,,19.1,5.8,1.44,20.450000000000003,3.25,1.47
2025-10-23 17:00,19.8,1.4,0.74,20.9,2.2,0.62,18.6,4.0,,17.9,6.1,0.76,19.3,3.425,0.7066666666666667
2025-10-23 18:00,17.9,1.2,0.14,17.7,3.2,0.14,16.9,1.8,,17.0,6.8,0.17,17.375,3.25,0.15000000000000002
2025-10-23 19:00,16.9,0.8,,16.7,0.7,,15.6,0.9,,16.6,6.4,,16.45,2.2,0.0
2025-10-23 20:00,16.2,0.2,,16.1,1.2,,15.0,1.2,,16.3,4.7,,15.899999999999999,1.825,0.0
2025-10-23 21:00,15.4,0.2,,15.8,0.9,,15.0,1.2,,15.5,2.7,,15.425,1.25,0.0
2025-10-23 22:00,15.3,0.9,,15.1,1.0,,14.6,1.3,,14.9,1.8,,14.975,1.25,0.0
2025-10-23 23:00,14.9,0.8,,14.4,1.4,,14.2,1.3,,14.7,2.3,,14.55,1.45,0.0
2025-10-24 00:00,14.3,0.7,,13.8,1.3,,13.9,1.0,,14.5,1.0,,14.125,1.0,0.0
2025-10-24 01:00,14.3,0.7,,13.3,0.5,,12.4,1.3,,14.3,2.2,,13.575,1.175,0.0
2025-10-24 02:00,13.6,0.0,,13.0,1.4,,11.9,1.3,,14.3,2.6,,13.2,1.3250000000000002,0.0
2025-10-24 03:00,13.2,0.1,,12.4,1.0,,12.4,1.7,,14.1,2.6,,13.025,1.35,0.0
2025-10-24 04:00,12.9,0.1,,12.1,1.5,,12.4,1.0,,13.8,2.3,,12.8,1.225,0.0
2025-10-24 05:00,12.6,0.4,,11.7,0.7,,12.2,1.3,,13.7,3.6,,12.55,1.5,0.0
2025-10-24 06:00,12.3,0.1,,11.4,0.5,,12.1,1.9,,13.3,2.4,,12.275000000000002,1.225,0.0
2025-10-24 07:00,12.0,0.0,0.07,11.4,0.7,0.0,12.1,2.3,,13.6,3.7,0.0,12.275,1.675,0.023333333333333334
2025-10-24 08:00,12.7,1.1,0.36,12.8,0.4,0.29,13.1,0.8,,13.9,3.4,0.29,13.125,1.4249999999999998,0.3133333333333333
2025-10-24 09:00,15.3,0.7,1.12,14.7,1.1,0.9,13.9,2.2,,15.5,3.4,0.95,14.85,1.85,0.9899999999999999
2025-10-24 10:00,17.1,0.7,1.76,16.8,1.2,1.58,16.2,2.2,,16.5,1.6,1.61,16.650000000000002,1.4249999999999998,1.6500000000000001
2025-10-24 11:00,19.0,0.6,2.26,18.8,1.7,2.08,17.9,2.1,,18.0,2.4,2.12,18.424999999999997,1.7000000000000002,2.1533333333333333
2025-10-24 12:00,20.5,1.1,2.56,19.8,2.2,2.13,19.2,2.3,,18.9,2.6,2.44,19.6,2.05,2.3766666666666665
2025-10-24 13:00,21.9,1.7,2.64,21.6,2.0,2.44,20.3,2.8,,20.0,3.1,2.55,20.95,2.4,2.5433333333333334
2025-10-24 14:00,22.4,2.8,2.46,22.0,2.5,2.28,21.2,2.4,,20.2,4.6,2.38,21.45,3.0749999999999997,2.3733333333333335
2025-10-24 15:00,22.8,1.6,2.04,22.4,1.7,1.83,21.4,2.0,,20.3,4.5,1.99,21.724999999999998,2.45,1.9533333333333334
2025-10-24 16:00,22.4,1.1,1.4,22.4,2.5,1.41,19.6,4.2,,19.2,5.8,1.41,20.900000000000002,3.4000000000000004,1.4066666666666665
2025-10-24 17:00,20.6,0.8,0.72,20.8,2.7,0.72,19.0,2.3,,18.0,5.5,0.75,19.6,2.825,0.73
2025-10-24 18:00,19.1,1.4,0.17,18.9,2.4,0.1,16.9,1.7,,17.1,5.1,0.15,18.0,2.65,0.14
2025-10-24 19:00,17.7,0.7,,17.5,1.6,,15.5,1.9,,16.8,4.9,,16.875,2.275,0.0
2025-10-24 20:00,17.2,0.3,,16.3,2.6,,14.5,0.3,,16.9,4.9,,16.225,2.025,0.0
2025-10-24 21:00,17.0,0.6,,16.0,1.7,,13.9,0.5,,16.4,3.4,,15.825,1.5499999999999998,0.0
2025-10-24 22:00,16.5,0.5,,15.5,0.8,,13.8,0.3,,16.0,2.6,,15.45,1.05,0.0
2025-10-24 23:00,16.2,0.8,,15.0,0.9,,13.6,0.4,,15.2,2.6,,15.0,1.175,0.0
2025-10-25 00:00,16.1,0.6,,15.0,0.7,,13.4,0.6,,15.3,1.5,,14.95,0.85,0.0
2025-10-25 01:00,15.7,0.2,,15.0,0.7,,13.4,0.9,,15.3,2.4,,14.850000000000001,1.0499999999999998,0.0
2025-10-25 02:00,15.1,0.6,,14.8,1.1,,13.3,0.1,,15.4,2.8,,14.65,1.15,0.0
2025-10-25 03:00,15.3,0.5,,14.5,1.0,,12.9,0.0,,16.0,5.6,,14.675,1.775,0.0
2025-10-25 04:00,15.3,0.1,,14.6,0.4,,13.0,1.0,,15.7,3.0,,14.649999999999999,1.125,0.0
2025-10-25 05:00,15.0,0.6,,14.4,1.3,,12.5,1.1,,15.5,3.5,,14.35,1.625,0.0
2025-10-25 06:00,14.6,0.8,,13.9,1.4,,12.4,0.4,,15.1,2.6,,14.0,1.3,0.0
2025-10-25 07:00,14.5,0.9,0.07,13.9,0.5,0.0,12.5,0.4,,15.3,2.7,0.0,14.05,1.125,0.023333333333333334
2025-10-25 08:00,14.7,0.5,0.13,14.6,0.5,0.09,13.3,1.7,,15.8,2.7,0.13,14.599999999999998,1.35,0.11666666666666665
2025-10-25 09:00,15.7,0.5,0.44,15.5,0.7,0.42,14.5,1.6,,16.6,4.1,0.75,15.575000000000001,1.7249999999999999,0.5366666666666666
2025-10-25 10:00,16.3,0.3,0.5,16.2,2.4,0.94,16.0,1.5,,16.5,6.6,0.62,16.25,2.6999999999999997,0.6866666666666666
2025-10-25 11:00,18.3,0.8,1.34,16.8,2.0,0.84,17.6,2.0,,17.6,5.5,1.12,17.575000000000003,2.575,1.1
2025-10-25 12:00,18.2,0.7,1.47,18.2,2.0,1.21,17.6,1.6,,17.8,5.5,2.15,17.95,2.45,1.61
2025-10-25 13:00,20.0,1.0,2.02,18.3,2.7,1.76,19.0,3.2,,18.0,6.3,2.37,18.825,3.3,2.0500000000000003
2025-10-25 14:00,18.3,1.4,1.38,18.6,2.6,1.34,18.8,3.6,,17.3,8.0,2.22,18.25,3.9,1.6466666666666665
2025-10-25 15:00,19.7,1.4,1.85,18.7,1.5,1.04,18.7,4.4,,17.1,7.8,1.99,18.549999999999997,3.7750000000000004,1.6266666666666667
2025-10-25 16:00,19.5,1.2,1.39,18.9,4.1,1.31,18.2,3.2,,16.8,7.1,1.42,18.349999999999998,3.9,1.3733333333333333
2025-10-25 17:00,17.6,1.2,0.71,17.7,3.5,0.63,17.0,4.1,,16.1,6.5,0.75,17.1,3.825,0.6966666666666667
2025-10-25 18:00,16.3,1.2,0.15,16.1,3.1,0.06,15.0,1.9,,15.6,5.8,0.13,15.750000000000002,3.0,0.11333333333333333
2025-10-25 19:00,15.3,1.3,,14.8,1.4,,13.3,2.5,,15.3,6.3,,14.675,2.875,0.0
2025-10-25 20:00,14.1,1.5,,14.4,2.4,,12.7,1.6,,14.8,4.2,,14.0,2.425,0.0
2025-10-25 21:00,13.9,1.5,,13.1,2.0,,12.5,0.4,,14.3,4.8,,13.45,2.175,0.0
2025-10-25 22:00,13.3,1.3,,12.7,0.8,,12.2,0.6,,13.8,3.2,,13.0,1.475,0.0
2025-10-25 23:00,12.8,2.1,,12.4,1.7,,11.3,0.9,,13.7,3.0,,12.55,1.925,0.0
2025-10-26 00:00,13.1,1.4,,12.0,1.0,,11.2,1.1,,13.4,4.4,,12.424999999999999,1.975,0.0
2025-10-26 01:00,13.6,0.5,,12.0,0.5,,10.9,0.1,,14.1,4.6,,12.65,1.4249999999999998,0.0
2025-10-26 02:00,13.3,0.8,,11.9,1.4,,11.0,0.4,,13.8,5.1,,12.5,1.9249999999999998,0.0
2025-10-26 03:00,13.1,1.8,,11.8,1.0,,11.1,0.1,,14.1,4.9,,12.525,1.9500000000000002,0.0
2025-10-26 04:00,13.1,1.2,,11.7,0.3,,11.1,0.8,,14.4,4.6,,12.575,1.7249999999999999,0.0
2025-10-26 05:00,13.1,1.8,,11.8,0.4,,11.3,0.8,,14.5,4.6,,12.675,1.9,0.0
2025-10-26 06:00,13.2,0.6,,11.7,0.2,,11.4,0.9,,14.4,4.5,,12.674999999999999,1.55,0.0
2025-10-26 07:00,13.2,1.0,0.07,11.9,0.8,0.0,11.4,0.6,,14.3,4.0,0.0,12.7,1.6,0.023333333333333334
2025-10-26 08:00,13.4,2.0,0.17,12.4,0.7,0.08,11.5,1.7,,14.4,2.7,0.11,12.924999999999999,1.7750000000000001,0.12
2025-10-26 09:00,14.5,1.4,0.47,13.2,0.5,0.26,12.1,2.1,,14.8,3.9,0.32,13.649999999999999,1.975,0.35000000000000003
2025-10-26 10:00,16.1,1.5,1.32,13.9,0.8,0.4,13.0,1.5,,16.1,4.2,1.29,14.775,2.0,1.0033333333333334
2025-10-26 11:00,17.7,1.1,2.15,15.4,0.8,0.8,15.3,0.6,,17.1,5.9,2.03,16.375,2.1,1.6600000000000001
2025-10-26 12:00,19.0,1.7,2.46,16.4,3.1,1.08,17.3,2.8,,17.7,6.3,2.41,17.6,3.4749999999999996,1.9833333333333334
2025-10-26 13:00,19.2,1.8,2.53,18.0,2.2,2.32,16.7,3.3,,18.1,6.9,2.48,18.0,3.55,2.4433333333333334
2025-10-26 14:00,18.6,1.5,1.87,17.0,3.8,1.31,16.3,4.5,,15.8,4.9,0.72,16.925,3.6750000000000003,1.3
2025-10-26 15:00,16.1,1.3,0.81,16.2,2.7,0.46,16.1,3.9,,16.8,7.8,0.91,16.3,3.925,0.7266666666666667
2025-10-26 16:00,16.3,1.5,0.89,14.4,2.4,0.21,15.0,2.7,,16.2,7.3,0.96,15.475000000000001,3.4749999999999996,0.6866666666666666
2025-10-26 17:00,16.2,1.2,0.46,14.4,1.1,0.21,14.9,1.8,,15.7,5.4,0.29,15.3,2.375,0.32
2025-10-26 18:00,15.8,0.9,0.15,13.7,2.3,0.02,14.1,1.2,,15.5,4.5,0.05,14.775,2.2249999999999996,0.07333333333333332
2025-10-26 19:00,14.9,0.6,,13.3,0.0,,13.3,0.4,,15.4,3.3,,14.225,1.075,0.0
2025-10-26 20:00,14.5,0.7,,13.1,1.7,,12.8,0.3,,15.5,3.3,,13.975000000000001,1.5,0.0
2025-10-26 21:00,13.9,0.4,,12.6,1.2,,11.8,1.9,,15.5,3.5,,13.45,1.75,0.0
2025-10-26 22:00,13.8,0.6,,11.9,0.9,,12.3,1.9,,14.9,3.5,,13.225,1.725,0.0
2025-10-26 23:00,13.6,0.6,,11.8,1.9,,12.6,1.0,,14.5,2.7,,13.125,1.55,0.0
2025-10-27 00:00,13.0,0.7,,11.6,1.8,,13.0,3.6,,14.8,4.4,,13.100000000000001,2.625,0.0
2025-10-27 01:00,12.8,0.6,,11.8,0.2,,13.0,3.6,,13.9,4.5,,12.875,2.225,0.0
2025-10-27 02:00,12.7,0.5,,12.2,2.8,,12.2,2.9,,14.1,5.4,,12.799999999999999,2.9,0.0
2025-10-27 03:00,12.8,0.7,,10.8,1.2,,11.8,4.0,,14.2,6.4,,12.400000000000002,3.075,0.0
2025-10-27 04:00,12.4,1.0,,11.1,3.5,,11.2,3.6,,13.5,7.2,,12.05,3.825,0.0
2025-10-27 05:00,11.4,1.0,,9.8,2.0,,10.2,4.3,,13.0,7.5,,11.100000000000001,3.7,0.0
2025-10-27 06:00,11.1,0.9,,8.9,2.5,,8.9,2.8,,12.6,6.5,,10.375,3.175,0.0
2025-10-27 07:00,10.6,0.6,0.06,7.7,3.3,0.0,8.0,3.5,,12.4,8.3,0.0,9.675,3.9250000000000003,0.02
2025-10-27 08:00,10.8,1.2,0.22,8.0,4.0,0.26,8.2,3.6,,11.8,10.4,0.19,9.7,4.800000000000001,0.2233333333333333
2025-10-27 09:00,11.1,2.2,0.65,8.9,4.8,0.93,9.6,5.8,,12.0,8.0,0.86,10.4,5.2,0.8133333333333334
2025-10-27 10:00,11.7,4.0,1.71,10.2,3.4,1.58,10.4,7.2,,12.6,8.0,1.38,11.225,5.65,1.5566666666666666
2025-10-27 11:00,11.4,2.2,2.18,10.9,3.3,2.1,11.5,5.5,,12.3,10.0,1.53,11.524999999999999,5.25,1.9366666666666668
2025-10-27 12:00,12.1,3.5,2.63,11.7,4.6,2.42,12.2,5.3,,12.3,9.4,2.19,12.075,5.699999999999999,2.4133333333333336
2025-10-27 13:00,12.6,3.1,2.72,12.6,4.7,2.51,12.8,6.5,,12.3,9.3,2.34,12.575,5.9,2.5233333333333334
2025-10-27 14:00,12.8,3.1,2.51,13.3,2.1,2.33,12.7,7.1,,12.1,8.5,2.23,12.725,5.2,2.356666666666667
2025-10-27 15:00,13.1,3.5,2.09,13.3,4.4,1.94,12.5,6.1,,12.8,7.8,1.44,12.925,5.45,1.823333333333333
2025-10-27 16:00,12.9,2.5,1.45,12.9,4.4,1.32,12.6,4.7,,12.1,6.8,1.14,12.625,4.6000000000000005,1.3033333333333335
2025-10-27 17:00,11.8,2.1,0.75,12.0,4.2,0.71,11.4,5.8,,12.4,6.2,0.53,11.9,4.575,0.6633333333333333
2025-10-27 18:00,11.1,0.7,0.15,10.2,2.5,0.09,10.0,2.4,,11.9,4.7,0.11,10.799999999999999,2.575,0.11666666666666665
2025-10-27 19:00,10.2,0.9,,9.8,3.0,,8.7,1.3,,11.9,4.0,,10.15,2.3,0.0
2025-10-27 20:00,9.9,0.9,,8.7,1.4,,7.6,0.2,,11.1,2.1,,9.325000000000001,1.15,0.0
2025-10-27 21:00,9.1,0.8,,8.4,0.7,,7.4,0.6,,11.1,1.8,,9.0,0.9750000000000001,0.0
2025-10-27 22:00,8.6,0.5,,7.6,2.0,,7.7,0.6,,10.4,2.6,,8.575,1.425,0.0
2025-10-27 23:00,8.6,0.7,,7.2,1.7,,8.4,0.5,,10.6,1.8,,8.700000000000001,1.175,0.0
2025-10-28 00:00,7.9,1.1,,7.2,1.5,,7.1,0.9,,10.3,2.4,,8.125,1.475,0.0
2025-10-28 01:00,7.5,1.0,,6.4,2.1,,7.0,0.2,,10.3,2.4,,7.8,1.425,0.0
2025-10-28 02:00,7.1,0.3,,6.0,1.6,,7.0,1.9,,10.0,2.8,,7.525,1.65,0.0
2025-10-28 03:00,7.3,0.7,,5.9,1.1,,7.1,2.4,,9.7,3.0,,7.499999999999999,1.8,0.0
2025-10-28 04:00,7.4,0.7,,4.4,1.7,,6.8,1.2,,8.8,0.5,,6.8500000000000005,1.025,0.0
2025-10-28 05:00,6.8,0.9,,5.0,1.2,,6.4,1.1,,9.5,1.6,,6.925000000000001,1.2000000000000002,0.0
2025-10-28 06:00,6.9,1.9,,4.8,1.5,,6.7,1.7,,9.2,2.2,,6.8999999999999995,1.825,0.0
2025-10-28 07:00,6.4,1.5,0.06,4.0,2.0,0.0,6.2,0.9,,8.4,2.0,0.0,6.25,1.6,0.02
2025-10-28 08:00,8.1,1.4,0.33,6.9,1.3,0.25,7.6,0.8,,9.6,2.2,0.28,8.05,1.425,0.2866666666666667
2025-10-28 09:00,10.3,1.7,1.14,8.9,1.1,0.91,9.8,1.2,,10.9,2.6,0.94,9.975000000000001,1.65,0.9966666666666666
2025-10-28 10:00,12.2,1.9,1.8,11.2,1.4,1.55,10.8,1.3,,12.4,2.5,1.68,11.65,1.775,1.6766666666666667
2025-10-28 11:00,13.9,3.0,2.31,11.9,2.2,2.06,12.0,1.9,,13.2,4.9,2.2,12.75,3.0,2.19
2025-10-28 12:00,14.7,3.4,2.61,12.9,2.4,2.35,13.1,2.3,,13.8,7.4,2.55,13.625,3.875,2.5033333333333334
2025-10-28 13:00,15.1,3.4,2.66,14.5,2.5,2.43,13.7,2.1,,14.1,6.6,2.61,14.35,3.65,2.5666666666666664
2025-10-28 14:00,14.6,3.6,2.48,14.7,2.3,2.26,14.8,2.0,,14.4,6.4,2.46,14.624999999999998,3.575,2.4
2025-10-28 15:00,14.9,4.5,2.06,14.8,3.3,1.9,14.6,1.9,,14.6,5.8,2.03,14.725000000000001,3.875,1.9966666666666668
2025-10-28 16:00,14.7,2.3,1.44,14.5,3.5,1.33,14.3,3.3,,14.6,6.2,1.44,14.525,3.825,1.4033333333333333
2025-10-28 17:00,13.7,2.5,0.73,13.2,2.9,0.65,13.5,2.5,,13.7,5.3,0.74,13.524999999999999,3.3,0.7066666666666667
2025-10-28 18:00,12.2,1.9,0.15,11.5,1.8,0.08,11.6,0.2,,12.8,4.2,0.11,12.024999999999999,2.0250000000000004,0.11333333333333333
2025-10-28 19:00,10.8,1.2,,10.3,1.8,,9.8,0.9,,12.1,3.2,,10.75,1.775,0.0
2025-10-28 20:00,10.1,0.9,,9.1,1.9,,9.4,1.0,,11.1,3.2,,9.925,1.75,0.0
2025-10-28 21:00,9.3,0.9,,7.8,2.1,,9.5,0.9,,10.6,3.0,,9.3,1.725,0.0
2025-10-28 22:00,8.8,1.1,,7.4,1.6,,7.9,0.6,,9.9,2.8,,8.5,1.525,0.0
2025-10-28 23:00,8.7,0.6,,6.5,1.7,,7.1,0.0,,9.8,2.5,,8.024999999999999,1.2,0.0
2025-10-29 00:00,7.9,0.5,,6.0,1.6,,6.3,0.5,,8.9,1.4,,7.275,1.0,0.0
2025-10-29 01:00,7.4,0.2,,5.4,1.6,,5.5,0.2,,8.5,2.9,,6.7,1.225,0.0
2025-10-29 02:00,6.9,0.5,,5.4,1.5,,4.9,1.2,,8.8,1.4,,6.500000000000001,1.15,0.0
2025-10-29 03:00,6.5,0.7,,4.7,1.6,,4.7,0.6,,7.3,2.2,,5.8,1.275,0.0
2025-10-29 04:00,6.1,0.1,,4.7,2.3,,4.6,0.7,,6.7,2.5,,5.525,1.4,0.0
2025-10-29 05:00,5.6,0.5,,4.6,2.3,,4.1,0.1,,6.9,2.1,,5.3,1.25,0.0
2025-10-29 06:00,5.5,0.0,,4.4,2.3,,4.0,0.7,,7.1,2.6,,5.25,1.4,0.0
2025-10-29 07:00,5.6,0.2,0.06,4.2,2.1,0.0,3.9,0.8,,7.2,2.4,0.0,5.2250000000000005,1.375,0.02
2025-10-29 08:00,6.6,0.1,0.32,6.7,1.3,0.23,5.4,0.6,,8.6,2.1,0.26,6.825000000000001,1.025,0.27
2025-10-29 09:00,8.7,1.1,1.08,8.7,0.7,0.84,8.4,2.5,,10.0,2.0,0.9,8.95,1.575,0.94
2025-10-29 10:00,12.3,1.2,1.74,12.9,1.0,1.47,10.7,2.9,,12.3,2.8,1.65,12.05,1.9749999999999999,1.6199999999999999
2025-10-29 11:00,14.2,0.8,2.25,15.0,0.9,1.96,14.4,2.1,,14.7,1.4,2.19,14.575,1.3,2.1333333333333333
2025-10-29 12:00,15.4,1.3,2.54,16.4,1.3,2.25,15.5,2.3,,15.9,3.6,2.51,15.799999999999999,2.125,2.433333333333333
2025-10-29 13:00,16.8,0.7,2.56,18.2,1.2,2.35,16.4,2.4,,17.3,2.9,2.58,17.175,1.7999999999999998,2.4966666666666666
2025-10-29 14:00,17.8,0.3,2.37,18.3,2.1,2.2,17.3,2.0,,17.4,1.3,2.43,17.700000000000003,1.425,2.3333333333333335
2025-10-29 15:00,18.4,1.5,1.96,18.9,2.1,1.81,17.2,2.6,,18.6,2.0,1.99,18.275,2.05,1.92
2025-10-29 16:00,17.6,0.7,1.36,18.8,0.9,1.24,17.0,2.2,,17.9,2.4,1.39,17.825000000000003,1.55,1.33
2025-10-29 17:00,16.1,0.9,0.69,17.1,1.9,0.6,16.0,1.4,,16.6,2.5,0.69,16.450000000000003,1.6749999999999998,0.66
2025-10-29 18:00,14.5,0.8,0.12,14.6,1.6,0.08,14.1,0.8,,14.8,0.4,0.1,14.5,0.9,0.10000000000000002
2025-10-29 19:00,13.2,0.7,,12.9,1.6,,12.2,1.4,,14.4,1.2,,13.174999999999999,1.2249999999999999,0.0
2025-10-29 20:00,12.2,0.9,,11.3,2.5,,10.4,0.8,,13.9,0.0,,11.95,1.05,0.0
2025-10-29 21:00,11.2,0.8,,10.2,2.3,,9.3,0.6,,13.1,1.3,,10.95,1.25,0.0
2025-10-29 22:00,10.3,0.5,,9.6,1.9,,8.8,0.7,,12.7,1.5,,10.35,1.15,0.0
2025-10-29 23:00,10.0,0.1,,9.0,2.1,,8.4,0.4,,11.6,2.5,,9.75,1.275,0.0
2025-10-30 00:00,9.9,0.9,,8.5,2.3,,7.8,0.7,,11.6,2.9,,9.45,1.6999999999999997,0.0
2025-10-30 01:00,9.0,0.4,,7.7,1.9,,7.1,1.1,,10.8,3.1,,8.649999999999999,1.625,0.0
2025-10-30 02:00,8.5,0.5,,7.1,2.3,,7.0,0.9,,10.8,4.0,,8.350000000000001,1.9249999999999998,0.0
2025-10-30 03:00,7.8,0.8,,6.9,2.3,,6.5,0.0,,10.3,1.5,,7.875,1.15,0.0
2025-10-30 04:00,7.2,0.8,,6.7,2.3,,5.9,0.3,,9.7,2.8,,7.375,1.5499999999999998,0.0
2025-10-30 05:00,7.5,0.1,,6.1,1.5,,5.8,0.3,,9.6,1.5,,7.25,0.8500000000000001,0.0
2025-10-30 06:00,7.0,0.3,,5.6,2.2,,5.5,0.5,,9.5,1.4,,6.9,1.1,0.0
2025-10-30 07:00,6.7,0.5,0.06,6.1,2.8,0.0,5.3,1.0,,9.5,2.5,0.0,6.9,1.7,0.02
2025-10-30 08:00,7.8,0.7,0.31,8.5,2.4,0.23,6.8,0.0,,10.5,2.1,0.22,8.4,1.2999999999999998,0.25333333333333335
2025-10-30 09:00,10.7,1.0,1.07,11.5,1.3,0.87,9.8,1.7,,12.1,1.6,0.84,11.025,1.4,0.9266666666666666
2025-10-30 10:00,13.3,0.7,1.77,13.6,1.3,1.28,11.5,1.4,,14.8,2.3,1.48,13.3,1.4249999999999998,1.5099999999999998
2025-10-30 11:00,15.5,0.1,1.71,15.5,1.1,1.31,13.5,2.9,,17.4,1.5,2.21,15.475,1.4,1.7433333333333334
2025-10-30 12:00,16.7,1.1,1.88,16.9,1.5,1.64,14.6,2.1,,17.9,1.7,1.82,16.525,1.6,1.78
2025-10-30 13:00,17.3,0.8,1.72,17.9,1.6,1.77,16.3,2.5,,18.0,1.9,1.57,17.375,1.7000000000000002,1.6866666666666668
2025-10-30 14:00,17.6,1.1,1.4,18.1,1.3,1.37,16.9,1.9,,18.0,1.5,1.18,17.65,1.4500000000000002,1.3166666666666667
2025-10-30 15:00,17.3,1.4,1.08,18.2,0.0,0.93,16.6,1.6,,17.6,2.9,0.98,17.425,1.475,0.9966666666666667
2025-10-30 16:00,16.7,1.3,0.74,17.3,1.4,0.55,16.1,1.4,,17.3,1.4,0.69,16.85,1.375,0.66
2025-10-30 17:00,15.8,0.9,0.4,16.1,1.8,0.36,15.3,0.9,,16.7,0.9,0.29,15.975000000000001,1.125,0.35000000000000003
2025-10-30 18:00,14.7,1.0,0.11,14.7,0.1,0.04,14.0,0.8,,15.8,1.9,0.05,14.8,0.95,0.06666666666666667
2025-10-30 19:00,14.4,1.0,,13.8,1.4,,12.6,1.5,,15.5,1.4,,14.075000000000001,1.325,0.0
2025-10-30 20:00,13.7,0.8,,12.5,1.4,,11.5,1.0,,14.4,1.8,,13.025,1.25,0.0
2025-10-30 21:00,13.3,0.8,,11.4,1.8,,11.5,1.0,,14.0,1.1,,12.55,1.175,0.0
2025-10-30 22:00,13.0,0.8,,10.7,1.9,,10.5,0.1,,13.8,0.5,,12.0,0.8250000000000001,0.0
2025-10-30 23:00,12.6,0.7,,10.4,1.6,,10.0,1.4,,13.4,2.0,,11.6,1.4249999999999998,0.0
2025-10-31 00:00,11.9,0.7,,10.1,1.1,,10.5,1.3,,13.2,0.8,,11.425,0.9750000000000001,0.0
2025-10-31 01:00,10.9,0.8,,9.8,1.5,,9.4,0.8,,12.6,0.9,,10.675,0.9999999999999999,0.0
2025-10-31 02:00,10.6,0.2,,9.0,2.0,,8.3,0.0,,12.3,1.6,,10.05,0.9500000000000001,0.0
2025-10-31 03:00,9.9,0.4,,8.4,1.7,,8.0,0.6,,11.9,1.5,,9.55,1.05,0.0
2025-10-31 04:00,9.4,0.8,,8.0,1.2,,10.1,1.3,,11.3,2.2,,9.7,1.375,0.0
2025-10-31 05:00,9.1,0.4,,7.7,1.4,,8.5,1.5,,11.2,1.9,,9.125,1.2999999999999998,0.0
2025-10-31 06:00,8.5,0.0,,7.0,1.5,,9.1,2.3,,11.0,2.4,,8.9,1.5499999999999998,0.0
2025-10-31 07:00,8.0,0.4,0.06,7.2,0.8,0.0,9.6,1.7,,10.6,1.3,0.0,8.85,1.05,0.02
2025-10-31 08:00,9.0,0.0,0.27,9.1,1.6,0.19,10.8,2.7,,11.1,1.0,0.22,10.0,1.3250000000000002,0.22666666666666668
2025-10-31 09:00,11.5,0.3,1.0,11.6,1.0,0.79,12.6,1.2,,12.7,1.2,0.84,12.100000000000001,0.925,0.8766666666666666
2025-10-31 10:00,13.5,0.6,1.62,14.1,0.8,1.39,13.4,2.3,,14.7,1.3,1.59,13.925,1.25,1.5333333333333332
2025-10-31 11:00,16.3,0.6,2.13,16.3,1.8,1.87,15.2,2.7,,15.9,2.6,2.08,15.924999999999999,1.9249999999999998,2.026666666666667
2025-10-31 12:00,18.6,0.5,2.43,18.5,1.0,2.18,17.4,1.2,,16.6,3.2,2.39,17.775,1.475,2.3333333333333335
2025-10-31 13:00,19.2,1.0,2.47,20.5,1.6,2.25,18.3,5.1,,18.0,4.0,2.44,19.0,2.925,2.3866666666666667
2025-10-31 14:00,20.0,1.2,2.29,19.9,3.7,2.05,18.2,3.2,,18.3,4.9,2.26,19.099999999999998,3.2500000000000004,2.1999999999999997
2025-10-31 15:00,20.7,0.6,1.85,20.7,2.5,1.69,17.5,4.3,,18.5,4.6,1.87,19.35,3.0,1.8033333333333335
2025-10-31 16:00,19.7,1.1,1.23,19.9,2.8,1.13,16.7,4.6,,18.2,3.7,1.3,18.625,3.05,1.22
2025-10-31 17:00,18.3,1.3,0.57,17.5,2.8,0.48,15.9,3.0,,17.0,4.5,0.61,17.174999999999997,2.9,0.5533333333333332
2025-10-31 18:00,16.5,0.9,0.11,15.1,2.8,0.05,15.0,2.5,,15.4,3.9,0.08,15.5,2.525,0.08
2025-10-31 19:00,14.9,1.1,,14.2,1.5,,14.9,2.8,,15.0,2.4,,14.75,1.9500000000000002,0.0
2025-10-31 20:00,14.7,0.8,,14.1,1.4,,14.8,1.4,,15.5,2.6,,14.774999999999999,1.55,0.0
2025-10-31 21:00,14.7,0.6,,14.2,1.1,,15.0,1.2,,16.0,2.5,,14.975,1.35,0.0
2025-10-31 22:00,14.2,0.8,,14.0,1.4,,14.8,0.2,,16.0,3.3,,14.75,1.425,0.0
2025-10-31 23:00,13.4,1.6,,13.5,1.4,,14.8,1.6,,16.0,3.7,,14.425,2.075,0.0
2025-11-01 01:00,11.9,0.5,,12.8,1.0,,12.6,1.2,,14.1,3.7,,12.850000000000001,1.6,0.0
2025-11-01 02:00,12.0,1.1,,12.3,1.4,,11.8,0.9,,14.4,5.1,,12.625,2.125,0.0
2025-11-01 03:00,12.3,0.7,,12.3,1.8,,11.2,0.6,,14.5,4.8,,12.575,1.975,0.0
2025-11-01 04:00,12.2,0.5,,12.1,1.7,,11.6,1.8,,13.4,4.9,,12.325,2.225,0.0
2025-11-01 05:00,12.4,0.7,,11.8,2.1,,11.6,3.5,,13.7,5.5,,12.375,2.95,0.0
2025-11-01 06:00,12.2,0.9,,11.6,2.4,,10.8,2.4,,13.5,4.7,,12.024999999999999,2.5999999999999996,0.0
2025-11-01 07:00,11.4,0.4,0.06,11.0,1.1,0.0,9.8,0.5,,13.4,4.1,0.0,11.4,1.525,0.02
2025-11-01 08:00,11.6,0.8,0.26,12.4,1.1,0.2,10.8,1.0,,14.2,4.6,0.22,12.25,1.875,0.22666666666666668
2025-11-01 09:00,13.8,0.8,0.96,14.3,0.4,0.72,14.0,3.2,,15.4,6.1,0.8,14.375,2.625,0.8266666666666667
2025-11-01 10:00,15.3,0.8,1.35,14.7,3.0,1.38,15.4,6.0,,16.2,7.0,1.47,15.399999999999999,4.2,1.4000000000000001
2025-11-01 11:00,16.0,2.2,1.36,16.3,6.8,1.88,16.2,6.2,,16.3,6.4,2.03,16.2,5.4,1.7566666666666666
2025-11-01 12:00,16.1,2.6,1.42,16.2,4.7,2.0,16.5,6.8,,16.6,6.4,2.24,16.35,5.125,1.8866666666666667
2025-11-01 13:00,16.5,2.5,1.57,15.8,4.9,1.9,16.5,6.6,,17.0,6.4,2.46,16.45,5.1,1.9766666666666666
2025-11-01 14:00,16.1,2.7,1.12,17.1,5.4,2.22,16.4,5.0,,16.7,8.5,2.32,16.575,5.4,1.8866666666666667
2025-11-01 15:00,16.7,1.3,1.42,16.9,3.6,1.57,16.1,5.4,,17.0,6.8,2.08,16.674999999999997,4.275,1.6900000000000002
2025-11-01 16:00,16.0,2.1,0.9,16.4,3.7,1.15,15.4,5.7,,16.4,7.5,1.24,16.049999999999997,4.75,1.0966666666666667
2025-11-01 17:00,15.4,0.7,0.56,15.3,3.3,0.57,14.6,3.2,,15.8,7.6,0.56,15.275000000000002,3.7,0.5633333333333334
2025-11-01 18:00,14.7,1.1,0.13,14.2,2.8,0.03,13.5,2.0,,15.0,5.4,0.08,14.35,2.825,0.08
2025-11-01 19:00,14.1,0.7,,13.7,2.7,,14.2,4.4,,14.6,3.5,,14.15,2.825,0.0
2025-11-01 20:00,13.5,1.0,,12.9,1.7,,14.1,3.9,,14.9,3.4,,13.85,2.5,0.0
2025-11-01 21:00,13.1,1.2,,12.6,1.5,,14.1,2.9,,14.8,3.3,,13.649999999999999,2.2249999999999996,0.0
2025-11-01 22:00,12.5,2.1,,12.8,2.2,,14.8,4.0,,14.9,3.4,,13.75,2.9250000000000003,0.0
2025-11-01 23:00,11.7,1.4,,12.3,1.8,,14.9,3.8,,14.7,3.3,,13.399999999999999,2.575,0.0
2025-11-02 00:00,11.5,1.4,,11.9,1.9,,15.6,6.2,,14.9,2.9,,13.475,3.1,0.0
2025-11-02 01:00,10.8,1.3,,12.4,1.6,,11.6,1.8,,15.4,3.6,,12.55,2.075,0.0
2025-11-02 02:00,11.0,1.5,,10.5,1.0,,11.6,0.6,,15.1,3.1,,12.05,1.55,0.0
2025-11-02 03:00,11.2,2.0,,10.8,0.9,,10.5,1.4,,15.6,4.1,,12.025,2.0999999999999996,0.0
2025-11-02 04:00,11.1,0.7,,10.8,0.9,,10.7,2.3,,15.0,4.2,,11.899999999999999,2.025,0.0
2025-11-02 05:00,11.1,0.6,,10.4,1.2,,10.0,2.2,,12.9,2.8,,11.1,1.7,0.0
2025-11-02 06:00,11.0,0.5,,9.8,1.7,,9.5,1.4,,12.8,0.2,,10.775,0.9500000000000001,0.0
2025-11-02 07:00,10.7,0.9,0.06,9.8,1.2,0.0,9.0,0.3,,13.1,1.0,0.0,10.65,0.85,0.02
2025-11-02 08:00,11.1,0.5,0.26,11.1,0.8,0.18,11.6,3.2,,13.5,3.3,0.18,11.825,1.95,0.20666666666666667
2025-11-02 09:00,12.8,0.7,0.88,12.9,3.3,0.73,13.4,6.6,,15.0,4.6,0.78,13.525,3.8,0.7966666666666665
2025-11-02 10:00,14.8,1.6,1.61,14.0,2.2,1.16,13.9,9.0,,15.5,7.0,1.42,14.55,4.95,1.3966666666666665
2025-11-02 11:00,15.4,2.1,1.71,13.7,5.7,1.59,13.6,8.8,,15.3,9.5,1.56,14.5,6.525,1.6199999999999999
2025-11-02 12:00,15.5,2.2,2.01,13.8,7.9,2.13,12.8,10.3,,14.9,10.0,2.22,14.25,7.6000000000000005,2.1199999999999997
2025-11-02 13:00,15.0,2.6,2.53,13.1,6.1,2.26,12.5,10.1,,14.1,11.0,2.4,13.675,7.449999999999999,2.3966666666666665
2025-11-02 14:00,14.0,2.9,2.47,13.4,5.6,2.21,12.2,9.3,,13.3,9.5,1.76,13.224999999999998,6.825,2.1466666666666665
2025-11-02 15:00,13.5,2.5,1.97,12.3,4.3,1.66,12.2,7.1,,13.1,9.5,1.93,12.775,5.85,1.8533333333333333
2025-11-02 16:00,12.4,3.6,1.42,11.0,6.0,0.55,11.7,8.0,,12.2,9.9,1.47,11.825,6.875,1.1466666666666667
2025-11-02 17:00,11.0,2.9,0.53,10.6,4.0,0.34,10.4,7.3,,11.3,8.4,0.51,10.825,5.65,0.46
2025-11-02 18:00,10.5,1.7,0.1,9.6,3.8,0.05,10.0,6.6,,11.1,10.0,0.05,10.3,5.525,0.06666666666666667
2025-11-02 19:00,10.3,1.6,,9.3,3.8,,9.4,6.8,,10.8,10.8,,9.95,5.75,0.0
2025-11-02 20:00,10.0,1.7,,9.0,4.4,,8.8,4.9,,10.9,7.7,,9.675,4.675,0.0
2025-11-02 21:00,9.5,1.8,,8.2,3.9,,8.7,5.3,,10.2,10.3,,9.149999999999999,5.325,0.0
2025-11-02 22:00,9.2,1.7,,6.9,2.9,,7.6,5.1,,10.3,10.1,,8.5,4.949999999999999,0.0
2025-11-02 23:00,9.0,0.9,,6.1,1.8,,6.6,3.1,,10.2,10.2,,7.975,4.0,0.0
2025-11-03 00:00,8.8,2.7,,5.3,1.9,,5.3,1.2,,9.9,9.0,,7.325000000000001,3.7,0.0
2025-11-03 01:00,7.8,2.4,,4.6,2.5,,4.9,2.2,,10.1,7.3,,6.85,3.6,0.0
2025-11-03 02:00,7.1,2.0,,4.2,1.9,,4.3,1.1,,9.9,10.0,,6.375,3.75,0.0
2025-11-03 03:00,5.9,2.4,,3.6,2.5,,4.0,2.2,,9.1,7.9,,5.65,3.75,0.0
2025-11-03 04:00,5.1,2.7,,2.8,2.3,,3.6,1.8,,8.5,6.4,,5.0,3.3,0.0
2025-11-03 05:00,4.6,2.5,,1.9,1.8,,2.7,1.0,,6.4,2.4,,3.9,1.9249999999999998,0.0
2025-11-03 06:00,3.9,1.6,,1.2,1.6,,2.0,1.3,,5.2,2.3,,3.075,1.7,0.0
2025-11-03 07:00,3.2,1.4,0.06,1.2,0.4,0.0,1.6,1.8,,4.7,1.9,0.0,2.675,1.375,0.02
2025-11-03 08:00,4.0,1.7,0.25,3.3,0.6,0.19,2.4,1.4,,5.1,2.3,0.22,3.6999999999999997,1.5,0.22
2025-11-03 09:00,6.3,1.0,1.05,4.8,1.4,0.82,5.2,2.3,,6.6,4.1,0.88,5.725,2.1999999999999997,0.9166666666666666
2025-11-03 10:00,7.9,1.2,1.72,6.9,1.7,1.45,6.3,2.0,,7.6,6.0,1.65,7.175000000000001,2.725,1.6066666666666667
2025-11-03 11:00,9.3,1.0,2.21,8.3,1.6,1.95,8.1,1.7,,8.7,4.4,2.17,8.600000000000001,2.175,2.11
2025-11-03 12:00,10.9,1.0,2.49,10.0,1.5,2.23,9.8,2.5,,10.0,3.3,2.48,10.175,2.075,2.4000000000000004
2025-11-03 13:00,12.9,1.1,2.53,11.8,1.5,2.32,11.0,2.6,,10.9,3.6,2.53,11.65,2.2,2.4599999999999995
2025-11-03 14:00,12.9,0.8,2.33,13.0,2.1,2.15,12.1,3.5,,11.8,3.2,2.35,12.45,2.4000000000000004,2.276666666666667
2025-11-03 15:00,14.1,0.9,1.91,13.9,2.0,1.77,13.1,2.1,,12.1,3.5,1.95,13.3,2.125,1.8766666666666667
2025-11-03 16:00,14.5,1.0,1.3,13.9,1.4,1.21,13.0,2.6,,11.8,4.0,1.36,13.3,2.25,1.29
2025-11-03 17:00,13.1,0.7,0.62,12.4,1.9,0.56,11.1,2.7,,11.2,4.2,0.67,11.95,2.375,0.6166666666666667
2025-11-03 18:00,12.5,1.0,0.11,10.5,1.6,0.05,9.4,1.0,,10.1,4.6,0.08,10.625,2.05,0.08
2025-11-03 19:00,11.0,0.9,,9.5,1.5,,7.6,0.4,,9.4,3.4,,9.375,1.5499999999999998,0.0
2025-11-03 20:00,10.0,0.3,,8.6,1.1,,6.9,0.1,,8.9,2.9,,8.6,1.1,0.0
2025-11-03 21:00,9.7,1.2,,7.7,1.8,,5.8,1.2,,8.6,2.5,,7.949999999999999,1.675,0.0
2025-11-03 22:00,8.8,0.4,,6.9,1.7,,5.3,1.7,,8.5,0.4,,7.375,1.05,0.0
2025-11-03 23:00,8.9,0.6,,6.4,1.1,,5.3,0.9,,8.6,1.4,,7.300000000000001,1.0,0.0
2025-11-04 00:00,8.0,0.7,,6.0,1.6,,5.5,0.4,,8.7,2.4,,7.05,1.275,0.0
2025-11-04 01:00,8.2,0.4,,6.3,1.1,,6.0,1.1,,8.9,2.7,,7.35,1.3250000000000002,0.0
2025-11-04 02:00,8.2,0.3,,6.1,1.6,,5.5,0.1,,9.1,0.6,,7.225,0.65,0.0
2025-11-04 03:00,8.4,0.3,,5.3,1.4,,4.8,1.0,,9.0,0.4,,6.875,0.775,0.0
2025-11-04 04:00,7.7,0.6,,5.8,1.8,,5.0,1.0,,9.1,0.9,,6.9,1.075,0.0
2025-11-04 05:00,7.9,0.8,,5.8,1.3,,5.4,0.5,,8.6,0.8,,6.925000000000001,0.8500000000000001,0.0
2025-11-04 06:00,7.9,0.5,,5.8,1.2,,5.1,0.5,,8.5,0.5,,6.824999999999999,0.675,0.0
2025-11-04 07:00,7.5,0.5,0.06,5.7,1.4,0.0,5.0,0.6,,8.5,1.4,0.0,6.675,0.975,0.02
2025-11-04 08:00,8.1,0.3,0.24,7.4,0.8,0.16,6.3,0.7,,9.0,1.7,0.14,7.7,0.875,0.18000000000000002
2025-11-04 09:00,9.7,0.3,0.76,9.5,0.4,0.63,9.7,1.2,,11.1,1.2,0.75,10.0,0.7749999999999999,0.7133333333333334
2025-11-04 10:00,11.7,0.9,1.15,13.1,0.9,1.13,11.8,1.6,,13.2,1.6,1.39,12.45,1.25,1.2233333333333334
2025-11-04 11:00,14.6,0.5,2.17,14.8,2.1,1.84,13.0,1.4,,13.6,2.2,1.36,14.0,1.55,1.79
2025-11-04 12:00,16.1,0.9,2.33,15.8,2.6,2.05,14.3,2.7,,14.4,2.1,1.45,15.15,2.075,1.9433333333333334
2025-11-04 13:00,18.4,0.9,2.32,17.0,2.0,2.21,15.8,2.3,,15.6,2.5,1.93,16.7,1.9249999999999998,2.153333333333333
2025-11-04 14:00,18.6,1.1,2.13,18.1,1.5,2.05,16.0,2.4,,16.3,2.5,2.33,17.25,1.875,2.17
2025-11-04 15:00,18.7,1.3,1.76,18.3,2.3,1.7,15.5,3.1,,15.9,3.6,1.57,17.1,2.5749999999999997,1.6766666666666667
2025-11-04 16:00,18.4,1.0,1.08,17.9,2.2,1.13,15.7,2.4,,15.3,4.0,0.98,16.825,2.4,1.0633333333333332
2025-11-04 17:00,17.2,0.3,0.49,16.4,2.0,0.5,13.8,2.7,,14.5,4.0,0.43,15.474999999999998,2.25,0.47333333333333333
2025-11-04 18:00,15.6,0.9,0.11,14.1,2.4,0.04,12.3,2.1,,13.6,3.8,0.07,13.9,2.3,0.07333333333333333
2025-11-04 19:00,13.8,0.5,,12.9,2.0,,10.9,1.6,,12.6,3.6,,12.55,1.9249999999999998,0.0
2025-11-04 20:00,13.7,0.9,,12.0,1.0,,10.1,0.0,,12.2,3.3,,12.0,1.2999999999999998,0.0
2025-11-04 21:00,12.8,0.5,,11.1,1.0,,9.1,1.3,,11.7,2.8,,11.175,1.4,0.0
2025-11-04 22:00,12.0,0.5,,9.8,1.6,,8.5,0.4,,11.5,2.6,,10.45,1.275,0.0
2025-11-04 23:00,11.2,0.1,,9.2,1.2,,8.3,1.7,,11.1,2.7,,9.95,1.425,0.0
2025-11-05 00:00,10.4,1.5,,8.5,1.8,,8.1,0.6,,10.8,2.6,,9.45,1.625,0.0
2025-11-05 01:00,10.4,0.3,,8.0,2.1,,8.3,1.2,,10.7,1.5,,9.35,1.275,0.0
2025-11-05 02:00,9.6,0.6,,7.4,0.7,,7.3,0.6,,10.6,0.0,,8.725,0.475,0.0
2025-11-05 03:00,8.9,0.1,,7.5,1.0,,7.0,1.1,,10.4,0.9,,8.45,0.775,0.0
2025-11-05 04:00,8.8,0.0,,7.0,1.8,,8.3,1.3,,9.7,2.0,,8.45,1.275,0.0
2025-11-05 05:00,8.4,0.4,,6.6,0.7,,8.1,1.3,,9.9,2.1,,8.25,1.125,0.0
2025-11-05 06:00,8.3,0.0,,6.5,1.7,,7.2,0.7,,9.6,0.7,,7.9,0.7749999999999999,0.0
2025-11-05 07:00,7.9,0.3,0.06,6.2,1.1,0.0,6.9,1.8,,9.6,1.5,0.0,7.65,1.175,0.02
2025-11-05 08:00,8.5,0.0,0.22,8.1,0.7,0.16,7.8,1.9,,10.0,2.1,0.18,8.600000000000001,1.1749999999999998,0.18666666666666668
2025-11-05 09:00,10.6,0.3,0.91,10.7,0.1,0.7,10.3,0.9,,11.7,0.0,0.74,10.825,0.325,0.7833333333333332
2025-11-05 10:00,13.6,0.6,1.56,12.3,1.7,1.29,12.1,2.0,,14.0,0.3,1.49,13.0,1.15,1.4466666666666665
2025-11-05 11:00,15.7,0.9,2.06,14.2,1.3,1.79,13.6,1.6,,15.9,2.4,2.0,14.85,1.55,1.95
2025-11-05 12:00,17.5,0.3,2.27,16.8,1.6,2.08,15.8,2.7,,16.8,1.9,2.24,16.724999999999998,1.625,2.1966666666666668
2025-11-05 13:00,18.7,0.9,2.41,18.5,1.7,2.16,17.5,2.1,,18.0,2.6,2.32,18.175,1.8250000000000002,2.296666666666667
2025-11-05 14:00,19.8,0.9,2.21,19.5,2.3,1.98,17.5,1.5,,18.2,3.0,2.18,18.75,1.9249999999999998,2.123333333333333
2025-11-05 15:00,20.4,0.5,1.78,20.3,2.3,1.58,17.8,2.7,,18.5,2.9,1.81,19.25,2.1,1.7233333333333334
2025-11-05 16:00,20.0,0.4,1.18,19.1,2.6,0.93,17.8,2.6,,18.1,3.4,1.24,18.75,2.25,1.1166666666666665
2025-11-05 17:00,18.7,1.0,0.56,17.2,2.2,0.46,16.7,1.1,,16.7,3.6,0.57,17.325,1.975,0.5299999999999999
2025-11-05 18:00,17.2,0.5,0.1,15.2,1.6,0.04,14.0,0.3,,15.1,3.3,0.07,15.375,1.4249999999999998,0.07
2025-11-05 19:00,14.8,1.6,,14.4,1.3,,12.1,0.8,,14.4,3.0,,13.925,1.675,0.0
2025-11-05 20:00,14.0,1.4,,12.5,1.2,,11.0,0.8,,13.2,2.6,,12.675,1.5,0.0
2025-11-05 21:00,14.0,1.4,,11.4,1.1,,10.0,0.1,,12.9,0.0,,12.075,0.65,0.0
2025-11-05 22:00,12.8,0.8,,10.4,1.9,,10.4,0.8,,12.6,1.4,,11.55,1.225,0.0
2025-11-05 23:00,12.1,0.4,,9.7,1.9,,9.7,1.2,,11.8,2.1,,10.825,1.4,0.0
2025-11-06 00:00,11.4,0.3,,9.1,1.9,,9.8,1.4,,12.1,0.6,,10.6,1.0499999999999998,0.0
2025-11-06 01:00,10.6,0.4,,8.4,2.4,,9.2,1.4,,11.7,1.5,,9.975,1.4249999999999998,0.0
2025-11-06 02:00,10.5,0.9,,7.9,1.3,,8.4,0.7,,11.2,2.3,,9.5,1.3,0.0
2025-11-06 03:00,10.0,0.1,,7.5,1.4,,7.6,0.5,,10.8,2.1,,8.975000000000001,1.025,0.0
2025-11-06 04:00,9.3,0.4,,7.3,1.9,,7.0,0.9,,10.6,0.0,,8.55,0.7999999999999999,0.0
2025-11-06 05:00,8.4,0.5,,6.8,0.1,,7.0,0.1,,9.7,1.4,,7.975,0.5249999999999999,0.0
2025-11-06 06:00,8.0,0.0,,6.7,2.0,,6.7,0.4,,9.9,0.6,,7.824999999999999,0.75,0.0
2025-11-06 07:00,8.1,0.0,0.06,6.4,1.5,0.0,7.1,1.0,,9.5,0.0,,7.775,0.625,0.02
2025-11-06 08:00,8.4,0.3,0.26,7.9,0.5,0.18,10.0,1.9,,10.0,1.2,0.18,9.075,0.9750000000000001,0.20666666666666667
2025-11-06 09:00,10.6,0.4,0.86,10.0,0.3,0.57,11.3,1.7,,11.1,0.7,0.69,10.75,0.7749999999999999,0.7066666666666667
2025-11-06 10:00,13.3,0.5,1.46,13.4,0.4,1.22,12.8,2.0,,12.9,2.4,1.32,13.1,1.325,1.3333333333333333
2025-11-06 11:00,16.3,0.6,1.94,14.6,1.7,1.72,14.8,1.3,,14.8,2.6,1.91,15.125,1.5499999999999998,1.8566666666666667
2025-11-06 12:00,19.2,1.3,2.29,16.9,2.0,2.08,16.0,2.2,,16.5,2.5,2.22,17.15,2.0,2.1966666666666668
2025-11-06 13:00,20.1,1.3,2.42,17.9,2.2,1.82,18.0,2.0,,17.2,4.1,2.28,18.3,2.4,2.1733333333333333
2025-11-06 14:00,20.8,0.8,2.15,20.1,1.3,1.87,18.2,2.4,,17.9,3.5,2.09,19.25,2.0,2.0366666666666666
2025-11-06 15:00,21.5,0.5,1.66,20.2,1.8,1.61,17.7,2.8,,18.0,4.0,1.69,19.35,2.275,1.6533333333333333
2025-11-06 16:00,20.8,0.9,0.99,19.7,1.9,1.02,17.4,1.5,,17.3,3.3,1.03,18.8,1.9,1.0133333333333334
2025-11-06 17:00,18.9,0.8,0.41,18.1,1.5,0.35,16.3,1.7,,16.3,3.3,0.48,17.4,1.825,0.41333333333333333
2025-11-06 18:00,17.5,1.2,0.09,16.5,2.1,0.04,14.8,0.3,,15.5,4.7,0.05,16.075,2.075,0.06
2025-11-06 19:00,15.8,0.8,,15.2,1.2,,13.5,0.7,,14.9,3.4,,14.85,1.525,0.0
2025-11-06 20:00,15.7,0.5,,14.0,1.2,,13.5,0.8,,14.4,2.9,,14.4,1.35,0.0
2025-11-06 21:00,14.9,0.3,,12.4,1.4,,13.1,1.6,,13.8,2.7,,13.55,1.5,0.0
2025-11-06 22:00,14.8,0.6,,11.7,1.5,,12.5,1.8,,13.6,0.4,,13.15,1.0750000000000002,0.0
2025-11-06 23:00,14.0,0.5,,11.2,0.8,,11.5,0.8,,13.1,0.9,,12.450000000000001,0.75,0.0
2025-11-07 00:00,13.1,0.3,,10.5,1.6,,10.8,1.2,,13.2,0.8,,11.900000000000002,0.9750000000000001,0.0
2025-11-07 01:00,13.0,0.5,,9.8,2.4,,9.6,0.9,,13.0,1.7,,11.35,1.375,0.0
2025-11-07 02:00,11.9,0.3,,9.7,0.9,,9.2,0.9,,13.1,1.1,,10.975,0.8,0.0
2025-11-07 03:00,11.5,0.1,,9.5,1.0,,9.2,0.7,,12.3,0.0,,10.625,0.45,0.0
2025-11-07 04:00,10.7,0.5,,9.0,1.5,,9.1,0.7,,12.4,1.5,,10.299999999999999,1.05,0.0
2025-11-07 05:00,10.3,0.2,,8.8,1.1,,8.9,1.0,,11.4,1.3,,9.85,0.8999999999999999,0.0
2025-11-07 06:00,10.0,0.2,,8.6,1.0,,8.1,0.9,,10.9,2.3,,9.4,1.1,0.0
2025-11-07 07:00,9.6,0.6,0.06,8.2,1.3,0.0,7.8,0.6,,10.7,1.4,,9.075,0.975,0.02
2025-11-07 08:00,10.0,0.6,0.21,8.9,0.8,0.14,8.2,0.2,,11.0,0.0,0.15,9.524999999999999,0.39999999999999997,0.16666666666666666
2025-11-07 09:00,12.6,0.2,0.85,11.4,0.2,0.56,11.1,0.7,,14.1,1.0,0.67,12.3,0.525,0.6933333333333334
2025-11-07 10:00,14.8,0.6,1.47,13.3,1.4,0.95,12.5,1.3,,16.5,1.0,1.41,14.275,1.075,1.2766666666666666
2025-11-07 11:00,16.7,0.8,1.97,15.8,1.2,1.43,15.0,2.2,,19.0,2.0,1.93,16.625,1.55,1.7766666666666666
2025-11-07 12:00,19.1,0.9,2.24,18.0,1.1,2.02,17.7,1.6,,20.5,2.6,2.23,18.825,1.55,2.1633333333333336
2025-11-07 13:00,20.0,0.6,2.29,20.6,1.3,2.12,18.4,3.1,,21.6,1.7,2.31,20.15,1.675,2.24
2025-11-07 14:00,20.5,0.8,2.1,21.0,2.7,1.95,19.4,1.8,,20.7,2.7,2.14,20.4,2.0,2.063333333333333
2025-11-07 15:00,21.2,0.8,1.69,21.1,2.2,1.57,19.5,2.3,,20.9,2.2,1.73,20.674999999999997,1.875,1.6633333333333333
2025-11-07 16:00,20.8,0.3,1.12,20.1,2.2,1.0,18.8,2.5,,20.4,2.5,1.15,20.025,1.875,1.09
2025-11-07 17:00,19.7,0.4,0.51,18.4,2.4,0.4,16.9,1.2,,18.6,2.7,0.5,18.4,1.675,0.47000000000000003
2025-11-07 18:00,17.8,0.5,0.09,16.9,1.3,0.04,14.4,0.5,,16.5,3.1,0.05,16.4,1.35,0.06
2025-11-07 19:00,16.9,1.1,,15.6,1.3,,13.2,0.1,,15.3,2.7,,15.25,1.3000000000000003,0.0
2025-11-07 20:00,15.9,0.3,,14.0,1.6,,12.2,0.1,,15.1,0.9,,14.299999999999999,0.725,0.0
2025-11-07 21:00,15.3,0.1,,12.9,1.8,,11.4,0.9,,14.8,0.0,,13.600000000000001,0.7000000000000001,0.0
2025-11-07 22:00,14.6,0.3,,12.5,2.0,,10.4,0.8,,14.0,0.0,,12.875,0.7749999999999999,0.0
2025-11-07 23:00,13.9,0.1,,11.8,1.4,,10.2,0.6,,14.7,1.3,,12.650000000000002,0.8500000000000001,0.0
2025-11-08 00:00,13.2,0.5,,11.4,1.6,,10.2,1.2,,14.0,0.5,,12.2,0.95,0.0
2025-11-08 01:00,12.9,1.0,,11.6,1.5,,10.1,0.4,,13.6,0.0,,12.05,0.725,0.0
2025-11-08 02:00,12.2,1.2,,11.1,1.0,,11.0,1.0,,13.5,2.3,,11.95,1.375,0.0
2025-11-08 03:00,11.8,1.1,,10.6,1.4,,12.4,2.0,,13.4,2.1,,12.049999999999999,1.65,0.0
2025-11-08 04:00,12.0,2.1,,10.7,1.3,,13.1,3.1,,13.9,2.8,,12.424999999999999,2.325,0.0
2025-11-08 05:00,12.3,0.6,,9.8,0.9,,12.7,2.9,,14.0,2.8,,12.2,1.8,0.0
2025-11-08 06:00,12.3,3.1,,10.0,1.8,,12.4,2.6,,13.9,1.7,,12.15,2.3,0.0
2025-11-08 07:00,12.1,3.7,0.06,9.9,1.0,,12.0,0.6,,14.1,2.3,,12.025,1.9,0.02
2025-11-08 08:00,13.0,3.6,0.19,10.6,2.2,0.04,11.5,1.1,,14.4,1.1,0.09,12.375,2.0,0.10666666666666667
2025-11-08 09:00,14.1,2.1,0.52,11.8,0.0,0.18,12.2,2.5,,15.1,2.3,0.24,13.299999999999999,1.7249999999999999,0.3133333333333333
2025-11-08 10:00,16.1,1.4,0.59,14.1,0.6,0.45,13.0,1.3,,15.4,2.0,0.43,14.65,1.325,0.49
2025-11-08 11:00,18.2,0.6,0.92,17.0,1.4,1.13,14.5,1.8,,16.9,0.8,0.74,16.65,1.15,0.93
2025-11-08 12:00,18.3,0.9,1.34,17.1,2.0,0.69,15.4,2.0,,18.5,4.2,1.17,17.325000000000003,2.2750000000000004,1.0666666666666667
2025-11-08 13:00,18.8,1.2,1.13,17.2,1.8,0.69,16.7,1.6,,18.5,3.3,0.72,17.8,1.9749999999999999,0.8466666666666667
2025-11-08 14:00,19.2,0.9,1.33,18.5,0.9,1.09,17.2,0.8,,18.5,3.3,0.79,18.35,1.475,1.07
2025-11-08 15:00,18.9,1.0,0.58,18.3,1.5,0.7,17.4,1.9,,18.4,2.8,0.53,18.25,1.8,0.6033333333333333
2025-11-08 16:00,18.2,0.8,0.32,17.7,1.9,0.4,17.0,1.7,,17.7,2.9,0.24,17.65,1.8250000000000002,0.32
2025-11-08 17:00,17.1,1.0,0.16,17.2,0.4,0.15,16.0,1.8,,16.5,1.8,0.09,16.7,1.25,0.13333333333333333
2025-11-08 18:00,15.8,0.6,0.06,16.2,2.3,0.02,15.5,1.5,,15.5,1.5,0.0,15.75,1.475,0.02666666666666667
2025-11-08 19:00,14.2,1.1,,16.0,0.5,,15.1,1.1,,15.3,2.7,,15.149999999999999,1.35,0.0
2025-11-08 20:00,13.9,1.0,,15.1,1.6,,14.9,1.0,,14.2,2.3,,14.524999999999999,1.475,0.0
2025-11-08 21:00,13.4,2.1,,14.5,1.4,,14.9,1.4,,13.7,2.0,,14.125,1.725,0.0
2025-11-08 22:00,13.2,1.9,,14.5,0.5,,14.4,0.6,,13.6,2.8,,13.925,1.45,0.0
2025-11-08 23:00,13.0,2.0,,14.0,1.2,,13.6,0.6,,13.2,2.3,,13.45,1.525,0.0
2025-11-09 00:00,13.1,1.7,,13.5,1.2,,12.7,2.4,,13.1,2.1,,13.1,1.85,0.0
2025-11-09 01:00,12.9,2.4,,13.4,1.0,,12.6,1.6,,13.1,1.3,,13.0,1.575,0.0
2025-11-09 02:00,12.8,2.5,,13.2,0.6,,12.5,1.2,,13.2,3.1,,12.925,1.85,0.0
2025-11-09 03:00,12.8,1.4,,13.0,0.8,,12.3,2.5,,13.2,1.0,,12.825,1.425,0.0
2025-11-09 04:00,12.8,1.7,,12.7,1.9,,12.1,0.9,,13.4,3.5,,12.75,2.0,0.0
2025-11-09 05:00,12.9,0.6,,12.4,1.4,,11.1,0.3,,13.5,5.1,,12.475,1.8499999999999999,0.0
2025-11-09 06:00,12.8,0.2,,12.1,0.3,,11.1,0.6,,14.0,5.7,,12.5,1.7000000000000002,0.0
2025-11-09 07:00,12.2,0.6,,12.2,1.0,,10.7,0.1,,14.1,3.0,,12.299999999999999,1.175,0.0
2025-11-09 08:00,12.4,1.0,0.21,12.2,1.2,0.11,11.2,0.6,,14.1,2.9,0.1,12.475,1.425,0.14
2025-11-09 09:00,14.0,0.7,0.79,12.7,1.2,0.41,13.1,0.2,,14.7,2.9,0.52,13.625,1.25,0.5733333333333334
2025-11-09 10:00,15.3,0.9,1.28,13.6,0.2,0.6,14.9,1.1,,15.6,4.0,1.21,14.85,1.55,1.03
2025-11-09 11:00,16.4,0.7,1.51,15.1,1.3,1.53,16.7,2.1,,16.3,5.1,1.25,16.125,2.3,1.43
2025-11-09 12:00,17.9,1.8,1.62,16.9,1.9,1.92,18.1,2.7,,16.5,6.9,1.52,17.35,3.325,1.6866666666666668
2025-11-09 13:00,17.8,2.9,1.83,17.4,2.2,1.72,18.4,5.0,,17.0,5.6,1.76,17.65,3.925,1.7699999999999998
2025-11-09 14:00,18.2,1.8,1.88,17.6,3.2,1.35,17.3,6.2,,17.4,5.7,2.06,17.625,4.225,1.7633333333333334
2025-11-09 15:00,18.6,1.7,1.48,17.7,2.9,1.26,16.8,6.5,,16.6,6.2,1.72,17.424999999999997,4.325,1.4866666666666666
2025-11-09 16:00,17.5,2.1,1.1,17.3,5.0,1.12,15.9,5.9,,16.0,6.1,1.16,16.674999999999997,4.775,1.1266666666666667
2025-11-09 17:00,16.4,1.8,0.52,15.3,4.4,0.44,14.6,5.7,,15.2,5.3,0.54,15.375,4.3,0.5
2025-11-09 18:00,14.6,1.6,0.08,13.6,4.0,0.03,13.6,3.5,,14.3,3.3,0.02,14.024999999999999,3.0999999999999996,0.043333333333333335
2025-11-09 19:00,13.6,1.7,,12.7,2.9,,12.2,0.8,,14.0,3.6,,13.125,2.25,0.0
2025-11-09 20:00,13.0,0.6,,12.3,1.9,,11.0,0.9,,13.6,3.5,,12.475,1.725,0.0
2025-11-09 21:00,12.4,0.7,,12.2,1.9,,13.7,3.9,,13.3,3.4,,12.899999999999999,2.475,0.0
2025-11-09 22:00,11.8,0.1,,12.8,2.5,,14.1,6.9,,13.0,3.6,,12.925,3.275,0.0
2025-11-09 23:00,12.0,0.5,,12.9,2.3,,13.3,6.6,,13.0,3.3,,12.8,3.175,0.0
2025-11-10 00:00,12.1,1.0,,12.4,3.1,,12.3,4.4,,13.6,4.6,,12.6,3.275,0.0
2025-11-10 01:00,12.6,1.5,,10.1,2.3,,10.7,2.0,,13.9,6.3,,11.825,3.025,0.0
2025-11-10 02:00,12.7,2.0,,9.5,2.1,,10.5,3.0,,13.3,6.8,,11.5,3.4749999999999996,0.0
2025-11-10 03:00,12.2,1.7,,9.3,1.4,,10.9,5.0,,13.4,9.0,,11.45,4.275,0.0
2025-11-10 04:00,12.1,3.0,,8.8,2.1,,9.3,2.6,,13.0,9.4,,10.8,4.275,0.0
2025-11-10 05:00,11.4,3.1,,8.0,2.7,,8.3,1.6,,12.5,7.7,,10.05,3.7750000000000004,0.0
2025-11-10 06:00,10.9,3.4,,7.0,2.5,,7.2,0.3,,12.2,9.1,,9.325,3.825,0.0
2025-11-10 07:00,9.3,2.9,,7.0,0.8,,7.1,1.0,,11.7,7.7,,8.774999999999999,3.1,0.0
2025-11-10 08:00,9.1,2.3,0.18,8.0,0.8,0.13,7.8,1.2,,10.4,4.7,0.15,8.825000000000001,2.25,0.15333333333333332
2025-11-10 09:00,10.8,2.7,0.96,10.2,1.4,0.74,10.6,2.3,,11.2,3.6,0.8,10.7,2.5,0.8333333333333334
2025-11-10 10:00,12.4,3.7,1.6,11.4,2.5,1.35,11.7,2.2,,12.2,4.7,1.49,11.925,3.2750000000000004,1.4800000000000002
2025-11-10 11:00,13.3,4.2,2.11,12.1,5.0,1.87,12.7,3.1,,12.9,5.9,2.0,12.749999999999998,4.55,1.9933333333333334
2025-11-10 12:00,14.3,2.4,2.38,12.6,4.5,2.17,13.4,6.0,,13.3,6.8,2.32,13.399999999999999,4.925,2.2899999999999996
2025-11-10 13:00,14.4,2.2,2.44,13.4,3.1,2.24,13.6,4.5,,13.1,9.4,2.39,13.625,4.800000000000001,2.356666666666667
2025-11-10 14:00,14.4,2.6,2.27,13.9,2.9,2.08,13.5,5.4,,12.9,8.9,2.24,13.674999999999999,4.95,2.1966666666666668
2025-11-10 15:00,14.0,2.2,1.85,14.3,2.8,1.72,12.9,5.9,,12.6,7.0,1.86,13.450000000000001,4.475,1.8100000000000003
2025-11-10 16:00,13.5,1.6,1.26,13.8,3.8,1.15,12.0,7.2,,11.7,8.1,1.31,12.75,5.175000000000001,1.24
2025-11-10 17:00,11.6,2.4,0.58,11.5,3.9,0.53,10.5,4.8,,10.7,8.2,0.61,11.075,4.824999999999999,0.5733333333333333
2025-11-10 18:00,10.5,1.4,0.11,9.7,2.5,0.04,8.9,2.7,,10.4,7.3,0.06,9.875,3.4749999999999996,0.06999999999999999
2025-11-10 19:00,9.5,0.9,,8.7,2.2,,7.2,1.6,,9.2,4.3,,8.649999999999999,2.25,0.0
2025-11-10 20:00,8.8,0.2,,8.0,1.1,,6.1,1.3,,9.7,5.9,,8.149999999999999,2.125,0.0
2025-11-10 21:00,7.4,1.7,,6.7,0.9,,5.9,2.4,,8.7,3.9,,7.175,2.225,0.0
2025-11-10 22:00,6.9,1.6,,6.3,1.1,,5.0,1.4,,7.9,3.3,,6.525,1.8499999999999999,0.0
2025-11-10 23:00,6.2,2.0,,5.4,0.8,,4.5,0.8,,7.5,3.5,,5.9,1.775,0.0
2025-11-11 00:00,6.2,2.3,,4.9,1.7,,3.9,0.2,,7.2,2.6,,5.550000000000001,1.7000000000000002,0.0
2025-11-11 01:00,6.2,2.6,,4.4,1.7,,3.5,0.3,,7.6,3.3,,5.425000000000001,1.9749999999999999,0.0
2025-11-11 02:00,5.6,2.4,,3.8,1.4,,3.3,1.1,,7.7,3.6,,5.1,2.125,0.0
2025-11-11 03:00,6.1,2.2,,4.2,0.9,,4.9,1.3,,7.8,3.4,,5.75,1.9500000000000002,0.0
2025-11-11 04:00,6.1,1.3,,4.1,0.2,,5.8,1.7,,7.4,2.2,,5.85,1.35,0.0
2025-11-11 05:00,6.0,1.7,,3.5,0.6,,4.9,1.3,,7.2,3.2,,5.4,1.7,0.0
2025-11-11 06:00,5.6,1.7,,3.4,2.1,,4.4,1.3,,7.0,3.4,,5.1,2.125,0.0
2025-11-11 07:00,5.4,2.6,,3.1,1.6,,4.3,1.7,,6.8,2.5,,4.9,2.1,0.0
2025-11-11 08:00,6.2,2.7,0.2,3.6,1.7,0.06,5.1,1.7,,8.0,4.7,0.18,5.725,2.7,0.14666666666666667
2025-11-11 09:00,9.1,2.4,1.03,6.4,0.2,0.56,7.2,1.5,,7.7,4.5,0.52,7.6,2.15,0.7033333333333335
2025-11-11 10:00,10.2,1.8,1.25,8.2,1.0,0.89,9.5,1.0,,9.0,5.8,1.0,9.225,2.4,1.0466666666666666
2025-11-11 11:00,12.9,1.9,2.1,11.1,2.6,1.75,11.2,3.0,,11.0,4.5,2.08,11.55,3.0,1.9766666666666666
2025-11-11 12:00,13.5,1.6,1.61,13.4,3.3,1.95,13.4,3.8,,12.7,4.8,2.25,13.25,3.375,1.9366666666666668
2025-11-11 13:00,15.4,0.8,2.43,15.0,2.5,2.19,14.3,4.0,,13.6,6.2,2.35,14.575000000000001,3.375,2.3233333333333337
2025-11-11 14:00,17.0,1.2,2.11,16.1,3.3,2.06,15.6,1.9,,13.6,7.4,2.0,15.575000000000001,3.45,2.0566666666666666
2025-11-11 15:00,16.7,1.8,1.7,15.9,4.4,1.64,15.1,2.1,,14.1,7.2,1.64,15.450000000000001,3.875,1.66
2025-11-11 16:00,16.0,2.3,1.22,14.8,3.7,0.88,14.5,1.1,,13.3,7.9,1.3,14.649999999999999,3.75,1.1333333333333335
2025-11-11 17:00,14.3,2.1,0.48,13.5,3.7,0.26,13.7,1.5,,12.7,6.5,0.56,13.55,3.45,0.43333333333333335
2025-11-11 18:00,12.4,1.6,0.09,12.4,3.6,0.03,12.0,1.7,,12.3,5.2,0.04,12.274999999999999,3.0250000000000004,0.05333333333333334
2025-11-11 19:00,11.7,2.0,,11.4,2.1,,10.7,1.4,,11.9,4.4,,11.424999999999999,2.475,0.0
2025-11-11 20:00,11.0,1.6,,9.4,1.4,,10.1,1.5,,10.8,3.4,,10.325,1.975,0.0
2025-11-11 21:00,10.1,1.9,,8.2,0.9,,9.6,1.0,,10.6,3.3,,9.625,1.775,0.0
2025-11-11 22:00,9.6,2.2,,7.9,1.1,,9.1,1.4,,10.5,4.2,,9.275,2.225,0.0
2025-11-11 23:00,9.2,1.5,,6.6,2.0,,8.7,1.2,,9.7,3.0,,8.55,1.925,0.0
2025-11-12 00:00,9.6,1.1,,5.8,1.9,,8.8,1.3,,8.9,2.4,,8.275,1.6749999999999998,0.0
2025-11-12 01:00,8.4,0.4,,5.0,1.7,,7.6,1.0,,8.6,3.3,,7.4,1.6,0.0
2025-11-12 02:00,7.8,0.1,,4.6,1.9,,7.6,1.5,,8.3,2.8,,7.075,1.575,0.0
2025-11-12 03:00,7.2,0.2,,4.3,2.0,,6.1,0.7,,8.3,2.3,,6.4750000000000005,1.3,0.0
2025-11-12 04:00,6.5,0.1,,3.9,2.6,,6.4,2.1,,8.6,2.6,,6.35,1.85,0.0
2025-11-12 05:00,6.0,0.1,,3.5,2.0,,5.3,0.9,,7.6,1.1,,5.6,1.025,0.0
2025-11-12 06:00,5.7,0.3,,3.5,2.0,,4.9,1.4,,7.7,2.6,,5.45,1.575,0.0
2025-11-12 07:00,5.4,0.5,,3.2,0.6,,3.9,0.7,,7.8,2.1,,5.075,0.9750000000000001,0.0
2025-11-12 08:00,5.5,0.0,0.11,5.0,2.2,0.12,4.8,0.6,,7.2,2.8,0.07,5.625,1.4,0.09999999999999999
2025-11-12 09:00,7.2,0.7,0.35,8.3,1.2,0.69,8.5,1.2,,8.3,2.4,0.27,8.075,1.375,0.4366666666666667
2025-11-12 10:00,8.2,0.5,0.63,9.8,1.1,0.97,9.6,2.6,,9.3,0.9,0.5,9.225000000000001,1.2750000000000001,0.7000000000000001
2025-11-12 11:00,9.9,0.6,0.95,10.6,0.8,0.68,11.8,1.5,,10.6,1.1,0.79,10.725,1.0,0.8066666666666666
2025-11-12 12:00,11.5,0.6,1.04,12.2,0.6,1.15,11.7,1.7,,12.0,0.7,0.82,11.85,0.8999999999999999,1.0033333333333332
2025-11-12 13:00,12.3,0.2,1.2,13.6,2.3,1.18,12.8,1.3,,13.6,1.0,1.21,13.075000000000001,1.2,1.1966666666666665
2025-11-12 14:00,13.0,1.0,0.79,13.8,1.0,1.1,13.7,1.5,,12.8,3.9,0.58,13.325,1.85,0.8233333333333334
2025-11-12 15:00,13.1,0.4,0.64,14.0,2.5,0.88,13.7,1.7,,13.1,3.0,0.59,13.475,1.9,0.7033333333333333
2025-11-12 16:00,12.7,0.1,0.46,13.5,0.7,0.54,13.4,0.9,,12.6,2.4,0.34,13.05,1.025,0.4466666666666667
2025-11-12 17:00,12.2,0.5,0.25,12.4,1.5,0.2,12.4,1.5,,12.1,2.8,0.15,12.275,1.575,0.19999999999999998
2025-11-12 18:00,11.3,0.9,0.07,11.6,1.2,0.02,11.2,1.3,,11.6,2.6,0.01,11.424999999999999,1.5,0.03333333333333333
2025-11-12 19:00,11.4,0.6,,11.0,1.5,,10.9,1.1,,11.3,2.3,,11.149999999999999,1.375,0.0
2025-11-12 20:00,10.8,0.1,,10.1,1.0,,9.8,0.9,,11.4,3.2,,10.525,1.3,0.0
2025-11-12 21:00,10.4,0.5,,9.4,0.9,,9.3,0.4,,10.9,3.0,,10.0,1.2,0.0
2025-11-12 22:00,10.0,0.7,,8.7,1.1,,8.4,1.8,,10.6,2.0,,9.425,1.4,0.0
2025-11-12 23:00,9.2,0.9,,7.9,1.2,,7.7,1.0,,10.1,2.9,,8.725,1.5,0.0
2025-11-13 00:00,9.0,0.8,,7.4,1.8,,7.0,0.8,,10.2,2.2,,8.399999999999999,1.4000000000000001,0.0
2025-11-13 01:00,8.6,1.0,,6.9,1.5,,6.5,1.4,,9.7,1.1,,7.925,1.25,0.0
2025-11-13 02:00,7.9,1.2,,5.8,1.4,,5.8,0.4,,8.9,1.0,,7.1,0.9999999999999999,0.0
2025-11-13 03:00,7.1,0.0,,5.9,1.6,,5.4,1.4,,8.7,2.7,,6.7749999999999995,1.425,0.0
2025-11-13 04:00,6.3,0.7,,4.9,1.6,,4.9,0.4,,8.7,2.7,,6.2,1.35,0.0
2025-11-13 05:00,6.5,1.1,,4.3,1.9,,4.5,0.7,,8.3,0.3,,5.9,1.0,0.0
2025-11-13 06:00,5.8,0.5,,4.1,1.7,,3.8,0.6,,7.8,0.0,,5.375,0.7000000000000001,0.0
2025-11-13 07:00,5.4,0.3,,4.2,0.4,,3.3,1.0,,8.2,0.7,,5.275,0.6,0.0
2025-11-13 08:00,5.9,1.3,0.11,5.2,1.6,0.09,3.9,0.8,,8.6,1.9,0.07,5.9,1.4,0.09000000000000001
2025-11-13 09:00,5.9,0.9,0.26,8.3,1.1,0.65,6.2,0.1,,9.4,2.5,0.25,7.450000000000001,1.15,0.3866666666666667
2025-11-13 10:00,10.1,0.8,1.33,11.6,0.8,1.2,9.5,1.1,,11.0,0.7,0.83,10.55,0.8500000000000001,1.12
2025-11-13 11:00,13.5,0.9,1.98,14.5,0.9,1.62,12.8,1.4,,13.1,2.6,1.89,13.475,1.4500000000000002,1.83
2025-11-13 12:00,16.5,0.7,2.25,16.4,1.3,1.87,14.5,1.9,,14.5,5.8,2.13,15.475,2.425,2.0833333333333335
2025-11-13 13:00,17.5,0.8,2.26,17.1,1.4,1.93,15.9,0.9,,15.8,6.7,2.19,16.575,2.45,2.1266666666666665
2025-11-13 14:00,18.8,1.3,2.05,17.5,3.7,1.73,16.6,3.1,,16.5,4.6,1.95,17.35,3.175,1.91
2025-11-13 15:00,18.4,1.7,1.6,17.6,2.7,1.42,16.0,3.4,,16.5,5.4,1.54,17.125,3.3000000000000003,1.5200000000000002
2025-11-13 16:00,17.3,2.0,1.03,16.9,2.8,0.89,14.9,3.1,,15.5,6.9,0.99,16.15,3.7,0.9700000000000001
2025-11-13 17:00,15.7,1.6,0.41,15.7,1.5,0.34,14.3,2.8,,14.6,6.8,0.43,15.075000000000001,3.175,0.3933333333333333
2025-11-13 18:00,14.4,0.8,0.09,13.5,2.7,0.03,13.1,0.9,,13.8,5.5,0.03,13.7,2.475,0.049999999999999996
2025-11-13 19:00,13.7,2.0,,13.0,2.1,,12.3,2.6,,13.5,4.5,,13.125,2.8,0.0
2025-11-13 20:00,12.9,0.6,,12.2,1.0,,10.7,1.4,,13.2,5.4,,12.25,2.1,0.0
2025-11-13 21:00,11.7,0.8,,11.2,1.5,,9.3,0.7,,12.7,4.7,,11.225000000000001,1.925,0.0
2025-11-13 22:00,11.1,0.6,,10.9,2.6,,8.7,1.4,,12.7,5.1,,10.85,2.425,0.0
2025-11-13 23:00,10.5,1.4,,9.4,0.4,,8.3,0.2,,12.0,4.7,,10.05,1.675,0.0
2025-11-14 00:00,10.3,1.0,,8.9,1.5,,7.9,0.0,,11.6,4.8,,9.675,1.825,0.0
2025-11-14 01:00,9.8,0.7,,7.7,1.0,,6.9,0.6,,11.4,4.1,,8.95,1.5999999999999999,0.0
2025-11-14 02:00,9.1,0.9,,6.9,1.5,,6.3,0.1,,10.2,2.0,,8.125,1.125,0.0
2025-11-14 03:00,8.4,1.0,,6.0,1.4,,5.8,0.0,,9.8,0.8,,7.5,0.8,0.0
2025-11-14 04:00,8.1,0.7,,5.6,1.8,,5.1,0.6,,9.3,1.6,,7.0249999999999995,1.175,0.0
2025-11-14 05:00,7.6,0.3,,4.7,1.8,,4.1,1.0,,9.0,2.6,,6.35,1.425,0.0
2025-11-14 06:00,7.0,0.6,,4.6,1.8,,4.1,0.1,,9.0,2.6,,6.175,1.275,0.0
2025-11-14 07:00,6.5,0.4,,4.3,1.6,,3.0,0.2,,8.4,2.2,,5.550000000000001,1.1,0.0
2025-11-14 08:00,6.6,0.2,0.16,5.0,0.7,0.11,4.0,0.6,,8.8,1.6,0.13,6.1,0.775,0.13333333333333333
2025-11-14 09:00,9.4,0.9,0.89,8.2,0.6,0.64,7.4,0.9,,10.5,3.3,0.75,8.875,1.4249999999999998,0.7600000000000001
2025-11-14 10:00,11.5,1.6,1.52,10.8,0.3,1.25,11.0,1.1,,11.7,4.7,1.43,11.25,1.925,1.4000000000000001
2025-11-14 11:00,12.7,1.1,2.03,11.7,2.4,1.76,12.8,2.0,,12.7,4.5,1.94,12.475000000000001,2.5,1.9100000000000001
2025-11-14 12:00,13.9,1.0,2.3,13.5,2.1,2.09,14.2,1.2,,13.3,7.0,2.26,13.724999999999998,2.825,2.2166666666666663
2025-11-14 13:00,15.4,1.2,2.38,14.4,3.1,2.13,14.4,4.2,,13.7,7.3,2.36,14.475000000000001,3.95,2.2899999999999996
2025-11-14 14:00,15.5,1.8,2.18,15.2,2.3,1.99,14.2,5.8,,13.9,6.2,1.85,14.7,4.0249999999999995,2.0066666666666664
2025-11-14 15:00,15.8,1.5,1.81,15.7,1.9,1.61,14.1,6.7,,13.3,6.8,1.84,14.725000000000001,4.225,1.7533333333333332
2025-11-14 16:00,14.9,1.2,1.17,15.1,2.6,1.06,13.7,5.6,,13.5,5.7,1.16,14.3,3.7749999999999995,1.13
2025-11-14 17:00,13.5,0.9,0.52,13.2,3.3,0.46,12.5,4.3,,12.9,6.0,0.52,13.025,3.625,0.5
2025-11-14 18:00,12.0,1.5,0.09,11.7,3.4,0.03,11.2,2.6,,12.2,4.7,0.04,11.774999999999999,3.05,0.05333333333333334
2025-11-14 19:00,11.4,1.0,,11.1,2.1,,9.9,1.2,,11.6,3.8,,11.0,2.025,0.0
2025-11-14 20:00,10.2,1.1,,10.0,1.2,,8.7,1.8,,10.9,2.7,,9.95,1.7,0.0
2025-11-14 21:00,9.4,0.8,,8.9,0.5,,8.1,1.2,,9.7,2.6,,9.024999999999999,1.275,0.0
2025-11-14 22:00,8.5,1.5,,8.1,1.1,,7.8,2.2,,9.9,2.8,,8.575000000000001,1.9000000000000001,0.0
2025-11-14 23:00,7.9,1.7,,7.0,1.5,,7.1,1.5,,9.5,2.8,,7.875,1.875,0.0
2025-11-15 00:00,8.3,0.5,,6.1,1.4,,6.2,0.6,,9.4,3.1,,7.5,1.4,0.0
2025-11-15 01:00,8.4,0.8,,5.7,1.9,,5.5,0.2,,9.5,2.8,,7.275,1.425,0.0
2025-11-15 02:00,7.7,2.5,,5.5,1.6,,5.4,0.3,,8.8,1.4,,6.8500000000000005,1.4499999999999997,0.0
2025-11-15 03:00,7.8,2.0,,5.7,1.5,,4.7,1.7,,8.7,2.7,,6.725,1.975,0.0
2025-11-15 04:00,7.6,0.3,,5.3,1.5,,4.9,0.0,,8.4,1.8,,6.549999999999999,0.9,0.0
2025-11-15 05:00,7.0,0.2,,4.7,2.0,,4.4,0.2,,7.9,1.9,,6.0,1.0750000000000002,0.0
2025-11-15 06:00,6.6,0.7,,4.6,2.2,,4.2,0.9,,7.4,1.9,,5.699999999999999,1.425,0.0
2025-11-15 07:00,6.2,0.8,,4.4,2.0,,4.0,0.3,,7.1,0.0,,5.425000000000001,0.7749999999999999,0.0
2025-11-15 08:00,6.1,0.3,0.16,5.5,2.1,0.13,4.7,0.0,,8.0,0.1,0.12,6.075,0.625,0.1366666666666667
2025-11-15 09:00,8.3,0.3,0.86,8.0,1.5,0.65,8.5,0.2,,9.6,0.1,0.74,8.6,0.525,0.75
2025-11-15 10:00,11.6,0.9,1.51,10.9,0.6,1.26,9.4,1.8,,11.4,1.5,1.42,10.825,1.2,1.3966666666666665
2025-11-15 11:00,13.4,1.0,1.99,13.1,0.5,1.76,11.9,1.5,,13.9,1.0,1.94,13.075,1.0,1.8966666666666665
2025-11-15 12:00,15.2,1.2,2.31,14.9,1.6,2.06,13.5,1.7,,14.6,1.7,2.22,14.55,1.55,2.1966666666666668
2025-11-15 13:00,16.8,0.6,2.36,15.7,2.3,2.13,14.8,2.1,,15.3,1.8,2.29,15.649999999999999,1.7,2.2600000000000002
2025-11-15 14:00,17.7,0.8,2.18,16.5,2.3,1.97,16.1,2.0,,16.4,2.7,2.12,16.675,1.95,2.0900000000000003
2025-11-15 15:00,18.3,1.2,1.75,16.7,1.9,1.59,16.8,1.9,,17.5,2.2,1.76,17.325,1.8,1.7
2025-11-15 16:00,18.0,1.0,1.16,16.9,1.9,1.06,17.2,1.1,,16.7,1.9,1.16,17.2,1.475,1.1266666666666667
2025-11-15 17:00,16.6,1.2,0.51,15.4,1.6,0.43,14.1,1.5,,15.4,2.3,0.51,15.375,1.65,0.48333333333333334
2025-11-15 18:00,15.4,0.9,0.08,13.1,0.8,0.02,11.6,0.4,,13.4,1.6,0.04,13.375,0.925,0.04666666666666667
2025-11-15 19:00,13.3,1.2,,11.7,1.3,,10.3,0.8,,12.0,2.1,,11.825,1.35,0.0
2025-11-15 20:00,12.3,1.3,,10.0,1.9,,9.1,0.0,,11.7,1.1,,10.774999999999999,1.0750000000000002,0.0
2025-11-15 21:00,11.3,0.6,,9.3,1.0,,8.2,0.0,,11.1,1.3,,9.975,0.7250000000000001,0.0
2025-11-15 22:00,10.6,0.2,,8.6,1.6,,7.1,0.0,,10.1,2.3,,9.1,1.025,0.0
2025-11-15 23:00,9.7,0.6,,7.9,1.6,,6.6,1.0,,9.8,1.2,,8.5,1.1,0.0
2025-11-16 00:00,9.0,0.6,,7.3,1.2,,5.5,0.2,,10.0,0.0,,7.95,0.49999999999999994,0.0
2025-11-16 01:00,9.0,0.5,,7.1,2.0,,5.7,0.0,,9.3,0.0,,7.775,0.625,0.0
2025-11-16 02:00,7.7,0.2,,7.3,2.0,,5.3,0.3,,9.2,0.5,,7.375,0.75,0.0
2025-11-16 03:00,7.7,0.0,,7.6,1.9,,5.8,1.0,,8.6,1.8,,7.425000000000001,1.175,0.0
2025-11-16 04:00,7.6,0.4,,7.4,0.8,,5.8,0.6,,8.8,1.7,,7.4,0.875,0.0
2025-11-16 05:00,6.6,0.7,,7.5,0.9,,5.9,0.0,,8.5,2.7,,7.125,1.0750000000000002,0.0
2025-11-16 06:00,6.0,0.5,,7.5,1.7,,6.2,0.9,,8.0,1.6,,6.925,1.175,0.0
2025-11-16 07:00,6.8,0.4,,8.0,1.8,,6.3,1.0,,7.5,0.6,,7.15,0.9500000000000001,0.0
2025-11-16 08:00,7.0,0.1,0.16,8.6,1.2,0.06,6.5,0.6,,8.0,0.2,0.11,7.525,0.525,0.11
2025-11-16 09:00,9.8,0.2,0.92,12.0,1.4,0.63,8.0,0.5,,11.7,2.2,0.78,10.375,1.075,0.7766666666666667
2025-11-16 10:00,11.8,0.8,1.37,14.8,0.5,1.02,12.0,1.4,,14.8,2.3,1.45,13.350000000000001,1.25,1.28
2025-11-16 11:00,15.3,0.4,1.83,17.4,1.4,1.7,14.6,2.1,,15.2,2.5,1.25,15.625,1.6,1.5933333333333335
2025-11-16 12:00,16.4,1.0,2.0,19.2,2.6,1.76,17.7,2.4,,17.0,2.1,1.54,17.575,2.025,1.7666666666666666
2025-11-16 13:00,17.1,1.4,1.62,20.1,1.5,1.97,18.8,2.8,,18.6,1.4,1.57,18.65,1.775,1.72
2025-11-16 14:00,19.4,2.3,1.72,20.7,2.8,1.94,18.3,1.9,,18.2,2.0,1.3,19.15,2.25,1.6533333333333333
2025-11-16 15:00,19.5,1.7,1.67,20.6,3.2,1.63,18.1,3.8,,18.4,2.8,1.3,19.15,2.875,1.5333333333333332
2025-11-16 16:00,19.1,1.6,1.09,19.1,3.7,1.05,16.3,4.4,,18.3,3.3,1.04,18.2,3.25,1.06
2025-11-16 17:00,17.3,1.4,0.49,16.4,2.5,0.38,15.1,2.5,,17.5,2.5,0.5,16.575000000000003,2.225,0.4566666666666667
2025-11-16 18:00,15.8,1.3,0.08,14.6,2.0,0.03,13.4,0.6,,15.9,0.9,0.04,14.924999999999999,1.2,0.049999999999999996
2025-11-16 19:00,15.4,0.7,,13.3,1.4,,12.1,2.0,,14.9,0.0,,13.925,1.025,0.0
2025-11-16 20:00,13.3,0.1,,12.4,1.3,,11.4,1.7,,14.4,0.6,,12.875,0.925,0.0
2025-11-16 21:00,12.5,0.4,,11.2,1.0,,11.9,1.6,,12.6,2.0,,12.05,1.25,0.0
2025-11-16 22:00,11.9,0.2,,10.8,1.0,,11.2,1.9,,12.1,2.4,,11.500000000000002,1.375,0.0
2025-11-16 23:00,11.2,0.5,,10.2,1.0,,11.2,2.9,,12.3,1.6,,11.224999999999998,1.5,0.0
2025-11-17 00:00,10.8,0.6,,11.0,1.9,,12.9,4.4,,11.8,1.6,,11.625,2.125,0.0
2025-11-17 01:00,11.1,0.5,,12.1,2.5,,11.9,4.7,,12.3,0.7,,11.850000000000001,2.1,0.0
2025-11-17 02:00,11.2,0.9,,11.9,3.3,,10.6,2.4,,13.0,9.7,,11.675,4.074999999999999,0.0
2025-11-17 03:00,11.7,1.6,,11.4,3.0,,10.2,3.4,,12.7,8.2,,11.5,4.05,0.0
2025-11-17 04:00,11.5,1.9,,10.4,2.2,,8.6,2.2,,12.0,8.6,,10.625,3.7249999999999996,0.0
2025-11-17 05:00,10.7,2.4,,9.1,2.5,,8.4,4.1,,11.0,8.9,,9.799999999999999,4.475,0.0
2025-11-17 06:00,9.9,1.7,,7.7,4.7,,7.3,4.0,,10.1,6.5,,8.75,4.225,0.0
2025-11-17 07:00,9.0,1.5,,6.4,4.4,,5.9,2.1,,9.7,7.7,,7.75,3.925,0.0
2025-11-17 08:00,8.6,1.5,0.16,5.9,4.4,0.08,5.4,2.3,,9.3,8.3,0.06,7.3,4.125,0.09999999999999999
2025-11-17 09:00,8.7,4.2,0.66,6.9,3.7,0.58,6.8,2.1,,9.3,11.5,0.63,7.925,5.375,0.6233333333333334
2025-11-17 10:00,8.4,4.7,1.2,7.2,3.5,1.0,8.0,4.9,,9.6,11.0,1.18,8.3,6.025,1.1266666666666667
2025-11-17 11:00,8.5,2.5,1.32,7.9,3.7,1.14,8.2,7.2,,9.2,12.8,1.39,8.45,6.550000000000001,1.2833333333333332
2025-11-17 12:00,8.5,2.1,0.8,8.7,3.3,1.72,8.6,6.9,,9.0,12.0,0.81,8.7,6.075,1.11
2025-11-17 13:00,9.3,3.0,1.29,9.6,4.2,1.95,8.6,6.5,,9.1,11.4,1.15,9.15,6.275,1.4633333333333336
2025-11-17 14:00,9.1,2.0,1.2,9.0,5.4,1.76,7.5,6.5,,8.6,10.4,1.11,8.55,6.075,1.3566666666666667
2025-11-17 15:00,8.2,3.0,0.96,9.1,3.6,1.19,7.5,6.4,,8.3,10.8,0.58,8.274999999999999,5.95,0.91
2025-11-17 16:00,7.2,2.9,0.53,7.8,5.2,0.77,6.5,5.5,,8.2,10.0,0.79,7.425,5.9,0.6966666666666667
2025-11-17 17:00,6.7,2.5,0.28,5.6,4.2,0.27,5.8,5.4,,7.5,12.3,0.23,6.4,6.1000000000000005,0.26
2025-11-17 18:00,6.3,3.2,0.08,4.7,3.4,0.02,5.1,5.1,,7.3,9.7,0.02,5.8500000000000005,5.35,0.04
2025-11-17 19:00,6.4,2.3,,3.8,2.9,,4.7,5.3,,7.4,8.2,,5.574999999999999,4.675,0.0
2025-11-17 20:00,6.2,2.4,,3.3,3.1,,4.4,3.8,,7.3,9.1,,5.3,4.6,0.0
2025-11-17 21:00,5.9,2.4,,3.3,2.8,,4.5,2.6,,7.1,7.8,,5.199999999999999,3.8999999999999995,0.0
2025-11-17 22:00,5.7,2.6,,3.6,2.8,,5.0,4.5,,7.1,8.8,,5.35,4.675000000000001,0.0
2025-11-17 23:00,5.2,2.3,,3.8,3.0,,4.9,4.2,,7.1,9.5,,5.25,4.75,0.0
2025-11-18 00:00,5.7,2.0,,3.7,2.6,,4.7,3.9,,7.3,9.3,,5.3500000000000005,4.45,0.0
2025-11-18 01:00,5.7,1.7,,3.6,2.2,,4.6,3.9,,7.3,10.8,,5.3,4.65,0.0
2025-11-18 02:00,5.5,1.6,,3.5,2.5,,4.6,5.1,,7.3,8.5,,5.225,4.425,0.0
2025-11-18 03:00,5.4,0.7,,3.3,2.0,,4.2,0.9,,7.5,7.8,,5.1,2.85,0.0
2025-11-18 04:00,5.2,1.9,,3.1,2.7,,3.5,1.6,,7.6,7.6,,4.85,3.4499999999999997,0.0
2025-11-18 05:00,4.9,1.1,,2.4,2.3,,2.7,2.4,,7.4,6.6,,4.35,3.0999999999999996,0.0
2025-11-18 06:00,4.5,1.6,,2.2,3.1,,2.2,1.6,,7.4,7.3,,4.075,3.4000000000000004,0.0
2025-11-18 07:00,4.3,2.2,,1.9,2.7,,2.0,1.6,,7.2,7.3,,3.8499999999999996,3.45,0.0
2025-11-18 08:00,4.4,2.2,0.08,1.9,1.7,0.02,1.9,1.9,,6.5,5.9,0.02,3.6750000000000003,2.9250000000000003,0.04
2025-11-18 09:00,4.7,1.6,0.25,2.3,2.3,0.24,2.3,2.3,,5.9,4.7,0.33,3.8000000000000003,2.7249999999999996,0.2733333333333334
2025-11-18 10:00,4.9,2.5,0.58,3.5,1.4,0.78,2.2,1.8,,6.0,4.7,0.55,4.15,2.6,0.6366666666666666
2025-11-18 11:00,4.7,2.3,0.51,5.2,3.6,0.99,2.9,2.0,,6.2,5.3,1.69,4.75,3.3,1.0633333333333332
2025-11-18 12:00,6.7,2.4,1.67,5.6,3.3,1.41,4.0,1.9,,6.6,4.4,1.92,5.725,3.0,1.6666666666666667
2025-11-18 13:00,7.1,1.3,2.22,7.7,1.8,2.0,6.6,2.2,,7.2,6.1,2.04,7.1499999999999995,2.85,2.086666666666667
2025-11-18 14:00,7.4,1.7,1.9,7.2,3.1,1.92,7.2,2.2,,7.5,4.0,1.35,7.325,2.75,1.7233333333333334
2025-11-18 15:00,8.5,2.1,1.68,7.7,3.2,1.57,7.2,4.5,,7.0,5.6,0.72,7.6,3.85,1.3233333333333333
2025-11-18 16:00,7.9,1.3,0.94,7.7,2.9,0.95,7.5,5.4,,6.8,4.8,0.63,7.4750000000000005,3.6000000000000005,0.84
2025-11-18 17:00,6.5,1.4,0.33,7.0,2.9,0.47,6.1,3.8,,6.0,3.2,0.09,6.4,2.825,0.2966666666666667
2025-11-18 18:00,6.0,0.4,0.08,5.5,2.0,0.01,5.3,2.1,,5.8,2.7,0.02,5.65,1.8,0.03666666666666667
2025-11-18 19:00,5.0,1.8,,5.4,1.9,,5.2,0.8,,5.7,1.4,,5.325,1.475,0.0
2025-11-18 20:00,5.0,1.0,,5.3,1.7,,4.9,1.5,,5.9,0.9,,5.275,1.2750000000000001,0.0
2025-11-18 21:00,5.5,0.1,,5.2,0.8,,4.8,1.1,,5.6,0.9,,5.275,0.725,0.0
2025-11-18 22:00,5.6,1.0,,5.1,2.0,,4.9,1.7,,5.7,2.6,,5.325,1.8250000000000002,0.0
2025-11-18 23:00,5.4,1.3,,4.4,1.5,,4.3,1.2,,5.8,4.0,,4.9750000000000005,2.0,0.0
2025-11-19 00:00,4.9,0.9,,4.1,1.8,,4.0,1.7,,5.9,3.1,,4.725,1.875,0.0
2025-11-19 01:00,4.5,2.1,,4.1,0.6,,3.9,1.4,,6.7,3.8,,4.8,1.9749999999999999,0.0
2025-11-19 02:00,4.2,1.3,,4.2,0.9,,3.8,1.1,,5.2,4.8,,4.35,2.025,0.0
2025-11-19 03:00,4.1,1.0,,4.2,1.4,,4.1,1.4,,5.1,3.0,,4.375,1.7,0.0
2025-11-19 04:00,4.6,0.7,,3.8,0.8,,3.8,1.2,,5.4,0.7,,4.4,0.8500000000000001,0.0
2025-11-19 05:00,4.6,0.2,,3.7,0.7,,3.9,1.8,,5.3,0.3,,4.375,0.75,0.0
2025-11-19 06:00,4.4,1.1,,3.7,1.5,,3.9,1.3,,5.0,1.4,,4.25,1.3250000000000002,0.0
2025-11-19 07:00,4.4,1.1,,3.6,1.4,,3.7,1.0,,4.9,0.5,,4.15,1.0,0.0
2025-11-19 08:00,4.8,1.3,0.08,3.9,0.3,0.02,3.7,1.6,,5.0,1.6,0.03,4.35,1.2000000000000002,0.043333333333333335
2025-11-19 09:00,5.2,1.7,0.22,4.9,1.5,0.23,4.1,1.3,,5.2,2.1,0.2,4.8500000000000005,1.65,0.21666666666666667
2025-11-19 10:00,5.7,1.7,0.52,7.1,1.6,0.89,5.9,2.5,,6.1,0.5,0.5,6.200000000000001,1.575,0.6366666666666667
2025-11-19 11:00,6.3,1.8,0.71,7.9,2.0,1.66,7.3,1.9,,6.5,1.2,0.6,7.0,1.7249999999999999,0.9900000000000001
2025-11-19 12:00,6.6,1.0,0.67,8.4,3.6,1.95,9.0,1.5,,7.3,1.2,0.83,7.825,1.825,1.1500000000000001
2025-11-19 13:00,7.6,0.5,1.0,8.7,1.5,1.64,8.8,1.6,,7.9,1.4,1.01,8.25,1.25,1.2166666666666666
2025-11-19 14:00,8.7,0.9,1.67,9.2,1.9,1.88,8.3,1.8,,7.8,2.5,0.88,8.5,1.775,1.4766666666666666
2025-11-19 15:00,9.6,1.0,1.41,8.8,3.4,1.26,7.5,3.8,,7.9,3.5,1.27,8.45,2.925,1.3133333333333332
2025-11-19 16:00,8.9,1.1,1.06,8.6,1.9,0.9,7.5,2.9,,7.9,2.4,0.63,8.225,2.075,0.8633333333333333
2025-11-19 17:00,8.1,0.9,0.39,7.2,2.9,0.19,7.3,3.1,,7.7,3.3,0.19,7.575,2.55,0.25666666666666665
2025-11-19 18:00,7.8,0.8,0.07,6.5,1.7,0.01,6.3,2.4,,7.5,3.4,0.02,7.025,2.075,0.03333333333333333
2025-11-19 19:00,7.6,1.3,,6.4,1.8,,4.9,0.2,,7.5,3.1,,6.6,1.6,0.0
2025-11-19 20:00,7.3,1.1,,5.7,1.2,,4.0,0.0,,7.3,0.5,,6.075,0.7,0.0
2025-11-19 21:00,6.4,0.5,,4.6,0.9,,4.1,1.0,,7.1,1.5,,5.55,0.975,0.0
2025-11-19 22:00,6.8,1.1,,4.0,1.6,,3.5,1.1,,6.7,1.4,,5.25,1.3,0.0
2025-11-19 23:00,6.0,0.8,,3.4,1.8,,3.0,0.0,,6.3,1.7,,4.675,1.075,0.0
2025-11-20 00:00,5.3,0.1,,2.9,2.4,,3.6,1.9,,6.1,1.5,,4.475,1.475,0.0
2025-11-20 01:00,5.0,0.7,,2.3,2.1,,4.2,2.4,,5.8,0.5,,4.325,1.4249999999999998,0.0
2025-11-20 02:00,4.5,1.0,,3.1,1.9,,4.3,2.1,,6.2,0.0,,4.5249999999999995,1.25,0.0
2025-11-20 03:00,4.7,0.5,,3.6,1.7,,4.3,2.9,,5.6,0.0,,4.550000000000001,1.275,0.0
2025-11-20 04:00,4.7,0.0,,4.0,1.4,,4.5,2.6,,5.4,1.6,,4.65,1.4,0.0
2025-11-20 05:00,4.9,0.7,,4.3,1.2,,4.8,2.5,,5.8,1.6,,4.95,1.5,0.0
2025-11-20 06:00,4.9,0.7,,4.7,1.8,,4.9,3.4,,5.6,2.0,,5.025,1.975,0.0
2025-11-20 07:00,5.0,0.1,,5.2,1.4,,5.5,2.9,,5.7,1.2,,5.35,1.4000000000000001,0.0
2025-11-20 08:00,5.4,0.1,0.13,5.9,2.1,0.02,5.9,1.8,,6.2,2.9,0.03,5.8500000000000005,1.725,0.06
2025-11-20 09:00,6.5,0.5,0.2,6.7,1.2,0.14,7.2,1.8,,7.3,2.7,0.34,6.925,1.55,0.22666666666666668
2025-11-20 10:00,7.6,1.3,0.84,10.0,1.6,0.91,9.8,3.0,,7.6,2.8,0.4,8.75,2.175,0.7166666666666667
2025-11-20 11:00,8.6,1.1,0.67,12.3,1.3,1.46,12.4,2.1,,9.2,2.6,0.6,10.625,1.775,0.91
2025-11-20 12:00,10.0,2.3,0.76,13.6,3.2,1.58,12.9,4.0,,11.6,1.7,1.03,12.025,2.8,1.1233333333333333
2025-11-20 13:00,13.5,1.3,1.76,13.3,4.2,1.31,13.9,6.0,,13.6,3.3,1.15,13.575000000000001,3.7,1.406666666666667
2025-11-20 14:00,13.1,1.9,1.17,14.8,4.6,1.15,14.0,6.6,,13.8,4.8,1.52,13.925,4.475,1.28
2025-11-20 15:00,13.3,3.6,0.75,14.8,3.8,1.49,13.9,5.3,,13.4,3.8,1.07,13.85,4.125,1.1033333333333335
2025-11-20 16:00,13.1,2.6,0.5,13.4,3.9,0.87,13.4,4.6,,13.4,5.2,0.64,13.325,4.075,0.67
2025-11-20 17:00,13.0,1.6,0.26,12.5,2.8,0.24,12.5,3.8,,13.0,4.5,0.22,12.75,3.175,0.24
2025-11-20 18:00,11.9,1.4,0.02,11.8,3.0,0.01,11.6,3.4,,12.5,3.8,0.05,11.950000000000001,2.9000000000000004,0.02666666666666667
2025-11-20 19:00,11.4,1.3,,11.2,2.7,,11.4,4.0,,12.1,3.8,,11.525,2.95,0.0
2025-11-20 20:00,11.0,0.7,,11.1,3.5,,11.3,4.2,,12.0,3.7,,11.350000000000001,3.0250000000000004,0.0
2025-11-20 21:00,10.5,1.3,,10.4,2.8,,10.6,4.2,,12.2,2.8,,10.925,2.7750000000000004,0.0
2025-11-20 22:00,9.8,1.2,,9.7,1.7,,9.5,3.1,,11.8,3.7,,10.2,2.425,0.0
2025-11-20 23:00,8.9,0.3,,8.6,2.3,,8.1,2.3,,11.4,4.1,,9.25,2.25,0.0
2025-11-21 00:00,9.3,0.5,,8.4,2.6,,6.7,0.9,,10.9,4.6,,8.825000000000001,2.15,0.0
2025-11-21 01:00,8.7,0.5,,6.5,2.1,,5.5,0.5,,10.8,6.2,,7.875,2.325,0.0
2025-11-21 02:00,9.0,1.5,,6.4,0.4,,5.5,0.0,,10.2,5.8,,7.7749999999999995,1.9249999999999998,0.0
2025-11-21 03:00,7.8,1.5,,5.3,0.4,,5.1,0.4,,9.5,4.4,,6.925,1.675,0.0
2025-11-21 04:00,6.9,1.3,,4.7,0.7,,4.1,0.4,,9.0,2.8,,6.175000000000001,1.2999999999999998,0.0
2025-11-21 05:00,6.0,1.0,,3.7,1.0,,3.4,0.6,,8.9,4.0,,5.5,1.65,0.0
2025-11-21 06:00,6.0,0.0,,3.2,1.5,,4.0,1.2,,8.5,3.3,,5.425,1.5,0.0
2025-11-21 07:00,5.3,0.7,,3.2,1.6,,3.4,1.1,,7.9,1.5,,4.95,1.225,0.0
2025-11-21 08:00,5.4,0.5,0.05,3.5,1.5,0.06,3.2,0.3,,7.9,1.5,0.08,5.0,0.95,0.06333333333333334
2025-11-21 09:00,8.9,0.1,0.64,6.9,0.9,0.63,7.0,0.2,,9.1,2.6,0.64,7.975,0.95,0.6366666666666667
2025-11-21 10:00,10.1,0.9,1.26,8.6,0.8,1.25,9.2,1.4,,10.7,2.1,1.29,9.649999999999999,1.3,1.2666666666666666
2025-11-21 11:00,11.2,1.4,1.78,9.7,2.6,1.72,10.1,2.0,,11.1,5.7,1.51,10.525,2.925,1.67
2025-11-21 12:00,12.3,2.3,1.91,11.2,2.2,1.97,12.0,2.7,,11.3,5.2,1.49,11.7,3.1,1.79
2025-11-21 13:00,12.7,2.4,1.93,11.9,3.0,2.17,10.7,4.7,,12.1,4.9,1.84,11.85,3.7500000000000004,1.9799999999999998
2025-11-21 14:00,12.7,2.5,2.01,12.1,4.8,1.95,11.1,4.5,,11.6,4.9,1.63,11.875,4.175000000000001,1.8633333333333333
2025-11-21 15:00,12.6,2.5,1.65,11.4,4.1,1.48,11.2,4.8,,11.7,4.9,1.17,11.725000000000001,4.074999999999999,1.4333333333333333
2025-11-21 16:00,12.0,1.7,1.09,11.2,3.7,0.79,10.8,3.9,,11.5,4.6,0.93,11.375,3.475,0.9366666666666666
2025-11-21 17:00,10.6,2.2,0.42,10.1,3.0,0.39,9.7,3.0,,11.0,4.2,0.41,10.35,3.0999999999999996,0.4066666666666667
2025-11-21 18:00,9.9,1.3,0.01,8.7,2.5,0.02,8.3,0.7,,10.2,3.0,0.02,9.275,1.875,0.016666666666666666
2025-11-21 19:00,8.7,1.4,,8.1,1.9,,6.9,1.0,,9.3,1.8,,8.25,1.525,0.0
2025-11-21 20:00,8.5,0.7,,7.5,1.4,,6.3,1.7,,8.9,1.6,,7.800000000000001,1.35,0.0
2025-11-21 21:00,7.6,0.9,,5.8,2.2,,5.6,1.8,,8.6,1.8,,6.9,1.675,0.0
2025-11-21 22:00,7.2,0.2,,4.8,1.6,,4.8,1.3,,8.2,0.5,,6.25,0.9,0.0
2025-11-21 23:00,6.3,0.1,,4.4,1.9,,4.5,1.9,,7.7,1.5,,5.725,1.35,0.0
2025-11-22 00:00,5.5,0.0,,3.8,2.1,,3.4,1.4,,7.4,1.6,,5.025,1.275,0.0
2025-11-22 01:00,5.2,0.7,,3.3,1.6,,3.2,0.9,,6.9,1.7,,4.65,1.2249999999999999,0.0
2025-11-22 02:00,4.3,0.5,,3.3,2.1,,2.7,0.2,,6.5,1.8,,4.2,1.1500000000000001,0.0
2025-11-22 03:00,3.9,0.3,,2.9,1.8,,2.0,0.1,,6.0,1.3,,3.7,0.875,0.0
2025-11-22 04:00,3.7,0.3,,2.8,1.9,,1.9,0.6,,5.6,1.8,,3.5,1.15,0.0
2025-11-22 05:00,3.3,0.8,,2.7,2.4,,1.7,0.2,,4.9,1.7,,3.1500000000000004,1.2750000000000001,0.0
2025-11-22 06:00,2.7,0.5,,2.3,1.7,,1.5,1.6,,4.5,1.7,,2.75,1.375,0.0
2025-11-22 07:00,2.4,0.3,,2.1,1.1,,0.9,0.7,,4.2,2.0,,2.4000000000000004,1.025,0.0
2025-11-22 08:00,2.8,0.4,0.04,3.2,1.9,0.06,1.5,0.2,,4.8,2.3,0.07,3.075,1.2,0.05666666666666667
2025-11-22 09:00,5.4,0.3,0.62,6.4,1.8,0.59,5.1,1.1,,7.2,1.0,0.65,6.0249999999999995,1.05,0.62
2025-11-22 10:00,7.1,1.1,1.23,9.6,1.7,1.19,8.7,2.4,,10.0,2.2,1.27,8.85,1.8499999999999999,1.23
2025-11-22 11:00,10.0,0.9,1.73,13.2,1.2,1.63,11.6,2.8,,12.4,2.3,1.77,11.799999999999999,1.8,1.71
2025-11-22 12:00,12.6,1.4,2.04,14.0,1.5,1.93,12.8,2.7,,13.4,0.5,2.06,13.200000000000001,1.525,2.01
2025-11-22 13:00,14.3,1.8,2.11,14.6,1.7,1.99,15.0,2.0,,13.8,1.6,2.12,14.425,1.775,2.0733333333333333
2025-11-22 14:00,14.9,1.8,1.92,14.8,2.8,1.84,14.1,3.3,,13.8,3.4,1.97,14.400000000000002,2.8249999999999997,1.91
2025-11-22 15:00,15.3,1.4,1.47,14.2,2.5,1.29,13.9,3.0,,14.2,3.0,1.57,14.399999999999999,2.475,1.4433333333333334
2025-11-22 16:00,14.8,1.8,0.97,14.2,3.0,0.94,13.7,2.2,,14.0,2.6,1.05,14.175,2.4,0.9866666666666667
2025-11-22 17:00,13.0,1.2,0.36,12.5,3.0,0.34,12.4,1.6,,12.8,2.1,0.43,12.675,1.975,0.37666666666666665
2025-11-22 18:00,11.8,1.2,0.02,11.0,1.3,0.02,10.5,1.1,,11.8,1.2,0.02,11.274999999999999,1.2,0.02
2025-11-22 19:00,10.7,0.5,,9.9,0.9,,9.4,1.1,,11.0,0.0,,10.25,0.625,0.0
2025-11-22 20:00,9.3,0.5,,8.2,1.4,,9.2,1.6,,10.3,0.5,,9.25,1.0,0.0
2025-11-22 21:00,8.6,0.2,,7.3,1.4,,9.0,1.5,,9.7,0.0,,8.649999999999999,0.7749999999999999,0.0
2025-11-22 22:00,7.8,0.2,,6.4,1.7,,6.2,2.0,,9.1,0.0,,7.375,0.975,0.0
2025-11-22 23:00,7.3,0.0,,6.0,2.2,,6.2,2.8,,8.5,0.5,,7.0,1.375,0.0
2025-11-23 00:00,6.6,0.1,,5.5,2.4,,5.3,1.0,,8.0,0.3,,6.35,0.95,0.0
2025-11-23 01:00,6.1,0.3,,5.2,2.3,,4.9,1.0,,7.7,1.0,,5.9750000000000005,1.15,0.0
2025-11-23 02:00,5.5,1.0,,4.7,1.5,,4.8,1.2,,7.2,1.5,,5.55,1.3,0.0
2025-11-23 03:00,5.1,0.0,,4.7,2.4,,4.4,0.8,,7.0,1.2,,5.300000000000001,1.1,0.0
2025-11-23 04:00,4.8,0.9,,4.8,1.9,,4.3,0.8,,6.6,1.7,,5.125,1.325,0.0
2025-11-23 05:00,4.1,0.0,,4.3,1.9,,3.9,0.0,,6.2,1.8,,4.625,0.925,0.0
2025-11-23 06:00,4.0,0.0,,4.1,1.9,,3.9,0.6,,5.6,1.8,,4.4,1.075,0.0
2025-11-23 07:00,3.6,1.8,,4.5,2.2,,3.2,0.2,,5.4,1.9,,4.175000000000001,1.525,0.0
2025-11-23 08:00,3.8,0.0,0.05,5.7,2.3,0.09,4.6,1.5,,5.7,1.4,0.07,4.95,1.2999999999999998,0.07
2025-11-23 09:00,7.6,0.5,0.66,8.0,1.8,0.53,5.9,0.4,,8.6,3.2,0.63,7.525,1.475,0.6066666666666666
2025-11-23 10:00,9.4,0.9,1.33,10.3,1.6,0.78,9.1,1.6,,11.1,2.9,1.29,9.975000000000001,1.75,1.1333333333333335
2025-11-23 11:00,10.6,0.9,1.37,13.6,1.9,1.36,11.7,2.7,,13.5,2.4,1.71,12.35,1.975,1.4800000000000002
2025-11-23 12:00,13.7,1.1,2.0,14.2,1.9,1.75,14.1,3.2,,15.2,2.1,2.06,14.3,2.075,1.9366666666666668
2025-11-23 13:00,14.7,3.1,2.04,14.6,3.4,1.82,15.8,3.5,,15.7,2.3,1.87,15.2,3.075,1.9100000000000001
2025-11-23 14:00,16.3,2.0,1.92,16.2,2.3,1.84,15.5,3.0,,15.9,2.6,2.04,15.975,2.475,1.9333333333333333
2025-11-23 15:00,15.6,1.5,1.53,15.9,2.6,1.42,15.7,2.3,,16.4,3.3,1.62,15.9,2.425,1.5233333333333334
2025-11-23 16:00,15.3,1.7,0.93,15.6,3.0,0.93,14.8,2.9,,15.1,4.1,0.99,15.200000000000001,2.925,0.9500000000000001
2025-11-23 17:00,13.9,1.7,0.3,13.6,2.3,0.31,13.3,2.0,,14.6,4.1,0.45,13.85,2.525,0.35333333333333333
2025-11-23 18:00,12.7,1.6,0.02,12.3,1.9,0.01,12.1,2.1,,13.7,3.4,0.02,12.7,2.25,0.016666666666666666
2025-11-23 19:00,11.8,1.1,,10.9,1.4,,11.1,1.4,,12.4,2.5,,11.55,1.6,0.0
2025-11-23 20:00,10.5,1.2,,9.9,1.0,,10.5,2.6,,12.0,2.4,,10.725,1.8000000000000003,0.0
2025-11-23 21:00,10.4,0.5,,9.1,1.7,,10.1,2.7,,11.5,2.6,,10.275,1.875,0.0
2025-11-23 22:00,10.0,1.2,,8.6,1.9,,10.3,3.0,,11.5,3.2,,10.100000000000001,2.325,0.0
2025-11-23 23:00,9.2,0.2,,8.4,1.6,,9.7,3.0,,11.2,2.3,,9.625,1.775,0.0
2025-11-24 00:00,9.2,0.1,,8.3,1.8,,9.9,3.0,,11.2,3.0,,9.649999999999999,1.975,0.0
2025-11-24 01:00,9.3,0.3,,8.7,1.4,,10.6,3.4,,11.1,3.5,,9.925,2.15,0.0
2025-11-24 02:00,8.8,1.3,,9.3,2.0,,10.4,2.9,,10.7,4.1,,9.8,2.5749999999999997,0.0
2025-11-24 03:00,8.7,0.2,,9.9,2.2,,10.3,3.0,,10.6,4.2,,9.875,2.4000000000000004,0.0
2025-11-24 04:00,8.8,0.0,,9.7,1.6,,10.2,2.1,,10.7,2.8,,9.85,1.625,0.0
2025-11-24 05:00,8.9,0.3,,9.3,2.1,,9.7,2.1,,10.8,3.3,,9.675,1.95,0.0
2025-11-24 06:00,8.6,0.1,,9.0,1.7,,9.7,3.2,,10.7,4.1,,9.5,2.275,0.0
2025-11-24 07:00,8.0,0.4,,8.9,1.9,,9.0,1.6,,10.6,3.1,,9.125,1.75,0.0
2025-11-24 08:00,8.2,0.2,0.04,9.3,2.0,0.05,8.3,2.5,,10.9,3.9,0.05,9.175,2.15,0.04666666666666667
2025-11-24 09:00,10.8,0.3,0.55,12.5,1.4,0.48,11.3,2.0,,12.4,3.4,0.5,11.75,1.775,0.51
2025-11-24 10:00,13.1,0.7,1.07,15.5,1.6,1.05,13.4,2.5,,14.3,3.0,1.08,14.075,1.95,1.0666666666666667
2025-11-24 11:00,15.5,1.2,1.53,17.4,2.0,1.5,16.1,3.9,,16.7,2.7,1.55,16.425,2.45,1.5266666666666666
2025-11-24 12:00,18.1,1.7,1.82,17.6,3.4,1.82,17.1,3.4,,17.7,2.9,1.86,17.625,2.85,1.8333333333333333
2025-11-24 13:00,19.1,2.1,1.91,18.0,3.5,1.83,17.1,3.9,,17.9,3.3,1.92,18.025,3.2,1.8866666666666667
2025-11-24 14:00,19.5,2.9,1.75,18.6,4.1,1.72,17.4,2.4,,18.6,2.6,1.8,18.525,3.0,1.7566666666666666
2025-11-24 15:00,18.7,3.0,1.35,17.8,3.0,1.17,16.1,3.6,,18.0,2.4,1.5,17.65,3.0,1.3399999999999999
2025-11-24 16:00,17.9,2.7,0.8,16.6,3.9,0.75,15.7,2.8,,17.8,1.2,0.95,17.0,2.6499999999999995,0.8333333333333334
2025-11-24 17:00,16.5,2.4,0.24,15.0,3.9,0.25,14.7,2.0,,16.1,1.6,0.4,15.575000000000001,2.475,0.2966666666666667
2025-11-24 18:00,15.1,2.6,0.01,13.7,2.5,0.01,13.5,0.7,,14.9,2.9,0.02,14.299999999999999,2.175,0.013333333333333334
2025-11-24 19:00,14.4,1.7,,13.1,1.9,,12.9,1.0,,14.1,2.1,,13.625,1.6749999999999998,0.0
2025-11-24 20:00,13.1,0.7,,12.3,0.6,,12.4,1.9,,13.4,1.7,,12.799999999999999,1.2249999999999999,0.0
2025-11-24 21:00,12.3,0.2,,11.5,1.8,,11.6,1.0,,13.0,1.9,,12.1,1.225,0.0
2025-11-24 22:00,11.3,1.7,,10.4,1.8,,10.8,1.8,,12.5,0.9,,11.25,1.55,0.0
2025-11-24 23:00,11.1,1.3,,9.8,1.1,,9.4,2.0,,12.7,2.3,,10.75,1.675,0.0
2025-11-25 00:00,10.9,0.2,,9.7,1.5,,9.3,1.7,,12.8,2.4,,10.675,1.45,0.0
2025-11-25 01:00,10.4,0.8,,8.9,1.2,,8.9,1.8,,12.5,2.3,,10.175,1.525,0.0
2025-11-25 02:00,10.6,0.7,,8.6,1.5,,8.9,2.2,,11.9,1.7,,10.0,1.5250000000000001,0.0
2025-11-25 03:00,10.7,0.1,,8.2,1.2,,7.9,2.3,,11.0,2.4,,9.45,1.5,0.0
2025-11-25 04:00,10.3,0.2,,7.6,1.4,,8.3,1.5,,11.5,1.9,,9.425,1.25,0.0
2025-11-25 05:00,10.2,0.6,,7.9,1.0,,8.1,2.8,,11.9,2.0,,9.525,1.6,0.0
2025-11-25 06:00,10.1,1.7,,8.6,2.1,,8.9,4.0,,12.9,3.0,,10.125,2.7,0.0
2025-11-25 07:00,9.7,0.7,,8.9,5.8,,9.2,4.5,,12.0,7.7,,9.95,4.675,0.0
2025-11-25 08:00,9.7,1.0,0.01,8.9,2.9,0.0,9.4,4.3,,9.9,6.9,0.01,9.475,3.775,0.006666666666666667
2025-11-25 09:00,9.4,2.8,0.14,8.5,1.7,0.05,10.2,6.7,,10.3,5.5,0.31,9.6,4.175,0.16666666666666666
2025-11-25 10:00,10.1,0.9,0.34,9.3,3.2,0.26,10.7,7.5,,8.4,9.4,0.27,9.625,5.25,0.29000000000000004
2025-11-25 11:00,7.9,2.0,0.23,10.6,3.6,0.77,10.1,6.1,,10.1,6.6,0.61,9.675,4.574999999999999,0.5366666666666666
2025-11-25 12:00,10.4,2.6,0.89,10.3,4.4,0.68,10.3,9.1,,11.0,9.3,1.62,10.5,6.3500000000000005,1.0633333333333335
2025-11-25 13:00,10.1,2.0,1.27,9.9,4.2,0.63,10.1,8.3,,10.7,7.4,1.19,10.2,5.475,1.03
2025-11-25 14:00,8.9,2.8,0.52,9.2,5.2,0.43,9.3,9.6,,10.1,10.4,1.26,9.375,7.0,0.7366666666666667
2025-11-25 15:00,8.7,1.9,0.35,9.0,7.0,0.28,7.9,10.7,,10.1,10.3,0.72,8.925,7.4750000000000005,0.45
2025-11-25 16:00,9.0,2.6,0.31,7.3,4.4,0.36,8.2,7.9,,9.3,10.1,0.6,8.45,6.25,0.42333333333333334
2025-11-25 17:00,8.4,3.0,0.16,7.3,3.6,0.1,8.3,7.4,,9.0,8.1,0.11,8.25,5.525,0.12333333333333334
2025-11-25 18:00,8.0,1.4,0.01,7.6,4.2,0.01,8.2,7.0,,8.8,8.9,0.01,8.149999999999999,5.375,0.01
2025-11-25 19:00,7.8,2.4,,7.5,2.8,,8.1,5.4,,8.8,7.9,,8.05,4.625,0.0
2025-11-25 20:00,7.9,1.8,,7.5,3.3,,7.9,5.0,,8.7,6.7,,8.0,4.2,0.0
2025-11-25 21:00,8.1,2.1,,7.5,3.2,,7.9,3.4,,8.7,7.4,,8.05,4.025,0.0
2025-11-25 22:00,8.2,2.3,,7.3,1.3,,7.8,2.0,,8.6,7.1,,7.975,3.175,0.0
2025-11-25 23:00,8.1,1.3,,7.5,1.5,,7.7,1.8,,8.6,5.9,,7.975,2.625,0.0
2025-11-26 00:00,8.0,0.7,,7.2,1.3,,7.6,1.6,,8.6,5.7,,7.85,2.325,0.0
2025-11-26 01:00,8.0,0.7,,6.9,1.7,,7.3,0.7,,8.5,4.4,,7.675,1.875,0.0
2025-11-26 02:00,8.2,0.7,,6.7,1.6,,7.1,0.9,,8.5,3.1,,7.625,1.575,0.0
2025-11-26 03:00,8.1,0.5,,6.6,1.0,,6.9,1.2,,8.6,4.3,,7.550000000000001,1.75,0.0
2025-11-26 04:00,8.0,0.6,,6.6,1.0,,6.8,1.4,,8.6,4.7,,7.5,1.925,0.0
2025-11-26 05:00,8.0,0.9,,6.4,0.7,,6.5,0.5,,8.5,3.3,,7.35,1.35,0.0
2025-11-26 06:00,7.7,1.9,,6.5,0.9,,6.4,1.3,,8.4,3.1,,7.25,1.7999999999999998,0.0
2025-11-26 07:00,6.3,2.6,,6.2,1.2,,6.2,1.2,,8.4,3.0,,6.775,2.0,0.0
2025-11-26 08:00,7.0,1.3,0.04,5.9,0.4,0.07,6.2,0.2,,8.2,1.3,0.03,6.825,0.8,0.04666666666666667
2025-11-26 09:00,8.3,1.7,0.32,8.1,1.6,0.56,7.0,0.6,,9.0,2.5,0.4,8.1,1.6,0.42666666666666675
2025-11-26 10:00,10.0,2.7,0.99,10.0,1.1,1.09,7.7,0.9,,9.9,3.0,0.96,9.4,1.925,1.0133333333333334
2025-11-26 11:00,10.8,1.3,1.92,11.0,2.4,1.62,8.5,1.7,,9.9,3.9,1.12,10.05,2.325,1.5533333333333335
2025-11-26 12:00,10.7,1.8,1.94,10.6,2.4,1.76,9.9,1.4,,10.7,3.9,1.92,10.474999999999998,2.375,1.8733333333333333
2025-11-26 13:00,12.9,1.1,2.07,11.2,1.5,1.99,10.0,3.1,,10.6,3.9,2.27,11.175,2.4,2.11
2025-11-26 14:00,13.0,2.2,1.89,12.5,1.3,1.83,10.9,2.3,,10.7,3.6,1.4,11.774999999999999,2.35,1.7066666666666663
2025-11-26 15:00,12.9,2.1,1.51,11.8,3.1,1.42,11.1,2.5,,10.5,3.7,1.67,11.575000000000001,2.85,1.5333333333333332
2025-11-26 16:00,12.6,1.3,1.01,11.0,2.0,0.92,10.5,3.0,,10.5,2.8,1.13,11.15,2.275,1.02
2025-11-26 17:00,11.0,0.3,0.38,9.5,1.5,0.34,9.1,2.5,,9.9,3.0,0.47,9.875,1.825,0.39666666666666667
2025-11-26 18:00,9.7,1.7,0.02,8.2,1.7,0.01,7.1,1.0,,9.0,2.6,0.03,8.5,1.75,0.02
2025-11-26 19:00,8.7,0.9,,7.6,1.3,,6.1,0.2,,8.4,1.5,,7.699999999999999,0.9750000000000001,0.0
2025-11-26 20:00,7.9,1.2,,7.1,1.1,,4.9,0.5,,7.9,1.5,,6.949999999999999,1.075,0.0
2025-11-26 21:00,7.0,1.3,,5.9,1.4,,4.2,0.3,,7.2,0.1,,6.075,0.775,0.0
2025-11-26 22:00,6.4,1.2,,5.3,1.5,,3.3,0.0,,6.9,1.8,,5.475,1.125,0.0
2025-11-26 23:00,5.9,1.3,,4.2,1.6,,2.7,1.2,,6.4,2.1,,4.800000000000001,1.5500000000000003,0.0
2025-11-27 00:00,5.3,0.3,,3.8,1.9,,2.9,2.7,,6.1,3.4,,4.525,2.075,0.0
2025-11-27 01:00,5.1,1.1,,3.2,1.7,,2.9,2.3,,5.7,3.5,,4.2250000000000005,2.15,0.0
2025-11-27 02:00,4.5,0.9,,3.2,1.5,,3.7,4.2,,5.9,4.0,,4.325,2.65,0.0
2025-11-27 03:00,4.4,1.4,,2.9,2.3,,4.0,4.0,,6.1,4.0,,4.35,2.925,0.0
2025-11-27 04:00,5.2,0.7,,3.4,1.9,,4.5,3.9,,6.9,3.2,,5.0,2.425,0.0
2025-11-27 05:00,5.3,1.2,,4.4,2.7,,5.2,3.2,,6.6,3.0,,5.375,2.5250000000000004,0.0
2025-11-27 06:00,5.5,1.3,,5.5,1.7,,5.7,3.4,,6.8,2.9,,5.875,2.325,0.0
2025-11-27 07:00,5.5,1.1,,6.4,2.3,,5.3,2.3,,6.6,3.8,,5.949999999999999,2.375,0.0
2025-11-27 08:00,4.9,3.3,0.02,7.8,3.6,0.01,6.6,4.6,,7.4,2.8,0.02,6.674999999999999,3.575,0.016666666666666666
2025-11-27 09:00,7.3,2.7,0.29,9.0,4.0,0.25,7.5,4.1,,9.0,4.1,0.46,8.2,3.725,0.3333333333333333
2025-11-27 10:00,10.0,1.9,1.05,10.1,3.1,1.05,7.2,4.3,,11.9,4.3,0.89,9.8,3.4000000000000004,0.9966666666666667
2025-11-27 11:00,7.5,2.6,0.5,7.1,4.1,0.09,8.4,6.3,,9.8,9.5,0.46,8.2,5.625,0.35000000000000003
2025-11-27 12:00,8.6,1.7,0.32,7.5,3.6,0.13,9.6,6.4,,9.6,6.2,0.4,8.825000000000001,4.475,0.2833333333333334
2025-11-27 13:00,10.4,3.5,0.87,9.1,3.5,0.61,11.1,9.4,,9.9,11.0,1.04,10.125,6.85,0.84
2025-11-27 14:00,10.5,4.1,0.76,8.4,6.9,0.85,7.4,5.0,,10.9,7.2,0.71,9.299999999999999,5.8,0.7733333333333333
2025-11-27 15:00,9.8,2.8,0.64,8.6,4.9,0.92,10.0,8.9,,9.6,12.0,0.53,9.5,7.15,0.6966666666666667
2025-11-27 16:00,9.5,3.2,0.51,8.4,5.8,0.28,8.7,7.7,,9.8,8.5,0.4,9.1,6.3,0.39666666666666667
2025-11-27 17:00,8.0,2.4,0.24,8.2,3.1,0.15,7.7,8.4,,9.6,6.9,0.08,8.375,5.2,0.15666666666666668
2025-11-27 18:00,8.4,3.0,0.02,7.0,3.3,0.0,6.5,7.6,,9.3,9.2,0.01,7.8,5.7749999999999995,0.01
2025-11-27 19:00,8.0,2.3,,6.5,4.3,,7.6,10.4,,8.9,9.6,,7.75,6.65,0.0
2025-11-27 20:00,7.7,2.8,,6.6,3.7,,7.2,9.2,,8.6,7.3,,7.525,5.75,0.0
2025-11-27 21:00,7.2,1.7,,6.4,3.7,,6.7,8.0,,8.6,7.9,,7.225,5.325,0.0
2025-11-27 22:00,7.5,2.7,,5.4,3.7,,6.5,8.1,,8.1,7.2,,6.875,5.425,0.0
2025-11-27 23:00,6.9,3.1,,5.6,2.9,,6.5,6.8,,7.6,8.2,,6.65,5.25,0.0
2025-11-28 00:00,6.2,1.9,,5.9,2.9,,6.3,5.9,,7.2,7.1,,6.4,4.449999999999999,0.0
2025-11-28 01:00,5.9,1.3,,5.7,3.8,,6.1,5.6,,7.1,5.9,,6.200000000000001,4.15,0.0
2025-11-28 02:00,5.8,1.3,,5.4,3.8,,6.0,5.6,,7.0,7.0,,6.05,4.425,0.0
2025-11-28 03:00,5.9,0.9,,4.9,2.0,,5.8,4.6,,6.9,6.6,,5.875,3.525,0.0
2025-11-28 04:00,5.9,1.2,,5.0,3.0,,5.6,4.0,,6.8,4.5,,5.825,3.175,0.0
2025-11-28 05:00,5.9,1.1,,4.8,2.6,,5.1,2.6,,6.8,5.7,,5.6499999999999995,3.0,0.0
2025-11-28 06:00,5.8,1.4,,4.2,2.2,,4.3,1.1,,6.6,5.2,,5.225,2.475,0.0
2025-11-28 07:00,5.0,1.1,,3.4,1.3,,4.3,1.5,,6.9,4.9,,4.9,2.2,0.0
2025-11-28 08:00,5.2,1.8,0.04,3.4,1.9,0.05,3.7,2.1,,6.9,5.8,0.04,4.800000000000001,2.9000000000000004,0.043333333333333335
2025-11-28 09:00,6.2,0.8,0.33,4.7,1.7,0.55,3.9,1.7,,7.0,4.7,0.21,5.45,2.225,0.36333333333333334
2025-11-28 10:00,8.2,1.1,0.91,5.4,2.5,1.07,5.3,1.9,,7.5,4.8,0.66,6.6,2.575,0.88
2025-11-28 11:00,7.7,1.7,1.6,5.8,2.9,1.63,7.0,1.9,,8.0,3.9,1.16,7.125,2.6,1.4633333333333332
2025-11-28 12:00,9.4,1.7,1.99,7.1,1.8,1.98,7.7,2.1,,8.5,3.6,1.79,8.175,2.3,1.92
2025-11-28 13:00,9.7,2.2,2.12,8.1,2.5,2.05,9.1,2.4,,8.5,3.5,2.03,8.85,2.65,2.0666666666666664
2025-11-28 14:00,9.9,1.7,1.94,8.9,3.3,1.91,8.1,3.9,,8.9,3.4,1.66,8.95,3.075,1.8366666666666667
2025-11-28 15:00,10.0,1.3,1.45,8.3,3.5,1.57,8.2,3.9,,9.3,3.9,1.67,8.95,3.15,1.5633333333333332
2025-11-28 16:00,9.3,2.1,1.01,8.2,2.1,1.0,8.7,2.0,,8.7,3.5,1.28,8.725,2.425,1.0966666666666667
2025-11-28 17:00,8.0,0.9,0.39,6.7,1.7,0.4,7.1,2.3,,7.9,3.5,0.45,7.424999999999999,2.1,0.41333333333333333
2025-11-28 18:00,6.7,1.9,0.02,5.2,0.6,0.01,5.4,0.4,,6.8,2.8,0.03,6.025,1.4249999999999998,0.02
2025-11-28 19:00,6.3,0.5,,4.6,0.7,,3.6,0.3,,6.3,2.2,,5.199999999999999,0.925,0.0
2025-11-28 20:00,5.2,1.4,,3.4,1.9,,3.2,0.0,,5.7,2.6,,4.375,1.475,0.0
2025-11-28 21:00,4.5,1.4,,2.4,1.7,,1.9,0.7,,5.2,3.3,,3.5,1.775,0.0
2025-11-28 22:00,4.6,1.1,,1.9,1.5,,1.4,0.5,,4.7,2.1,,3.1500000000000004,1.3,0.0
2025-11-28 23:00,3.9,1.0,,1.1,1.8,,0.7,0.6,,3.7,1.4,,2.35,1.2,0.0
2025-11-29 00:00,2.8,1.1,,1.0,2.0,,0.3,0.3,,3.8,2.6,,1.9749999999999999,1.5,0.0
2025-11-29 01:00,2.8,0.7,,0.1,1.0,,-0.3,0.9,,3.6,2.3,,1.55,1.225,0.0
2025-11-29 02:00,2.2,1.1,,-0.2,1.7,,-0.7,0.2,,3.4,2.2,,1.175,1.3,0.0
2025-11-29 03:00,1.2,0.4,,0.2,2.0,,-0.8,0.4,,3.2,3.0,,0.95,1.45,0.0
2025-11-29 04:00,1.4,0.3,,0.1,1.6,,-1.5,0.3,,2.9,2.7,,0.725,1.225,0.0
2025-11-29 05:00,1.0,0.8,,-0.3,1.8,,-1.6,0.3,,2.2,2.8,,0.325,1.4249999999999998,0.0
2025-11-29 06:00,0.9,0.5,,-0.2,2.0,,-1.9,0.0,,1.9,2.9,,0.175,1.35,0.0
2025-11-29 07:00,0.5,0.4,,0.2,1.5,,-1.9,0.1,,1.9,3.4,,0.175,1.35,0.0
2025-11-29 08:00,0.6,0.1,0.04,1.1,1.7,0.05,-1.4,0.5,,3.2,4.8,0.05,0.8750000000000001,1.775,0.04666666666666667
2025-11-29 09:00,3.1,0.5,0.53,5.8,2.5,0.52,1.2,0.7,,5.7,3.9,0.54,3.95,1.9,0.53
2025-11-29 10:00,6.4,1.1,1.14,9.6,1.3,1.13,6.5,2.1,,7.9,3.8,1.16,7.6,2.075,1.1433333333333333
2025-11-29 11:00,9.5,0.8,1.62,12.2,1.8,1.6,9.5,2.4,,10.6,3.1,1.66,10.45,2.025,1.6266666666666667
2025-11-29 12:00,12.2,1.3,1.91,13.2,2.4,1.88,11.3,4.5,,13.6,3.1,1.98,12.575000000000001,2.8249999999999997,1.9233333333333331
2025-11-29 13:00,14.9,3.1,2.02,15.0,2.9,1.97,13.8,4.7,,14.5,5.1,2.08,14.55,3.9499999999999997,2.0233333333333334
2025-11-29 14:00,16.7,2.8,1.88,15.8,2.9,1.82,15.5,3.7,,15.1,4.5,1.79,15.775,3.4749999999999996,1.83
2025-11-29 15:00,15.9,4.8,1.53,16.2,2.9,1.46,15.3,4.8,,14.9,4.5,1.13,15.575000000000001,4.25,1.3733333333333333
2025-11-29 16:00,15.8,3.3,0.89,15.5,3.2,0.91,15.3,3.8,,15.0,4.7,0.8,15.4,3.75,0.8666666666666667
2025-11-29 17:00,14.4,2.6,0.34,14.1,1.6,0.34,14.2,2.5,,15.3,3.7,0.4,14.5,2.6,0.36000000000000004
2025-11-29 18:00,13.7,2.4,0.02,12.8,1.7,0.01,12.2,2.5,,14.4,2.7,0.03,13.275,2.325,0.02
2025-11-29 19:00,12.8,2.0,,11.5,1.9,,11.5,3.4,,13.2,2.7,,12.25,2.5,0.0
2025-11-29 20:00,12.7,1.8,,9.8,1.8,,10.9,4.0,,12.8,2.5,,11.55,2.525,0.0
2025-11-29 21:00,12.3,2.0,,9.7,2.5,,10.7,3.3,,12.4,2.8,,11.275,2.65,0.0
2025-11-29 22:00,12.3,1.7,,10.1,2.3,,10.7,3.2,,12.0,2.5,,11.274999999999999,2.425,0.0
2025-11-29 23:00,11.7,0.6,,10.6,2.3,,10.7,3.5,,11.9,3.2,,11.225,2.4000000000000004,0.0
2025-11-30 00:00,10.7,0.6,,10.4,2.2,,10.3,3.4,,11.9,2.8,,10.825000000000001,2.25,0.0
2025-11-30 01:00,10.1,0.5,,10.3,2.5,,9.6,2.4,,11.5,2.8,,10.375,2.05,0.0
2025-11-30 02:00,9.9,0.3,,9.8,1.4,,9.4,2.8,,11.8,3.0,,10.225000000000001,1.875,0.0
2025-11-30 03:00,9.2,0.5,,9.0,2.2,,9.3,2.7,,11.9,2.8,,9.85,2.05,0.0
2025-11-30 04:00,9.0,0.2,,8.1,2.1,,9.0,2.5,,11.3,2.7,,9.350000000000001,1.8750000000000002,0.0
2025-11-30 05:00,8.5,0.1,,7.8,1.5,,9.9,2.7,,11.0,3.2,,9.3,1.8750000000000002,0.0
2025-11-30 06:00,7.9,0.1,,7.7,2.2,,9.5,2.4,,11.0,2.7,,9.025,1.85,0.0
2025-11-30 07:00,7.3,0.5,,7.5,2.3,,9.0,2.3,,10.6,2.6,,8.6,1.9249999999999998,0.0
2025-11-30 08:00,7.5,0.8,0.04,7.5,1.4,0.04,9.1,2.1,,10.3,2.8,0.04,8.600000000000001,1.7750000000000001,0.04
2025-11-30 09:00,9.8,0.1,0.45,10.7,1.0,0.4,10.5,3.1,,12.1,3.0,0.46,10.775,1.8,0.4366666666666667
2025-11-30 10:00,11.9,0.9,1.07,13.7,2.6,0.94,12.8,2.3,,14.4,3.3,1.06,13.200000000000001,2.275,1.0233333333333332
2025-11-30 11:00,15.3,1.5,1.53,16.3,2.4,1.48,15.1,3.0,,15.9,2.9,1.58,15.65,2.45,1.53
2025-11-30 12:00,18.0,3.1,1.81,17.8,2.5,1.77,17.4,3.5,,17.6,3.3,1.89,17.7,3.0999999999999996,1.8233333333333333
2025-11-30 13:00,19.1,3.0,1.94,18.9,3.0,1.86,18.1,2.6,,18.3,3.5,1.99,18.6,3.025,1.93
2025-11-30 14:00,19.3,3.4,1.81,19.5,2.8,1.65,18.3,2.1,,18.8,4.6,1.87,18.974999999999998,3.2249999999999996,1.7766666666666666
2025-11-30 15:00,19.2,3.5,1.45,19.3,4.5,1.37,17.7,2.9,,18.2,5.4,1.42,18.6,4.075,1.4133333333333333
2025-11-30 16:00,18.6,3.2,0.91,18.4,4.9,0.84,16.8,2.6,,17.9,4.1,0.96,17.924999999999997,3.7,0.9033333333333333
2025-11-30 17:00,16.8,2.2,0.31,17.0,2.4,0.29,15.4,2.3,,16.8,3.4,0.32,16.5,2.5749999999999997,0.30666666666666664
2025-11-30 18:00,16.1,2.8,0.01,15.4,2.0,0.01,14.2,2.8,,15.8,3.5,0.01,15.375,2.775,0.01
2025-11-30 19:00,14.9,2.5,,15.0,2.1,,13.9,3.4,,15.3,2.9,,14.774999999999999,2.725,0.0
2025-11-30 20:00,15.0,2.9,,14.2,2.1,,13.8,3.9,,15.1,4.1,,14.525,3.25,0.0
2025-11-30 21:00,14.2,1.5,,14.3,2.2,,13.5,4.1,,14.7,3.0,,14.175,2.7,0.0
2025-11-30 22:00,13.8,1.8,,13.9,2.0,,12.6,1.7,,14.2,2.6,,13.625,2.025,0.0
2025-11-30 23:00,13.4,2.1,,13.0,1.6,,12.6,2.3,,13.8,2.8,,13.2,2.2,0.0
2025-12-01 01:00,12.6,0.8,,12.7,2.4,,13.1,3.2,,12.2,1.6,,12.649999999999999,2.0,0.0
2025-12-01 02:00,11.9,0.5,,12.8,3.4,,11.6,5.3,,11.7,2.5,,12.0,2.925,0.0
2025-12-01 03:00,11.3,0.7,,11.8,4.1,,10.7,3.5,,12.1,2.2,,11.475,2.625,0.0
2025-12-01 04:00,11.1,0.2,,10.4,2.8,,9.7,3.5,,11.3,3.9,,10.625,2.6,0.0
2025-12-01 05:00,10.4,1.3,,10.0,2.5,,8.8,4.8,,10.4,6.4,,9.9,3.75,0.0
2025-12-01 06:00,10.0,1.6,,8.9,2.6,,7.5,2.7,,9.8,6.7,,9.05,3.4000000000000004,0.0
2025-12-01 07:00,9.6,3.0,,7.6,3.8,,5.5,1.5,,9.5,7.6,,8.05,3.975,0.0
2025-12-01 08:00,8.8,2.9,0.03,6.5,1.7,0.02,5.0,0.1,,8.9,5.2,0.04,7.300000000000001,2.4749999999999996,0.03
2025-12-01 09:00,8.3,3.0,0.25,8.1,0.7,0.47,7.9,0.3,,9.1,5.2,0.58,8.35,2.3,0.4333333333333333
2025-12-01 10:00,10.8,2.5,0.9,9.7,2.6,1.15,9.4,3.0,,8.8,5.1,0.64,9.675,3.3,0.8966666666666666
2025-12-01 11:00,12.0,1.6,1.67,10.7,2.5,1.65,10.4,3.3,,10.3,5.1,1.5,10.850000000000001,3.125,1.6066666666666667
2025-12-01 12:00,13.1,1.2,1.98,11.2,2.6,1.89,11.3,2.4,,10.8,7.6,2.01,11.599999999999998,3.4499999999999997,1.96
2025-12-01 13:00,12.8,3.0,2.08,12.2,2.8,2.0,10.5,5.5,,10.9,6.4,2.13,11.6,4.425000000000001,2.07
2025-12-01 14:00,13.5,2.4,1.94,12.3,2.6,1.86,10.5,5.3,,10.4,8.3,1.97,11.674999999999999,4.65,1.9233333333333331
2025-12-01 15:00,13.0,3.2,1.58,12.5,3.3,1.49,10.4,5.7,,10.0,8.4,1.62,11.475,5.15,1.5633333333333335
2025-12-01 16:00,12.2,2.3,1.04,11.2,2.8,0.94,9.6,5.8,,9.2,10.1,1.09,10.55,5.25,1.0233333333333334
2025-12-01 17:00,10.2,3.6,0.42,9.5,2.7,0.35,8.6,2.8,,8.7,6.3,0.44,9.25,3.8500000000000005,0.4033333333333333
2025-12-01 18:00,8.6,1.3,0.01,8.1,2.5,0.02,6.7,2.2,,8.0,5.6,0.03,7.85,2.9,0.02
2025-12-01 19:00,7.4,0.2,,7.2,2.6,,5.3,2.3,,7.5,5.4,,6.8500000000000005,2.625,0.0
2025-12-01 20:00,6.8,0.3,,6.3,2.9,,4.1,1.6,,7.1,3.2,,6.074999999999999,2.0,0.0
2025-12-01 21:00,5.9,1.5,,5.4,1.9,,3.3,1.1,,6.4,3.0,,5.25,1.875,0.0
2025-12-01 22:00,5.1,2.4,,4.0,1.8,,2.9,1.9,,5.9,3.3,,4.475,2.3499999999999996,0.0
2025-12-01 23:00,4.7,2.1,,3.4,1.3,,2.3,0.3,,6.2,4.8,,4.1499999999999995,2.125,0.0
2025-12-02 00:00,3.8,2.5,,3.5,0.6,,1.7,0.0,,5.6,3.0,,3.65,1.525,0.0
2025-12-02 01:00,3.9,3.4,,3.7,0.9,,1.2,0.5,,5.6,4.5,,3.5999999999999996,2.325,0.0
2025-12-02 02:00,3.8,2.6,,2.4,1.9,,1.4,1.2,,5.7,5.0,,3.325,2.675,0.0
2025-12-02 03:00,3.4,2.8,,2.6,2.7,,2.2,1.0,,5.2,4.4,,3.3499999999999996,2.725,0.0
2025-12-02 04:00,3.9,3.5,,2.2,1.7,,3.0,1.8,,5.1,5.6,,3.55,3.15,0.0
2025-12-02 05:00,3.8,3.9,,2.4,1.3,,3.0,1.4,,4.8,7.0,,3.5,3.4,0.0
2025-12-02 06:00,3.7,3.8,,2.1,1.4,,2.8,1.7,,4.7,7.0,,3.325,3.4749999999999996,0.0
2025-12-02 07:00,3.9,3.7,,2.2,1.1,,2.6,1.3,,4.0,3.2,,3.175,2.325,0.0
2025-12-02 08:00,4.1,3.5,0.01,2.5,2.1,0.01,1.7,0.9,,4.5,2.9,0.02,3.1999999999999997,2.35,0.013333333333333334
2025-12-02 09:00,5.0,3.6,0.25,4.3,2.5,0.4,3.0,1.5,,5.4,2.9,0.29,4.425000000000001,2.625,0.3133333333333333
2025-12-02 10:00,6.9,3.0,1.04,5.6,2.9,1.02,4.9,2.3,,6.1,7.2,1.03,5.875,3.8499999999999996,1.03
2025-12-02 11:00,8.2,6.6,1.49,6.9,3.1,1.46,6.0,3.7,,7.3,8.9,1.48,7.1000000000000005,5.574999999999999,1.4766666666666666
2025-12-02 12:00,9.6,5.3,1.8,7.2,4.3,1.76,6.3,5.2,,7.7,9.0,1.79,7.7,5.95,1.7833333333333332
2025-12-02 13:00,10.3,4.6,1.92,7.3,4.5,1.84,6.4,3.2,,7.6,8.2,1.93,7.9,5.125,1.8966666666666665
2025-12-02 14:00,9.5,3.4,1.62,7.6,3.6,1.72,6.6,3.6,,7.0,9.3,1.62,7.675000000000001,4.975,1.6533333333333333
2025-12-02 15:00,9.4,3.7,1.39,6.9,4.3,1.38,6.2,4.2,,6.5,8.6,1.25,7.25,5.199999999999999,1.3399999999999999
2025-12-02 16:00,7.9,3.2,0.88,6.1,3.7,0.87,5.5,5.5,,5.8,9.1,0.85,6.325,5.375,0.8666666666666667
2025-12-02 17:00,6.1,3.1,0.29,4.0,4.0,0.26,3.6,5.3,,5.1,8.1,0.28,4.699999999999999,5.125,0.27666666666666667
2025-12-02 18:00,4.5,5.2,0.01,2.3,5.1,0.0,2.8,5.8,,4.5,7.4,0.02,3.525,5.875,0.01
2025-12-02 19:00,3.9,4.1,,1.6,4.3,,1.4,2.8,,4.0,7.6,,2.725,4.699999999999999,0.0
2025-12-02 20:00,3.6,2.9,,0.7,3.1,,0.8,1.5,,3.8,5.5,,2.2249999999999996,3.25,0.0
2025-12-02 21:00,3.2,3.1,,1.0,3.0,,1.1,1.9,,3.5,6.6,,2.2,3.65,0.0
2025-12-02 22:00,2.7,2.6,,0.6,2.7,,1.2,3.5,,3.1,6.5,,1.9,3.825,0.0
2025-12-02 23:00,2.3,3.3,,0.7,2.2,,1.0,4.7,,2.6,5.5,,1.65,3.925,0.0
2025-12-03 00:00,1.8,2.7,,0.4,2.2,,0.2,5.2,,3.5,5.8,,1.475,3.9750000000000005,0.0
2025-12-03 01:00,1.4,2.7,,-0.1,3.6,,0.0,4.7,,3.4,8.1,,1.1749999999999998,4.775,0.0
2025-12-03 02:00,1.0,1.6,,-0.6,2.9,,-0.8,3.5,,3.2,10.0,,0.7000000000000001,4.5,0.0
2025-12-03 03:00,1.2,2.6,,-1.1,4.0,,-0.9,2.0,,3.0,8.3,,0.5499999999999999,4.225,0.0
2025-12-03 04:00,0.7,1.3,,-1.5,3.3,,-1.6,2.5,,2.5,8.6,,0.02499999999999991,3.925,0.0
2025-12-03 05:00,0.5,2.0,,-2.1,3.4,,-2.4,4.4,,2.6,9.2,,-0.35,4.75,0.0
2025-12-03 06:00,-0.1,2.8,,-3.4,5.0,,-3.9,3.2,,2.8,6.7,,-1.1500000000000001,4.425,0.0
2025-12-03 07:00,-1.2,4.1,,-4.2,2.7,,-4.9,2.7,,1.7,6.0,,-2.1500000000000004,3.875,0.0
2025-12-03 08:00,-1.6,4.2,0.03,-4.7,1.8,0.02,-4.7,2.4,,0.5,5.0,0.02,-2.625,3.35,0.023333333333333334
2025-12-03 09:00,-0.6,4.5,0.51,-2.3,1.4,0.54,-3.7,2.4,,0.0,4.0,0.38,-1.65,3.075,0.47666666666666674
2025-12-03 10:00,0.9,3.3,1.17,-0.4,1.0,1.14,-2.0,2.2,,0.9,2.2,1.25,-0.15,2.175,1.1866666666666665
2025-12-03 11:00,1.5,1.6,1.67,0.1,1.4,1.64,0.0,1.5,,1.3,3.5,1.68,0.7250000000000001,2.0,1.663333333333333
2025-12-03 12:00,2.8,1.6,1.99,0.9,2.6,1.93,0.0,3.1,,1.7,2.7,2.04,1.3499999999999999,2.5,1.9866666666666666
2025-12-03 13:00,3.6,2.9,1.9,0.7,4.8,1.81,0.6,2.4,,1.1,4.1,1.44,1.5,3.55,1.7166666666666668
2025-12-03 14:00,2.8,2.8,1.34,0.5,4.5,1.68,1.1,4.1,,0.8,2.5,0.48,1.3,3.4749999999999996,1.1666666666666667
2025-12-03 15:00,2.5,4.3,1.53,1.0,4.0,1.51,0.9,6.0,,1.3,5.4,0.98,1.425,4.925000000000001,1.3399999999999999
2025-12-03 16:00,1.3,2.8,1.03,0.5,5.5,0.78,-0.3,5.6,,1.0,8.1,0.76,0.625,5.5,0.8566666666666668
2025-12-03 17:00,0.0,4.7,0.35,-1.0,4.7,0.24,-1.6,4.4,,0.5,8.3,0.34,-0.525,5.525,0.31
2025-12-03 18:00,0.1,2.4,0.02,-2.2,3.4,0.01,-2.2,4.3,,0.5,5.7,0.02,-0.9500000000000002,3.95,0.016666666666666666
2025-12-03 19:00,-0.3,2.8,,-2.3,2.6,,-2.4,3.2,,0.0,3.8,,-1.25,3.1000000000000005,0.0
2025-12-03 20:00,-1.2,1.8,,-2.7,3.0,,-2.5,2.2,,-0.6,1.1,,-1.75,2.025,0.0
2025-12-03 21:00,-1.6,3.1,,-2.8,1.1,,-2.5,0.4,,1.1,5.2,,-1.4500000000000002,2.45,0.0
2025-12-03 22:00,-1.5,2.9,,-2.5,1.4,,-3.0,2.4,,2.3,6.4,,-1.175,3.275,0.0
2025-12-03 23:00,-1.5,1.5,,-2.8,2.4,,-3.2,1.2,,0.8,4.6,,-1.675,2.425,0.0
2025-12-04 00:00,-1.2,2.3,,-3.0,2.1,,-3.2,0.6,,2.2,5.2,,-1.3,2.55,0.0
2025-12-04 01:00,-1.2,2.8,,-3.2,2.0,,-3.1,1.7,,1.6,2.7,,-1.475,2.3,0.0
2025-12-04 02:00,-1.2,2.5,,-3.1,1.3,,-3.3,2.1,,1.2,1.8,,-1.5999999999999999,1.925,0.0
2025-12-04 03:00,-1.6,3.5,,-3.0,1.9,,-3.5,2.1,,0.2,2.0,,-1.9749999999999999,2.375,0.0
2025-12-04 04:00,-1.6,2.6,,-2.9,2.1,,-3.6,1.5,,-0.3,1.8,,-2.1,2.0,0.0
2025-12-04 05:00,-1.7,3.2,,-3.2,1.2,,-4.0,2.1,,-0.8,2.9,,-2.4250000000000003,2.35,0.0
2025-12-04 06:00,-2.1,3.0,,-3.4,0.8,,-4.1,2.1,,-1.2,2.4,,-2.6999999999999997,2.075,0.0
2025-12-04 07:00,-1.6,2.5,,-3.1,1.4,,-4.3,1.1,,-0.9,1.8,,-2.475,1.7,0.0
2025-12-04 08:00,-1.4,2.7,0.03,-2.8,1.3,0.02,-4.0,1.2,,-0.6,1.9,0.02,-2.1999999999999997,1.775,0.023333333333333334
2025-12-04 09:00,0.0,1.7,0.49,-1.7,0.6,0.21,-3.5,1.4,,0.1,1.6,0.33,-1.2750000000000001,1.325,0.3433333333333333
2025-12-04 10:00,0.6,3.2,0.74,0.6,1.6,0.73,-1.3,2.0,,1.0,1.7,0.63,0.22499999999999998,2.125,0.7000000000000001
2025-12-04 11:00,1.4,1.5,0.84,1.3,2.2,1.61,-0.7,2.5,,1.7,1.5,0.64,0.925,1.925,1.03
2025-12-04 12:00,3.4,1.7,1.42,2.6,1.8,1.86,1.4,2.3,,4.1,1.2,2.0,2.875,1.75,1.76
2025-12-04 13:00,5.2,1.5,2.05,4.2,2.6,1.73,1.8,1.8,,3.9,2.6,1.49,3.7750000000000004,2.125,1.7566666666666666
2025-12-04 14:00,4.7,1.4,1.35,3.3,3.5,1.46,4.0,1.7,,3.9,1.6,0.73,3.975,2.0500000000000003,1.18
2025-12-04 15:00,5.8,1.6,1.31,4.1,1.7,1.39,5.3,1.3,,5.0,3.8,1.49,5.05,2.0999999999999996,1.3966666666666667
2025-12-04 16:00,5.4,1.7,0.93,4.1,1.4,0.99,4.9,2.4,,4.6,2.6,0.94,4.75,2.025,0.9533333333333333
2025-12-04 17:00,4.6,1.5,0.34,3.4,1.8,0.35,3.3,3.3,,4.4,0.8,0.4,3.9250000000000003,1.8499999999999999,0.3633333333333333
2025-12-04 18:00,3.5,0.2,0.01,2.2,1.8,0.02,1.8,2.9,,3.3,1.6,0.01,2.7,1.625,0.013333333333333334
2025-12-04 19:00,3.0,1.1,,1.1,1.8,,1.9,3.2,,4.2,1.7,,2.55,1.9500000000000002,0.0
2025-12-04 20:00,3.9,1.8,,2.1,2.4,,2.0,3.4,,4.9,2.9,,3.225,2.625,0.0
2025-12-04 21:00,3.4,1.8,,2.3,3.7,,3.4,5.1,,4.5,1.6,,3.4,3.05,0.0
2025-12-04 22:00,3.8,1.7,,2.9,4.2,,5.3,6.4,,4.8,0.6,,4.2,3.225,0.0
2025-12-04 23:00,3.9,1.4,,2.9,1.1,,4.6,9.4,,7.2,6.2,,4.6499999999999995,4.525,0.0
2025-12-05 00:00,3.4,0.5,,2.4,2.5,,2.9,8.2,,7.2,8.5,,3.9749999999999996,4.925,0.0
2025-12-05 01:00,4.4,1.1,,1.2,5.7,,1.8,6.7,,6.2,9.8,,3.4000000000000004,5.825,0.0
2025-12-05 02:00,4.1,3.8,,0.1,3.6,,1.1,6.5,,5.6,8.7,,2.7249999999999996,5.65,0.0
2025-12-05 03:00,2.3,3.4,,-1.2,2.3,,0.0,4.4,,5.4,8.2,,1.625,4.574999999999999,0.0
2025-12-05 04:00,1.9,3.9,,-1.4,1.8,,-0.4,4.2,,5.2,10.9,,1.325,5.2,0.0
2025-12-05 05:00,1.6,3.9,,-1.7,2.9,,-1.5,1.8,,3.7,6.6,,0.5250000000000001,3.8,0.0
2025-12-05 06:00,0.0,3.3,,-2.5,2.6,,-2.0,2.1,,2.5,6.2,,-0.5,3.55,0.0
2025-12-05 07:00,-1.1,2.4,,-3.2,1.1,,-2.7,1.1,,1.9,4.9,,-1.2750000000000004,2.375,0.0
2025-12-05 08:00,-1.0,2.4,0.02,-2.8,1.4,0.02,-3.5,1.7,,1.7,3.0,0.04,-1.4,2.125,0.02666666666666667
2025-12-05 09:00,1.0,2.5,0.48,-0.8,2.1,0.5,-0.8,1.4,,2.1,1.3,0.52,0.375,1.825,0.5
2025-12-05 10:00,2.5,2.6,1.11,0.2,1.8,1.12,1.2,1.5,,3.0,4.2,1.16,1.725,2.5250000000000004,1.1300000000000001
2025-12-05 11:00,3.9,3.1,1.64,1.2,3.1,1.61,2.5,2.8,,3.6,4.7,1.67,2.8,3.425,1.64
2025-12-05 12:00,4.8,2.1,1.98,2.4,3.6,1.93,3.7,4.0,,4.3,5.3,1.99,3.8,3.75,1.9666666666666668
2025-12-05 13:00,5.0,2.3,2.05,3.2,3.3,2.0,4.3,3.0,,4.6,7.0,2.12,4.275,3.9,2.0566666666666666
2025-12-05 14:00,5.7,2.4,1.94,4.3,1.5,1.87,5.7,1.3,,4.4,7.2,1.96,5.025,3.1,1.9233333333333331
2025-12-05 15:00,5.5,2.2,1.58,4.4,1.4,1.49,4.7,3.0,,4.6,6.8,1.63,4.800000000000001,3.3499999999999996,1.5666666666666667
2025-12-05 16:00,5.6,3.3,1.03,3.8,1.7,0.96,4.7,1.9,,4.3,5.5,1.12,4.6,3.1,1.0366666666666668
2025-12-05 17:00,3.9,3.1,0.4,2.6,2.3,0.37,4.1,0.4,,3.8,4.6,0.45,3.5999999999999996,2.6,0.4066666666666667
2025-12-05 18:00,2.9,0.9,0.02,1.2,1.7,0.01,1.0,2.3,,3.3,4.2,0.02,2.0999999999999996,2.2750000000000004,0.016666666666666666
2025-12-05 19:00,2.0,2.8,,0.5,1.3,,0.3,1.7,,2.4,2.9,,1.2999999999999998,2.175,0.0
2025-12-05 20:00,0.6,1.5,,0.1,1.3,,-0.4,0.9,,1.7,3.9,,0.5,1.9,0.0
2025-12-05 21:00,0.3,2.0,,-1.0,1.8,,-0.9,0.6,,1.6,1.5,,0.0,1.4749999999999999,0.0
2025-12-05 22:00,0.3,1.0,,-1.8,1.5,,-1.8,1.3,,0.9,0.4,,-0.6,1.05,0.0
2025-12-05 23:00,-0.2,1.7,,-2.1,2.2,,-2.6,0.2,,0.5,0.0,,-1.1,1.0250000000000001,0.0
2025-12-06 00:00,-1.0,0.2,,-2.4,1.0,,-3.1,0.6,,0.1,0.2,,-1.6,0.49999999999999994,0.0
2025-12-06 01:00,-1.7,0.2,,-2.9,1.7,,-3.5,0.3,,0.2,0.5,,-1.9749999999999999,0.6749999999999999,0.0
2025-12-06 02:00,-1.7,1.4,,-3.4,1.9,,-3.4,1.1,,0.2,1.5,,-2.075,1.475,0.0
2025-12-06 03:00,-1.9,0.6,,-3.6,1.7,,-3.8,0.2,,-0.6,1.8,,-2.475,1.075,0.0
2025-12-06 04:00,-2.7,1.6,,-4.2,1.5,,-4.0,0.7,,-1.0,1.4,,-2.975,1.2999999999999998,0.0
2025-12-06 05:00,-3.0,0.6,,-4.0,2.0,,-4.2,0.2,,-1.3,1.2,,-3.125,1.0,0.0
2025-12-06 06:00,-3.1,0.1,,-4.0,1.9,,-4.8,0.6,,-1.5,1.7,,-3.3499999999999996,1.075,0.0
2025-12-06 07:00,-3.0,0.3,,-3.9,2.2,,-4.0,3.2,,-1.5,1.7,,-3.1,1.85,0.0
2025-12-06 08:00,-3.0,1.1,0.02,-3.6,1.8,0.02,-2.6,2.5,,-1.1,2.1,0.03,-2.5749999999999997,1.875,0.023333333333333334
2025-12-06 09:00,0.0,0.3,0.48,0.3,2.1,0.5,-0.6,3.7,,1.3,4.0,0.5,0.25,2.525,0.49333333333333335
2025-12-06 10:00,1.5,0.8,1.1,3.8,2.9,1.09,3.0,3.1,,4.3,3.5,1.13,3.1500000000000004,2.575,1.1066666666666667
2025-12-06 11:00,4.1,0.6,1.59,7.5,2.1,1.57,5.5,3.5,,6.9,3.1,1.62,6.0,2.325,1.5933333333333335
2025-12-06 12:00,6.3,1.0,1.89,9.4,2.1,1.85,8.9,3.5,,8.0,3.4,1.94,8.15,2.5,1.8933333333333333
2025-12-06 13:00,8.5,1.1,1.96,10.9,1.9,1.8,8.7,4.2,,10.5,2.7,2.03,9.649999999999999,2.475,1.9299999999999997
2025-12-06 14:00,11.0,2.2,1.84,10.4,2.1,0.95,10.1,4.3,,10.3,3.8,1.69,10.45,3.1000000000000005,1.4933333333333334
2025-12-06 15:00,10.5,2.7,0.75,9.5,2.2,0.27,9.9,2.4,,10.9,4.6,1.57,10.2,2.975,0.8633333333333333
2025-12-06 16:00,10.5,2.7,0.33,9.7,2.6,0.28,9.9,3.6,,10.7,4.0,1.03,10.2,3.225,0.5466666666666667
2025-12-06 17:00,10.5,2.7,0.26,9.7,2.5,0.17,9.9,3.2,,10.1,4.8,0.44,10.05,3.3,0.29000000000000004
2025-12-06 18:00,9.0,1.9,0.01,8.3,2.0,0.02,8.9,3.2,,9.5,3.5,0.02,8.925,2.65,0.016666666666666666
2025-12-06 19:00,8.8,2.3,,8.5,1.4,,8.1,3.2,,8.5,3.0,,8.475,2.475,0.0
2025-12-06 20:00,8.3,1.8,,8.0,1.2,,7.4,3.6,,8.4,3.2,,8.025,2.45,0.0
2025-12-06 21:00,7.5,2.0,,8.4,1.4,,7.7,3.2,,8.2,2.7,,7.95,2.325,0.0
2025-12-06 22:00,7.2,0.8,,9.0,1.3,,7.5,3.2,,8.7,3.0,,8.1,2.075,0.0
2025-12-06 23:00,6.2,0.2,,9.5,2.1,,7.8,2.8,,9.4,2.2,,8.225,1.825,0.0
2025-12-07 00:00,5.7,0.1,,9.7,1.4,,8.2,2.5,,8.8,2.1,,8.1,1.525,0.0
2025-12-07 01:00,6.2,0.4,,9.9,1.9,,8.4,2.1,,7.9,2.7,,8.1,1.7750000000000001,0.0
2025-12-07 02:00,6.2,0.6,,9.5,1.9,,7.7,2.7,,7.6,1.3,,7.75,1.625,0.0
2025-12-07 03:00,5.9,0.7,,9.0,1.6,,8.9,1.8,,8.0,2.2,,7.95,1.575,0.0
2025-12-07 04:00,5.5,0.4,,8.4,1.8,,7.3,2.6,,7.7,0.6,,7.225,1.35,0.0
2025-12-07 05:00,5.6,0.2,,6.7,1.9,,6.5,2.7,,7.7,2.7,,6.625,1.8750000000000002,0.0
2025-12-07 06:00,5.3,0.4,,5.9,1.7,,6.7,2.7,,7.5,2.0,,6.35,1.7000000000000002,0.0
2025-12-07 07:00,5.5,0.3,,5.7,1.5,,6.3,2.3,,7.4,2.4,,6.225,1.625,0.0
2025-12-07 08:00,5.1,0.2,0.02,5.5,1.5,0.02,6.5,2.3,,7.5,2.7,0.02,6.15,1.675,0.02
2025-12-07 09:00,5.9,0.1,0.23,7.0,1.7,0.3,7.5,2.6,,8.6,2.8,0.31,7.25,1.8,0.28
2025-12-07 10:00,8.0,0.7,0.8,10.2,1.6,0.78,9.6,3.1,,10.7,2.8,0.85,9.625,2.05,0.81
2025-12-07 11:00,9.4,0.6,0.97,12.9,2.0,1.22,11.9,2.5,,12.0,2.5,1.15,11.55,1.9,1.1133333333333333
2025-12-07 12:00,11.6,1.6,1.15,13.4,3.1,1.47,13.3,2.9,,14.9,2.2,1.9,13.299999999999999,2.45,1.5066666666666666
2025-12-07 13:00,13.8,1.6,1.29,14.5,4.2,1.63,14.5,3.4,,15.0,5.9,1.86,14.45,3.7750000000000004,1.5933333333333335
2025-12-07 14:00,15.7,2.5,1.58,13.8,4.2,1.18,14.3,3.0,,15.3,4.5,1.64,14.774999999999999,3.55,1.4666666666666666
2025-12-07 15:00,15.2,2.2,1.05,14.0,4.5,1.07,14.0,3.2,,15.5,4.4,1.38,14.675,3.575,1.1666666666666667
2025-12-07 16:00,15.1,3.7,0.73,13.7,3.4,0.66,13.1,3.0,,14.6,4.7,0.81,14.125,3.7,0.7333333333333334
2025-12-07 17:00,13.9,2.2,0.32,12.9,1.3,0.16,12.8,3.3,,13.7,3.2,0.25,13.325,2.5,0.24333333333333332
2025-12-07 18:00,12.3,1.5,0.01,11.9,1.2,0.01,12.3,3.3,,12.8,2.4,0.02,12.325,2.1,0.013333333333333334
2025-12-07 19:00,11.8,2.1,,11.5,1.8,,11.7,1.6,,12.5,2.7,,11.875,2.05,0.0
2025-12-07 20:00,11.7,1.3,,12.0,2.7,,11.5,1.1,,12.1,2.6,,11.825000000000001,1.9249999999999998,0.0
2025-12-07 21:00,10.6,1.3,,11.9,2.9,,11.3,1.1,,11.9,1.8,,11.424999999999999,1.7750000000000001,0.0
2025-12-07 22:00,10.9,1.3,,11.6,3.0,,10.6,4.5,,11.7,2.7,,11.2,2.875,0.0
2025-12-07 23:00,10.1,1.3,,10.9,3.7,,9.9,4.8,,11.3,3.0,,10.55,3.2,0.0
2025-12-08 00:00,10.3,1.3,,9.8,3.7,,9.7,4.5,,10.7,4.9,,10.125,3.6,0.0
2025-12-08 01:00,9.8,2.8,,9.3,1.8,,9.2,4.3,,10.2,6.8,,9.625,3.925,0.0
2025-12-08 02:00,9.6,1.5,,8.8,2.8,,8.7,3.5,,9.8,5.0,,9.225,3.2,0.0
2025-12-08 03:00,9.1,1.5,,8.8,2.9,,8.4,4.0,,9.8,6.6,,9.024999999999999,3.75,0.0
2025-12-08 04:00,9.3,2.2,,7.3,2.3,,7.2,3.7,,9.5,5.4,,8.325,3.4,0.0
2025-12-08 05:00,8.6,2.1,,6.2,3.7,,6.3,2.7,,9.3,7.7,,7.6000000000000005,4.05,0.0
2025-12-08 06:00,7.5,2.8,,4.8,3.3,,5.6,3.1,,8.9,7.9,,6.699999999999999,4.275,0.0
2025-12-08 07:00,6.7,2.5,,3.7,2.3,,5.0,1.7,,8.2,4.7,,5.9,2.8,0.0
2025-12-08 08:00,6.4,4.1,0.01,3.5,1.4,0.02,3.5,1.1,,8.0,4.7,0.01,5.35,2.825,0.013333333333333334
2025-12-08 09:00,7.4,3.7,0.41,5.7,0.6,0.42,4.6,0.8,,7.5,4.3,0.3,6.300000000000001,2.3499999999999996,0.37666666666666665
2025-12-08 10:00,8.5,3.7,1.08,7.4,3.1,1.07,7.1,3.4,,8.2,4.3,0.99,7.8,3.625,1.0466666666666669
2025-12-08 11:00,9.4,4.8,1.61,8.0,4.0,1.55,7.7,5.6,,8.5,5.8,1.56,8.399999999999999,5.05,1.5733333333333335
2025-12-08 12:00,9.4,3.1,1.94,8.5,4.0,1.89,8.6,4.4,,8.6,8.9,1.86,8.775,5.1,1.8966666666666667
2025-12-08 13:00,9.9,3.9,2.04,9.0,3.4,1.97,8.8,4.1,,8.9,8.9,2.05,9.15,5.074999999999999,2.02
2025-12-08 14:00,9.5,2.9,1.89,9.2,3.1,1.84,9.2,5.3,,8.6,7.9,1.94,9.125,4.800000000000001,1.89
2025-12-08 15:00,9.7,2.4,1.56,9.2,3.3,1.51,8.2,7.5,,7.9,7.4,1.53,8.75,5.15,1.5333333333333334
2025-12-08 16:00,8.5,2.5,1.05,9.1,2.7,0.96,7.5,6.8,,7.3,7.7,0.99,8.1,4.925,1.0
2025-12-08 17:00,6.9,2.7,0.41,7.1,3.8,0.38,6.3,4.9,,6.6,7.8,0.43,6.725,4.8,0.4066666666666667
2025-12-08 18:00,6.0,2.5,0.02,5.6,4.0,0.01,4.9,3.7,,6.0,6.5,0.02,5.625,4.175,0.016666666666666666
2025-12-08 19:00,4.0,2.0,,4.6,3.1,,3.3,2.1,,5.6,5.3,,4.375,3.125,0.0
2025-12-08 20:00,3.7,0.5,,3.2,2.3,,1.8,2.0,,4.8,3.4,,3.375,2.05,0.0
2025-12-08 21:00,3.6,0.2,,2.8,2.3,,1.7,2.0,,5.0,3.1,,3.275,1.9,0.0
2025-12-08 22:00,3.2,0.5,,2.1,1.7,,1.8,1.2,,5.0,3.5,,3.0250000000000004,1.725,0.0
2025-12-08 23:00,2.6,1.5,,1.4,1.4,,0.2,1.9,,3.7,2.2,,1.975,1.75,0.0
2025-12-09 00:00,1.4,2.7,,0.3,2.1,,-0.6,1.9,,3.5,2.3,,1.15,2.25,0.0
2025-12-09 01:00,1.6,2.0,,-0.3,1.4,,-0.8,0.3,,3.5,2.8,,1.0,1.625,0.0
2025-12-09 02:00,1.9,1.4,,-0.6,1.6,,-0.2,1.2,,3.1,2.5,,1.05,1.675,0.0
2025-12-09 03:00,1.1,1.3,,-0.9,2.3,,-0.6,0.6,,2.8,2.7,,0.6,1.7249999999999999,0.0
2025-12-09 04:00,0.4,0.7,,-1.3,1.6,,-1.9,0.4,,2.5,0.4,,-0.07499999999999996,0.7749999999999999,0.0
2025-12-09 05:00,0.0,1.3,,-1.7,1.5,,-2.5,1.2,,2.3,0.5,,-0.4750000000000001,1.125,0.0
2025-12-09 06:00,-0.5,0.8,,-1.6,1.7,,-2.3,0.0,,2.3,2.1,,-0.5250000000000001,1.15,0.0
2025-12-09 07:00,-1.1,1.4,,-2.2,2.2,,-2.2,0.8,,1.9,1.2,,-0.9,1.4000000000000001,0.0
2025-12-09 08:00,-0.7,0.2,0.02,-1.9,1.1,0.02,-3.1,0.2,,1.7,0.7,0.02,-0.9999999999999998,0.55,0.02
2025-12-09 09:00,2.6,0.4,0.44,1.7,0.9,0.45,0.8,0.2,,4.7,0.6,0.47,2.45,0.525,0.4533333333333333
2025-12-09 10:00,4.9,2.8,1.08,4.7,1.2,1.05,2.7,0.3,,5.7,1.1,1.1,4.5,1.35,1.0766666666666667
2025-12-09 11:00,6.5,3.2,1.6,6.9,1.1,1.52,5.9,2.5,,7.1,1.1,1.6,6.6,1.975,1.5733333333333335
2025-12-09 12:00,8.6,3.1,1.91,7.2,2.7,1.83,7.9,1.5,,7.6,4.0,1.94,7.825000000000001,2.825,1.8933333333333333
2025-12-09 13:00,9.1,2.9,2.0,8.3,2.3,1.92,8.1,2.0,,8.1,4.6,2.04,8.4,2.9499999999999997,1.9866666666666666
2025-12-09 14:00,9.7,2.6,1.87,8.7,3.2,1.73,8.7,1.9,,8.5,5.3,1.89,8.899999999999999,3.25,1.83
2025-12-09 15:00,9.4,3.3,1.52,8.8,3.7,1.47,9.3,1.8,,8.7,5.2,1.56,9.05,3.5,1.5166666666666668
2025-12-09 16:00,9.1,1.8,0.99,8.2,2.9,0.93,8.2,2.5,,8.3,5.8,1.05,8.45,3.25,0.9899999999999999
2025-12-09 17:00,7.7,0.7,0.37,6.5,2.3,0.34,6.8,2.3,,7.4,4.5,0.33,7.1,2.45,0.3466666666666667
2025-12-09 18:00,6.3,2.3,0.0,5.3,1.2,0.01,5.4,0.8,,6.9,3.6,0.02,5.975,1.975,0.01
2025-12-09 19:00,6.4,2.5,,4.3,0.7,,4.4,0.2,,6.6,3.1,,5.425,1.625,0.0
2025-12-09 20:00,4.8,0.8,,3.6,1.4,,3.6,0.0,,5.8,0.9,,4.45,0.775,0.0
2025-12-09 21:00,4.4,0.9,,2.5,2.0,,2.9,0.0,,5.2,2.8,,3.75,1.4249999999999998,0.0
2025-12-09 22:00,4.1,0.7,,1.6,1.5,,1.7,0.0,,5.0,1.5,,3.0999999999999996,0.925,0.0
2025-12-09 23:00,3.7,0.6,,1.3,1.5,,1.0,0.1,,4.6,0.3,,2.65,0.625,0.0
2025-12-10 00:00,3.1,0.7,,0.8,2.2,,0.3,0.5,,4.2,0.0,,2.1,0.8500000000000001,0.0
2025-12-10 01:00,2.8,0.9,,0.5,2.2,,-0.1,1.2,,4.3,0.0,,1.875,1.075,0.0
2025-12-10 02:00,1.8,1.7,,0.3,2.2,,-0.1,0.9,,4.5,0.0,,1.625,1.2000000000000002,0.0
2025-12-10 03:00,2.1,0.6,,0.6,1.9,,0.1,0.8,,4.6,2.1,,1.85,1.35,0.0
2025-12-10 04:00,1.5,0.9,,0.6,2.1,,-0.4,0.9,,4.1,2.9,,1.45,1.7,0.0
2025-12-10 05:00,1.5,1.7,,1.3,1.7,,0.0,0.1,,3.4,2.5,,1.5499999999999998,1.5,0.0
2025-12-10 06:00,1.8,2.4,,1.3,1.7,,-0.3,0.0,,3.1,1.7,,1.475,1.45,0.0
2025-12-10 07:00,2.1,0.5,,1.3,2.4,,-0.3,0.0,,3.4,2.4,,1.625,1.325,0.0
2025-12-10 08:00,1.7,1.5,0.02,1.5,2.0,0.02,-0.1,0.7,,3.2,1.7,0.02,1.5750000000000002,1.475,0.02
2025-12-10 09:00,2.6,1.1,0.29,3.0,1.8,0.27,0.6,0.2,,4.7,0.1,0.42,2.7249999999999996,0.8000000000000002,0.32666666666666666
2025-12-10 10:00,4.5,0.8,0.85,6.3,0.6,0.75,4.3,0.6,,7.0,1.2,0.92,5.525,0.8,0.84
2025-12-10 11:00,6.9,1.2,1.38,8.3,1.1,1.26,7.8,0.8,,9.1,2.0,1.37,8.025,1.275,1.3366666666666667
2025-12-10 12:00,10.3,1.1,1.75,9.4,1.5,1.41,12.4,1.5,,11.8,1.2,1.77,10.975000000000001,1.325,1.6433333333333333
2025-12-10 13:00,11.0,0.9,1.88,11.3,1.6,1.61,12.5,0.0,,12.4,2.1,1.92,11.799999999999999,1.15,1.8033333333333335
2025-12-10 14:00,11.7,0.3,1.57,12.8,1.9,1.42,12.1,1.6,,12.4,1.7,1.51,12.25,1.375,1.5
2025-12-10 15:00,12.0,1.0,1.1,12.0,1.8,1.28,11.3,0.0,,12.5,2.1,1.11,11.95,1.225,1.1633333333333333
2025-12-10 16:00,11.8,1.2,0.65,10.9,1.8,0.54,10.8,1.3,,12.2,2.0,0.74,11.425,1.575,0.6433333333333333
2025-12-10 17:00,10.9,0.6,0.27,9.9,1.5,0.21,9.8,0.7,,11.7,1.4,0.35,10.575,1.0499999999999998,0.27666666666666667
2025-12-10 18:00,9.7,1.3,0.01,9.2,1.6,0.0,8.1,0.2,,10.2,1.5,0.02,9.3,1.1500000000000001,0.01
2025-12-10 19:00,9.0,1.3,,8.1,1.5,,7.1,1.3,,9.6,1.7,,8.450000000000001,1.45,0.0
2025-12-10 20:00,9.1,0.4,,7.2,2.0,,6.4,2.2,,9.3,2.6,,8.0,1.7999999999999998,0.0
2025-12-10 21:00,9.3,1.3,,7.0,2.4,,6.0,1.4,,9.2,3.8,,7.875,2.2249999999999996,0.0
2025-12-10 22:00,8.9,0.9,,7.7,1.8,,6.0,0.8,,9.1,3.1,,7.925000000000001,1.65,0.0
2025-12-10 23:00,8.5,1.0,,8.4,2.4,,7.1,2.6,,9.1,3.8,,8.275,2.45,0.0
2025-12-11 00:00,8.4,1.3,,8.7,2.7,,7.8,2.2,,9.5,4.9,,8.600000000000001,2.7750000000000004,0.0
2025-12-11 01:00,8.0,0.6,,8.7,2.6,,7.9,1.2,,9.8,3.2,,8.600000000000001,1.9000000000000001,0.0
2025-12-11 02:00,8.5,1.0,,8.7,2.8,,8.0,2.4,,9.9,3.6,,8.775,2.4499999999999997,0.0
2025-12-11 03:00,8.9,0.7,,8.7,1.7,,6.5,2.5,,10.0,3.0,,8.525,1.975,0.0
2025-12-11 04:00,7.1,1.7,,9.0,2.9,,6.3,1.4,,9.7,2.2,,8.025,2.05,0.0
2025-12-11 05:00,7.0,0.5,,8.5,2.2,,7.1,2.5,,9.3,2.3,,7.9750000000000005,1.875,0.0
2025-12-11 06:00,6.9,0.8,,8.9,3.3,,7.5,3.3,,9.2,2.3,,8.125,2.425,0.0
2025-12-11 07:00,7.3,1.0,,9.4,2.1,,7.5,2.4,,9.4,3.3,,8.4,2.2,0.0
2025-12-11 08:00,7.2,1.1,0.0,9.6,1.2,0.0,8.5,2.3,,9.7,2.6,0.01,8.75,1.7999999999999998,0.0033333333333333335
2025-12-11 09:00,8.1,1.0,0.13,10.1,1.0,0.09,10.0,1.4,,10.5,0.1,0.19,9.675,0.875,0.1366666666666667
2025-12-11 10:00,9.6,0.2,0.7,11.7,1.2,0.3,11.5,1.7,,11.5,1.8,0.7,11.075,1.2249999999999999,0.5666666666666667
2025-12-11 11:00,11.5,0.5,1.24,12.3,4.8,0.53,11.6,5.5,,12.9,6.9,1.33,12.075,4.425000000000001,1.0333333333333334
2025-12-11 12:00,11.7,0.9,1.06,11.5,4.9,0.43,11.6,5.5,,12.6,7.8,1.42,11.85,4.775,0.9700000000000001
2025-12-11 13:00,12.3,3.0,0.65,11.0,4.4,0.27,10.6,8.7,,10.7,10.0,0.55,11.149999999999999,6.525,0.49000000000000005
2025-12-11 14:00,12.3,2.8,1.42,11.6,3.3,0.59,11.0,5.6,,10.5,10.4,1.09,11.35,5.525,1.0333333333333332
2025-12-11 15:00,11.9,2.9,1.31,11.5,4.8,0.63,9.8,6.5,,9.3,8.7,0.89,10.625,5.725,0.9433333333333334
2025-12-11 16:00,10.7,2.6,0.92,9.6,4.8,0.72,9.0,7.4,,8.9,8.3,0.7,9.549999999999999,5.775,0.7799999999999999
2025-12-11 17:00,8.9,3.1,0.37,8.7,3.8,0.24,7.6,4.0,,8.2,9.9,0.46,8.350000000000001,5.2,0.3566666666666667
2025-12-11 18:00,7.6,1.7,0.02,7.1,2.6,0.02,6.0,5.4,,7.4,10.1,0.03,7.025,4.949999999999999,0.023333333333333334
2025-12-11 19:00,6.9,2.5,,5.8,3.8,,4.7,5.2,,7.1,8.8,,6.125,5.075,0.0
2025-12-11 20:00,5.9,2.8,,4.2,3.8,,3.4,4.1,,6.3,10.5,,4.95,5.3,0.0
2025-12-11 21:00,4.8,3.2,,2.8,3.5,,2.4,3.9,,5.5,9.3,,3.875,4.975,0.0
2025-12-11 22:00,4.0,4.8,,1.5,2.4,,1.1,1.8,,5.1,10.8,,2.925,4.95,0.0
2025-12-11 23:00,2.6,2.7,,0.9,2.9,,-0.4,0.4,,4.7,8.5,,1.9500000000000002,3.625,0.0
2025-12-12 00:00,1.6,2.7,,0.0,2.7,,-0.2,1.9,,3.4,3.7,,1.2,2.75,0.0
2025-12-12 01:00,0.9,3.1,,-0.8,1.9,,-0.4,2.9,,2.7,6.2,,0.6000000000000001,3.5250000000000004,0.0
2025-12-12 02:00,0.4,3.0,,-1.3,1.3,,-1.2,0.8,,2.0,4.3,,-0.025000000000000022,2.3499999999999996,0.0
2025-12-12 03:00,-0.5,3.1,,-2.3,1.7,,-1.5,1.8,,1.3,2.9,,-0.75,2.375,0.0
2025-12-12 04:00,-0.7,3.7,,-2.2,1.0,,-2.1,1.6,,0.3,1.9,,-1.175,2.0500000000000003,0.0
2025-12-12 05:00,-0.8,1.6,,-2.7,2.0,,-2.3,1.9,,0.3,4.3,,-1.375,2.45,0.0
2025-12-12 06:00,-1.1,1.6,,-3.4,1.5,,-2.5,2.7,,-0.4,4.7,,-1.85,2.625,0.0
2025-12-12 07:00,-1.2,1.7,,-3.3,1.4,,-2.6,2.4,,-0.7,3.1,,-1.95,2.15,0.0
2025-12-12 08:00,-1.1,2.0,0.02,-2.7,0.9,0.03,-2.4,1.0,,-0.4,3.3,0.02,-1.6500000000000001,1.7999999999999998,0.023333333333333334
2025-12-12 09:00,1.4,0.9,0.41,-0.9,0.7,0.37,-0.9,1.9,,0.5,3.4,0.44,0.024999999999999967,1.725,0.4066666666666667
2025-12-12 10:00,2.8,0.9,1.04,1.0,0.8,0.99,0.7,2.2,,1.5,4.1,1.06,1.5,2.0,1.03
2025-12-12 11:00,5.5,2.0,1.55,3.8,1.1,1.47,2.2,2.5,,3.2,2.6,1.54,3.675,2.05,1.5200000000000002
2025-12-12 12:00,6.5,0.9,1.88,4.2,1.8,1.79,3.9,2.4,,4.4,2.8,1.9,4.75,1.9749999999999999,1.8566666666666667
2025-12-12 13:00,8.8,1.1,1.97,6.1,1.6,1.9,6.1,3.0,,5.8,3.1,2.03,6.7,2.2,1.9666666666666668
2025-12-12 14:00,10.3,1.5,1.85,7.9,1.9,1.8,7.3,2.5,,7.3,2.7,1.89,8.200000000000001,2.1500000000000004,1.8466666666666667
2025-12-12 15:00,11.1,0.9,1.5,9.1,1.8,1.45,8.4,2.7,,7.5,3.3,1.56,9.025,2.175,1.5033333333333332
2025-12-12 16:00,11.3,0.5,0.96,8.4,1.6,0.93,8.3,2.4,,7.8,3.2,1.01,8.950000000000001,1.925,0.9666666666666668
2025-12-12 17:00,9.9,1.0,0.37,8.2,1.6,0.36,7.6,1.8,,6.9,3.4,0.43,8.15,1.9500000000000002,0.38666666666666666
2025-12-12 18:00,9.2,0.6,0.02,6.5,1.1,0.02,5.1,0.7,,6.4,2.7,0.02,6.799999999999999,1.2750000000000001,0.02
2025-12-12 19:00,7.8,1.4,,5.7,0.9,,3.7,0.8,,5.8,2.8,,5.75,1.4749999999999999,0.0
2025-12-12 20:00,7.4,0.2,,4.0,1.8,,3.6,1.3,,5.3,2.2,,5.075,1.375,0.0
2025-12-12 21:00,6.1,0.6,,3.3,1.3,,3.9,1.7,,5.2,0.7,,4.625,1.075,0.0
2025-12-12 22:00,5.6,0.8,,3.3,2.0,,4.1,1.5,,5.8,2.1,,4.699999999999999,1.6,0.0
2025-12-12 23:00,4.7,1.0,,2.9,1.6,,3.1,1.0,,5.1,2.7,,3.9499999999999997,1.5750000000000002,0.0
2025-12-13 00:00,4.6,1.4,,2.5,2.1,,3.6,2.7,,5.8,2.5,,4.125,2.175,0.0
2025-12-13 01:00,4.5,1.4,,2.6,1.0,,2.9,0.5,,5.9,2.5,,3.975,1.35,0.0
2025-12-13 02:00,4.5,2.9,,2.7,1.8,,2.7,1.0,,6.0,2.5,,3.975,2.05,0.0
2025-12-13 03:00,4.7,1.6,,3.3,0.7,,3.5,1.6,,6.1,1.7,,4.4,1.4,0.0
2025-12-13 04:00,4.4,2.7,,2.9,0.3,,4.0,1.9,,6.3,2.1,,4.4,1.75,0.0
2025-12-13 05:00,5.0,2.4,,2.8,0.7,,4.0,2.0,,6.4,1.8,,4.550000000000001,1.7249999999999999,0.0
2025-12-13 06:00,5.3,2.3,,3.0,1.7,,4.0,2.2,,6.5,2.7,,4.7,2.225,0.0
2025-12-13 07:00,5.2,2.4,,3.2,1.3,,4.0,1.0,,6.6,2.3,,4.75,1.75,0.0
2025-12-13 08:00,5.8,1.9,0.01,3.8,1.5,0.01,4.1,2.0,,7.0,2.4,0.0,5.175,1.9500000000000002,0.006666666666666667
2025-12-13 09:00,6.4,1.6,0.11,5.4,1.5,0.15,4.6,0.6,,7.2,0.0,0.11,5.8999999999999995,0.925,0.12333333333333334
2025-12-13 10:00,7.0,2.2,0.32,7.8,1.2,0.43,5.1,1.9,,7.9,0.3,0.31,6.949999999999999,1.4000000000000001,0.35333333333333333
2025-12-13 11:00,7.8,1.5,0.63,8.5,0.8,0.45,5.0,2.4,,8.3,0.1,0.45,7.4,1.1999999999999997,0.51
2025-12-13 12:00,8.3,2.9,0.73,6.8,2.5,0.43,6.0,1.8,,8.4,0.8,0.62,7.375,2.0,0.5933333333333333
2025-12-13 13:00,8.4,2.6,0.56,6.2,1.8,0.52,5.3,1.1,,7.1,3.5,0.32,6.75,2.25,0.46666666666666673
2025-12-13 14:00,7.4,1.0,0.31,5.1,2.1,0.23,5.4,1.2,,6.2,3.8,0.2,6.0249999999999995,2.025,0.24666666666666667
2025-12-13 15:00,7.0,1.0,0.32,5.3,0.6,0.14,5.1,4.6,,6.1,5.6,0.11,5.875,2.9499999999999997,0.19000000000000003
2025-12-13 16:00,6.0,2.1,0.09,5.1,0.5,0.12,4.3,4.2,,6.1,4.0,0.07,5.375,2.7,0.09333333333333334
2025-12-13 17:00,5.5,0.7,0.03,4.6,2.8,0.04,3.3,4.5,,4.6,7.9,0.03,4.5,3.975,0.03333333333333333
2025-12-13 18:00,4.3,1.7,0.0,2.6,4.0,0.0,2.7,2.6,,4.2,6.5,0.01,3.45,3.7,0.0033333333333333335
2025-12-13 19:00,3.3,1.2,,2.0,2.5,,2.5,1.9,,4.5,8.7,,3.075,3.5749999999999997,0.0
2025-12-13 20:00,3.1,0.3,,2.0,0.9,,2.3,0.5,,4.2,5.0,,2.9,1.675,0.0
2025-12-13 21:00,2.8,1.9,,1.8,2.0,,2.2,0.6,,4.0,3.7,,2.7,2.05,0.0
2025-12-13 22:00,2.9,0.8,,1.9,1.5,,2.2,0.9,,3.8,2.2,,2.7,1.35,0.0
2025-12-13 23:00,2.5,0.8,,1.9,1.5,,2.3,1.3,,3.5,2.3,,2.55,1.4749999999999999,0.0
2025-12-14 00:00,2.6,1.2,,1.9,1.7,,2.1,2.1,,4.6,4.4,,2.8,2.35,0.0
2025-12-14 01:00,2.8,1.9,,1.7,2.7,,2.1,0.5,,4.9,4.3,,2.875,2.3499999999999996,0.0
2025-12-14 02:00,3.0,0.7,,1.6,1.4,,1.3,0.7,,5.2,7.6,,2.775,2.5999999999999996,0.0
2025-12-14 03:00,2.9,2.3,,1.1,2.0,,1.1,1.8,,3.8,7.1,,2.2249999999999996,3.3,0.0
2025-12-14 04:00,2.5,1.7,,1.0,0.1,,1.1,1.8,,3.4,4.6,,2.0,2.05,0.0
2025-12-14 05:00,2.3,1.2,,1.0,0.9,,0.8,2.7,,3.9,4.4,,2.0,2.3000000000000003,0.0
2025-12-14 06:00,2.1,0.6,,1.1,0.7,,0.9,2.0,,4.4,7.6,,2.125,2.7249999999999996,0.0
2025-12-14 07:00,2.6,0.3,,1.1,1.6,,1.2,1.6,,5.1,8.5,,2.5,3.0,0.0
2025-12-14 08:00,3.0,0.0,0.0,1.2,0.2,0.01,1.6,3.8,,5.0,8.2,0.0,2.7,3.05,0.0033333333333333335
2025-12-14 09:00,4.0,1.7,0.07,2.0,1.2,0.25,1.9,1.9,,5.2,8.1,0.08,3.2750000000000004,3.2249999999999996,0.13333333333333333
2025-12-14 10:00,3.7,1.6,0.28,2.5,1.7,0.49,2.5,1.6,,5.8,8.7,0.41,3.625,3.4,0.3933333333333333
2025-12-14 11:00,3.8,2.1,0.4,2.5,1.9,0.44,2.9,3.3,,5.4,9.0,1.12,3.65,4.075,0.6533333333333334
2025-12-14 12:00,4.3,1.7,0.65,3.0,0.7,0.36,3.2,3.6,,6.3,9.6,1.54,4.2,3.9,0.85
2025-12-14 13:00,3.6,2.0,0.22,3.0,1.6,0.35,3.3,2.4,,5.7,7.8,1.49,3.8999999999999995,3.45,0.6866666666666666
2025-12-14 14:00,4.5,1.1,0.5,3.1,2.1,0.33,3.5,1.3,,5.3,8.6,0.55,4.1,3.275,0.46
2025-12-14 15:00,5.4,2.8,0.86,3.3,2.2,0.34,4.2,4.1,,5.3,8.3,0.42,4.55,4.35,0.5399999999999999
2025-12-14 16:00,4.6,3.2,0.3,3.4,1.8,0.27,4.2,3.2,,5.4,6.3,0.47,4.4,3.625,0.3466666666666667
2025-12-14 17:00,4.3,2.1,0.13,2.7,1.6,0.1,3.6,3.1,,5.3,6.8,0.15,3.9749999999999996,3.4000000000000004,0.12666666666666668
2025-12-14 18:00,3.8,2.5,0.01,2.9,1.9,0.0,3.6,3.4,,4.7,5.4,0.01,3.75,3.3000000000000003,0.006666666666666667
2025-12-14 19:00,2.5,1.9,,2.2,2.2,,2.2,2.1,,4.7,5.1,,2.9000000000000004,2.8249999999999997,0.0
2025-12-14 20:00,3.5,0.9,,1.6,0.9,,1.8,0.6,,4.1,5.6,,2.75,2.0,0.0
2025-12-14 21:00,3.5,0.9,,2.1,0.6,,1.4,0.5,,4.1,3.3,,2.775,1.325,0.0
2025-12-14 22:00,3.0,1.6,,2.2,1.0,,1.7,0.7,,4.2,2.2,,2.7750000000000004,1.375,0.0
2025-12-14 23:00,2.3,0.6,,2.0,0.5,,1.2,0.1,,3.7,2.5,,2.3,0.925,0.0
2025-12-15 00:00,2.0,1.2,,1.7,1.2,,0.5,1.9,,4.8,3.4,,2.25,1.9249999999999998,0.0
2025-12-15 01:00,1.7,1.1,,0.9,0.8,,0.5,1.6,,5.6,5.1,,2.175,2.15,0.0
2025-12-15 02:00,1.7,0.9,,1.3,0.6,,0.1,2.0,,5.8,4.5,,2.225,2.0,0.0
2025-12-15 03:00,1.9,1.1,,0.5,1.6,,0.1,2.3,,5.4,3.1,,1.975,2.025,0.0
2025-12-15 04:00,1.0,0.9,,0.7,2.0,,0.3,1.9,,5.0,1.9,,1.75,1.6749999999999998,0.0
2025-12-15 05:00,1.4,2.2,,0.8,1.8,,0.4,2.2,,4.6,2.5,,1.7999999999999998,2.175,0.0
2025-12-15 06:00,1.4,1.6,,0.7,1.5,,0.6,2.7,,3.5,1.6,,1.5499999999999998,1.85,0.0
2025-12-15 07:00,1.7,0.3,,1.0,1.7,,0.8,2.6,,2.7,2.6,,1.55,1.7999999999999998,0.0
2025-12-15 08:00,1.7,0.1,0.01,1.5,2.1,0.0,1.0,2.3,,2.2,0.3,0.01,1.6,1.2,0.006666666666666667
2025-12-15 09:00,3.0,0.3,0.24,2.2,1.6,0.14,1.5,0.3,,4.7,0.9,0.39,2.85,0.775,0.25666666666666665
2025-12-15 10:00,4.5,1.0,0.66,3.3,0.3,0.33,1.9,1.2,,6.9,0.7,0.99,4.15,0.8,0.66
2025-12-15 11:00,5.4,0.8,1.22,4.0,0.7,0.37,2.5,1.5,,7.1,2.0,1.48,4.75,1.25,1.0233333333333332
2025-12-15 12:00,6.8,1.0,1.54,4.8,0.2,0.47,4.3,3.3,,7.6,2.9,1.86,5.875,1.85,1.29
2025-12-15 13:00,8.3,0.9,1.95,6.7,0.6,1.02,7.4,2.4,,8.5,3.3,1.89,7.725,1.7999999999999998,1.6199999999999999
2025-12-15 14:00,8.5,1.5,1.76,7.8,1.4,1.46,8.2,1.8,,8.6,3.3,1.92,8.275,2.0,1.7133333333333332
2025-12-15 15:00,8.8,0.4,1.19,8.6,1.6,0.98,8.1,1.4,,8.7,3.2,1.53,8.55,1.65,1.2333333333333334
2025-12-15 16:00,8.2,0.7,0.9,7.5,1.3,0.69,7.2,1.1,,8.1,3.1,1.02,7.75,1.55,0.87
2025-12-15 17:00,7.8,0.5,0.23,6.4,0.0,0.25,6.5,1.0,,7.5,1.4,0.4,7.05,0.725,0.29333333333333333
2025-12-15 18:00,6.5,1.0,0.02,5.5,0.3,0.01,5.1,1.6,,6.6,0.1,0.02,5.925000000000001,0.7500000000000001,0.016666666666666666
2025-12-15 19:00,5.5,0.0,,5.3,0.7,,4.7,1.0,,5.8,0.0,,5.325,0.425,0.0
2025-12-15 20:00,4.6,0.8,,4.7,1.3,,5.0,1.5,,5.4,1.3,,4.925000000000001,1.225,0.0
2025-12-15 21:00,3.9,0.7,,3.5,1.7,,5.2,2.3,,5.0,2.6,,4.4,1.8249999999999997,0.0
2025-12-15 22:00,3.1,1.1,,2.0,1.9,,4.3,3.3,,4.8,3.4,,3.55,2.425,0.0
2025-12-15 23:00,2.9,0.0,,1.7,2.1,,4.1,2.6,,4.2,3.7,,3.2249999999999996,2.1,0.0
2025-12-16 00:00,2.3,0.0,,1.8,1.9,,3.5,3.5,,3.9,2.8,,2.875,2.05,0.0
2025-12-16 01:00,2.5,0.8,,2.1,2.0,,3.7,2.4,,4.0,3.2,,3.075,2.0999999999999996,0.0
2025-12-16 02:00,2.9,0.3,,2.6,2.2,,3.6,3.3,,4.5,3.2,,3.4,2.25,0.0
2025-12-16 03:00,3.1,0.3,,3.1,1.4,,3.3,0.7,,3.8,2.5,,3.325,1.225,0.0
2025-12-16 04:00,2.8,0.6,,3.8,2.3,,3.0,1.8,,3.2,1.2,,3.2,1.475,0.0
2025-12-16 05:00,2.5,1.0,,3.8,1.9,,3.3,2.6,,2.7,1.1,,3.075,1.65,0.0
2025-12-16 06:00,2.2,0.3,,3.9,1.5,,3.6,0.9,,2.5,1.1,,3.05,0.9500000000000001,0.0
2025-12-16 07:00,2.5,0.7,,3.9,2.1,,3.0,0.0,,2.4,2.0,,2.95,1.2,0.0
2025-12-16 08:00,2.9,0.3,0.01,4.7,2.8,0.01,3.4,0.8,,2.5,2.2,0.01,3.375,1.525,0.01
2025-12-16 09:00,3.7,0.2,0.2,5.6,2.7,0.1,4.5,0.9,,4.7,2.7,0.33,4.625,1.625,0.21000000000000005
2025-12-16 10:00,5.4,0.7,0.62,6.8,2.5,0.32,5.9,2.8,,6.0,2.2,0.59,6.025,2.05,0.5099999999999999
2025-12-16 11:00,6.7,0.6,0.86,9.0,2.7,0.74,7.3,3.3,,8.1,3.7,1.11,7.775,2.575,0.9033333333333333
2025-12-16 12:00,8.6,0.7,0.97,9.8,2.4,0.87,7.9,2.3,,9.1,3.0,0.76,8.85,2.0999999999999996,0.8666666666666666
2025-12-16 13:00,10.1,0.8,0.67,9.4,1.5,0.34,8.2,2.8,,9.8,2.1,0.59,9.375,1.7999999999999998,0.5333333333333333
2025-12-16 14:00,9.8,0.1,0.47,9.2,1.3,0.16,8.5,2.1,,10.9,2.9,0.61,9.6,1.6,0.41333333333333333
2025-12-16 15:00,9.9,0.6,0.24,9.6,1.0,0.24,9.0,2.6,,11.5,2.6,0.54,10.0,1.7000000000000002,0.34
2025-12-16 16:00,9.7,1.4,0.17,9.5,1.7,0.15,9.4,2.4,,11.2,2.5,0.23,9.95,2.0,0.18333333333333335
2025-12-16 17:00,9.5,0.3,0.07,9.1,1.3,0.06,9.1,2.2,,11.1,0.4,0.08,9.700000000000001,1.05,0.07
2025-12-16 18:00,9.1,0.0,0.01,9.0,1.3,0.0,8.7,2.7,,10.5,0.5,0.01,9.325,1.125,0.006666666666666667
2025-12-16 19:00,9.2,0.2,,8.9,2.0,,8.4,0.7,,10.0,2.3,,9.125,1.3,0.0
2025-12-16 20:00,9.0,0.1,,8.8,1.6,,7.7,0.9,,9.5,2.9,,8.75,1.375,0.0
2025-12-16 21:00,8.7,0.2,,9.2,1.8,,7.7,1.4,,9.3,0.4,,8.725,0.95,0.0
2025-12-16 22:00,8.7,1.1,,9.0,0.3,,6.9,0.0,,8.7,2.1,,8.325,0.875,0.0
2025-12-16 23:00,8.6,0.9,,8.3,0.8,,5.7,0.7,,8.4,1.4,,7.75,0.9500000000000001,0.0
2025-12-17 00:00,8.0,1.0,,7.8,1.2,,5.0,0.4,,8.7,0.0,,7.375,0.65,0.0
2025-12-17 01:00,7.9,0.0,,7.7,0.7,,5.6,1.1,,8.6,0.1,,7.450000000000001,0.47500000000000003,0.0
2025-12-17 02:00,7.4,0.3,,7.2,1.4,,5.4,0.0,,7.9,2.0,,6.975,0.925,0.0
2025-12-17 03:00,7.6,0.2,,7.3,1.6,,5.5,1.1,,7.8,2.1,,7.05,1.25,0.0
2025-12-17 04:00,7.1,0.7,,7.6,1.3,,5.9,1.6,,7.4,1.9,,7.0,1.375,0.0
2025-12-17 05:00,7.5,0.6,,7.5,2.3,,6.0,1.2,,7.0,1.9,,7.0,1.5,0.0
2025-12-17 06:00,7.4,1.2,,6.7,2.3,,5.4,2.6,,7.8,5.3,,6.825,2.8499999999999996,0.0
2025-12-17 07:00,7.9,3.0,,6.5,3.5,,4.2,2.1,,8.0,6.6,,6.65,3.8,0.0
2025-12-17 08:00,7.5,3.3,0.01,5.5,3.5,0.0,3.4,1.2,,7.7,7.4,0.0,6.0249999999999995,3.85,0.0033333333333333335
2025-12-17 09:00,7.4,2.0,0.24,5.3,3.2,0.23,4.6,1.4,,7.7,6.1,0.23,6.249999999999999,3.175,0.2333333333333333
2025-12-17 10:00,7.8,2.7,0.7,6.2,3.1,0.82,6.5,2.5,,8.0,7.8,0.71,7.125,4.025,0.7433333333333333
2025-12-17 11:00,9.3,2.4,1.35,7.2,3.9,1.22,7.5,5.0,,8.5,8.0,1.25,8.125,4.825,1.2733333333333334
2025-12-17 12:00,8.4,2.8,1.24,7.2,3.1,0.83,7.9,5.5,,8.8,7.7,1.49,8.075,4.775,1.1866666666666665
2025-12-17 13:00,8.8,2.7,1.06,8.4,3.6,1.24,8.5,4.9,,8.7,7.7,1.43,8.600000000000001,4.7250000000000005,1.2433333333333332
2025-12-17 14:00,8.5,3.9,0.95,8.5,3.0,1.41,8.6,5.6,,8.7,7.5,1.49,8.575,5.0,1.2833333333333332
2025-12-17 15:00,9.1,2.8,1.27,9.3,3.2,1.33,8.7,5.2,,8.0,7.6,0.88,8.774999999999999,4.699999999999999,1.16
2025-12-17 16:00,8.4,3.1,0.94,8.1,4.9,0.83,7.7,5.8,,7.8,7.8,0.75,8.0,5.4,0.84
2025-12-17 17:00,7.0,2.4,0.35,6.7,4.7,0.31,6.6,4.4,,7.2,7.7,0.26,6.874999999999999,4.8,0.30666666666666664
2025-12-17 18:00,6.3,2.1,0.02,5.4,3.4,0.01,5.1,2.3,,6.6,7.3,0.02,5.85,3.775,0.016666666666666666
2025-12-17 19:00,5.4,2.2,,4.7,2.3,,3.6,1.2,,6.0,4.9,,4.925000000000001,2.6500000000000004,0.0
2025-12-17 20:00,4.5,1.2,,3.7,1.5,,2.6,1.7,,5.7,3.6,,4.125,2.0,0.0
2025-12-17 21:00,4.8,2.2,,3.4,1.0,,2.0,0.8,,4.9,2.7,,3.775,1.675,0.0
2025-12-17 22:00,3.9,1.0,,2.6,1.3,,1.6,0.9,,4.8,2.6,,3.2249999999999996,1.45,0.0
2025-12-17 23:00,3.7,0.9,,1.8,0.6,,0.7,0.7,,4.3,1.9,,2.625,1.025,0.0
2025-12-18 00:00,2.6,1.8,,1.1,1.5,,-0.1,0.4,,3.8,0.1,,1.85,0.95,0.0
2025-12-18 01:00,2.5,1.1,,0.3,1.8,,-0.6,0.0,,4.0,0.2,,1.5499999999999998,0.7750000000000001,0.0
2025-12-18 02:00,2.1,0.6,,0.0,1.8,,-1.0,0.1,,3.3,0.0,,1.1,0.625,0.0
2025-12-18 03:00,1.6,0.4,,-0.7,1.6,,-1.6,1.3,,2.9,0.3,,0.55,0.8999999999999999,0.0
2025-12-18 04:00,0.7,1.0,,-0.8,1.8,,-1.8,0.6,,2.8,0.5,,0.22499999999999992,0.975,0.0
2025-12-18 05:00,0.3,0.2,,-1.0,1.7,,-2.0,0.0,,2.2,0.3,,-0.125,0.5499999999999999,0.0
2025-12-18 06:00,0.2,1.0,,-1.3,1.8,,-2.0,0.1,,2.0,0.4,,-0.275,0.825,0.0
2025-12-18 07:00,-0.2,0.1,,-1.8,0.0,,-2.3,0.0,,1.6,1.1,,-0.6749999999999999,0.30000000000000004,0.0
2025-12-18 08:00,-0.2,1.4,0.01,-1.4,2.3,0.01,-2.3,0.3,,1.4,0.7,0.01,-0.6249999999999999,1.1749999999999998,0.01
2025-12-18 09:00,2.5,0.5,0.38,1.6,0.6,0.38,-0.2,0.8,,3.8,2.2,0.42,1.9249999999999998,1.0250000000000001,0.3933333333333333
2025-12-18 10:00,4.3,0.6,1.02,3.2,0.6,0.97,3.4,0.6,,5.6,1.0,1.02,4.125,0.7,1.0033333333333332
2025-12-18 11:00,5.9,1.3,1.52,5.4,1.2,1.48,4.8,1.7,,6.5,3.1,1.56,5.65,1.8250000000000002,1.5200000000000002
2025-12-18 12:00,8.8,1.3,1.86,7.2,1.1,1.82,5.7,2.2,,6.9,3.1,1.93,7.15,1.9250000000000003,1.87
2025-12-18 13:00,9.3,1.6,2.01,8.5,1.8,1.94,7.4,3.0,,7.7,3.4,2.04,8.225000000000001,2.45,1.9966666666666668
2025-12-18 14:00,11.6,1.2,1.89,9.1,2.3,1.81,8.1,2.3,,8.3,2.6,1.93,9.274999999999999,2.1,1.8766666666666667
2025-12-18 15:00,11.4,1.8,1.56,8.8,2.5,1.48,8.4,2.2,,8.7,2.9,1.6,9.325,2.35,1.5466666666666669
2025-12-18 16:00,11.4,1.6,1.02,9.1,1.9,0.96,8.7,2.2,,8.7,3.2,1.08,9.475,2.225,1.02
2025-12-18 17:00,10.0,0.6,0.42,8.1,1.2,0.36,6.5,2.4,,8.0,3.6,0.47,8.15,1.9499999999999997,0.4166666666666667
2025-12-18 18:00,9.1,0.7,0.02,5.8,1.5,0.02,4.3,0.8,,6.3,3.7,0.03,6.375,1.675,0.023333333333333334
2025-12-18 19:00,7.6,1.0,,4.5,0.9,,3.2,0.0,,5.3,2.9,,5.15,1.2,0.0
2025-12-18 20:00,5.9,1.2,,3.8,1.4,,2.9,1.0,,5.0,2.1,,4.4,1.4249999999999998,0.0
2025-12-18 21:00,5.1,0.3,,2.6,2.0,,1.7,0.0,,4.2,1.6,,3.3999999999999995,0.975,0.0
2025-12-18 22:00,4.2,0.2,,1.8,2.1,,0.7,0.3,,4.1,1.9,,2.7,1.125,0.0
2025-12-18 23:00,3.9,0.5,,1.8,1.5,,0.2,0.3,,4.2,2.9,,2.5250000000000004,1.2999999999999998,0.0
2025-12-19 00:00,3.3,1.0,,1.2,1.2,,-0.2,0.2,,4.1,3.7,,2.0999999999999996,1.5250000000000001,0.0
2025-12-19 01:00,3.4,1.0,,0.9,2.5,,-0.6,0.8,,4.2,3.4,,1.975,1.9249999999999998,0.0
2025-12-19 02:00,2.0,0.6,,0.8,1.8,,-1.0,0.5,,3.5,2.0,,1.325,1.225,0.0
2025-12-19 03:00,1.9,1.4,,1.5,1.7,,-1.1,0.4,,3.6,2.5,,1.475,1.5,0.0
2025-12-19 04:00,1.9,0.0,,2.2,2.3,,-1.1,0.2,,4.6,2.4,,1.9,1.225,0.0
2025-12-19 05:00,2.3,0.2,,1.9,2.1,,0.3,1.2,,4.9,1.9,,2.3499999999999996,1.35,0.0
2025-12-19 06:00,3.7,1.0,,3.5,1.9,,1.1,0.3,,5.5,1.9,,3.45,1.275,0.0
2025-12-19 07:00,4.1,0.6,,5.4,3.2,,2.1,0.6,,5.6,1.1,,4.3,1.375,0.0
2025-12-19 08:00,4.7,0.9,0.01,7.0,3.7,0.01,2.6,0.4,,6.1,0.9,0.01,5.1,1.4750000000000003,0.01
2025-12-19 09:00,5.2,0.8,0.11,8.2,3.8,0.11,3.3,0.5,,6.8,1.2,0.09,5.875,1.575,0.10333333333333333
2025-12-19 10:00,7.7,0.6,0.49,9.9,2.6,0.41,4.6,1.4,,8.3,4.0,0.28,7.625000000000001,2.15,0.3933333333333333
2025-12-19 11:00,9.9,1.3,1.22,12.5,2.1,0.68,7.8,1.4,,11.9,2.9,1.35,10.525,1.9250000000000003,1.0833333333333333
2025-12-19 12:00,13.2,0.3,1.47,16.0,3.2,1.78,9.7,1.9,,13.8,2.2,1.65,13.175,1.9000000000000001,1.6333333333333335
2025-12-19 13:00,16.8,1.4,1.92,17.8,2.9,1.9,11.7,2.3,,16.3,2.2,1.95,15.649999999999999,2.2,1.9233333333333331
2025-12-19 14:00,16.7,2.1,1.53,16.7,2.3,1.3,12.9,2.3,,17.1,4.3,1.89,15.85,2.75,1.5733333333333333
2025-12-19 15:00,18.0,1.6,1.35,16.2,3.1,0.94,14.8,1.4,,17.5,1.8,1.52,16.625,1.9749999999999999,1.27
2025-12-19 16:00,17.6,2.1,0.94,16.6,3.6,0.86,15.9,0.7,,16.9,2.2,0.92,16.75,2.1500000000000004,0.9066666666666666
2025-12-19 17:00,15.8,1.6,0.35,15.2,2.4,0.37,14.5,1.4,,15.5,1.6,0.38,15.25,1.75,0.3666666666666667
2025-12-19 18:00,14.3,1.8,0.02,12.4,1.1,0.02,11.6,1.8,,14.3,1.6,0.02,13.150000000000002,1.5750000000000002,0.02
2025-12-19 19:00,13.0,1.1,,11.2,1.8,,10.4,0.0,,13.8,1.8,,12.100000000000001,1.175,0.0
2025-12-19 20:00,12.6,1.1,,10.2,1.7,,8.3,0.2,,13.2,2.3,,11.075,1.325,0.0
2025-12-19 21:00,12.3,0.1,,9.0,2.1,,7.9,0.9,,12.3,1.8,,10.375,1.225,0.0
2025-12-19 22:00,11.7,0.3,,9.5,2.1,,6.8,0.0,,12.0,3.1,,10.0,1.375,0.0
2025-12-19 23:00,11.5,0.4,,9.0,1.9,,5.6,0.0,,11.5,3.9,,9.4,1.5499999999999998,0.0
2025-12-20 00:00,10.7,0.9,,9.1,2.0,,5.7,0.2,,11.5,2.8,,9.25,1.475,0.0
2025-12-20 01:00,10.0,0.5,,8.4,1.9,,5.4,0.0,,10.9,3.4,,8.674999999999999,1.45,0.0
2025-12-20 02:00,9.3,0.3,,8.2,1.8,,5.4,0.9,,10.2,4.2,,8.274999999999999,1.8,0.0
2025-12-20 03:00,8.8,0.5,,9.0,1.5,,5.7,0.7,,10.1,3.4,,8.4,1.525,0.0
2025-12-20 04:00,8.7,0.7,,9.5,1.1,,7.3,3.0,,11.1,3.5,,9.15,2.075,0.0
2025-12-20 05:00,8.5,0.0,,9.6,1.4,,9.2,2.4,,10.7,4.2,,9.5,2.0,0.0
2025-12-20 06:00,8.6,1.7,,11.1,2.9,,8.0,0.5,,10.9,3.7,,9.65,2.2,0.0
2025-12-20 07:00,9.5,0.3,,11.6,2.7,,9.1,0.3,,11.6,4.9,,10.450000000000001,2.05,0.0
2025-12-20 08:00,9.7,0.7,0.0,12.4,2.0,0.01,9.0,1.6,,11.8,4.6,0.01,10.725000000000001,2.225,0.006666666666666667
2025-12-20 09:00,9.9,0.6,0.09,12.9,2.0,0.07,9.7,1.2,,12.5,2.5,0.12,11.25,1.575,0.09333333333333334
2025-12-20 10:00,10.1,0.8,0.17,13.8,1.0,0.2,11.1,0.8,,13.5,3.4,0.35,12.125,1.5,0.24
2025-12-20 11:00,12.1,0.0,0.59,15.0,1.7,0.32,11.9,0.3,,14.2,3.3,0.68,13.3,1.325,0.5299999999999999
2025-12-20 12:00,13.7,0.5,0.87,16.4,3.7,0.59,12.9,5.0,,15.3,0.5,0.69,14.575,2.425,0.7166666666666667
2025-12-20 13:00,14.5,0.1,0.67,14.6,3.5,0.45,11.7,4.5,,15.7,1.8,0.61,14.125,2.475,0.5766666666666667
2025-12-20 14:00,15.7,0.2,0.82,13.2,3.7,0.21,10.7,4.2,,13.4,2.9,0.28,13.249999999999998,2.7500000000000004,0.4366666666666667
2025-12-20 15:00,15.5,0.9,0.37,12.7,2.4,0.11,10.3,3.3,,12.8,3.3,0.13,12.825,2.4749999999999996,0.20333333333333334
2025-12-20 16:00,14.7,1.5,0.19,11.6,2.9,0.04,10.0,3.1,,10.6,8.1,0.04,11.725,3.9,0.09000000000000001
2025-12-20 17:00,11.7,2.6,0.03,10.4,2.8,0.03,9.6,4.1,,10.1,7.4,0.03,10.450000000000001,4.225,0.03
2025-12-20 18:00,10.7,1.4,0.0,10.0,3.0,0.0,9.3,4.0,,9.5,6.8,0.01,9.875,3.8,0.0033333333333333335
2025-12-20 19:00,10.0,2.5,,9.7,3.5,,8.9,4.6,,9.5,8.2,,9.525,4.699999999999999,0.0
2025-12-20 20:00,9.7,2.1,,9.0,2.3,,8.5,6.4,,9.0,9.0,,9.05,4.95,0.0
2025-12-20 21:00,9.2,2.6,,8.5,4.1,,7.3,7.3,,8.5,8.6,,8.375,5.65,0.0
2025-12-20 22:00,8.6,2.3,,7.6,4.1,,6.5,5.5,,7.8,9.1,,7.625,5.25,0.0
2025-12-20 23:00,7.8,2.3,,6.4,2.6,,5.8,5.9,,7.1,9.5,,6.775,5.075,0.0
2025-12-21 00:00,7.1,2.9,,5.4,2.1,,4.9,5.7,,6.8,9.9,,6.05,5.15,0.0
2025-12-21 01:00,6.1,3.4,,4.8,5.2,,4.2,5.8,,6.3,10.0,,5.35,6.1,0.0
2025-12-21 02:00,5.5,3.1,,3.7,3.2,,3.2,3.5,,6.2,10.3,,4.6499999999999995,5.025,0.0
2025-12-21 03:00,5.1,3.6,,2.5,2.6,,2.6,3.7,,5.9,11.2,,4.025,5.275,0.0
2025-12-21 04:00,4.8,3.9,,2.0,3.3,,2.3,4.7,,5.4,14.4,,3.625,6.574999999999999,0.0
2025-12-21 05:00,4.5,4.9,,1.2,3.1,,1.2,2.7,,4.9,13.2,,2.95,5.975,0.0
2025-12-21 06:00,3.9,5.4,,0.7,3.6,,1.1,5.0,,4.4,8.6,,2.525,5.65,0.0
2025-12-21 07:00,3.0,6.1,,0.2,4.5,,0.0,2.5,,4.3,11.4,,1.875,6.125,0.0
2025-12-21 08:00,2.3,5.3,0.01,-0.5,2.9,0.0,-0.3,3.5,,3.9,11.6,0.0,1.3499999999999999,5.824999999999999,0.0033333333333333335
2025-12-21 09:00,2.0,3.9,0.18,-0.2,3.2,0.18,0.3,3.7,,3.6,10.4,0.16,1.425,5.300000000000001,0.17333333333333334
2025-12-21 10:00,2.2,4.6,0.43,0.6,3.9,0.59,1.6,4.2,,2.8,8.4,0.44,1.8,5.275,0.48666666666666664
2025-12-21 11:00,2.6,5.9,0.73,1.1,4.1,0.74,2.1,6.1,,3.1,8.5,0.68,2.225,6.15,0.7166666666666667
2025-12-21 12:00,3.4,4.8,1.41,2.0,3.7,1.03,2.5,5.2,,3.4,9.2,1.19,2.825,5.725,1.21
2025-12-21 13:00,3.7,4.1,1.32,3.1,4.3,1.4,3.4,3.7,,3.7,10.3,1.32,3.4750000000000005,5.6,1.3466666666666667
2025-12-21 14:00,4.3,2.9,1.63,3.5,3.8,1.66,4.2,3.3,,3.7,10.0,1.61,3.925,5.0,1.6333333333333335
2025-12-21 15:00,4.4,2.3,1.39,4.0,3.2,1.55,4.4,3.5,,3.5,9.4,1.33,4.075,4.6,1.4233333333333331
2025-12-21 16:00,4.3,2.1,1.08,3.6,3.8,1.03,4.1,3.5,,3.5,7.9,1.09,3.875,4.325,1.0666666666666667
2025-12-21 17:00,3.0,2.5,0.45,2.3,2.5,0.42,3.0,3.9,,2.9,9.0,0.51,2.8000000000000003,4.475,0.45999999999999996
2025-12-21 18:00,2.0,3.3,0.03,1.0,2.7,0.02,0.9,2.5,,2.5,8.2,0.03,1.6,4.175,0.02666666666666667
2025-12-21 19:00,1.3,2.5,,0.3,3.3,,-0.4,2.4,,2.0,5.4,,0.8,3.4,0.0
2025-12-21 20:00,1.0,3.7,,-0.6,3.0,,-1.7,2.3,,0.9,3.5,,-0.09999999999999995,3.125,0.0
2025-12-21 21:00,0.1,2.4,,-1.5,2.4,,-2.6,1.7,,0.8,5.5,,-0.8,3.0,0.0
2025-12-21 22:00,-0.4,3.5,,-2.2,1.6,,-2.8,2.0,,0.1,2.8,,-1.3250000000000002,2.4749999999999996,0.0
2025-12-21 23:00,-1.4,2.7,,-2.5,0.8,,-3.3,0.0,,0.1,3.7,,-1.775,1.8,0.0
2025-12-22 00:00,-1.5,2.9,,-2.6,1.5,,-3.5,0.6,,-0.4,3.3,,-2.0,2.075,0.0
2025-12-22 01:00,-2.2,2.2,,-3.6,0.8,,-4.1,0.8,,-0.3,5.9,,-2.5500000000000003,2.425,0.0
2025-12-22 02:00,-2.4,2.3,,-3.5,1.1,,-4.2,0.4,,-1.5,4.0,,-2.9000000000000004,1.95,0.0
2025-12-22 03:00,-2.9,2.8,,-4.3,0.2,,-4.1,1.6,,-1.7,3.1,,-3.2499999999999996,1.9249999999999998,0.0
2025-12-22 04:00,-3.0,2.0,,-4.7,0.9,,-5.2,0.8,,-1.9,4.3,,-3.7,2.0,0.0
2025-12-22 05:00,-3.2,2.6,,-5.2,1.4,,-5.0,1.2,,-2.4,2.9,,-3.95,2.025,0.0
2025-12-22 06:00,-3.0,3.1,,-5.0,1.1,,-5.6,0.9,,-2.7,2.6,,-4.075,1.9250000000000003,0.0
2025-12-22 07:00,-3.1,2.5,,-5.6,1.2,,-5.1,1.3,,-3.0,1.6,,-4.199999999999999,1.65,0.0
2025-12-22 08:00,-2.9,1.2,0.0,-5.5,1.7,0.01,-4.2,1.4,,-3.0,3.3,0.01,-3.9000000000000004,1.9,0.006666666666666667
2025-12-22 09:00,-0.4,2.5,0.39,-3.0,0.5,0.39,-2.4,2.0,,-1.7,2.5,0.4,-1.875,1.875,0.39333333333333337
2025-12-22 10:00,1.0,2.4,1.05,-0.3,1.0,1.0,-1.3,1.8,,0.0,2.3,1.06,-0.15000000000000002,1.875,1.0366666666666666
2025-12-22 11:00,3.3,2.0,1.59,1.6,1.7,1.51,0.6,2.1,,1.5,3.1,1.62,1.75,2.225,1.5733333333333335
2025-12-22 12:00,4.2,1.5,1.91,2.7,2.2,1.84,2.1,2.2,,2.3,3.6,1.94,2.825,2.375,1.8966666666666665
2025-12-22 13:00,6.6,1.8,1.9,4.2,1.5,1.97,3.6,2.7,,4.6,1.1,1.99,4.75,1.775,1.9533333333333334
2025-12-22 14:00,7.7,1.5,1.63,6.5,1.1,1.84,4.7,3.0,,5.8,1.6,1.87,6.175,1.7999999999999998,1.78
2025-12-22 15:00,8.8,0.7,1.54,6.3,1.9,1.2,5.0,1.6,,6.4,2.0,1.59,6.625,1.5499999999999998,1.4433333333333334
2025-12-22 16:00,9.2,1.2,1.05,6.8,2.6,0.96,6.1,1.6,,6.1,3.1,1.12,7.050000000000001,2.125,1.0433333333333332
2025-12-22 17:00,7.5,1.6,0.36,5.0,1.4,0.32,5.5,0.6,,5.7,2.9,0.35,5.925,1.625,0.34333333333333327
2025-12-22 18:00,6.5,0.6,0.01,3.2,1.0,0.01,3.2,1.5,,4.7,1.8,0.03,4.3999999999999995,1.225,0.016666666666666666
2025-12-22 19:00,5.5,0.9,,2.7,0.2,,1.7,0.3,,4.2,2.4,,3.5249999999999995,0.95,0.0
2025-12-22 20:00,4.9,0.1,,1.9,1.9,,1.4,0.8,,4.1,1.9,,3.075,1.1749999999999998,0.0
2025-12-22 21:00,3.9,1.2,,1.0,2.2,,0.7,0.9,,3.6,2.8,,2.3000000000000003,1.7750000000000001,0.0
2025-12-22 22:00,3.6,0.0,,0.8,1.4,,0.7,1.4,,3.3,0.3,,2.1,0.7749999999999999,0.0
2025-12-22 23:00,3.0,1.0,,-0.4,1.1,,-0.3,0.2,,3.0,1.8,,1.3250000000000002,1.0250000000000001,0.0
2025-12-23 00:00,2.5,1.2,,-0.1,2.0,,-0.7,1.0,,2.8,1.8,,1.125,1.5,0.0
2025-12-23 01:00,1.8,1.1,,-0.4,1.8,,-0.5,1.9,,2.5,3.0,,0.85,1.9500000000000002,0.0
2025-12-23 02:00,1.7,0.8,,-0.5,1.6,,-1.1,0.4,,3.3,3.6,,0.8499999999999999,1.6,0.0
2025-12-23 03:00,1.7,0.9,,0.6,2.2,,-1.2,0.5,,3.5,1.8,,1.15,1.35,0.0
2025-12-23 04:00,1.2,0.7,,1.5,1.1,,0.3,1.6,,3.6,1.9,,1.65,1.3250000000000002,0.0
2025-12-23 05:00,1.8,2.3,,0.4,2.6,,0.2,1.2,,4.4,1.1,,1.7000000000000002,1.8000000000000003,0.0
2025-12-23 06:00,2.7,1.1,,1.3,2.3,,-0.3,1.6,,4.0,4.1,,1.925,2.275,0.0
2025-12-23 07:00,2.3,0.3,,1.5,2.0,,0.6,1.2,,5.1,2.1,,2.375,1.4,0.0
2025-12-23 08:00,2.6,0.7,0.0,2.6,2.3,0.0,1.7,0.9,,5.3,1.8,0.0,3.05,1.425,0.0
2025-12-23 09:00,3.4,0.8,0.13,3.5,1.9,0.15,2.2,1.3,,5.8,0.6,0.18,3.7250000000000005,1.15,0.15333333333333335
2025-12-23 10:00,6.2,1.8,0.67,7.5,1.6,0.54,3.6,0.9,,7.4,2.1,0.64,6.175000000000001,1.6,0.6166666666666667
2025-12-23 11:00,7.7,1.6,0.87,8.8,1.1,0.65,6.1,0.9,,9.0,3.1,0.63,7.9,1.675,0.7166666666666667
2025-12-23 12:00,9.0,1.2,0.76,9.9,1.9,0.55,6.7,2.7,,10.4,2.3,0.8,9.0,2.025,0.7033333333333335
2025-12-23 13:00,9.9,2.0,0.69,10.0,2.4,0.41,7.7,1.7,,10.8,2.2,0.42,9.6,2.075,0.5066666666666666
2025-12-23 14:00,10.8,0.8,0.53,11.4,3.5,0.36,8.9,1.9,,11.6,3.9,0.51,10.675,2.525,0.4666666666666666
2025-12-23 15:00,10.2,0.3,0.25,10.9,3.6,0.27,6.7,1.9,,12.0,2.9,0.36,9.95,2.175,0.29333333333333333
2025-12-23 16:00,10.2,1.0,0.09,10.0,2.9,0.07,6.0,0.3,,11.8,2.2,0.1,9.5,1.6,0.08666666666666667
2025-12-23 17:00,9.3,0.5,0.02,9.2,2.5,0.02,5.4,1.0,,11.6,1.9,0.05,8.875,1.475,0.03
2025-12-23 18:00,8.4,1.1,0.0,8.9,1.5,0.01,5.4,0.2,,10.4,1.5,0.0,8.275,1.0750000000000002,0.0033333333333333335
2025-12-23 19:00,8.3,1.3,,8.5,1.5,,5.4,1.0,,10.1,2.5,,8.075000000000001,1.575,0.0
2025-12-23 20:00,8.4,0.1,,9.0,1.8,,5.5,0.3,,9.9,3.0,,8.2,1.3,0.0
2025-12-23 21:00,8.6,0.5,,9.1,0.9,,5.0,2.3,,9.6,2.6,,8.075,1.575,0.0
2025-12-23 22:00,8.5,0.6,,6.5,2.7,,5.0,2.7,,9.6,1.5,,7.4,1.875,0.0
2025-12-23 23:00,8.1,0.3,,6.2,1.6,,5.0,2.1,,9.6,2.7,,7.225,1.675,0.0
2025-12-24 00:00,8.4,0.1,,6.7,0.8,,5.0,2.9,,9.7,2.5,,7.45,1.575,0.0
2025-12-24 01:00,8.6,1.1,,6.3,2.4,,5.0,1.6,,9.8,2.7,,7.425,1.95,0.0
2025-12-24 02:00,8.7,0.8,,6.4,3.2,,5.0,2.4,,9.8,1.8,,7.4750000000000005,2.0500000000000003,0.0
2025-12-24 03:00,8.5,0.8,,6.3,1.4,,4.8,2.9,,7.8,6.0,,6.8500000000000005,2.775,0.0
2025-12-24 04:00,7.9,0.8,,5.2,2.0,,5.0,2.5,,7.0,7.4,,6.275,3.175,0.0
2025-12-24 05:00,7.5,1.8,,4.9,1.7,,4.9,2.4,,6.9,6.5,,6.050000000000001,3.1,0.0
2025-12-24 06:00,7.2,2.2,,4.7,3.1,,4.6,2.7,,6.7,7.4,,5.8,3.85,0.0
2025-12-24 07:00,7.3,0.9,,4.5,3.3,,4.4,2.5,,6.6,8.4,,5.700000000000001,3.7750000000000004,0.0
2025-12-24 08:00,6.2,1.3,0.0,4.4,2.9,0.01,4.2,3.0,,6.3,7.3,0.01,5.275,3.625,0.006666666666666667
2025-12-24 09:00,6.1,0.8,0.04,4.3,3.4,0.02,4.3,3.4,,6.3,6.4,0.12,5.25,3.5,0.06
2025-12-24 10:00,5.7,1.6,0.07,4.2,4.3,0.09,4.4,3.5,,6.4,6.7,0.27,5.175000000000001,4.025,0.14333333333333334
2025-12-24 11:00,5.7,1.8,0.12,4.1,4.6,0.2,4.6,2.8,,6.5,8.6,0.48,5.225,4.449999999999999,0.26666666666666666
2025-12-24 12:00,5.6,1.7,0.17,4.3,3.7,0.37,5.0,2.9,,6.5,8.3,0.6,5.35,4.15,0.38000000000000006
2025-12-24 13:00,5.5,2.3,0.22,4.3,2.7,0.32,5.1,2.2,,6.6,8.8,0.89,5.375,4.0,0.47666666666666674
2025-12-24 14:00,5.4,1.0,0.18,4.2,3.7,0.32,5.6,1.6,,6.2,9.9,1.06,5.3500000000000005,4.050000000000001,0.52
2025-12-24 15:00,4.9,2.1,0.16,4.2,3.5,0.29,5.4,1.6,,5.8,8.6,0.64,5.075,3.9499999999999997,0.3633333333333333
2025-12-24 16:00,4.9,1.7,0.12,4.3,3.1,0.28,5.0,1.6,,5.5,10.4,0.38,4.925,4.2,0.26
2025-12-24 17:00,4.7,3.4,0.09,3.9,3.0,0.22,4.4,1.2,,5.0,8.6,0.15,4.5,4.05,0.15333333333333332
2025-12-24 18:00,3.9,3.3,0.02,3.5,2.2,0.01,3.5,0.6,,5.0,7.3,0.02,3.975,3.3499999999999996,0.016666666666666666
2025-12-24 19:00,3.6,2.4,,3.0,2.2,,2.7,0.9,,4.8,7.4,,3.5250000000000004,3.225,0.0
2025-12-24 20:00,3.4,1.7,,2.6,1.8,,2.2,1.5,,4.3,2.7,,3.125,1.925,0.0
2025-12-24 21:00,3.2,2.0,,2.2,2.3,,2.0,1.9,,5.2,7.5,,3.1500000000000004,3.425,0.0
2025-12-24 22:00,3.4,2.2,,1.6,2.6,,0.9,2.0,,5.0,6.6,,2.725,3.35,0.0
2025-12-24 23:00,2.6,2.5,,1.4,2.8,,0.3,1.4,,4.8,7.2,,2.275,3.4749999999999996,0.0
2025-12-25 00:00,2.2,2.2,,0.8,1.9,,-0.1,0.1,,4.5,5.2,,1.85,2.3499999999999996,0.0
2025-12-25 01:00,2.3,2.4,,0.6,1.9,,-0.7,0.5,,3.6,3.9,,1.4500000000000002,2.175,0.0
2025-12-25 02:00,1.1,2.3,,0.0,1.4,,-1.0,0.0,,3.5,4.3,,0.9,2.0,0.0
2025-12-25 03:00,1.1,2.2,,0.0,1.7,,-1.5,1.0,,3.5,3.9,,0.775,2.2,0.0
2025-12-25 04:00,1.0,2.1,,-0.2,2.4,,-1.4,1.5,,3.5,4.7,,0.7250000000000001,2.675,0.0
2025-12-25 05:00,1.8,2.3,,-1.2,2.0,,0.1,4.1,,4.0,10.5,,1.175,4.725,0.0
2025-12-25 06:00,1.5,2.4,,-1.6,1.7,,-0.7,2.4,,4.0,9.3,,0.8,3.95,0.0
2025-12-25 07:00,1.4,3.3,,-2.2,1.0,,-1.8,1.1,,3.8,11.2,,0.2999999999999998,4.15,0.0
2025-12-25 08:00,1.3,3.9,0.0,-2.0,1.7,0.0,-1.6,2.9,,3.8,8.8,0.0,0.375,4.325,0.0
2025-12-25 09:00,2.0,4.0,0.21,-0.7,2.2,0.38,0.1,3.6,,3.8,9.1,0.11,1.3,4.725,0.2333333333333333
2025-12-25 10:00,3.3,3.7,0.99,0.7,3.4,1.06,1.9,5.3,,3.4,9.6,0.8,2.325,5.5,0.9499999999999998
2025-12-25 11:00,3.5,5.1,1.39,2.3,3.3,1.47,2.6,6.2,,3.0,10.2,0.94,2.85,6.199999999999999,1.2666666666666666
2025-12-25 12:00,1.9,3.2,1.16,2.1,3.9,1.52,2.3,5.1,,4.9,8.2,1.36,2.8,5.1,1.3466666666666667
2025-12-25 13:00,1.3,5.7,1.04,2.9,4.7,0.93,2.2,10.3,,3.6,9.7,1.31,2.5,7.6000000000000005,1.0933333333333335
2025-12-25 14:00,1.1,3.9,0.56,3.1,5.7,1.17,1.3,9.5,,1.9,9.8,1.12,1.85,7.2250000000000005,0.9500000000000001
2025-12-25 15:00,1.8,4.2,0.53,1.8,6.0,1.35,0.8,8.2,,2.3,12.8,0.9,1.675,7.8,0.9266666666666667
2025-12-25 16:00,1.2,4.8,0.61,0.4,7.0,0.62,-0.5,8.2,,0.7,11.2,0.33,0.45,7.8,0.52
2025-12-25 17:00,0.2,2.8,0.26,-1.1,6.2,0.16,-1.7,7.7,,1.3,10.9,0.18,-0.325,6.9,0.20000000000000004
2025-12-25 18:00,0.0,2.4,0.02,-2.3,4.0,0.01,-1.2,6.6,,1.1,10.2,0.02,-0.6,5.8,0.016666666666666666
2025-12-25 19:00,-1.0,3.4,,-2.0,4.7,,-1.9,8.7,,0.0,9.8,,-1.225,6.6499999999999995,0.0
2025-12-25 20:00,-1.3,2.3,,-3.2,4.5,,-2.9,7.7,,-0.3,11.2,,-1.925,6.425,0.0
2025-12-25 21:00,-1.6,2.8,,-3.3,5.5,,-3.4,6.8,,-0.8,10.9,,-2.2750000000000004,6.5,0.0
2025-12-25 22:00,-1.4,3.1,,-4.2,3.1,,-3.8,7.7,,-2.4,13.0,,-2.9499999999999997,6.725,0.0
2025-12-25 23:00,-2.7,1.7,,-4.6,4.5,,-3.8,5.3,,-0.6,11.2,,-2.925,5.675,0.0
2025-12-26 00:00,-3.2,4.4,,-5.0,3.9,,-3.9,7.5,,-1.2,11.1,,-3.3249999999999997,6.725,0.0
2025-12-26 01:00,-3.4,2.7,,-5.3,4.6,,-4.7,8.4,,-2.1,11.2,,-3.8749999999999996,6.725,0.0
2025-12-26 02:00,-4.0,2.0,,-5.9,4.4,,-5.5,8.3,,-2.7,8.0,,-4.525,5.675000000000001,0.0
2025-12-26 03:00,-4.2,3.3,,-6.8,4.1,,-6.2,4.0,,-2.1,11.3,,-4.825,5.675,0.0
2025-12-26 04:00,-4.8,2.9,,-7.3,4.2,,-6.5,3.7,,-3.1,11.8,,-5.425000000000001,5.65,0.0
2025-12-26 05:00,-5.5,0.6,,-7.8,3.3,,-6.8,4.2,,-2.9,9.8,,-5.75,4.475,0.0
2025-12-26 06:00,-5.6,0.4,,-8.0,2.7,,-7.1,4.7,,-1.8,10.1,,-5.625,4.475,0.0
2025-12-26 07:00,-5.7,0.4,,-8.3,3.8,,-7.5,3.6,,-2.1,11.1,,-5.9,4.725,0.0
2025-12-26 08:00,-5.9,0.8,0.01,-8.5,3.0,0.01,-7.5,4.3,,-3.5,6.6,0.01,-6.35,3.675,0.01
2025-12-26 09:00,-4.9,3.6,0.37,-7.3,3.1,0.37,-6.6,3.6,,-3.9,6.2,0.19,-5.674999999999999,4.125,0.31
2025-12-26 10:00,-3.6,2.5,1.03,-6.2,5.2,1.01,-5.0,5.6,,-4.1,6.1,0.69,-4.725,4.85,0.91
2025-12-26 11:00,-2.6,3.6,1.56,-5.1,4.5,1.53,-4.2,7.4,,-3.5,7.6,1.24,-3.8499999999999996,5.775,1.4433333333333334
2025-12-26 12:00,-2.5,2.6,1.9,-3.9,4.3,1.88,-3.0,6.2,,-3.0,7.6,1.85,-3.1,5.175000000000001,1.8766666666666667
2025-12-26 13:00,-2.1,3.0,2.04,-3.1,3.4,2.01,-2.2,4.9,,-2.8,6.5,1.85,-2.55,4.45,1.9666666666666668
2025-12-26 14:00,-1.2,3.5,1.88,-2.0,2.4,1.89,-1.5,5.0,,-2.2,6.8,1.43,-1.725,4.425,1.7333333333333332
2025-12-26 15:00,-0.6,2.7,1.6,-1.5,3.1,1.56,-1.2,5.1,,-0.9,9.4,1.09,-1.05,5.075,1.4166666666666667
2025-12-26 16:00,-1.1,3.7,1.12,-1.2,3.1,1.06,-1.6,5.2,,-1.1,9.8,0.74,-1.25,5.45,0.9733333333333333
2025-12-26 17:00,-2.1,3.8,0.5,-2.2,2.5,0.46,-2.3,5.1,,-1.0,8.5,0.3,-1.9000000000000001,4.975,0.42
2025-12-26 18:00,-2.5,3.4,0.03,-3.8,2.8,0.03,-3.2,5.6,,-1.0,6.7,0.04,-2.625,4.625,0.03333333333333333
2025-12-26 19:00,-2.9,2.5,,-4.2,2.8,,-3.8,4.8,,-1.5,5.4,,-3.0999999999999996,3.875,0.0
2025-12-26 20:00,-2.9,3.5,,-5.0,2.1,,-4.6,2.3,,-1.8,3.7,,-3.575,2.9,0.0
2025-12-26 21:00,-3.9,2.9,,-5.5,1.8,,-5.2,1.2,,-2.2,3.2,,-4.2,2.2750000000000004,0.0
2025-12-26 22:00,-4.6,3.0,,-5.4,1.2,,-6.3,2.0,,-2.7,2.5,,-4.75,2.175,0.0
2025-12-26 23:00,-4.6,2.8,,-6.1,1.7,,-4.9,2.8,,-3.1,2.1,,-4.675,2.35,0.0
2025-12-27 00:00,-4.7,2.5,,-6.5,1.5,,-4.7,2.7,,-3.6,1.8,,-4.875,2.125,0.0
2025-12-27 01:00,-4.8,2.3,,-6.7,1.6,,-4.7,1.4,,-3.7,2.4,,-4.975,1.9249999999999998,0.0
2025-12-27 02:00,-5.1,2.1,,-6.6,1.1,,-5.3,1.1,,-3.9,1.9,,-5.225,1.5500000000000003,0.0
2025-12-27 03:00,-5.2,1.8,,-6.8,1.8,,-6.1,1.4,,-4.1,1.5,,-5.550000000000001,1.625,0.0
2025-12-27 04:00,-5.1,1.6,,-6.9,1.3,,-6.8,0.5,,-4.4,1.0,,-5.800000000000001,1.1,0.0
2025-12-27 05:00,-5.1,1.5,,-6.3,1.5,,-7.0,0.6,,-4.5,2.0,,-5.725,1.4,0.0
2025-12-27 06:00,-4.8,1.8,,-6.0,1.6,,-7.0,0.7,,-4.5,2.0,,-5.575,1.5250000000000001,0.0
2025-12-27 07:00,-5.3,1.1,,-6.2,1.2,,-7.0,0.8,,-4.2,3.3,,-5.675,1.5999999999999999,0.0
2025-12-27 08:00,-5.6,0.7,0.01,-6.1,2.5,0.01,-7.0,0.5,,-4.0,1.5,0.01,-5.675,1.3,0.01
2025-12-27 09:00,-4.3,0.2,0.32,-2.9,1.3,0.31,-4.5,0.2,,-1.9,2.4,0.33,-3.4,1.025,0.32
2025-12-27 10:00,-2.1,1.3,0.91,-0.7,2.4,0.89,-2.0,1.7,,0.9,3.3,0.95,-0.975,2.175,0.9166666666666666
2025-12-27 11:00,-0.3,0.6,1.44,2.2,1.1,1.39,0.3,2.3,,2.4,2.1,1.49,1.15,1.525,1.4400000000000002
2025-12-27 12:00,1.9,0.5,1.79,4.6,1.5,1.73,2.2,3.2,,4.2,1.9,1.85,3.2249999999999996,1.775,1.79
2025-12-27 13:00,3.2,0.7,1.92,6.8,0.7,1.95,2.7,2.8,,4.9,2.2,2.0,4.4,1.5999999999999999,1.9566666666666668
2025-12-27 14:00,5.4,0.3,1.84,4.2,2.4,0.97,2.6,2.8,,6.0,1.4,1.92,4.550000000000001,1.725,1.5766666666666669
2025-12-27 15:00,5.3,1.2,1.26,3.7,2.5,0.45,2.7,2.4,,6.9,1.6,1.59,4.65,1.9249999999999998,1.0999999999999999
2025-12-27 16:00,5.3,1.0,0.85,3.7,2.2,0.23,2.5,1.7,,6.2,2.7,1.1,4.425,1.9000000000000001,0.7266666666666667
2025-12-27 17:00,4.7,1.2,0.38,3.7,1.3,0.06,0.6,2.6,,5.4,1.4,0.48,3.6,1.625,0.30666666666666664
2025-12-27 18:00,3.9,1.4,0.02,3.4,1.2,0.0,0.5,3.4,,4.8,1.2,0.03,3.15,1.8,0.016666666666666666
2025-12-27 19:00,3.7,1.3,,2.9,1.0,,0.9,3.4,,4.3,2.7,,2.95,2.0999999999999996,0.0
2025-12-27 20:00,3.5,1.5,,2.0,2.2,,1.1,2.3,,3.7,1.1,,2.575,1.775,0.0
2025-12-27 21:00,3.2,0.6,,1.9,1.7,,1.3,2.3,,3.1,2.1,,2.375,1.6749999999999998,0.0
2025-12-27 22:00,3.2,1.1,,1.8,1.9,,0.6,1.1,,2.6,2.4,,2.05,1.625,0.0
2025-12-27 23:00,2.6,1.3,,1.8,1.9,,0.8,2.7,,1.9,2.6,,1.775,2.125,0.0
2025-12-28 00:00,2.4,0.4,,1.8,1.2,,1.1,2.4,,1.5,3.3,,1.7000000000000002,1.825,0.0
2025-12-28 01:00,1.9,0.2,,1.5,1.7,,1.3,2.7,,1.4,3.3,,1.525,1.9749999999999999,0.0
2025-12-28 02:00,1.9,0.2,,1.1,2.0,,1.4,2.7,,1.2,3.3,,1.4000000000000001,2.05,0.0
2025-12-28 03:00,1.9,0.3,,1.2,1.0,,1.7,3.0,,0.9,3.4,,1.425,1.9249999999999998,0.0
2025-12-28 04:00,1.7,0.1,,1.2,1.5,,1.7,2.7,,0.8,3.2,,1.3499999999999999,1.8750000000000002,0.0
2025-12-28 05:00,1.8,0.2,,1.4,1.4,,1.7,2.6,,0.6,2.4,,1.375,1.65,0.0
2025-12-28 06:00,1.8,0.6,,1.5,1.5,,1.7,2.8,,0.2,3.1,,1.3,2.0,0.0
2025-12-28 07:00,1.8,0.6,,1.5,1.9,,1.7,2.6,,0.3,3.9,,1.325,2.25,0.0
2025-12-28 08:00,1.2,0.0,0.0,1.9,1.3,0.0,1.9,2.5,,0.2,4.2,0.01,1.3,2.0,0.0033333333333333335
2025-12-28 09:00,1.8,0.1,0.14,2.5,1.4,0.07,2.2,2.1,,1.7,4.0,0.3,2.05,1.9,0.17
2025-12-28 10:00,3.2,0.0,0.36,4.0,0.7,0.31,4.9,2.0,,3.5,4.0,0.45,3.9000000000000004,1.675,0.3733333333333333
2025-12-28 11:00,5.3,0.4,0.81,5.7,1.8,1.12,6.0,3.8,,7.5,3.7,1.51,6.125,2.425,1.1466666666666667
2025-12-28 12:00,7.2,0.5,1.44,6.7,1.6,0.8,7.6,3.7,,9.3,3.0,1.85,7.7,2.2,1.3633333333333333
2025-12-28 13:00,9.2,1.2,1.93,9.0,2.5,1.32,9.0,2.9,,10.5,3.0,1.99,9.425,2.4,1.7466666666666668
2025-12-28 14:00,10.7,2.5,1.85,8.9,1.1,1.24,8.8,2.9,,11.3,3.1,1.94,9.925,2.4,1.6766666666666665
2025-12-28 15:00,9.7,3.7,1.4,9.5,1.9,0.67,8.9,2.8,,10.0,3.3,0.95,9.525,2.925,1.0066666666666666
2025-12-28 16:00,9.4,2.2,0.43,8.7,2.7,0.56,8.3,3.5,,10.6,3.0,0.84,9.25,2.85,0.61
2025-12-28 17:00,9.2,1.1,0.21,8.2,0.8,0.24,8.1,2.5,,9.2,2.6,0.33,8.675,1.75,0.26
2025-12-28 18:00,8.4,1.6,0.02,7.3,0.9,0.02,7.2,1.1,,8.3,3.4,0.03,7.8,1.75,0.023333333333333334
2025-12-28 19:00,8.3,1.5,,6.6,1.6,,6.4,2.1,,8.4,3.3,,7.425000000000001,2.125,0.0
2025-12-28 20:00,8.1,2.4,,6.1,1.7,,5.6,1.8,,7.8,1.2,,6.8999999999999995,1.775,0.0
2025-12-28 21:00,7.8,2.3,,6.0,1.8,,4.8,1.9,,7.3,2.9,,6.4750000000000005,2.225,0.0
2025-12-28 22:00,7.6,2.2,,5.8,2.0,,4.9,2.1,,6.8,3.0,,6.2749999999999995,2.325,0.0
2025-12-28 23:00,7.4,1.7,,6.1,1.6,,4.6,2.6,,6.5,2.3,,6.15,2.05,0.0
2025-12-29 00:00,7.1,0.0,,6.6,1.3,,4.5,3.1,,6.2,3.9,,6.1,2.075,0.0
2025-12-29 01:00,6.3,0.0,,5.5,1.2,,4.1,3.2,,6.0,3.5,,5.475,1.975,0.0
2025-12-29 02:00,5.6,0.0,,5.2,1.9,,4.2,3.5,,5.3,4.6,,5.075,2.5,0.0
2025-12-29 03:00,4.3,0.0,,4.1,2.4,,3.9,2.9,,4.9,3.0,,4.3,2.075,0.0
2025-12-29 04:00,3.5,0.0,,3.3,2.0,,3.5,2.9,,4.9,2.7,,3.8000000000000003,1.9000000000000001,0.0
2025-12-29 05:00,3.1,0.0,,3.3,2.0,,4.2,2.4,,4.8,2.7,,3.8500000000000005,1.7750000000000001,0.0
2025-12-29 06:00,2.6,0.7,,3.4,1.8,,4.1,2.8,,4.6,2.9,,3.675,2.05,0.0
2025-12-29 07:00,2.4,0.0,,3.1,2.2,,3.9,3.0,,4.4,3.4,,3.45,2.15,0.0
2025-12-29 08:00,2.8,0.0,0.01,3.3,2.4,0.0,4.4,3.0,,4.5,3.3,0.01,3.75,2.175,0.006666666666666667
2025-12-29 09:00,4.4,0.1,0.21,4.1,1.8,0.14,5.2,2.8,,5.7,2.9,0.27,4.85,1.9,0.20666666666666667
2025-12-29 10:00,5.9,0.7,0.75,6.4,2.0,0.22,6.2,3.3,,8.0,2.5,0.82,6.625,2.125,0.5966666666666667
2025-12-29 11:00,7.4,0.3,0.95,9.2,1.2,0.58,8.7,2.7,,10.8,2.0,1.28,9.025,1.55,0.9366666666666665
2025-12-29 12:00,9.5,1.2,0.94,10.5,3.9,0.57,11.5,2.8,,12.3,3.8,1.62,10.95,2.925,1.0433333333333332
2025-12-29 13:00,10.2,0.4,0.88,12.0,4.7,1.36,11.8,3.5,,13.0,3.0,1.75,11.75,2.9000000000000004,1.33
2025-12-29 14:00,13.2,1.9,1.57,11.5,4.5,1.3,11.2,2.4,,13.1,3.7,1.47,12.25,3.125,1.4466666666666665
2025-12-29 15:00,11.9,0.0,0.78,11.8,3.8,0.68,10.2,3.2,,12.7,3.3,1.42,11.650000000000002,2.575,0.96
2025-12-29 16:00,12.1,0.6,0.52,11.6,3.4,0.75,9.4,3.0,,12.1,4.4,0.91,11.3,2.85,0.7266666666666667
2025-12-29 17:00,11.1,2.3,0.27,9.5,3.2,0.2,8.2,4.2,,10.9,3.3,0.37,9.925,3.25,0.28
2025-12-29 18:00,10.0,2.4,0.02,8.2,4.0,0.01,6.8,2.7,,9.8,3.3,0.03,8.7,3.1000000000000005,0.02
2025-12-29 19:00,9.0,1.5,,7.0,3.0,,6.1,2.8,,8.6,3.8,,7.675000000000001,2.775,0.0
2025-12-29 20:00,8.2,1.3,,6.3,2.6,,5.5,3.7,,7.7,4.4,,6.925,3.0,0.0
2025-12-29 21:00,7.2,1.9,,5.9,1.6,,4.6,2.9,,7.2,4.5,,6.2250000000000005,2.725,0.0
2025-12-29 22:00,6.8,3.4,,4.8,1.8,,3.4,2.7,,6.7,4.1,,5.425,3.0,0.0
2025-12-29 23:00,6.0,2.3,,4.2,1.2,,2.3,0.8,,6.4,5.9,,4.725,2.55,0.0
2025-12-30 00:00,5.0,2.7,,3.3,1.6,,1.6,0.2,,5.5,3.8,,3.85,2.075,0.0
2025-12-30 01:00,3.7,1.4,,2.7,1.5,,0.9,2.2,,4.5,2.8,,2.95,1.9749999999999999,0.0
2025-12-30 02:00,3.0,1.3,,1.7,0.8,,1.0,1.7,,3.8,2.6,,2.375,1.6,0.0
2025-12-30 03:00,2.3,1.1,,0.2,2.5,,0.3,0.8,,3.0,2.9,,1.45,1.8250000000000002,0.0
2025-12-30 04:00,2.7,2.4,,-1.3,1.6,,-0.2,1.1,,3.4,2.8,,1.15,1.9749999999999999,0.0
2025-12-30 05:00,1.5,1.9,,-1.8,1.8,,-1.1,0.6,,3.1,2.9,,0.425,1.7999999999999998,0.0
2025-12-30 06:00,0.9,2.6,,-1.8,2.2,,-1.5,1.3,,3.0,5.0,,0.15000000000000002,2.7750000000000004,0.0
2025-12-30 07:00,0.8,2.4,,-1.8,2.5,,-1.2,2.2,,2.2,5.4,,0.0,3.125,0.0
2025-12-30 08:00,0.7,3.2,0.0,-2.5,2.5,0.0,-1.5,2.1,,2.1,8.1,0.0,-0.29999999999999993,3.975,0.0
2025-12-30 09:00,1.7,4.1,0.21,-0.7,1.2,0.35,-0.5,0.8,,1.6,6.0,0.25,0.525,3.025,0.26999999999999996
2025-12-30 10:00,3.1,4.4,0.89,1.2,2.1,0.96,1.6,1.2,,1.4,5.8,0.57,1.8250000000000002,3.375,0.8066666666666666
2025-12-30 11:00,5.0,4.4,1.57,2.6,3.3,1.51,2.7,2.9,,2.4,5.4,0.92,3.1750000000000003,4.0,1.3333333333333333
2025-12-30 12:00,6.1,5.6,1.94,4.0,4.0,1.89,4.3,1.6,,4.2,5.9,1.45,4.6499999999999995,4.275,1.76
2025-12-30 13:00,7.3,3.6,2.08,4.9,4.4,2.02,4.7,3.4,,4.7,8.1,2.07,5.3999999999999995,4.875,2.0566666666666666
2025-12-30 14:00,8.0,4.7,1.98,5.4,3.8,1.92,5.2,2.4,,5.4,7.6,2.05,6.0,4.625,1.9833333333333332
2025-12-30 15:00,8.1,5.0,1.66,6.2,3.3,1.58,5.3,5.2,,5.7,7.6,1.72,6.325,5.275,1.6533333333333333
2025-12-30 16:00,7.0,5.8,1.15,5.5,3.1,1.08,5.1,2.4,,5.5,6.7,1.22,5.775,4.5,1.1500000000000001
2025-12-30 17:00,5.8,3.9,0.51,4.1,2.9,0.46,3.7,4.0,,5.0,7.7,0.55,4.6499999999999995,4.625,0.5066666666666667
2025-12-30 18:00,5.1,4.5,0.05,2.4,2.9,0.04,2.1,2.4,,3.7,5.0,0.06,3.325,3.7,0.049999999999999996
2025-12-30 19:00,2.9,3.2,,0.8,2.3,,1.2,1.7,,3.1,3.9,,2.0,2.775,0.0
2025-12-30 20:00,2.7,2.3,,0.2,1.8,,-0.3,1.3,,2.5,4.1,,1.2750000000000001,2.375,0.0
2025-12-30 21:00,1.3,0.0,,-0.1,1.1,,-1.5,1.1,,2.1,3.8,,0.45,1.5,0.0
2025-12-30 22:00,1.0,0.2,,-0.9,1.8,,-2.0,1.1,,1.5,3.7,,-0.09999999999999998,1.7000000000000002,0.0
2025-12-30 23:00,0.1,0.0,,-1.4,1.2,,-2.2,0.6,,1.0,3.1,,-0.625,1.225,0.0
2025-12-31 00:00,0.4,0.0,,-1.9,1.8,,-2.6,1.7,,0.7,2.9,,-0.8499999999999999,1.6,0.0
2025-12-31 01:00,0.3,0.0,,-2.1,0.1,,-1.9,0.7,,0.5,1.9,,-0.8,0.6749999999999999,0.0
2025-12-31 02:00,0.0,0.0,,-2.4,1.3,,-1.1,0.7,,0.8,0.4,,-0.675,0.6,0.0
2025-12-31 03:00,-0.6,0.0,,-1.7,0.9,,-0.4,2.5,,0.0,1.5,,-0.6749999999999999,1.225,0.0
2025-12-31 04:00,-0.3,0.0,,-1.3,0.0,,-0.7,2.4,,0.5,1.3,,-0.44999999999999996,0.925,0.0
2025-12-31 05:00,-0.1,0.7,,-1.1,4.8,,-1.0,2.4,,0.4,1.3,,-0.45000000000000007,2.3000000000000003,0.0
2025-12-31 06:00,0.0,1.6,,-1.6,2.7,,-2.1,1.9,,1.0,6.1,,-0.675,3.075,0.0
2025-12-31 07:00,0.2,2.1,,-2.4,3.4,,-2.2,3.6,,0.8,5.7,,-0.9000000000000001,3.7,0.0
2025-12-31 08:00,-0.2,2.4,0.0,-3.1,2.8,0.0,-2.8,3.1,,0.1,5.2,0.0,-1.5,3.375,0.0
2025-12-31 09:00,0.3,3.5,0.21,-2.4,4.4,0.32,-2.1,5.6,,0.5,5.6,0.12,-0.925,4.775,0.21666666666666667
2025-12-31 10:00,0.4,3.2,0.65,-2.1,5.2,0.95,-1.6,5.1,,1.2,11.1,0.33,-0.5250000000000001,6.15,0.6433333333333334
2025-12-31 11:00,0.3,4.4,1.47,-1.4,4.3,1.45,-1.3,5.5,,0.6,10.1,0.7,-0.44999999999999996,6.074999999999999,1.2066666666666668
2025-12-31 12:00,0.6,2.9,1.21,-0.8,4.2,1.77,-0.8,6.2,,0.2,11.6,1.16,-0.2,6.225,1.38
2025-12-31 13:00,0.8,3.0,1.53,-0.3,4.7,2.04,-0.6,7.0,,-0.4,11.0,1.67,-0.125,6.425,1.7466666666666668
2025-12-31 14:00,0.9,2.6,1.97,-0.1,5.1,1.92,-0.6,6.2,,-0.1,10.3,1.65,0.025000000000000015,6.05,1.8466666666666665
2025-12-31 15:00,0.4,2.8,1.6,0.3,3.4,1.5,-0.2,5.9,,-0.3,12.1,1.58,0.04999999999999999,6.05,1.5599999999999998
2025-12-31 16:00,0.2,2.4,1.21,-0.6,4.2,0.94,-0.7,7.1,,-0.2,11.6,1.2,-0.32499999999999996,6.324999999999999,1.1166666666666665
2025-12-31 17:00,-1.0,3.9,0.47,-1.3,3.7,0.45,-1.9,6.1,,-0.9,9.2,0.39,-1.275,5.725,0.4366666666666667
2025-12-31 18:00,-1.8,3.0,0.05,-2.6,3.7,0.04,-2.8,4.9,,-0.8,8.3,0.03,-2.0,4.9750000000000005,0.04
2025-12-31 19:00,-2.2,2.8,,-3.5,4.1,,-3.4,3.8,,-0.7,5.9,,-2.4499999999999997,4.15,0.0
2025-12-31 20:00,-2.6,3.4,,-4.6,2.6,,-4.6,1.2,,-0.3,8.4,,-3.025,3.9000000000000004,0.0
2025-12-31 21:00,-2.8,4.9,,-4.6,2.9,,-5.2,2.5,,-1.0,9.4,,-3.4,4.925000000000001,0.0
2025-12-31 22:00,-3.3,3.1,,-5.4,1.6,,-5.0,2.7,,-1.0,7.8,,-3.675,3.8,0.0
2025-12-31 23:00,-3.6,3.1,,-6.1,1.5,,-5.3,2.1,,-2.1,5.2,,-4.275,2.9749999999999996,0.0
