date,node,hour,cargo_type,cargo_ton,cargo_cars
2026-08-13,서화성,0,pack_ev,0.0,0.0
2026-08-13,서화성,0,pack_ess,0.0,0.0
2026-08-13,서화성,0,blackmass,0.0,0.0
2026-08-13,서화성,1,pack_ev,0.0,0.0
2026-08-13,서화성,1,pack_ess,0.0,0.0
2026-08-13,서화성,1,blackmass,0.0,0.0
2026-08-13,서화성,2,pack_ev,0.0,0.0
2026-08-13,서화성,2,pack_ess,0.0,0.0
2026-08-13,서화성,2,blackmass,0.0,0.0
2026-08-13,서화성,3,pack_ev,0.0,0.0
2026-08-13,서화성,3,pack_ess,0.0,0.0
2026-08-13,서화성,3,blackmass,0.0,0.0
2026-08-13,서화성,4,pack_ev,0.0,0.0
2026-08-13,서화성,4,pack_ess,0.0,0.0
2026-08-13,서화성,4,blackmass,0.0,0.0
2026-08-13,서화성,5,pack_ev,0.0,0.0
2026-08-13,서화성,5,pack_ess,0.0,0.0
2026-08-13,서화성,5,blackmass,0.0,0.0
2026-08-13,서화성,6,pack_ev,0.0,0.0
2026-08-13,서화성,6,pack_ess,0.0,0.0
2026-08-13,서화성,6,blackmass,0.0,0.0
2026-08-13,서화성,7,pack_ev,0.0,0.0
2026-08-13,서화성,7,pack_ess,0.0,0.0
2026-08-13,서화성,7,blackmass,0.0,0.0
2026-08-13,서화성,8,pack_ev,0.0,0.0
2026-08-13,서화성,8,pack_ess,0.0,0.0
2026-08-13,서화성,8,blackmass,0.0,0.0
2026-08-13,서화성,9,pack_ev,0.0,0.0
2026-08-13,서화성,9,pack_ess,0.0,0.0
2026-08-13,서화성,9,blackmass,0.0,0.0
2026-08-13,서화성,10,pack_ev,4.582,0.1527
2026-08-13,서화성,10,pack_ess,0.0032,0.00011
2026-08-13,서화성,10,blackmass,1.222,0.0244
2026-08-13,서화성,11,pack_ev,4.582,0.1527
2026-08-13,서화성,11,pack_ess,0.0032,0.00011
2026-08-13,서화성,11,blackmass,1.222,0.0244
2026-08-13,서화성,12,pack_ev,4.582,0.1527
2026-08-13,서화성,12,pack_ess,0.0032,0.00011
2026-08-13,서화성,12,blackmass,1.222,0.0244
2026-08-13,서화성,13,pack_ev,4.582,0.1527
2026-08-13,서화성,13,pack_ess,0.0032,0.00011
2026-08-13,서화성,13,blackmass,1.222,0.0244
2026-08-13,서화성,14,pack_ev,4.582,0.1527
2026-08-13,서화성,14,pack_ess,0.0032,0.00011
2026-08-13,서화성,14,blackmass,1.222,0.0244
2026-08-13,서화성,15,pack_ev,4.582,0.1527
2026-08-13,서화성,15,pack_ess,0.0032,0.00011
2026-08-13,서화성,15,blackmass,1.222,0.0244
2026-08-13,서화성,16,pack_ev,4.582,0.1527
2026-08-13,서화성,16,pack_ess,0.0032,0.00011
2026-08-13,서화성,16,blackmass,1.222,0.0244
2026-08-13,서화성,17,pack_ev,4.582,0.1527
2026-08-13,서화성,17,pack_ess,0.0032,0.00011
2026-08-13,서화성,17,blackmass,1.222,0.0244
2026-08-13,서화성,18,pack_ev,0.0,0.0
2026-08-13,서화성,18,pack_ess,0.0,0.0
2026-08-13,서화성,18,blackmass,0.0,0.0
2026-08-13,서화성,19,pack_ev,0.0,0.0
2026-08-13,서화성,19,pack_ess,0.0,0.0
2026-08-13,서화성,19,blackmass,0.0,0.0
2026-08-13,서화성,20,pack_ev,0.0,0.0
2026-08-13,서화성,20,pack_ess,0.0,0.0
2026-08-13,서화성,20,blackmass,0.0,0.0
2026-08-13,서화성,21,pack_ev,0.0,0.0
2026-08-13,서화성,21,pack_ess,0.0,0.0
2026-08-13,서화성,21,blackmass,0.0,0.0
2026-08-13,서화성,22,pack_ev,0.0,0.0
2026-08-13,서화성,22,pack_ess,0.0,0.0
2026-08-13,서화성,22,blackmass,0.0,0.0
2026-08-13,서화성,23,pack_ev,0.0,0.0
2026-08-13,서화성,23,pack_ess,0.0,0.0
2026-08-13,서화성,23,blackmass,0.0,0.0
2026-08-13,신례원,0,pack_ev,0.0,0.0
2026-08-13,신례원,0,pack_ess,0.0,0.0
2026-08-13,신례원,0,blackmass,0.0,0.0
2026-08-13,신례원,1,pack_ev,0.0,0.0
2026-08-13,신례원,1,pack_ess,0.0,0.0
2026-08-13,신례원,1,blackmass,0.0,0.0
2026-08-13,신례원,2,pack_ev,0.0,0.0
2026-08-13,신례원,2,pack_ess,0.0,0.0
2026-08-13,신례원,2,blackmass,0.0,0.0
2026-08-13,신례원,3,pack_ev,0.0,0.0
2026-08-13,신례원,3,pack_ess,0.0,0.0
2026-08-13,신례원,3,blackmass,0.0,0.0
2026-08-13,신례원,4,pack_ev,0.0,0.0
2026-08-13,신례원,4,pack_ess,0.0,0.0
2026-08-13,신례원,4,blackmass,0.0,0.0
2026-08-13,신례원,5,pack_ev,0.0,0.0
2026-08-13,신례원,5,pack_ess,0.0,0.0
2026-08-13,신례원,5,blackmass,0.0,0.0
2026-08-13,신례원,6,pack_ev,0.0,0.0
2026-08-13,신례원,6,pack_ess,0.0,0.0
2026-08-13,신례원,6,blackmass,0.0,0.0
2026-08-13,신례원,7,pack_ev,0.0,0.0
2026-08-13,신례원,7,pack_ess,0.0,0.0
2026-08-13,신례원,7,blackmass,0.0,0.0
2026-08-13,신례원,8,pack_ev,0.0,0.0
2026-08-13,신례원,8,pack_ess,0.0,0.0
2026-08-13,신례원,8,blackmass,0.0,0.0
2026-08-13,신례원,9,pack_ev,0.0,0.0
2026-08-13,신례원,9,pack_ess,0.0,0.0
2026-08-13,신례원,9,blackmass,0.0,0.0
2026-08-13,신례원,10,pack_ev,0.0,0.0
2026-08-13,신례원,10,pack_ess,0.0,0.0
2026-08-13,신례원,10,blackmass,3.019,0.0604
2026-08-13,신례원,11,pack_ev,0.0,0.0
2026-08-13,신례원,11,pack_ess,0.0,0.0
2026-08-13,신례원,11,blackmass,3.019,0.0604
2026-08-13,신례원,12,pack_ev,0.0,0.0
2026-08-13,신례원,12,pack_ess,0.0,0.0
2026-08-13,신례원,12,blackmass,3.019,0.0604
2026-08-13,신례원,13,pack_ev,0.0,0.0
2026-08-13,신례원,13,pack_ess,0.0,0.0
2026-08-13,신례원,13,blackmass,3.019,0.0604
2026-08-13,신례원,14,pack_ev,0.0,0.0
2026-08-13,신례원,14,pack_ess,0.0,0.0
2026-08-13,신례원,14,blackmass,3.019,0.0604
2026-08-13,신례원,15,pack_ev,0.0,0.0
2026-08-13,신례원,15,pack_ess,0.0,0.0
2026-08-13,신례원,15,blackmass,3.019,0.0604
2026-08-13,신례원,16,pack_ev,0.0,0.0
2026-08-13,신례원,16,pack_ess,0.0,0.0
2026-08-13,신례원,16,blackmass,3.019,0.0604
2026-08-13,신례원,17,pack_ev,0.0,0.0
2026-08-13,신례원,17,pack_ess,0.0,0.0
2026-08-13,신례원,17,blackmass,3.019,0.0604
2026-08-13,신례원,18,pack_ev,0.0,0.0
2026-08-13,신례원,18,pack_ess,0.0,0.0
2026-08-13,신례원,18,blackmass,0.0,0.0
2026-08-13,신례원,19,pack_ev,0.0,0.0
2026-08-13,신례원,19,pack_ess,0.0,0.0
2026-08-13,신례원,19,blackmass,0.0,0.0
2026-08-13,신례원,20,pack_ev,0.0,0.0
2026-08-13,신례원,20,pack_ess,0.0,0.0
2026-08-13,신례원,20,blackmass,0.0,0.0
2026-08-13,신례원,21,pack_ev,0.0,0.0
2026-08-13,신례원,21,pack_ess,0.0,0.0
2026-08-13,신례원,21,blackmass,0.0,0.0
2026-08-13,신례원,22,pack_ev,0.0,0.0
2026-08-13,신례원,22,pack_ess,0.0,0.0
2026-08-13,신례원,22,blackmass,0.0,0.0
2026-08-13,신례원,23,pack_ev,0.0,0.0
2026-08-13,신례원,23,pack_ess,0.0,0.0
2026-08-13,신례원,23,blackmass,0.0,0.0
2026-08-13,안중,0,pack_ev,0.0,0.0
2026-08-13,안중,0,pack_ess,0.0,0.0
2026-08-13,안중,0,blackmass,0.0,0.0
2026-08-13,안중,1,pack_ev,0.0,0.0
2026-08-13,안중,1,pack_ess,0.0,0.0
2026-08-13,안중,1,blackmass,0.0,0.0
2026-08-13,안중,2,pack_ev,0.0,0.0
2026-08-13,안중,2,pack_ess,0.0,0.0
2026-08-13,안중,2,blackmass,0.0,0.0
2026-08-13,안중,3,pack_ev,0.0,0.0
2026-08-13,안중,3,pack_ess,0.0,0.0
2026-08-13,안중,3,blackmass,0.0,0.0
2026-08-13,안중,4,pack_ev,0.0,0.0
2026-08-13,안중,4,pack_ess,0.0,0.0
2026-08-13,안중,4,blackmass,0.0,0.0
2026-08-13,안중,5,pack_ev,0.0,0.0
2026-08-13,안중,5,pack_ess,0.0,0.0
2026-08-13,안중,5,blackmass,0.0,0.0
2026-08-13,안중,6,pack_ev,0.0,0.0
2026-08-13,안중,6,pack_ess,0.0,0.0
2026-08-13,안중,6,blackmass,0.0,0.0
2026-08-13,안중,7,pack_ev,0.0,0.0
2026-08-13,안중,7,pack_ess,0.0,0.0
2026-08-13,안중,7,blackmass,0.0,0.0
2026-08-13,안중,8,pack_ev,0.0,0.0
2026-08-13,안중,8,pack_ess,0.0,0.0
2026-08-13,안중,8,blackmass,0.0,0.0
2026-08-13,안중,9,pack_ev,0.0,0.0
2026-08-13,안중,9,pack_ess,0.0,0.0
2026-08-13,안중,9,blackmass,0.0,0.0
2026-08-13,안중,10,pack_ev,4.582,0.1527
2026-08-13,안중,10,pack_ess,0.0032,0.00011
2026-08-13,안중,10,blackmass,1.222,0.0244
2026-08-13,안중,11,pack_ev,4.582,0.1527
2026-08-13,안중,11,pack_ess,0.0032,0.00011
2026-08-13,안중,11,blackmass,1.222,0.0244
2026-08-13,안중,12,pack_ev,4.582,0.1527
2026-08-13,안중,12,pack_ess,0.0032,0.00011
2026-08-13,안중,12,blackmass,1.222,0.0244
2026-08-13,안중,13,pack_ev,4.582,0.1527
2026-08-13,안중,13,pack_ess,0.0032,0.00011
2026-08-13,안중,13,blackmass,1.222,0.0244
2026-08-13,안중,14,pack_ev,4.582,0.1527
2026-08-13,안중,14,pack_ess,0.0032,0.00011
2026-08-13,안중,14,blackmass,1.222,0.0244
2026-08-13,안중,15,pack_ev,4.582,0.1527
2026-08-13,안중,15,pack_ess,0.0032,0.00011
2026-08-13,안중,15,blackmass,1.222,0.0244
2026-08-13,안중,16,pack_ev,4.582,0.1527
2026-08-13,안중,16,pack_ess,0.0032,0.00011
2026-08-13,안중,16,blackmass,1.222,0.0244
2026-08-13,안중,17,pack_ev,4.582,0.1527
2026-08-13,안중,17,pack_ess,0.0032,0.00011
2026-08-13,안중,17,blackmass,1.222,0.0244
2026-08-13,안중,18,pack_ev,0.0,0.0
2026-08-13,안중,18,pack_ess,0.0,0.0
2026-08-13,안중,18,blackmass,0.0,0.0
2026-08-13,안중,19,pack_ev,0.0,0.0
2026-08-13,안중,19,pack_ess,0.0,0.0
2026-08-13,안중,19,blackmass,0.0,0.0
2026-08-13,안중,20,pack_ev,0.0,0.0
2026-08-13,안중,20,pack_ess,0.0,0.0
2026-08-13,안중,20,blackmass,0.0,0.0
2026-08-13,안중,21,pack_ev,0.0,0.0
2026-08-13,안중,21,pack_ess,0.0,0.0
2026-08-13,안중,21,blackmass,0.0,0.0
2026-08-13,안중,22,pack_ev,0.0,0.0
2026-08-13,안중,22,pack_ess,0.0,0.0
2026-08-13,안중,22,blackmass,0.0,0.0
2026-08-13,안중,23,pack_ev,0.0,0.0
2026-08-13,안중,23,pack_ess,0.0,0.0
2026-08-13,안중,23,blackmass,0.0,0.0
2026-08-13,천안,0,pack_ev,0.0,0.0
2026-08-13,천안,0,pack_ess,0.0,0.0
2026-08-13,천안,0,blackmass,0.0,0.0
2026-08-13,천안,1,pack_ev,0.0,0.0
2026-08-13,천안,1,pack_ess,0.0,0.0
2026-08-13,천안,1,blackmass,0.0,0.0
2026-08-13,천안,2,pack_ev,0.0,0.0
2026-08-13,천안,2,pack_ess,0.0,0.0
2026-08-13,천안,2,blackmass,0.0,0.0
2026-08-13,천안,3,pack_ev,0.0,0.0
2026-08-13,천안,3,pack_ess,0.0,0.0
2026-08-13,천안,3,blackmass,0.0,0.0
2026-08-13,천안,4,pack_ev,0.0,0.0
2026-08-13,천안,4,pack_ess,0.0,0.0
2026-08-13,천안,4,blackmass,0.0,0.0
2026-08-13,천안,5,pack_ev,0.0,0.0
2026-08-13,천안,5,pack_ess,0.0,0.0
2026-08-13,천안,5,blackmass,0.0,0.0
2026-08-13,천안,6,pack_ev,0.0,0.0
2026-08-13,천안,6,pack_ess,0.0,0.0
2026-08-13,천안,6,blackmass,0.0,0.0
2026-08-13,천안,7,pack_ev,0.0,0.0
2026-08-13,천안,7,pack_ess,0.0,0.0
2026-08-13,천안,7,blackmass,0.0,0.0
2026-08-13,천안,8,pack_ev,0.0,0.0
2026-08-13,천안,8,pack_ess,0.0,0.0
2026-08-13,천안,8,blackmass,0.0,0.0
2026-08-13,천안,9,pack_ev,0.0,0.0
2026-08-13,천안,9,pack_ess,0.0,0.0
2026-08-13,천안,9,blackmass,0.0,0.0
2026-08-13,천안,10,pack_ev,0.0,0.0
2026-08-13,천안,10,pack_ess,0.0,0.0
2026-08-13,천안,10,blackmass,4.529,0.0906
2026-08-13,천안,11,pack_ev,0.0,0.0
2026-08-13,천안,11,pack_ess,0.0,0.0
2026-08-13,천안,11,blackmass,4.529,0.0906
2026-08-13,천안,12,pack_ev,0.0,0.0
2026-08-13,천안,12,pack_ess,0.0,0.0
2026-08-13,천안,12,blackmass,4.529,0.0906
2026-08-13,천안,13,pack_ev,0.0,0.0
2026-08-13,천안,13,pack_ess,0.0,0.0
2026-08-13,천안,13,blackmass,4.529,0.0906
2026-08-13,천안,14,pack_ev,0.0,0.0
2026-08-13,천안,14,pack_ess,0.0,0.0
2026-08-13,천안,14,blackmass,4.529,0.0906
2026-08-13,천안,15,pack_ev,0.0,0.0
2026-08-13,천안,15,pack_ess,0.0,0.0
2026-08-13,천안,15,blackmass,4.529,0.0906
2026-08-13,천안,16,pack_ev,0.0,0.0
2026-08-13,천안,16,pack_ess,0.0,0.0
2026-08-13,천안,16,blackmass,4.529,0.0906
2026-08-13,천안,17,pack_ev,0.0,0.0
2026-08-13,천안,17,pack_ess,0.0,0.0
2026-08-13,천안,17,blackmass,4.529,0.0906
2026-08-13,천안,18,pack_ev,0.0,0.0
2026-08-13,천안,18,pack_ess,0.0,0.0
2026-08-13,천안,18,blackmass,0.0,0.0
2026-08-13,천안,19,pack_ev,0.0,0.0
2026-08-13,천안,19,pack_ess,0.0,0.0
2026-08-13,천안,19,blackmass,0.0,0.0
2026-08-13,천안,20,pack_ev,0.0,0.0
2026-08-13,천안,20,pack_ess,0.0,0.0
2026-08-13,천안,20,blackmass,0.0,0.0
2026-08-13,천안,21,pack_ev,0.0,0.0
2026-08-13,천안,21,pack_ess,0.0,0.0
2026-08-13,천안,21,blackmass,0.0,0.0
2026-08-13,천안,22,pack_ev,0.0,0.0
2026-08-13,천안,22,pack_ess,0.0,0.0
2026-08-13,천안,22,blackmass,0.0,0.0
2026-08-13,천안,23,pack_ev,0.0,0.0
2026-08-13,천안,23,pack_ess,0.0,0.0
2026-08-13,천안,23,blackmass,0.0,0.0
2026-08-14,서화성,0,pack_ev,0.0,0.0
2026-08-14,서화성,0,pack_ess,0.0,0.0
2026-08-14,서화성,0,blackmass,0.0,0.0
2026-08-14,서화성,1,pack_ev,0.0,0.0
2026-08-14,서화성,1,pack_ess,0.0,0.0
2026-08-14,서화성,1,blackmass,0.0,0.0
2026-08-14,서화성,2,pack_ev,0.0,0.0
2026-08-14,서화성,2,pack_ess,0.0,0.0
2026-08-14,서화성,2,blackmass,0.0,0.0
2026-08-14,서화성,3,pack_ev,0.0,0.0
2026-08-14,서화성,3,pack_ess,0.0,0.0
2026-08-14,서화성,3,blackmass,0.0,0.0
2026-08-14,서화성,4,pack_ev,0.0,0.0
2026-08-14,서화성,4,pack_ess,0.0,0.0
2026-08-14,서화성,4,blackmass,0.0,0.0
2026-08-14,서화성,5,pack_ev,0.0,0.0
2026-08-14,서화성,5,pack_ess,0.0,0.0
2026-08-14,서화성,5,blackmass,0.0,0.0
2026-08-14,서화성,6,pack_ev,0.0,0.0
2026-08-14,서화성,6,pack_ess,0.0,0.0
2026-08-14,서화성,6,blackmass,0.0,0.0
2026-08-14,서화성,7,pack_ev,0.0,0.0
2026-08-14,서화성,7,pack_ess,0.0,0.0
2026-08-14,서화성,7,blackmass,0.0,0.0
2026-08-14,서화성,8,pack_ev,0.0,0.0
2026-08-14,서화성,8,pack_ess,0.0,0.0
2026-08-14,서화성,8,blackmass,0.0,0.0
2026-08-14,서화성,9,pack_ev,0.0,0.0
2026-08-14,서화성,9,pack_ess,0.0,0.0
2026-08-14,서화성,9,blackmass,0.0,0.0
2026-08-14,서화성,10,pack_ev,0.0,0.0
2026-08-14,서화성,10,pack_ess,0.0,0.0
2026-08-14,서화성,10,blackmass,0.0,0.0
2026-08-14,서화성,11,pack_ev,0.0,0.0
2026-08-14,서화성,11,pack_ess,0.0,0.0
2026-08-14,서화성,11,blackmass,0.0,0.0
2026-08-14,서화성,12,pack_ev,0.0,0.0
2026-08-14,서화성,12,pack_ess,0.0,0.0
2026-08-14,서화성,12,blackmass,0.0,0.0
2026-08-14,서화성,13,pack_ev,0.0,0.0
2026-08-14,서화성,13,pack_ess,0.0,0.0
2026-08-14,서화성,13,blackmass,0.0,0.0
2026-08-14,서화성,14,pack_ev,0.0,0.0
2026-08-14,서화성,14,pack_ess,0.0,0.0
2026-08-14,서화성,14,blackmass,0.0,0.0
2026-08-14,서화성,15,pack_ev,0.0,0.0
2026-08-14,서화성,15,pack_ess,0.0,0.0
2026-08-14,서화성,15,blackmass,0.0,0.0
2026-08-14,서화성,16,pack_ev,0.0,0.0
2026-08-14,서화성,16,pack_ess,0.0,0.0
2026-08-14,서화성,16,blackmass,0.0,0.0
2026-08-14,서화성,17,pack_ev,0.0,0.0
2026-08-14,서화성,17,pack_ess,0.0,0.0
2026-08-14,서화성,17,blackmass,0.0,0.0
2026-08-14,서화성,18,pack_ev,0.0,0.0
2026-08-14,서화성,18,pack_ess,0.0,0.0
2026-08-14,서화성,18,blackmass,0.0,0.0
2026-08-14,서화성,19,pack_ev,0.0,0.0
2026-08-14,서화성,19,pack_ess,0.0,0.0
2026-08-14,서화성,19,blackmass,0.0,0.0
2026-08-14,서화성,20,pack_ev,0.0,0.0
2026-08-14,서화성,20,pack_ess,0.0,0.0
2026-08-14,서화성,20,blackmass,0.0,0.0
2026-08-14,서화성,21,pack_ev,0.0,0.0
2026-08-14,서화성,21,pack_ess,0.0,0.0
2026-08-14,서화성,21,blackmass,0.0,0.0
2026-08-14,서화성,22,pack_ev,0.0,0.0
2026-08-14,서화성,22,pack_ess,0.0,0.0
2026-08-14,서화성,22,blackmass,0.0,0.0
2026-08-14,서화성,23,pack_ev,0.0,0.0
2026-08-14,서화성,23,pack_ess,0.0,0.0
2026-08-14,서화성,23,blackmass,0.0,0.0
2026-08-14,신례원,0,pack_ev,0.0,0.0
2026-08-14,신례원,0,pack_ess,0.0,0.0
2026-08-14,신례원,0,blackmass,0.0,0.0
2026-08-14,신례원,1,pack_ev,0.0,0.0
2026-08-14,신례원,1,pack_ess,0.0,0.0
2026-08-14,신례원,1,blackmass,0.0,0.0
2026-08-14,신례원,2,pack_ev,0.0,0.0
2026-08-14,신례원,2,pack_ess,0.0,0.0
2026-08-14,신례원,2,blackmass,0.0,0.0
2026-08-14,신례원,3,pack_ev,0.0,0.0
2026-08-14,신례원,3,pack_ess,0.0,0.0
2026-08-14,신례원,3,blackmass,0.0,0.0
2026-08-14,신례원,4,pack_ev,0.0,0.0
2026-08-14,신례원,4,pack_ess,0.0,0.0
2026-08-14,신례원,4,blackmass,0.0,0.0
2026-08-14,신례원,5,pack_ev,0.0,0.0
2026-08-14,신례원,5,pack_ess,0.0,0.0
2026-08-14,신례원,5,blackmass,0.0,0.0
2026-08-14,신례원,6,pack_ev,0.0,0.0
2026-08-14,신례원,6,pack_ess,0.0,0.0
2026-08-14,신례원,6,blackmass,0.0,0.0
2026-08-14,신례원,7,pack_ev,0.0,0.0
2026-08-14,신례원,7,pack_ess,0.0,0.0
2026-08-14,신례원,7,blackmass,0.0,0.0
2026-08-14,신례원,8,pack_ev,0.0,0.0
2026-08-14,신례원,8,pack_ess,0.0,0.0
2026-08-14,신례원,8,blackmass,0.0,0.0
2026-08-14,신례원,9,pack_ev,0.0,0.0
2026-08-14,신례원,9,pack_ess,0.0,0.0
2026-08-14,신례원,9,blackmass,0.0,0.0
2026-08-14,신례원,10,pack_ev,0.0,0.0
2026-08-14,신례원,10,pack_ess,0.0,0.0
2026-08-14,신례원,10,blackmass,0.0,0.0
2026-08-14,신례원,11,pack_ev,0.0,0.0
2026-08-14,신례원,11,pack_ess,0.0,0.0
2026-08-14,신례원,11,blackmass,0.0,0.0
2026-08-14,신례원,12,pack_ev,0.0,0.0
2026-08-14,신례원,12,pack_ess,0.0,0.0
2026-08-14,신례원,12,blackmass,0.0,0.0
2026-08-14,신례원,13,pack_ev,0.0,0.0
2026-08-14,신례원,13,pack_ess,0.0,0.0
2026-08-14,신례원,13,blackmass,0.0,0.0
2026-08-14,신례원,14,pack_ev,0.0,0.0
2026-08-14,신례원,14,pack_ess,0.0,0.0
2026-08-14,신례원,14,blackmass,0.0,0.0
2026-08-14,신례원,15,pack_ev,0.0,0.0
2026-08-14,신례원,15,pack_ess,0.0,0.0
2026-08-14,신례원,15,blackmass,0.0,0.0
2026-08-14,신례원,16,pack_ev,0.0,0.0
2026-08-14,신례원,16,pack_ess,0.0,0.0
2026-08-14,신례원,16,blackmass,0.0,0.0
2026-08-14,신례원,17,pack_ev,0.0,0.0
2026-08-14,신례원,17,pack_ess,0.0,0.0
2026-08-14,신례원,17,blackmass,0.0,0.0
2026-08-14,신례원,18,pack_ev,0.0,0.0
2026-08-14,신례원,18,pack_ess,0.0,0.0
2026-08-14,신례원,18,blackmass,0.0,0.0
2026-08-14,신례원,19,pack_ev,0.0,0.0
2026-08-14,신례원,19,pack_ess,0.0,0.0
2026-08-14,신례원,19,blackmass,0.0,0.0
2026-08-14,신례원,20,pack_ev,0.0,0.0
2026-08-14,신례원,20,pack_ess,0.0,0.0
2026-08-14,신례원,20,blackmass,0.0,0.0
2026-08-14,신례원,21,pack_ev,0.0,0.0
2026-08-14,신례원,21,pack_ess,0.0,0.0
2026-08-14,신례원,21,blackmass,0.0,0.0
2026-08-14,신례원,22,pack_ev,0.0,0.0
2026-08-14,신례원,22,pack_ess,0.0,0.0
2026-08-14,신례원,22,blackmass,0.0,0.0
2026-08-14,신례원,23,pack_ev,0.0,0.0
2026-08-14,신례원,23,pack_ess,0.0,0.0
2026-08-14,신례원,23,blackmass,0.0,0.0
2026-08-14,안중,0,pack_ev,0.0,0.0
2026-08-14,안중,0,pack_ess,0.0,0.0
2026-08-14,안중,0,blackmass,0.0,0.0
2026-08-14,안중,1,pack_ev,0.0,0.0
2026-08-14,안중,1,pack_ess,0.0,0.0
2026-08-14,안중,1,blackmass,0.0,0.0
2026-08-14,안중,2,pack_ev,0.0,0.0
2026-08-14,안중,2,pack_ess,0.0,0.0
2026-08-14,안중,2,blackmass,0.0,0.0
2026-08-14,안중,3,pack_ev,0.0,0.0
2026-08-14,안중,3,pack_ess,0.0,0.0
2026-08-14,안중,3,blackmass,0.0,0.0
2026-08-14,안중,4,pack_ev,0.0,0.0
2026-08-14,안중,4,pack_ess,0.0,0.0
2026-08-14,안중,4,blackmass,0.0,0.0
2026-08-14,안중,5,pack_ev,0.0,0.0
2026-08-14,안중,5,pack_ess,0.0,0.0
2026-08-14,안중,5,blackmass,0.0,0.0
2026-08-14,안중,6,pack_ev,0.0,0.0
2026-08-14,안중,6,pack_ess,0.0,0.0
2026-08-14,안중,6,blackmass,0.0,0.0
2026-08-14,안중,7,pack_ev,0.0,0.0
2026-08-14,안중,7,pack_ess,0.0,0.0
2026-08-14,안중,7,blackmass,0.0,0.0
2026-08-14,안중,8,pack_ev,0.0,0.0
2026-08-14,안중,8,pack_ess,0.0,0.0
2026-08-14,안중,8,blackmass,0.0,0.0
2026-08-14,안중,9,pack_ev,0.0,0.0
2026-08-14,안중,9,pack_ess,0.0,0.0
2026-08-14,안중,9,blackmass,0.0,0.0
2026-08-14,안중,10,pack_ev,0.0,0.0
2026-08-14,안중,10,pack_ess,0.0,0.0
2026-08-14,안중,10,blackmass,0.0,0.0
2026-08-14,안중,11,pack_ev,0.0,0.0
2026-08-14,안중,11,pack_ess,0.0,0.0
2026-08-14,안중,11,blackmass,0.0,0.0
2026-08-14,안중,12,pack_ev,0.0,0.0
2026-08-14,안중,12,pack_ess,0.0,0.0
2026-08-14,안중,12,blackmass,0.0,0.0
2026-08-14,안중,13,pack_ev,0.0,0.0
2026-08-14,안중,13,pack_ess,0.0,0.0
2026-08-14,안중,13,blackmass,0.0,0.0
2026-08-14,안중,14,pack_ev,0.0,0.0
2026-08-14,안중,14,pack_ess,0.0,0.0
2026-08-14,안중,14,blackmass,0.0,0.0
2026-08-14,안중,15,pack_ev,0.0,0.0
2026-08-14,안중,15,pack_ess,0.0,0.0
2026-08-14,안중,15,blackmass,0.0,0.0
2026-08-14,안중,16,pack_ev,0.0,0.0
2026-08-14,안중,16,pack_ess,0.0,0.0
2026-08-14,안중,16,blackmass,0.0,0.0
2026-08-14,안중,17,pack_ev,0.0,0.0
2026-08-14,안중,17,pack_ess,0.0,0.0
2026-08-14,안중,17,blackmass,0.0,0.0
2026-08-14,안중,18,pack_ev,0.0,0.0
2026-08-14,안중,18,pack_ess,0.0,0.0
2026-08-14,안중,18,blackmass,0.0,0.0
2026-08-14,안중,19,pack_ev,0.0,0.0
2026-08-14,안중,19,pack_ess,0.0,0.0
2026-08-14,안중,19,blackmass,0.0,0.0
2026-08-14,안중,20,pack_ev,0.0,0.0
2026-08-14,안중,20,pack_ess,0.0,0.0
2026-08-14,안중,20,blackmass,0.0,0.0
2026-08-14,안중,21,pack_ev,0.0,0.0
2026-08-14,안중,21,pack_ess,0.0,0.0
2026-08-14,안중,21,blackmass,0.0,0.0
2026-08-14,안중,22,pack_ev,0.0,0.0
2026-08-14,안중,22,pack_ess,0.0,0.0
2026-08-14,안중,22,blackmass,0.0,0.0
2026-08-14,안중,23,pack_ev,0.0,0.0
2026-08-14,안중,23,pack_ess,0.0,0.0
2026-08-14,안중,23,blackmass,0.0,0.0
2026-08-14,천안,0,pack_ev,0.0,0.0
2026-08-14,천안,0,pack_ess,0.0,0.0
2026-08-14,천안,0,blackmass,0.0,0.0
2026-08-14,천안,1,pack_ev,0.0,0.0
2026-08-14,천안,1,pack_ess,0.0,0.0
2026-08-14,천안,1,blackmass,0.0,0.0
2026-08-14,천안,2,pack_ev,0.0,0.0
2026-08-14,천안,2,pack_ess,0.0,0.0
2026-08-14,천안,2,blackmass,0.0,0.0
2026-08-14,천안,3,pack_ev,0.0,0.0
2026-08-14,천안,3,pack_ess,0.0,0.0
2026-08-14,천안,3,blackmass,0.0,0.0
2026-08-14,천안,4,pack_ev,0.0,0.0
2026-08-14,천안,4,pack_ess,0.0,0.0
2026-08-14,천안,4,blackmass,0.0,0.0
2026-08-14,천안,5,pack_ev,0.0,0.0
2026-08-14,천안,5,pack_ess,0.0,0.0
2026-08-14,천안,5,blackmass,0.0,0.0
2026-08-14,천안,6,pack_ev,0.0,0.0
2026-08-14,천안,6,pack_ess,0.0,0.0
2026-08-14,천안,6,blackmass,0.0,0.0
2026-08-14,천안,7,pack_ev,0.0,0.0
2026-08-14,천안,7,pack_ess,0.0,0.0
2026-08-14,천안,7,blackmass,0.0,0.0
2026-08-14,천안,8,pack_ev,0.0,0.0
2026-08-14,천안,8,pack_ess,0.0,0.0
2026-08-14,천안,8,blackmass,0.0,0.0
2026-08-14,천안,9,pack_ev,0.0,0.0
2026-08-14,천안,9,pack_ess,0.0,0.0
2026-08-14,천안,9,blackmass,0.0,0.0
2026-08-14,천안,10,pack_ev,0.0,0.0
2026-08-14,천안,10,pack_ess,0.0,0.0
2026-08-14,천안,10,blackmass,0.0,0.0
2026-08-14,천안,11,pack_ev,0.0,0.0
2026-08-14,천안,11,pack_ess,0.0,0.0
2026-08-14,천안,11,blackmass,0.0,0.0
2026-08-14,천안,12,pack_ev,0.0,0.0
2026-08-14,천안,12,pack_ess,0.0,0.0
2026-08-14,천안,12,blackmass,0.0,0.0
2026-08-14,천안,13,pack_ev,0.0,0.0
2026-08-14,천안,13,pack_ess,0.0,0.0
2026-08-14,천안,13,blackmass,0.0,0.0
2026-08-14,천안,14,pack_ev,0.0,0.0
2026-08-14,천안,14,pack_ess,0.0,0.0
2026-08-14,천안,14,blackmass,0.0,0.0
2026-08-14,천안,15,pack_ev,0.0,0.0
2026-08-14,천안,15,pack_ess,0.0,0.0
2026-08-14,천안,15,blackmass,0.0,0.0
2026-08-14,천안,16,pack_ev,0.0,0.0
2026-08-14,천안,16,pack_ess,0.0,0.0
2026-08-14,천안,16,blackmass,0.0,0.0
2026-08-14,천안,17,pack_ev,0.0,0.0
2026-08-14,천안,17,pack_ess,0.0,0.0
2026-08-14,천안,17,blackmass,0.0,0.0
2026-08-14,천안,18,pack_ev,0.0,0.0
2026-08-14,천안,18,pack_ess,0.0,0.0
2026-08-14,천안,18,blackmass,0.0,0.0
2026-08-14,천안,19,pack_ev,0.0,0.0
2026-08-14,천안,19,pack_ess,0.0,0.0
2026-08-14,천안,19,blackmass,0.0,0.0
2026-08-14,천안,20,pack_ev,0.0,0.0
2026-08-14,천안,20,pack_ess,0.0,0.0
2026-08-14,천안,20,blackmass,0.0,0.0
2026-08-14,천안,21,pack_ev,0.0,0.0
2026-08-14,천안,21,pack_ess,0.0,0.0
2026-08-14,천안,21,blackmass,0.0,0.0
2026-08-14,천안,22,pack_ev,0.0,0.0
2026-08-14,천안,22,pack_ess,0.0,0.0
2026-08-14,천안,22,blackmass,0.0,0.0
2026-08-14,천안,23,pack_ev,0.0,0.0
2026-08-14,천안,23,pack_ess,0.0,0.0
2026-08-14,천안,23,blackmass,0.0,0.0
2026-08-15,서화성,0,pack_ev,0.0,0.0
2026-08-15,서화성,0,pack_ess,0.0,0.0
2026-08-15,서화성,0,blackmass,0.0,0.0
2026-08-15,서화성,1,pack_ev,0.0,0.0
2026-08-15,서화성,1,pack_ess,0.0,0.0
2026-08-15,서화성,1,blackmass,0.0,0.0
2026-08-15,서화성,2,pack_ev,0.0,0.0
2026-08-15,서화성,2,pack_ess,0.0,0.0
2026-08-15,서화성,2,blackmass,0.0,0.0
2026-08-15,서화성,3,pack_ev,0.0,0.0
2026-08-15,서화성,3,pack_ess,0.0,0.0
2026-08-15,서화성,3,blackmass,0.0,0.0
2026-08-15,서화성,4,pack_ev,0.0,0.0
2026-08-15,서화성,4,pack_ess,0.0,0.0
2026-08-15,서화성,4,blackmass,0.0,0.0
2026-08-15,서화성,5,pack_ev,0.0,0.0
2026-08-15,서화성,5,pack_ess,0.0,0.0
2026-08-15,서화성,5,blackmass,0.0,0.0
2026-08-15,서화성,6,pack_ev,0.0,0.0
2026-08-15,서화성,6,pack_ess,0.0,0.0
2026-08-15,서화성,6,blackmass,0.0,0.0
2026-08-15,서화성,7,pack_ev,0.0,0.0
2026-08-15,서화성,7,pack_ess,0.0,0.0
2026-08-15,서화성,7,blackmass,0.0,0.0
2026-08-15,서화성,8,pack_ev,0.0,0.0
2026-08-15,서화성,8,pack_ess,0.0,0.0
2026-08-15,서화성,8,blackmass,0.0,0.0
2026-08-15,서화성,9,pack_ev,0.0,0.0
2026-08-15,서화성,9,pack_ess,0.0,0.0
2026-08-15,서화성,9,blackmass,0.0,0.0
2026-08-15,서화성,10,pack_ev,0.0,0.0
2026-08-15,서화성,10,pack_ess,0.0,0.0
2026-08-15,서화성,10,blackmass,0.0,0.0
2026-08-15,서화성,11,pack_ev,0.0,0.0
2026-08-15,서화성,11,pack_ess,0.0,0.0
2026-08-15,서화성,11,blackmass,0.0,0.0
2026-08-15,서화성,12,pack_ev,0.0,0.0
2026-08-15,서화성,12,pack_ess,0.0,0.0
2026-08-15,서화성,12,blackmass,0.0,0.0
2026-08-15,서화성,13,pack_ev,0.0,0.0
2026-08-15,서화성,13,pack_ess,0.0,0.0
2026-08-15,서화성,13,blackmass,0.0,0.0
2026-08-15,서화성,14,pack_ev,0.0,0.0
2026-08-15,서화성,14,pack_ess,0.0,0.0
2026-08-15,서화성,14,blackmass,0.0,0.0
2026-08-15,서화성,15,pack_ev,0.0,0.0
2026-08-15,서화성,15,pack_ess,0.0,0.0
2026-08-15,서화성,15,blackmass,0.0,0.0
2026-08-15,서화성,16,pack_ev,0.0,0.0
2026-08-15,서화성,16,pack_ess,0.0,0.0
2026-08-15,서화성,16,blackmass,0.0,0.0
2026-08-15,서화성,17,pack_ev,0.0,0.0
2026-08-15,서화성,17,pack_ess,0.0,0.0
2026-08-15,서화성,17,blackmass,0.0,0.0
2026-08-15,서화성,18,pack_ev,0.0,0.0
2026-08-15,서화성,18,pack_ess,0.0,0.0
2026-08-15,서화성,18,blackmass,0.0,0.0
2026-08-15,서화성,19,pack_ev,0.0,0.0
2026-08-15,서화성,19,pack_ess,0.0,0.0
2026-08-15,서화성,19,blackmass,0.0,0.0
2026-08-15,서화성,20,pack_ev,0.0,0.0
2026-08-15,서화성,20,pack_ess,0.0,0.0
2026-08-15,서화성,20,blackmass,0.0,0.0
2026-08-15,서화성,21,pack_ev,0.0,0.0
2026-08-15,서화성,21,pack_ess,0.0,0.0
2026-08-15,서화성,21,blackmass,0.0,0.0
2026-08-15,서화성,22,pack_ev,0.0,0.0
2026-08-15,서화성,22,pack_ess,0.0,0.0
2026-08-15,서화성,22,blackmass,0.0,0.0
2026-08-15,서화성,23,pack_ev,0.0,0.0
2026-08-15,서화성,23,pack_ess,0.0,0.0
2026-08-15,서화성,23,blackmass,0.0,0.0
2026-08-15,신례원,0,pack_ev,0.0,0.0
2026-08-15,신례원,0,pack_ess,0.0,0.0
2026-08-15,신례원,0,blackmass,0.0,0.0
2026-08-15,신례원,1,pack_ev,0.0,0.0
2026-08-15,신례원,1,pack_ess,0.0,0.0
2026-08-15,신례원,1,blackmass,0.0,0.0
2026-08-15,신례원,2,pack_ev,0.0,0.0
2026-08-15,신례원,2,pack_ess,0.0,0.0
2026-08-15,신례원,2,blackmass,0.0,0.0
2026-08-15,신례원,3,pack_ev,0.0,0.0
2026-08-15,신례원,3,pack_ess,0.0,0.0
2026-08-15,신례원,3,blackmass,0.0,0.0
2026-08-15,신례원,4,pack_ev,0.0,0.0
2026-08-15,신례원,4,pack_ess,0.0,0.0
2026-08-15,신례원,4,blackmass,0.0,0.0
2026-08-15,신례원,5,pack_ev,0.0,0.0
2026-08-15,신례원,5,pack_ess,0.0,0.0
2026-08-15,신례원,5,blackmass,0.0,0.0
2026-08-15,신례원,6,pack_ev,0.0,0.0
2026-08-15,신례원,6,pack_ess,0.0,0.0
2026-08-15,신례원,6,blackmass,0.0,0.0
2026-08-15,신례원,7,pack_ev,0.0,0.0
2026-08-15,신례원,7,pack_ess,0.0,0.0
2026-08-15,신례원,7,blackmass,0.0,0.0
2026-08-15,신례원,8,pack_ev,0.0,0.0
2026-08-15,신례원,8,pack_ess,0.0,0.0
2026-08-15,신례원,8,blackmass,0.0,0.0
2026-08-15,신례원,9,pack_ev,0.0,0.0
2026-08-15,신례원,9,pack_ess,0.0,0.0
2026-08-15,신례원,9,blackmass,0.0,0.0
2026-08-15,신례원,10,pack_ev,0.0,0.0
2026-08-15,신례원,10,pack_ess,0.0,0.0
2026-08-15,신례원,10,blackmass,0.0,0.0
2026-08-15,신례원,11,pack_ev,0.0,0.0
2026-08-15,신례원,11,pack_ess,0.0,0.0
2026-08-15,신례원,11,blackmass,0.0,0.0
2026-08-15,신례원,12,pack_ev,0.0,0.0
2026-08-15,신례원,12,pack_ess,0.0,0.0
2026-08-15,신례원,12,blackmass,0.0,0.0
2026-08-15,신례원,13,pack_ev,0.0,0.0
2026-08-15,신례원,13,pack_ess,0.0,0.0
2026-08-15,신례원,13,blackmass,0.0,0.0
2026-08-15,신례원,14,pack_ev,0.0,0.0
2026-08-15,신례원,14,pack_ess,0.0,0.0
2026-08-15,신례원,14,blackmass,0.0,0.0
2026-08-15,신례원,15,pack_ev,0.0,0.0
2026-08-15,신례원,15,pack_ess,0.0,0.0
2026-08-15,신례원,15,blackmass,0.0,0.0
2026-08-15,신례원,16,pack_ev,0.0,0.0
2026-08-15,신례원,16,pack_ess,0.0,0.0
2026-08-15,신례원,16,blackmass,0.0,0.0
2026-08-15,신례원,17,pack_ev,0.0,0.0
2026-08-15,신례원,17,pack_ess,0.0,0.0
2026-08-15,신례원,17,blackmass,0.0,0.0
2026-08-15,신례원,18,pack_ev,0.0,0.0
2026-08-15,신례원,18,pack_ess,0.0,0.0
2026-08-15,신례원,18,blackmass,0.0,0.0
2026-08-15,신례원,19,pack_ev,0.0,0.0
2026-08-15,신례원,19,pack_ess,0.0,0.0
2026-08-15,신례원,19,blackmass,0.0,0.0
2026-08-15,신례원,20,pack_ev,0.0,0.0
2026-08-15,신례원,20,pack_ess,0.0,0.0
2026-08-15,신례원,20,blackmass,0.0,0.0
2026-08-15,신례원,21,pack_ev,0.0,0.0
2026-08-15,신례원,21,pack_ess,0.0,0.0
2026-08-15,신례원,21,blackmass,0.0,0.0
2026-08-15,신례원,22,pack_ev,0.0,0.0
2026-08-15,신례원,22,pack_ess,0.0,0.0
2026-08-15,신례원,22,blackmass,0.0,0.0
2026-08-15,신례원,23,pack_ev,0.0,0.0
2026-08-15,신례원,23,pack_ess,0.0,0.0
2026-08-15,신례원,23,blackmass,0.0,0.0
2026-08-15,안중,0,pack_ev,0.0,0.0
2026-08-15,안중,0,pack_ess,0.0,0.0
2026-08-15,안중,0,blackmass,0.0,0.0
2026-08-15,안중,1,pack_ev,0.0,0.0
2026-08-15,안중,1,pack_ess,0.0,0.0
2026-08-15,안중,1,blackmass,0.0,0.0
2026-08-15,안중,2,pack_ev,0.0,0.0
2026-08-15,안중,2,pack_ess,0.0,0.0
2026-08-15,안중,2,blackmass,0.0,0.0
2026-08-15,안중,3,pack_ev,0.0,0.0
2026-08-15,안중,3,pack_ess,0.0,0.0
2026-08-15,안중,3,blackmass,0.0,0.0
2026-08-15,안중,4,pack_ev,0.0,0.0
2026-08-15,안중,4,pack_ess,0.0,0.0
2026-08-15,안중,4,blackmass,0.0,0.0
2026-08-15,안중,5,pack_ev,0.0,0.0
2026-08-15,안중,5,pack_ess,0.0,0.0
2026-08-15,안중,5,blackmass,0.0,0.0
2026-08-15,안중,6,pack_ev,0.0,0.0
2026-08-15,안중,6,pack_ess,0.0,0.0
2026-08-15,안중,6,blackmass,0.0,0.0
2026-08-15,안중,7,pack_ev,0.0,0.0
2026-08-15,안중,7,pack_ess,0.0,0.0
2026-08-15,안중,7,blackmass,0.0,0.0
2026-08-15,안중,8,pack_ev,0.0,0.0
2026-08-15,안중,8,pack_ess,0.0,0.0
2026-08-15,안중,8,blackmass,0.0,0.0
2026-08-15,안중,9,pack_ev,0.0,0.0
2026-08-15,안중,9,pack_ess,0.0,0.0
2026-08-15,안중,9,blackmass,0.0,0.0
2026-08-15,안중,10,pack_ev,0.0,0.0
2026-08-15,안중,10,pack_ess,0.0,0.0
2026-08-15,안중,10,blackmass,0.0,0.0
2026-08-15,안중,11,pack_ev,0.0,0.0
2026-08-15,안중,11,pack_ess,0.0,0.0
2026-08-15,안중,11,blackmass,0.0,0.0
2026-08-15,안중,12,pack_ev,0.0,0.0
2026-08-15,안중,12,pack_ess,0.0,0.0
2026-08-15,안중,12,blackmass,0.0,0.0
2026-08-15,안중,13,pack_ev,0.0,0.0
2026-08-15,안중,13,pack_ess,0.0,0.0
2026-08-15,안중,13,blackmass,0.0,0.0
2026-08-15,안중,14,pack_ev,0.0,0.0
2026-08-15,안중,14,pack_ess,0.0,0.0
2026-08-15,안중,14,blackmass,0.0,0.0
2026-08-15,안중,15,pack_ev,0.0,0.0
2026-08-15,안중,15,pack_ess,0.0,0.0
2026-08-15,안중,15,blackmass,0.0,0.0
2026-08-15,안중,16,pack_ev,0.0,0.0
2026-08-15,안중,16,pack_ess,0.0,0.0
2026-08-15,안중,16,blackmass,0.0,0.0
2026-08-15,안중,17,pack_ev,0.0,0.0
2026-08-15,안중,17,pack_ess,0.0,0.0
2026-08-15,안중,17,blackmass,0.0,0.0
2026-08-15,안중,18,pack_ev,0.0,0.0
2026-08-15,안중,18,pack_ess,0.0,0.0
2026-08-15,안중,18,blackmass,0.0,0.0
2026-08-15,안중,19,pack_ev,0.0,0.0
2026-08-15,안중,19,pack_ess,0.0,0.0
2026-08-15,안중,19,blackmass,0.0,0.0
2026-08-15,안중,20,pack_ev,0.0,0.0
2026-08-15,안중,20,pack_ess,0.0,0.0
2026-08-15,안중,20,blackmass,0.0,0.0
2026-08-15,안중,21,pack_ev,0.0,0.0
2026-08-15,안중,21,pack_ess,0.0,0.0
2026-08-15,안중,21,blackmass,0.0,0.0
2026-08-15,안중,22,pack_ev,0.0,0.0
2026-08-15,안중,22,pack_ess,0.0,0.0
2026-08-15,안중,22,blackmass,0.0,0.0
2026-08-15,안중,23,pack_ev,0.0,0.0
2026-08-15,안중,23,pack_ess,0.0,0.0
2026-08-15,안중,23,blackmass,0.0,0.0
2026-08-15,천안,0,pack_ev,0.0,0.0
2026-08-15,천안,0,pack_ess,0.0,0.0
2026-08-15,천안,0,blackmass,0.0,0.0
2026-08-15,천안,1,pack_ev,0.0,0.0
2026-08-15,천안,1,pack_ess,0.0,0.0
2026-08-15,천안,1,blackmass,0.0,0.0
2026-08-15,천안,2,pack_ev,0.0,0.0
2026-08-15,천안,2,pack_ess,0.0,0.0
2026-08-15,천안,2,blackmass,0.0,0.0
2026-08-15,천안,3,pack_ev,0.0,0.0
2026-08-15,천안,3,pack_ess,0.0,0.0
2026-08-15,천안,3,blackmass,0.0,0.0
2026-08-15,천안,4,pack_ev,0.0,0.0
2026-08-15,천안,4,pack_ess,0.0,0.0
2026-08-15,천안,4,blackmass,0.0,0.0
2026-08-15,천안,5,pack_ev,0.0,0.0
2026-08-15,천안,5,pack_ess,0.0,0.0
2026-08-15,천안,5,blackmass,0.0,0.0
2026-08-15,천안,6,pack_ev,0.0,0.0
2026-08-15,천안,6,pack_ess,0.0,0.0
2026-08-15,천안,6,blackmass,0.0,0.0
2026-08-15,천안,7,pack_ev,0.0,0.0
2026-08-15,천안,7,pack_ess,0.0,0.0
2026-08-15,천안,7,blackmass,0.0,0.0
2026-08-15,천안,8,pack_ev,0.0,0.0
2026-08-15,천안,8,pack_ess,0.0,0.0
2026-08-15,천안,8,blackmass,0.0,0.0
2026-08-15,천안,9,pack_ev,0.0,0.0
2026-08-15,천안,9,pack_ess,0.0,0.0
2026-08-15,천안,9,blackmass,0.0,0.0
2026-08-15,천안,10,pack_ev,0.0,0.0
2026-08-15,천안,10,pack_ess,0.0,0.0
2026-08-15,천안,10,blackmass,0.0,0.0
2026-08-15,천안,11,pack_ev,0.0,0.0
2026-08-15,천안,11,pack_ess,0.0,0.0
2026-08-15,천안,11,blackmass,0.0,0.0
2026-08-15,천안,12,pack_ev,0.0,0.0
2026-08-15,천안,12,pack_ess,0.0,0.0
2026-08-15,천안,12,blackmass,0.0,0.0
2026-08-15,천안,13,pack_ev,0.0,0.0
2026-08-15,천안,13,pack_ess,0.0,0.0
2026-08-15,천안,13,blackmass,0.0,0.0
2026-08-15,천안,14,pack_ev,0.0,0.0
2026-08-15,천안,14,pack_ess,0.0,0.0
2026-08-15,천안,14,blackmass,0.0,0.0
2026-08-15,천안,15,pack_ev,0.0,0.0
2026-08-15,천안,15,pack_ess,0.0,0.0
2026-08-15,천안,15,blackmass,0.0,0.0
2026-08-15,천안,16,pack_ev,0.0,0.0
2026-08-15,천안,16,pack_ess,0.0,0.0
2026-08-15,천안,16,blackmass,0.0,0.0
2026-08-15,천안,17,pack_ev,0.0,0.0
2026-08-15,천안,17,pack_ess,0.0,0.0
2026-08-15,천안,17,blackmass,0.0,0.0
2026-08-15,천안,18,pack_ev,0.0,0.0
2026-08-15,천안,18,pack_ess,0.0,0.0
2026-08-15,천안,18,blackmass,0.0,0.0
2026-08-15,천안,19,pack_ev,0.0,0.0
2026-08-15,천안,19,pack_ess,0.0,0.0
2026-08-15,천안,19,blackmass,0.0,0.0
2026-08-15,천안,20,pack_ev,0.0,0.0
2026-08-15,천안,20,pack_ess,0.0,0.0
2026-08-15,천안,20,blackmass,0.0,0.0
2026-08-15,천안,21,pack_ev,0.0,0.0
2026-08-15,천안,21,pack_ess,0.0,0.0
2026-08-15,천안,21,blackmass,0.0,0.0
2026-08-15,천안,22,pack_ev,0.0,0.0
2026-08-15,천안,22,pack_ess,0.0,0.0
2026-08-15,천안,22,blackmass,0.0,0.0
2026-08-15,천안,23,pack_ev,0.0,0.0
2026-08-15,천안,23,pack_ess,0.0,0.0
2026-08-15,천안,23,blackmass,0.0,0.0
2026-08-16,서화성,0,pack_ev,0.0,0.0
2026-08-16,서화성,0,pack_ess,0.0,0.0
2026-08-16,서화성,0,blackmass,0.0,0.0
2026-08-16,서화성,1,pack_ev,0.0,0.0
2026-08-16,서화성,1,pack_ess,0.0,0.0
2026-08-16,서화성,1,blackmass,0.0,0.0
2026-08-16,서화성,2,pack_ev,0.0,0.0
2026-08-16,서화성,2,pack_ess,0.0,0.0
2026-08-16,서화성,2,blackmass,0.0,0.0
2026-08-16,서화성,3,pack_ev,0.0,0.0
2026-08-16,서화성,3,pack_ess,0.0,0.0
2026-08-16,서화성,3,blackmass,0.0,0.0
2026-08-16,서화성,4,pack_ev,0.0,0.0
2026-08-16,서화성,4,pack_ess,0.0,0.0
2026-08-16,서화성,4,blackmass,0.0,0.0
2026-08-16,서화성,5,pack_ev,0.0,0.0
2026-08-16,서화성,5,pack_ess,0.0,0.0
2026-08-16,서화성,5,blackmass,0.0,0.0
2026-08-16,서화성,6,pack_ev,0.0,0.0
2026-08-16,서화성,6,pack_ess,0.0,0.0
2026-08-16,서화성,6,blackmass,0.0,0.0
2026-08-16,서화성,7,pack_ev,0.0,0.0
2026-08-16,서화성,7,pack_ess,0.0,0.0
2026-08-16,서화성,7,blackmass,0.0,0.0
2026-08-16,서화성,8,pack_ev,0.0,0.0
2026-08-16,서화성,8,pack_ess,0.0,0.0
2026-08-16,서화성,8,blackmass,0.0,0.0
2026-08-16,서화성,9,pack_ev,0.0,0.0
2026-08-16,서화성,9,pack_ess,0.0,0.0
2026-08-16,서화성,9,blackmass,0.0,0.0
2026-08-16,서화성,10,pack_ev,0.0,0.0
2026-08-16,서화성,10,pack_ess,0.0,0.0
2026-08-16,서화성,10,blackmass,0.0,0.0
2026-08-16,서화성,11,pack_ev,0.0,0.0
2026-08-16,서화성,11,pack_ess,0.0,0.0
2026-08-16,서화성,11,blackmass,0.0,0.0
2026-08-16,서화성,12,pack_ev,0.0,0.0
2026-08-16,서화성,12,pack_ess,0.0,0.0
2026-08-16,서화성,12,blackmass,0.0,0.0
2026-08-16,서화성,13,pack_ev,0.0,0.0
2026-08-16,서화성,13,pack_ess,0.0,0.0
2026-08-16,서화성,13,blackmass,0.0,0.0
2026-08-16,서화성,14,pack_ev,0.0,0.0
2026-08-16,서화성,14,pack_ess,0.0,0.0
2026-08-16,서화성,14,blackmass,0.0,0.0
2026-08-16,서화성,15,pack_ev,0.0,0.0
2026-08-16,서화성,15,pack_ess,0.0,0.0
2026-08-16,서화성,15,blackmass,0.0,0.0
2026-08-16,서화성,16,pack_ev,0.0,0.0
2026-08-16,서화성,16,pack_ess,0.0,0.0
2026-08-16,서화성,16,blackmass,0.0,0.0
2026-08-16,서화성,17,pack_ev,0.0,0.0
2026-08-16,서화성,17,pack_ess,0.0,0.0
2026-08-16,서화성,17,blackmass,0.0,0.0
2026-08-16,서화성,18,pack_ev,0.0,0.0
2026-08-16,서화성,18,pack_ess,0.0,0.0
2026-08-16,서화성,18,blackmass,0.0,0.0
2026-08-16,서화성,19,pack_ev,0.0,0.0
2026-08-16,서화성,19,pack_ess,0.0,0.0
2026-08-16,서화성,19,blackmass,0.0,0.0
2026-08-16,서화성,20,pack_ev,0.0,0.0
2026-08-16,서화성,20,pack_ess,0.0,0.0
2026-08-16,서화성,20,blackmass,0.0,0.0
2026-08-16,서화성,21,pack_ev,0.0,0.0
2026-08-16,서화성,21,pack_ess,0.0,0.0
2026-08-16,서화성,21,blackmass,0.0,0.0
2026-08-16,서화성,22,pack_ev,0.0,0.0
2026-08-16,서화성,22,pack_ess,0.0,0.0
2026-08-16,서화성,22,blackmass,0.0,0.0
2026-08-16,서화성,23,pack_ev,0.0,0.0
2026-08-16,서화성,23,pack_ess,0.0,0.0
2026-08-16,서화성,23,blackmass,0.0,0.0
2026-08-16,신례원,0,pack_ev,0.0,0.0
2026-08-16,신례원,0,pack_ess,0.0,0.0
2026-08-16,신례원,0,blackmass,0.0,0.0
2026-08-16,신례원,1,pack_ev,0.0,0.0
2026-08-16,신례원,1,pack_ess,0.0,0.0
2026-08-16,신례원,1,blackmass,0.0,0.0
2026-08-16,신례원,2,pack_ev,0.0,0.0
2026-08-16,신례원,2,pack_ess,0.0,0.0
2026-08-16,신례원,2,blackmass,0.0,0.0
2026-08-16,신례원,3,pack_ev,0.0,0.0
2026-08-16,신례원,3,pack_ess,0.0,0.0
2026-08-16,신례원,3,blackmass,0.0,0.0
2026-08-16,신례원,4,pack_ev,0.0,0.0
2026-08-16,신례원,4,pack_ess,0.0,0.0
2026-08-16,신례원,4,blackmass,0.0,0.0
2026-08-16,신례원,5,pack_ev,0.0,0.0
2026-08-16,신례원,5,pack_ess,0.0,0.0
2026-08-16,신례원,5,blackmass,0.0,0.0
2026-08-16,신례원,6,pack_ev,0.0,0.0
2026-08-16,신례원,6,pack_ess,0.0,0.0
2026-08-16,신례원,6,blackmass,0.0,0.0
2026-08-16,신례원,7,pack_ev,0.0,0.0
2026-08-16,신례원,7,pack_ess,0.0,0.0
2026-08-16,신례원,7,blackmass,0.0,0.0
2026-08-16,신례원,8,pack_ev,0.0,0.0
2026-08-16,신례원,8,pack_ess,0.0,0.0
2026-08-16,신례원,8,blackmass,0.0,0.0
2026-08-16,신례원,9,pack_ev,0.0,0.0
2026-08-16,신례원,9,pack_ess,0.0,0.0
2026-08-16,신례원,9,blackmass,0.0,0.0
2026-08-16,신례원,10,pack_ev,0.0,0.0
2026-08-16,신례원,10,pack_ess,0.0,0.0
2026-08-16,신례원,10,blackmass,0.0,0.0
2026-08-16,신례원,11,pack_ev,0.0,0.0
2026-08-16,신례원,11,pack_ess,0.0,0.0
2026-08-16,신례원,11,blackmass,0.0,0.0
2026-08-16,신례원,12,pack_ev,0.0,0.0
2026-08-16,신례원,12,pack_ess,0.0,0.0
2026-08-16,신례원,12,blackmass,0.0,0.0
2026-08-16,신례원,13,pack_ev,0.0,0.0
2026-08-16,신례원,13,pack_ess,0.0,0.0
2026-08-16,신례원,13,blackmass,0.0,0.0
2026-08-16,신례원,14,pack_ev,0.0,0.0
2026-08-16,신례원,14,pack_ess,0.0,0.0
2026-08-16,신례원,14,blackmass,0.0,0.0
2026-08-16,신례원,15,pack_ev,0.0,0.0
2026-08-16,신례원,15,pack_ess,0.0,0.0
2026-08-16,신례원,15,blackmass,0.0,0.0
2026-08-16,신례원,16,pack_ev,0.0,0.0
2026-08-16,신례원,16,pack_ess,0.0,0.0
2026-08-16,신례원,16,blackmass,0.0,0.0
2026-08-16,신례원,17,pack_ev,0.0,0.0
2026-08-16,신례원,17,pack_ess,0.0,0.0
2026-08-16,신례원,17,blackmass,0.0,0.0
2026-08-16,신례원,18,pack_ev,0.0,0.0
2026-08-16,신례원,18,pack_ess,0.0,0.0
2026-08-16,신례원,18,blackmass,0.0,0.0
2026-08-16,신례원,19,pack_ev,0.0,0.0
2026-08-16,신례원,19,pack_ess,0.0,0.0
2026-08-16,신례원,19,blackmass,0.0,0.0
2026-08-16,신례원,20,pack_ev,0.0,0.0
2026-08-16,신례원,20,pack_ess,0.0,0.0
2026-08-16,신례원,20,blackmass,0.0,0.0
2026-08-16,신례원,21,pack_ev,0.0,0.0
2026-08-16,신례원,21,pack_ess,0.0,0.0
2026-08-16,신례원,21,blackmass,0.0,0.0
2026-08-16,신례원,22,pack_ev,0.0,0.0
2026-08-16,신례원,22,pack_ess,0.0,0.0
2026-08-16,신례원,22,blackmass,0.0,0.0
2026-08-16,신례원,23,pack_ev,0.0,0.0
2026-08-16,신례원,23,pack_ess,0.0,0.0
2026-08-16,신례원,23,blackmass,0.0,0.0
2026-08-16,안중,0,pack_ev,0.0,0.0
2026-08-16,안중,0,pack_ess,0.0,0.0
2026-08-16,안중,0,blackmass,0.0,0.0
2026-08-16,안중,1,pack_ev,0.0,0.0
2026-08-16,안중,1,pack_ess,0.0,0.0
2026-08-16,안중,1,blackmass,0.0,0.0
2026-08-16,안중,2,pack_ev,0.0,0.0
2026-08-16,안중,2,pack_ess,0.0,0.0
2026-08-16,안중,2,blackmass,0.0,0.0
2026-08-16,안중,3,pack_ev,0.0,0.0
2026-08-16,안중,3,pack_ess,0.0,0.0
2026-08-16,안중,3,blackmass,0.0,0.0
2026-08-16,안중,4,pack_ev,0.0,0.0
2026-08-16,안중,4,pack_ess,0.0,0.0
2026-08-16,안중,4,blackmass,0.0,0.0
2026-08-16,안중,5,pack_ev,0.0,0.0
2026-08-16,안중,5,pack_ess,0.0,0.0
2026-08-16,안중,5,blackmass,0.0,0.0
2026-08-16,안중,6,pack_ev,0.0,0.0
2026-08-16,안중,6,pack_ess,0.0,0.0
2026-08-16,안중,6,blackmass,0.0,0.0
2026-08-16,안중,7,pack_ev,0.0,0.0
2026-08-16,안중,7,pack_ess,0.0,0.0
2026-08-16,안중,7,blackmass,0.0,0.0
2026-08-16,안중,8,pack_ev,0.0,0.0
2026-08-16,안중,8,pack_ess,0.0,0.0
2026-08-16,안중,8,blackmass,0.0,0.0
2026-08-16,안중,9,pack_ev,0.0,0.0
2026-08-16,안중,9,pack_ess,0.0,0.0
2026-08-16,안중,9,blackmass,0.0,0.0
2026-08-16,안중,10,pack_ev,0.0,0.0
2026-08-16,안중,10,pack_ess,0.0,0.0
2026-08-16,안중,10,blackmass,0.0,0.0
2026-08-16,안중,11,pack_ev,0.0,0.0
2026-08-16,안중,11,pack_ess,0.0,0.0
2026-08-16,안중,11,blackmass,0.0,0.0
2026-08-16,안중,12,pack_ev,0.0,0.0
2026-08-16,안중,12,pack_ess,0.0,0.0
2026-08-16,안중,12,blackmass,0.0,0.0
2026-08-16,안중,13,pack_ev,0.0,0.0
2026-08-16,안중,13,pack_ess,0.0,0.0
2026-08-16,안중,13,blackmass,0.0,0.0
2026-08-16,안중,14,pack_ev,0.0,0.0
2026-08-16,안중,14,pack_ess,0.0,0.0
2026-08-16,안중,14,blackmass,0.0,0.0
2026-08-16,안중,15,pack_ev,0.0,0.0
2026-08-16,안중,15,pack_ess,0.0,0.0
2026-08-16,안중,15,blackmass,0.0,0.0
2026-08-16,안중,16,pack_ev,0.0,0.0
2026-08-16,안중,16,pack_ess,0.0,0.0
2026-08-16,안중,16,blackmass,0.0,0.0
2026-08-16,안중,17,pack_ev,0.0,0.0
2026-08-16,안중,17,pack_ess,0.0,0.0
2026-08-16,안중,17,blackmass,0.0,0.0
2026-08-16,안중,18,pack_ev,0.0,0.0
2026-08-16,안중,18,pack_ess,0.0,0.0
2026-08-16,안중,18,blackmass,0.0,0.0
2026-08-16,안중,19,pack_ev,0.0,0.0
2026-08-16,안중,19,pack_ess,0.0,0.0
2026-08-16,안중,19,blackmass,0.0,0.0
2026-08-16,안중,20,pack_ev,0.0,0.0
2026-08-16,안중,20,pack_ess,0.0,0.0
2026-08-16,안중,20,blackmass,0.0,0.0
2026-08-16,안중,21,pack_ev,0.0,0.0
2026-08-16,안중,21,pack_ess,0.0,0.0
2026-08-16,안중,21,blackmass,0.0,0.0
2026-08-16,안중,22,pack_ev,0.0,0.0
2026-08-16,안중,22,pack_ess,0.0,0.0
2026-08-16,안중,22,blackmass,0.0,0.0
2026-08-16,안중,23,pack_ev,0.0,0.0
2026-08-16,안중,23,pack_ess,0.0,0.0
2026-08-16,안중,23,blackmass,0.0,0.0
2026-08-16,천안,0,pack_ev,0.0,0.0
2026-08-16,천안,0,pack_ess,0.0,0.0
2026-08-16,천안,0,blackmass,0.0,0.0
2026-08-16,천안,1,pack_ev,0.0,0.0
2026-08-16,천안,1,pack_ess,0.0,0.0
2026-08-16,천안,1,blackmass,0.0,0.0
2026-08-16,천안,2,pack_ev,0.0,0.0
2026-08-16,천안,2,pack_ess,0.0,0.0
2026-08-16,천안,2,blackmass,0.0,0.0
2026-08-16,천안,3,pack_ev,0.0,0.0
2026-08-16,천안,3,pack_ess,0.0,0.0
2026-08-16,천안,3,blackmass,0.0,0.0
2026-08-16,천안,4,pack_ev,0.0,0.0
2026-08-16,천안,4,pack_ess,0.0,0.0
2026-08-16,천안,4,blackmass,0.0,0.0
2026-08-16,천안,5,pack_ev,0.0,0.0
2026-08-16,천안,5,pack_ess,0.0,0.0
2026-08-16,천안,5,blackmass,0.0,0.0
2026-08-16,천안,6,pack_ev,0.0,0.0
2026-08-16,천안,6,pack_ess,0.0,0.0
2026-08-16,천안,6,blackmass,0.0,0.0
2026-08-16,천안,7,pack_ev,0.0,0.0
2026-08-16,천안,7,pack_ess,0.0,0.0
2026-08-16,천안,7,blackmass,0.0,0.0
2026-08-16,천안,8,pack_ev,0.0,0.0
2026-08-16,천안,8,pack_ess,0.0,0.0
2026-08-16,천안,8,blackmass,0.0,0.0
2026-08-16,천안,9,pack_ev,0.0,0.0
2026-08-16,천안,9,pack_ess,0.0,0.0
2026-08-16,천안,9,blackmass,0.0,0.0
2026-08-16,천안,10,pack_ev,0.0,0.0
2026-08-16,천안,10,pack_ess,0.0,0.0
2026-08-16,천안,10,blackmass,0.0,0.0
2026-08-16,천안,11,pack_ev,0.0,0.0
2026-08-16,천안,11,pack_ess,0.0,0.0
2026-08-16,천안,11,blackmass,0.0,0.0
2026-08-16,천안,12,pack_ev,0.0,0.0
2026-08-16,천안,12,pack_ess,0.0,0.0
2026-08-16,천안,12,blackmass,0.0,0.0
2026-08-16,천안,13,pack_ev,0.0,0.0
2026-08-16,천안,13,pack_ess,0.0,0.0
2026-08-16,천안,13,blackmass,0.0,0.0
2026-08-16,천안,14,pack_ev,0.0,0.0
2026-08-16,천안,14,pack_ess,0.0,0.0
2026-08-16,천안,14,blackmass,0.0,0.0
2026-08-16,천안,15,pack_ev,0.0,0.0
2026-08-16,천안,15,pack_ess,0.0,0.0
2026-08-16,천안,15,blackmass,0.0,0.0
2026-08-16,천안,16,pack_ev,0.0,0.0
2026-08-16,천안,16,pack_ess,0.0,0.0
2026-08-16,천안,16,blackmass,0.0,0.0
2026-08-16,천안,17,pack_ev,0.0,0.0
2026-08-16,천안,17,pack_ess,0.0,0.0
2026-08-16,천안,17,blackmass,0.0,0.0
2026-08-16,천안,18,pack_ev,0.0,0.0
2026-08-16,천안,18,pack_ess,0.0,0.0
2026-08-16,천안,18,blackmass,0.0,0.0
2026-08-16,천안,19,pack_ev,0.0,0.0
2026-08-16,천안,19,pack_ess,0.0,0.0
2026-08-16,천안,19,blackmass,0.0,0.0
2026-08-16,천안,20,pack_ev,0.0,0.0
2026-08-16,천안,20,pack_ess,0.0,0.0
2026-08-16,천안,20,blackmass,0.0,0.0
2026-08-16,천안,21,pack_ev,0.0,0.0
2026-08-16,천안,21,pack_ess,0.0,0.0
2026-08-16,천안,21,blackmass,0.0,0.0
2026-08-16,천안,22,pack_ev,0.0,0.0
2026-08-16,천안,22,pack_ess,0.0,0.0
2026-08-16,천안,22,blackmass,0.0,0.0
2026-08-16,천안,23,pack_ev,0.0,0.0
2026-08-16,천안,23,pack_ess,0.0,0.0
2026-08-16,천안,23,blackmass,0.0,0.0
2026-08-17,서화성,0,pack_ev,0.0,0.0
2026-08-17,서화성,0,pack_ess,0.0,0.0
2026-08-17,서화성,0,blackmass,0.0,0.0
2026-08-17,서화성,1,pack_ev,0.0,0.0
2026-08-17,서화성,1,pack_ess,0.0,0.0
2026-08-17,서화성,1,blackmass,0.0,0.0
2026-08-17,서화성,2,pack_ev,0.0,0.0
2026-08-17,서화성,2,pack_ess,0.0,0.0
2026-08-17,서화성,2,blackmass,0.0,0.0
2026-08-17,서화성,3,pack_ev,0.0,0.0
2026-08-17,서화성,3,pack_ess,0.0,0.0
2026-08-17,서화성,3,blackmass,0.0,0.0
2026-08-17,서화성,4,pack_ev,0.0,0.0
2026-08-17,서화성,4,pack_ess,0.0,0.0
2026-08-17,서화성,4,blackmass,0.0,0.0
2026-08-17,서화성,5,pack_ev,0.0,0.0
2026-08-17,서화성,5,pack_ess,0.0,0.0
2026-08-17,서화성,5,blackmass,0.0,0.0
2026-08-17,서화성,6,pack_ev,0.0,0.0
2026-08-17,서화성,6,pack_ess,0.0,0.0
2026-08-17,서화성,6,blackmass,0.0,0.0
2026-08-17,서화성,7,pack_ev,0.0,0.0
2026-08-17,서화성,7,pack_ess,0.0,0.0
2026-08-17,서화성,7,blackmass,0.0,0.0
2026-08-17,서화성,8,pack_ev,0.0,0.0
2026-08-17,서화성,8,pack_ess,0.0,0.0
2026-08-17,서화성,8,blackmass,0.0,0.0
2026-08-17,서화성,9,pack_ev,0.0,0.0
2026-08-17,서화성,9,pack_ess,0.0,0.0
2026-08-17,서화성,9,blackmass,0.0,0.0
2026-08-17,서화성,10,pack_ev,4.582,0.1527
2026-08-17,서화성,10,pack_ess,0.0032,0.00011
2026-08-17,서화성,10,blackmass,1.222,0.0244
2026-08-17,서화성,11,pack_ev,4.582,0.1527
2026-08-17,서화성,11,pack_ess,0.0032,0.00011
2026-08-17,서화성,11,blackmass,1.222,0.0244
2026-08-17,서화성,12,pack_ev,4.582,0.1527
2026-08-17,서화성,12,pack_ess,0.0032,0.00011
2026-08-17,서화성,12,blackmass,1.222,0.0244
2026-08-17,서화성,13,pack_ev,4.582,0.1527
2026-08-17,서화성,13,pack_ess,0.0032,0.00011
2026-08-17,서화성,13,blackmass,1.222,0.0244
2026-08-17,서화성,14,pack_ev,4.582,0.1527
2026-08-17,서화성,14,pack_ess,0.0032,0.00011
2026-08-17,서화성,14,blackmass,1.222,0.0244
2026-08-17,서화성,15,pack_ev,4.582,0.1527
2026-08-17,서화성,15,pack_ess,0.0032,0.00011
2026-08-17,서화성,15,blackmass,1.222,0.0244
2026-08-17,서화성,16,pack_ev,4.582,0.1527
2026-08-17,서화성,16,pack_ess,0.0032,0.00011
2026-08-17,서화성,16,blackmass,1.222,0.0244
2026-08-17,서화성,17,pack_ev,4.582,0.1527
2026-08-17,서화성,17,pack_ess,0.0032,0.00011
2026-08-17,서화성,17,blackmass,1.222,0.0244
2026-08-17,서화성,18,pack_ev,0.0,0.0
2026-08-17,서화성,18,pack_ess,0.0,0.0
2026-08-17,서화성,18,blackmass,0.0,0.0
2026-08-17,서화성,19,pack_ev,0.0,0.0
2026-08-17,서화성,19,pack_ess,0.0,0.0
2026-08-17,서화성,19,blackmass,0.0,0.0
2026-08-17,서화성,20,pack_ev,0.0,0.0
2026-08-17,서화성,20,pack_ess,0.0,0.0
2026-08-17,서화성,20,blackmass,0.0,0.0
2026-08-17,서화성,21,pack_ev,0.0,0.0
2026-08-17,서화성,21,pack_ess,0.0,0.0
2026-08-17,서화성,21,blackmass,0.0,0.0
2026-08-17,서화성,22,pack_ev,0.0,0.0
2026-08-17,서화성,22,pack_ess,0.0,0.0
2026-08-17,서화성,22,blackmass,0.0,0.0
2026-08-17,서화성,23,pack_ev,0.0,0.0
2026-08-17,서화성,23,pack_ess,0.0,0.0
2026-08-17,서화성,23,blackmass,0.0,0.0
2026-08-17,신례원,0,pack_ev,0.0,0.0
2026-08-17,신례원,0,pack_ess,0.0,0.0
2026-08-17,신례원,0,blackmass,0.0,0.0
2026-08-17,신례원,1,pack_ev,0.0,0.0
2026-08-17,신례원,1,pack_ess,0.0,0.0
2026-08-17,신례원,1,blackmass,0.0,0.0
2026-08-17,신례원,2,pack_ev,0.0,0.0
2026-08-17,신례원,2,pack_ess,0.0,0.0
2026-08-17,신례원,2,blackmass,0.0,0.0
2026-08-17,신례원,3,pack_ev,0.0,0.0
2026-08-17,신례원,3,pack_ess,0.0,0.0
2026-08-17,신례원,3,blackmass,0.0,0.0
2026-08-17,신례원,4,pack_ev,0.0,0.0
2026-08-17,신례원,4,pack_ess,0.0,0.0
2026-08-17,신례원,4,blackmass,0.0,0.0
2026-08-17,신례원,5,pack_ev,0.0,0.0
2026-08-17,신례원,5,pack_ess,0.0,0.0
2026-08-17,신례원,5,blackmass,0.0,0.0
2026-08-17,신례원,6,pack_ev,0.0,0.0
2026-08-17,신례원,6,pack_ess,0.0,0.0
2026-08-17,신례원,6,blackmass,0.0,0.0
2026-08-17,신례원,7,pack_ev,0.0,0.0
2026-08-17,신례원,7,pack_ess,0.0,0.0
2026-08-17,신례원,7,blackmass,0.0,0.0
2026-08-17,신례원,8,pack_ev,0.0,0.0
2026-08-17,신례원,8,pack_ess,0.0,0.0
2026-08-17,신례원,8,blackmass,0.0,0.0
2026-08-17,신례원,9,pack_ev,0.0,0.0
2026-08-17,신례원,9,pack_ess,0.0,0.0
2026-08-17,신례원,9,blackmass,0.0,0.0
2026-08-17,신례원,10,pack_ev,0.0,0.0
2026-08-17,신례원,10,pack_ess,0.0,0.0
2026-08-17,신례원,10,blackmass,3.019,0.0604
2026-08-17,신례원,11,pack_ev,0.0,0.0
2026-08-17,신례원,11,pack_ess,0.0,0.0
2026-08-17,신례원,11,blackmass,3.019,0.0604
2026-08-17,신례원,12,pack_ev,0.0,0.0
2026-08-17,신례원,12,pack_ess,0.0,0.0
2026-08-17,신례원,12,blackmass,3.019,0.0604
2026-08-17,신례원,13,pack_ev,0.0,0.0
2026-08-17,신례원,13,pack_ess,0.0,0.0
2026-08-17,신례원,13,blackmass,3.019,0.0604
2026-08-17,신례원,14,pack_ev,0.0,0.0
2026-08-17,신례원,14,pack_ess,0.0,0.0
2026-08-17,신례원,14,blackmass,3.019,0.0604
2026-08-17,신례원,15,pack_ev,0.0,0.0
2026-08-17,신례원,15,pack_ess,0.0,0.0
2026-08-17,신례원,15,blackmass,3.019,0.0604
2026-08-17,신례원,16,pack_ev,0.0,0.0
2026-08-17,신례원,16,pack_ess,0.0,0.0
2026-08-17,신례원,16,blackmass,3.019,0.0604
2026-08-17,신례원,17,pack_ev,0.0,0.0
2026-08-17,신례원,17,pack_ess,0.0,0.0
2026-08-17,신례원,17,blackmass,3.019,0.0604
2026-08-17,신례원,18,pack_ev,0.0,0.0
2026-08-17,신례원,18,pack_ess,0.0,0.0
2026-08-17,신례원,18,blackmass,0.0,0.0
2026-08-17,신례원,19,pack_ev,0.0,0.0
2026-08-17,신례원,19,pack_ess,0.0,0.0
2026-08-17,신례원,19,blackmass,0.0,0.0
2026-08-17,신례원,20,pack_ev,0.0,0.0
2026-08-17,신례원,20,pack_ess,0.0,0.0
2026-08-17,신례원,20,blackmass,0.0,0.0
2026-08-17,신례원,21,pack_ev,0.0,0.0
2026-08-17,신례원,21,pack_ess,0.0,0.0
2026-08-17,신례원,21,blackmass,0.0,0.0
2026-08-17,신례원,22,pack_ev,0.0,0.0
2026-08-17,신례원,22,pack_ess,0.0,0.0
2026-08-17,신례원,22,blackmass,0.0,0.0
2026-08-17,신례원,23,pack_ev,0.0,0.0
2026-08-17,신례원,23,pack_ess,0.0,0.0
2026-08-17,신례원,23,blackmass,0.0,0.0
2026-08-17,안중,0,pack_ev,0.0,0.0
2026-08-17,안중,0,pack_ess,0.0,0.0
2026-08-17,안중,0,blackmass,0.0,0.0
2026-08-17,안중,1,pack_ev,0.0,0.0
2026-08-17,안중,1,pack_ess,0.0,0.0
2026-08-17,안중,1,blackmass,0.0,0.0
2026-08-17,안중,2,pack_ev,0.0,0.0
2026-08-17,안중,2,pack_ess,0.0,0.0
2026-08-17,안중,2,blackmass,0.0,0.0
2026-08-17,안중,3,pack_ev,0.0,0.0
2026-08-17,안중,3,pack_ess,0.0,0.0
2026-08-17,안중,3,blackmass,0.0,0.0
2026-08-17,안중,4,pack_ev,0.0,0.0
2026-08-17,안중,4,pack_ess,0.0,0.0
2026-08-17,안중,4,blackmass,0.0,0.0
2026-08-17,안중,5,pack_ev,0.0,0.0
2026-08-17,안중,5,pack_ess,0.0,0.0
2026-08-17,안중,5,blackmass,0.0,0.0
2026-08-17,안중,6,pack_ev,0.0,0.0
2026-08-17,안중,6,pack_ess,0.0,0.0
2026-08-17,안중,6,blackmass,0.0,0.0
2026-08-17,안중,7,pack_ev,0.0,0.0
2026-08-17,안중,7,pack_ess,0.0,0.0
2026-08-17,안중,7,blackmass,0.0,0.0
2026-08-17,안중,8,pack_ev,0.0,0.0
2026-08-17,안중,8,pack_ess,0.0,0.0
2026-08-17,안중,8,blackmass,0.0,0.0
2026-08-17,안중,9,pack_ev,0.0,0.0
2026-08-17,안중,9,pack_ess,0.0,0.0
2026-08-17,안중,9,blackmass,0.0,0.0
2026-08-17,안중,10,pack_ev,4.582,0.1527
2026-08-17,안중,10,pack_ess,0.0032,0.00011
2026-08-17,안중,10,blackmass,1.222,0.0244
2026-08-17,안중,11,pack_ev,4.582,0.1527
2026-08-17,안중,11,pack_ess,0.0032,0.00011
2026-08-17,안중,11,blackmass,1.222,0.0244
2026-08-17,안중,12,pack_ev,4.582,0.1527
2026-08-17,안중,12,pack_ess,0.0032,0.00011
2026-08-17,안중,12,blackmass,1.222,0.0244
2026-08-17,안중,13,pack_ev,4.582,0.1527
2026-08-17,안중,13,pack_ess,0.0032,0.00011
2026-08-17,안중,13,blackmass,1.222,0.0244
2026-08-17,안중,14,pack_ev,4.582,0.1527
2026-08-17,안중,14,pack_ess,0.0032,0.00011
2026-08-17,안중,14,blackmass,1.222,0.0244
2026-08-17,안중,15,pack_ev,4.582,0.1527
2026-08-17,안중,15,pack_ess,0.0032,0.00011
2026-08-17,안중,15,blackmass,1.222,0.0244
2026-08-17,안중,16,pack_ev,4.582,0.1527
2026-08-17,안중,16,pack_ess,0.0032,0.00011
2026-08-17,안중,16,blackmass,1.222,0.0244
2026-08-17,안중,17,pack_ev,4.582,0.1527
2026-08-17,안중,17,pack_ess,0.0032,0.00011
2026-08-17,안중,17,blackmass,1.222,0.0244
2026-08-17,안중,18,pack_ev,0.0,0.0
2026-08-17,안중,18,pack_ess,0.0,0.0
2026-08-17,안중,18,blackmass,0.0,0.0
2026-08-17,안중,19,pack_ev,0.0,0.0
2026-08-17,안중,19,pack_ess,0.0,0.0
2026-08-17,안중,19,blackmass,0.0,0.0
2026-08-17,안중,20,pack_ev,0.0,0.0
2026-08-17,안중,20,pack_ess,0.0,0.0
2026-08-17,안중,20,blackmass,0.0,0.0
2026-08-17,안중,21,pack_ev,0.0,0.0
2026-08-17,안중,21,pack_ess,0.0,0.0
2026-08-17,안중,21,blackmass,0.0,0.0
2026-08-17,안중,22,pack_ev,0.0,0.0
2026-08-17,안중,22,pack_ess,0.0,0.0
2026-08-17,안중,22,blackmass,0.0,0.0
2026-08-17,안중,23,pack_ev,0.0,0.0
2026-08-17,안중,23,pack_ess,0.0,0.0
2026-08-17,안중,23,blackmass,0.0,0.0
2026-08-17,천안,0,pack_ev,0.0,0.0
2026-08-17,천안,0,pack_ess,0.0,0.0
2026-08-17,천안,0,blackmass,0.0,0.0
2026-08-17,천안,1,pack_ev,0.0,0.0
2026-08-17,천안,1,pack_ess,0.0,0.0
2026-08-17,천안,1,blackmass,0.0,0.0
2026-08-17,천안,2,pack_ev,0.0,0.0
2026-08-17,천안,2,pack_ess,0.0,0.0
2026-08-17,천안,2,blackmass,0.0,0.0
2026-08-17,천안,3,pack_ev,0.0,0.0
2026-08-17,천안,3,pack_ess,0.0,0.0
2026-08-17,천안,3,blackmass,0.0,0.0
2026-08-17,천안,4,pack_ev,0.0,0.0
2026-08-17,천안,4,pack_ess,0.0,0.0
2026-08-17,천안,4,blackmass,0.0,0.0
2026-08-17,천안,5,pack_ev,0.0,0.0
2026-08-17,천안,5,pack_ess,0.0,0.0
2026-08-17,천안,5,blackmass,0.0,0.0
2026-08-17,천안,6,pack_ev,0.0,0.0
2026-08-17,천안,6,pack_ess,0.0,0.0
2026-08-17,천안,6,blackmass,0.0,0.0
2026-08-17,천안,7,pack_ev,0.0,0.0
2026-08-17,천안,7,pack_ess,0.0,0.0
2026-08-17,천안,7,blackmass,0.0,0.0
2026-08-17,천안,8,pack_ev,0.0,0.0
2026-08-17,천안,8,pack_ess,0.0,0.0
2026-08-17,천안,8,blackmass,0.0,0.0
2026-08-17,천안,9,pack_ev,0.0,0.0
2026-08-17,천안,9,pack_ess,0.0,0.0
2026-08-17,천안,9,blackmass,0.0,0.0
2026-08-17,천안,10,pack_ev,0.0,0.0
2026-08-17,천안,10,pack_ess,0.0,0.0
2026-08-17,천안,10,blackmass,4.529,0.0906
2026-08-17,천안,11,pack_ev,0.0,0.0
2026-08-17,천안,11,pack_ess,0.0,0.0
2026-08-17,천안,11,blackmass,4.529,0.0906
2026-08-17,천안,12,pack_ev,0.0,0.0
2026-08-17,천안,12,pack_ess,0.0,0.0
2026-08-17,천안,12,blackmass,4.529,0.0906
2026-08-17,천안,13,pack_ev,0.0,0.0
2026-08-17,천안,13,pack_ess,0.0,0.0
2026-08-17,천안,13,blackmass,4.529,0.0906
2026-08-17,천안,14,pack_ev,0.0,0.0
2026-08-17,천안,14,pack_ess,0.0,0.0
2026-08-17,천안,14,blackmass,4.529,0.0906
2026-08-17,천안,15,pack_ev,0.0,0.0
2026-08-17,천안,15,pack_ess,0.0,0.0
2026-08-17,천안,15,blackmass,4.529,0.0906
2026-08-17,천안,16,pack_ev,0.0,0.0
2026-08-17,천안,16,pack_ess,0.0,0.0
2026-08-17,천안,16,blackmass,4.529,0.0906
2026-08-17,천안,17,pack_ev,0.0,0.0
2026-08-17,천안,17,pack_ess,0.0,0.0
2026-08-17,천안,17,blackmass,4.529,0.0906
2026-08-17,천안,18,pack_ev,0.0,0.0
2026-08-17,천안,18,pack_ess,0.0,0.0
2026-08-17,천안,18,blackmass,0.0,0.0
2026-08-17,천안,19,pack_ev,0.0,0.0
2026-08-17,천안,19,pack_ess,0.0,0.0
2026-08-17,천안,19,blackmass,0.0,0.0
2026-08-17,천안,20,pack_ev,0.0,0.0
2026-08-17,천안,20,pack_ess,0.0,0.0
2026-08-17,천안,20,blackmass,0.0,0.0
2026-08-17,천안,21,pack_ev,0.0,0.0
2026-08-17,천안,21,pack_ess,0.0,0.0
2026-08-17,천안,21,blackmass,0.0,0.0
2026-08-17,천안,22,pack_ev,0.0,0.0
2026-08-17,천안,22,pack_ess,0.0,0.0
2026-08-17,천안,22,blackmass,0.0,0.0
2026-08-17,천안,23,pack_ev,0.0,0.0
2026-08-17,천안,23,pack_ess,0.0,0.0
2026-08-17,천안,23,blackmass,0.0,0.0
2026-08-18,서화성,0,pack_ev,0.0,0.0
2026-08-18,서화성,0,pack_ess,0.0,0.0
2026-08-18,서화성,0,blackmass,0.0,0.0
2026-08-18,서화성,1,pack_ev,0.0,0.0
2026-08-18,서화성,1,pack_ess,0.0,0.0
2026-08-18,서화성,1,blackmass,0.0,0.0
2026-08-18,서화성,2,pack_ev,0.0,0.0
2026-08-18,서화성,2,pack_ess,0.0,0.0
2026-08-18,서화성,2,blackmass,0.0,0.0
2026-08-18,서화성,3,pack_ev,0.0,0.0
2026-08-18,서화성,3,pack_ess,0.0,0.0
2026-08-18,서화성,3,blackmass,0.0,0.0
2026-08-18,서화성,4,pack_ev,0.0,0.0
2026-08-18,서화성,4,pack_ess,0.0,0.0
2026-08-18,서화성,4,blackmass,0.0,0.0
2026-08-18,서화성,5,pack_ev,0.0,0.0
2026-08-18,서화성,5,pack_ess,0.0,0.0
2026-08-18,서화성,5,blackmass,0.0,0.0
2026-08-18,서화성,6,pack_ev,0.0,0.0
2026-08-18,서화성,6,pack_ess,0.0,0.0
2026-08-18,서화성,6,blackmass,0.0,0.0
2026-08-18,서화성,7,pack_ev,0.0,0.0
2026-08-18,서화성,7,pack_ess,0.0,0.0
2026-08-18,서화성,7,blackmass,0.0,0.0
2026-08-18,서화성,8,pack_ev,0.0,0.0
2026-08-18,서화성,8,pack_ess,0.0,0.0
2026-08-18,서화성,8,blackmass,0.0,0.0
2026-08-18,서화성,9,pack_ev,0.0,0.0
2026-08-18,서화성,9,pack_ess,0.0,0.0
2026-08-18,서화성,9,blackmass,0.0,0.0
2026-08-18,서화성,10,pack_ev,0.0,0.0
2026-08-18,서화성,10,pack_ess,0.0,0.0
2026-08-18,서화성,10,blackmass,0.0,0.0
2026-08-18,서화성,11,pack_ev,0.0,0.0
2026-08-18,서화성,11,pack_ess,0.0,0.0
2026-08-18,서화성,11,blackmass,0.0,0.0
2026-08-18,서화성,12,pack_ev,0.0,0.0
2026-08-18,서화성,12,pack_ess,0.0,0.0
2026-08-18,서화성,12,blackmass,0.0,0.0
2026-08-18,서화성,13,pack_ev,0.0,0.0
2026-08-18,서화성,13,pack_ess,0.0,0.0
2026-08-18,서화성,13,blackmass,0.0,0.0
2026-08-18,서화성,14,pack_ev,0.0,0.0
2026-08-18,서화성,14,pack_ess,0.0,0.0
2026-08-18,서화성,14,blackmass,0.0,0.0
2026-08-18,서화성,15,pack_ev,0.0,0.0
2026-08-18,서화성,15,pack_ess,0.0,0.0
2026-08-18,서화성,15,blackmass,0.0,0.0
2026-08-18,서화성,16,pack_ev,0.0,0.0
2026-08-18,서화성,16,pack_ess,0.0,0.0
2026-08-18,서화성,16,blackmass,0.0,0.0
2026-08-18,서화성,17,pack_ev,0.0,0.0
2026-08-18,서화성,17,pack_ess,0.0,0.0
2026-08-18,서화성,17,blackmass,0.0,0.0
2026-08-18,서화성,18,pack_ev,0.0,0.0
2026-08-18,서화성,18,pack_ess,0.0,0.0
2026-08-18,서화성,18,blackmass,0.0,0.0
2026-08-18,서화성,19,pack_ev,0.0,0.0
2026-08-18,서화성,19,pack_ess,0.0,0.0
2026-08-18,서화성,19,blackmass,0.0,0.0
2026-08-18,서화성,20,pack_ev,0.0,0.0
2026-08-18,서화성,20,pack_ess,0.0,0.0
2026-08-18,서화성,20,blackmass,0.0,0.0
2026-08-18,서화성,21,pack_ev,0.0,0.0
2026-08-18,서화성,21,pack_ess,0.0,0.0
2026-08-18,서화성,21,blackmass,0.0,0.0
2026-08-18,서화성,22,pack_ev,0.0,0.0
2026-08-18,서화성,22,pack_ess,0.0,0.0
2026-08-18,서화성,22,blackmass,0.0,0.0
2026-08-18,서화성,23,pack_ev,0.0,0.0
2026-08-18,서화성,23,pack_ess,0.0,0.0
2026-08-18,서화성,23,blackmass,0.0,0.0
2026-08-18,신례원,0,pack_ev,0.0,0.0
2026-08-18,신례원,0,pack_ess,0.0,0.0
2026-08-18,신례원,0,blackmass,0.0,0.0
2026-08-18,신례원,1,pack_ev,0.0,0.0
2026-08-18,신례원,1,pack_ess,0.0,0.0
2026-08-18,신례원,1,blackmass,0.0,0.0
2026-08-18,신례원,2,pack_ev,0.0,0.0
2026-08-18,신례원,2,pack_ess,0.0,0.0
2026-08-18,신례원,2,blackmass,0.0,0.0
2026-08-18,신례원,3,pack_ev,0.0,0.0
2026-08-18,신례원,3,pack_ess,0.0,0.0
2026-08-18,신례원,3,blackmass,0.0,0.0
2026-08-18,신례원,4,pack_ev,0.0,0.0
2026-08-18,신례원,4,pack_ess,0.0,0.0
2026-08-18,신례원,4,blackmass,0.0,0.0
2026-08-18,신례원,5,pack_ev,0.0,0.0
2026-08-18,신례원,5,pack_ess,0.0,0.0
2026-08-18,신례원,5,blackmass,0.0,0.0
2026-08-18,신례원,6,pack_ev,0.0,0.0
2026-08-18,신례원,6,pack_ess,0.0,0.0
2026-08-18,신례원,6,blackmass,0.0,0.0
2026-08-18,신례원,7,pack_ev,0.0,0.0
2026-08-18,신례원,7,pack_ess,0.0,0.0
2026-08-18,신례원,7,blackmass,0.0,0.0
2026-08-18,신례원,8,pack_ev,0.0,0.0
2026-08-18,신례원,8,pack_ess,0.0,0.0
2026-08-18,신례원,8,blackmass,0.0,0.0
2026-08-18,신례원,9,pack_ev,0.0,0.0
2026-08-18,신례원,9,pack_ess,0.0,0.0
2026-08-18,신례원,9,blackmass,0.0,0.0
2026-08-18,신례원,10,pack_ev,0.0,0.0
2026-08-18,신례원,10,pack_ess,0.0,0.0
2026-08-18,신례원,10,blackmass,0.0,0.0
2026-08-18,신례원,11,pack_ev,0.0,0.0
2026-08-18,신례원,11,pack_ess,0.0,0.0
2026-08-18,신례원,11,blackmass,0.0,0.0
2026-08-18,신례원,12,pack_ev,0.0,0.0
2026-08-18,신례원,12,pack_ess,0.0,0.0
2026-08-18,신례원,12,blackmass,0.0,0.0
2026-08-18,신례원,13,pack_ev,0.0,0.0
2026-08-18,신례원,13,pack_ess,0.0,0.0
2026-08-18,신례원,13,blackmass,0.0,0.0
2026-08-18,신례원,14,pack_ev,0.0,0.0
2026-08-18,신례원,14,pack_ess,0.0,0.0
2026-08-18,신례원,14,blackmass,0.0,0.0
2026-08-18,신례원,15,pack_ev,0.0,0.0
2026-08-18,신례원,15,pack_ess,0.0,0.0
2026-08-18,신례원,15,blackmass,0.0,0.0
2026-08-18,신례원,16,pack_ev,0.0,0.0
2026-08-18,신례원,16,pack_ess,0.0,0.0
2026-08-18,신례원,16,blackmass,0.0,0.0
2026-08-18,신례원,17,pack_ev,0.0,0.0
2026-08-18,신례원,17,pack_ess,0.0,0.0
2026-08-18,신례원,17,blackmass,0.0,0.0
2026-08-18,신례원,18,pack_ev,0.0,0.0
2026-08-18,신례원,18,pack_ess,0.0,0.0
2026-08-18,신례원,18,blackmass,0.0,0.0
2026-08-18,신례원,19,pack_ev,0.0,0.0
2026-08-18,신례원,19,pack_ess,0.0,0.0
2026-08-18,신례원,19,blackmass,0.0,0.0
2026-08-18,신례원,20,pack_ev,0.0,0.0
2026-08-18,신례원,20,pack_ess,0.0,0.0
2026-08-18,신례원,20,blackmass,0.0,0.0
2026-08-18,신례원,21,pack_ev,0.0,0.0
2026-08-18,신례원,21,pack_ess,0.0,0.0
2026-08-18,신례원,21,blackmass,0.0,0.0
2026-08-18,신례원,22,pack_ev,0.0,0.0
2026-08-18,신례원,22,pack_ess,0.0,0.0
2026-08-18,신례원,22,blackmass,0.0,0.0
2026-08-18,신례원,23,pack_ev,0.0,0.0
2026-08-18,신례원,23,pack_ess,0.0,0.0
2026-08-18,신례원,23,blackmass,0.0,0.0
2026-08-18,안중,0,pack_ev,0.0,0.0
2026-08-18,안중,0,pack_ess,0.0,0.0
2026-08-18,안중,0,blackmass,0.0,0.0
2026-08-18,안중,1,pack_ev,0.0,0.0
2026-08-18,안중,1,pack_ess,0.0,0.0
2026-08-18,안중,1,blackmass,0.0,0.0
2026-08-18,안중,2,pack_ev,0.0,0.0
2026-08-18,안중,2,pack_ess,0.0,0.0
2026-08-18,안중,2,blackmass,0.0,0.0
2026-08-18,안중,3,pack_ev,0.0,0.0
2026-08-18,안중,3,pack_ess,0.0,0.0
2026-08-18,안중,3,blackmass,0.0,0.0
2026-08-18,안중,4,pack_ev,0.0,0.0
2026-08-18,안중,4,pack_ess,0.0,0.0
2026-08-18,안중,4,blackmass,0.0,0.0
2026-08-18,안중,5,pack_ev,0.0,0.0
2026-08-18,안중,5,pack_ess,0.0,0.0
2026-08-18,안중,5,blackmass,0.0,0.0
2026-08-18,안중,6,pack_ev,0.0,0.0
2026-08-18,안중,6,pack_ess,0.0,0.0
2026-08-18,안중,6,blackmass,0.0,0.0
2026-08-18,안중,7,pack_ev,0.0,0.0
2026-08-18,안중,7,pack_ess,0.0,0.0
2026-08-18,안중,7,blackmass,0.0,0.0
2026-08-18,안중,8,pack_ev,0.0,0.0
2026-08-18,안중,8,pack_ess,0.0,0.0
2026-08-18,안중,8,blackmass,0.0,0.0
2026-08-18,안중,9,pack_ev,0.0,0.0
2026-08-18,안중,9,pack_ess,0.0,0.0
2026-08-18,안중,9,blackmass,0.0,0.0
2026-08-18,안중,10,pack_ev,0.0,0.0
2026-08-18,안중,10,pack_ess,0.0,0.0
2026-08-18,안중,10,blackmass,0.0,0.0
2026-08-18,안중,11,pack_ev,0.0,0.0
2026-08-18,안중,11,pack_ess,0.0,0.0
2026-08-18,안중,11,blackmass,0.0,0.0
2026-08-18,안중,12,pack_ev,0.0,0.0
2026-08-18,안중,12,pack_ess,0.0,0.0
2026-08-18,안중,12,blackmass,0.0,0.0
2026-08-18,안중,13,pack_ev,0.0,0.0
2026-08-18,안중,13,pack_ess,0.0,0.0
2026-08-18,안중,13,blackmass,0.0,0.0
2026-08-18,안중,14,pack_ev,0.0,0.0
2026-08-18,안중,14,pack_ess,0.0,0.0
2026-08-18,안중,14,blackmass,0.0,0.0
2026-08-18,안중,15,pack_ev,0.0,0.0
2026-08-18,안중,15,pack_ess,0.0,0.0
2026-08-18,안중,15,blackmass,0.0,0.0
2026-08-18,안중,16,pack_ev,0.0,0.0
2026-08-18,안중,16,pack_ess,0.0,0.0
2026-08-18,안중,16,blackmass,0.0,0.0
2026-08-18,안중,17,pack_ev,0.0,0.0
2026-08-18,안중,17,pack_ess,0.0,0.0
2026-08-18,안중,17,blackmass,0.0,0.0
2026-08-18,안중,18,pack_ev,0.0,0.0
2026-08-18,안중,18,pack_ess,0.0,0.0
2026-08-18,안중,18,blackmass,0.0,0.0
2026-08-18,안중,19,pack_ev,0.0,0.0
2026-08-18,안중,19,pack_ess,0.0,0.0
2026-08-18,안중,19,blackmass,0.0,0.0
2026-08-18,안중,20,pack_ev,0.0,0.0
2026-08-18,안중,20,pack_ess,0.0,0.0
2026-08-18,안중,20,blackmass,0.0,0.0
2026-08-18,안중,21,pack_ev,0.0,0.0
2026-08-18,안중,21,pack_ess,0.0,0.0
2026-08-18,안중,21,blackmass,0.0,0.0
2026-08-18,안중,22,pack_ev,0.0,0.0
2026-08-18,안중,22,pack_ess,0.0,0.0
2026-08-18,안중,22,blackmass,0.0,0.0
2026-08-18,안중,23,pack_ev,0.0,0.0
2026-08-18,안중,23,pack_ess,0.0,0.0
2026-08-18,안중,23,blackmass,0.0,0.0
2026-08-18,천안,0,pack_ev,0.0,0.0
2026-08-18,천안,0,pack_ess,0.0,0.0
2026-08-18,천안,0,blackmass,0.0,0.0
2026-08-18,천안,1,pack_ev,0.0,0.0
2026-08-18,천안,1,pack_ess,0.0,0.0
2026-08-18,천안,1,blackmass,0.0,0.0
2026-08-18,천안,2,pack_ev,0.0,0.0
2026-08-18,천안,2,pack_ess,0.0,0.0
2026-08-18,천안,2,blackmass,0.0,0.0
2026-08-18,천안,3,pack_ev,0.0,0.0
2026-08-18,천안,3,pack_ess,0.0,0.0
2026-08-18,천안,3,blackmass,0.0,0.0
2026-08-18,천안,4,pack_ev,0.0,0.0
2026-08-18,천안,4,pack_ess,0.0,0.0
2026-08-18,천안,4,blackmass,0.0,0.0
2026-08-18,천안,5,pack_ev,0.0,0.0
2026-08-18,천안,5,pack_ess,0.0,0.0
2026-08-18,천안,5,blackmass,0.0,0.0
2026-08-18,천안,6,pack_ev,0.0,0.0
2026-08-18,천안,6,pack_ess,0.0,0.0
2026-08-18,천안,6,blackmass,0.0,0.0
2026-08-18,천안,7,pack_ev,0.0,0.0
2026-08-18,천안,7,pack_ess,0.0,0.0
2026-08-18,천안,7,blackmass,0.0,0.0
2026-08-18,천안,8,pack_ev,0.0,0.0
2026-08-18,천안,8,pack_ess,0.0,0.0
2026-08-18,천안,8,blackmass,0.0,0.0
2026-08-18,천안,9,pack_ev,0.0,0.0
2026-08-18,천안,9,pack_ess,0.0,0.0
2026-08-18,천안,9,blackmass,0.0,0.0
2026-08-18,천안,10,pack_ev,0.0,0.0
2026-08-18,천안,10,pack_ess,0.0,0.0
2026-08-18,천안,10,blackmass,0.0,0.0
2026-08-18,천안,11,pack_ev,0.0,0.0
2026-08-18,천안,11,pack_ess,0.0,0.0
2026-08-18,천안,11,blackmass,0.0,0.0
2026-08-18,천안,12,pack_ev,0.0,0.0
2026-08-18,천안,12,pack_ess,0.0,0.0
2026-08-18,천안,12,blackmass,0.0,0.0
2026-08-18,천안,13,pack_ev,0.0,0.0
2026-08-18,천안,13,pack_ess,0.0,0.0
2026-08-18,천안,13,blackmass,0.0,0.0
2026-08-18,천안,14,pack_ev,0.0,0.0
2026-08-18,천안,14,pack_ess,0.0,0.0
2026-08-18,천안,14,blackmass,0.0,0.0
2026-08-18,천안,15,pack_ev,0.0,0.0
2026-08-18,천안,15,pack_ess,0.0,0.0
2026-08-18,천안,15,blackmass,0.0,0.0
2026-08-18,천안,16,pack_ev,0.0,0.0
2026-08-18,천안,16,pack_ess,0.0,0.0
2026-08-18,천안,16,blackmass,0.0,0.0
2026-08-18,천안,17,pack_ev,0.0,0.0
2026-08-18,천안,17,pack_ess,0.0,0.0
2026-08-18,천안,17,blackmass,0.0,0.0
2026-08-18,천안,18,pack_ev,0.0,0.0
2026-08-18,천안,18,pack_ess,0.0,0.0
2026-08-18,천안,18,blackmass,0.0,0.0
2026-08-18,천안,19,pack_ev,0.0,0.0
2026-08-18,천안,19,pack_ess,0.0,0.0
2026-08-18,천안,19,blackmass,0.0,0.0
2026-08-18,천안,20,pack_ev,0.0,0.0
2026-08-18,천안,20,pack_ess,0.0,0.0
2026-08-18,천안,20,blackmass,0.0,0.0
2026-08-18,천안,21,pack_ev,0.0,0.0
2026-08-18,천안,21,pack_ess,0.0,0.0
2026-08-18,천안,21,blackmass,0.0,0.0
2026-08-18,천안,22,pack_ev,0.0,0.0
2026-08-18,천안,22,pack_ess,0.0,0.0
2026-08-18,천안,22,blackmass,0.0,0.0
2026-08-18,천안,23,pack_ev,0.0,0.0
2026-08-18,천안,23,pack_ess,0.0,0.0
2026-08-18,천안,23,blackmass,0.0,0.0
2026-08-19,서화성,0,pack_ev,0.0,0.0
2026-08-19,서화성,0,pack_ess,0.0,0.0
2026-08-19,서화성,0,blackmass,0.0,0.0
2026-08-19,서화성,1,pack_ev,0.0,0.0
2026-08-19,서화성,1,pack_ess,0.0,0.0
2026-08-19,서화성,1,blackmass,0.0,0.0
2026-08-19,서화성,2,pack_ev,0.0,0.0
2026-08-19,서화성,2,pack_ess,0.0,0.0
2026-08-19,서화성,2,blackmass,0.0,0.0
2026-08-19,서화성,3,pack_ev,0.0,0.0
2026-08-19,서화성,3,pack_ess,0.0,0.0
2026-08-19,서화성,3,blackmass,0.0,0.0
2026-08-19,서화성,4,pack_ev,0.0,0.0
2026-08-19,서화성,4,pack_ess,0.0,0.0
2026-08-19,서화성,4,blackmass,0.0,0.0
2026-08-19,서화성,5,pack_ev,0.0,0.0
2026-08-19,서화성,5,pack_ess,0.0,0.0
2026-08-19,서화성,5,blackmass,0.0,0.0
2026-08-19,서화성,6,pack_ev,0.0,0.0
2026-08-19,서화성,6,pack_ess,0.0,0.0
2026-08-19,서화성,6,blackmass,0.0,0.0
2026-08-19,서화성,7,pack_ev,0.0,0.0
2026-08-19,서화성,7,pack_ess,0.0,0.0
2026-08-19,서화성,7,blackmass,0.0,0.0
2026-08-19,서화성,8,pack_ev,0.0,0.0
2026-08-19,서화성,8,pack_ess,0.0,0.0
2026-08-19,서화성,8,blackmass,0.0,0.0
2026-08-19,서화성,9,pack_ev,0.0,0.0
2026-08-19,서화성,9,pack_ess,0.0,0.0
2026-08-19,서화성,9,blackmass,0.0,0.0
2026-08-19,서화성,10,pack_ev,0.0,0.0
2026-08-19,서화성,10,pack_ess,0.0,0.0
2026-08-19,서화성,10,blackmass,0.0,0.0
2026-08-19,서화성,11,pack_ev,0.0,0.0
2026-08-19,서화성,11,pack_ess,0.0,0.0
2026-08-19,서화성,11,blackmass,0.0,0.0
2026-08-19,서화성,12,pack_ev,0.0,0.0
2026-08-19,서화성,12,pack_ess,0.0,0.0
2026-08-19,서화성,12,blackmass,0.0,0.0
2026-08-19,서화성,13,pack_ev,0.0,0.0
2026-08-19,서화성,13,pack_ess,0.0,0.0
2026-08-19,서화성,13,blackmass,0.0,0.0
2026-08-19,서화성,14,pack_ev,0.0,0.0
2026-08-19,서화성,14,pack_ess,0.0,0.0
2026-08-19,서화성,14,blackmass,0.0,0.0
2026-08-19,서화성,15,pack_ev,0.0,0.0
2026-08-19,서화성,15,pack_ess,0.0,0.0
2026-08-19,서화성,15,blackmass,0.0,0.0
2026-08-19,서화성,16,pack_ev,0.0,0.0
2026-08-19,서화성,16,pack_ess,0.0,0.0
2026-08-19,서화성,16,blackmass,0.0,0.0
2026-08-19,서화성,17,pack_ev,0.0,0.0
2026-08-19,서화성,17,pack_ess,0.0,0.0
2026-08-19,서화성,17,blackmass,0.0,0.0
2026-08-19,서화성,18,pack_ev,0.0,0.0
2026-08-19,서화성,18,pack_ess,0.0,0.0
2026-08-19,서화성,18,blackmass,0.0,0.0
2026-08-19,서화성,19,pack_ev,0.0,0.0
2026-08-19,서화성,19,pack_ess,0.0,0.0
2026-08-19,서화성,19,blackmass,0.0,0.0
2026-08-19,서화성,20,pack_ev,0.0,0.0
2026-08-19,서화성,20,pack_ess,0.0,0.0
2026-08-19,서화성,20,blackmass,0.0,0.0
2026-08-19,서화성,21,pack_ev,0.0,0.0
2026-08-19,서화성,21,pack_ess,0.0,0.0
2026-08-19,서화성,21,blackmass,0.0,0.0
2026-08-19,서화성,22,pack_ev,0.0,0.0
2026-08-19,서화성,22,pack_ess,0.0,0.0
2026-08-19,서화성,22,blackmass,0.0,0.0
2026-08-19,서화성,23,pack_ev,0.0,0.0
2026-08-19,서화성,23,pack_ess,0.0,0.0
2026-08-19,서화성,23,blackmass,0.0,0.0
2026-08-19,신례원,0,pack_ev,0.0,0.0
2026-08-19,신례원,0,pack_ess,0.0,0.0
2026-08-19,신례원,0,blackmass,0.0,0.0
2026-08-19,신례원,1,pack_ev,0.0,0.0
2026-08-19,신례원,1,pack_ess,0.0,0.0
2026-08-19,신례원,1,blackmass,0.0,0.0
2026-08-19,신례원,2,pack_ev,0.0,0.0
2026-08-19,신례원,2,pack_ess,0.0,0.0
2026-08-19,신례원,2,blackmass,0.0,0.0
2026-08-19,신례원,3,pack_ev,0.0,0.0
2026-08-19,신례원,3,pack_ess,0.0,0.0
2026-08-19,신례원,3,blackmass,0.0,0.0
2026-08-19,신례원,4,pack_ev,0.0,0.0
2026-08-19,신례원,4,pack_ess,0.0,0.0
2026-08-19,신례원,4,blackmass,0.0,0.0
2026-08-19,신례원,5,pack_ev,0.0,0.0
2026-08-19,신례원,5,pack_ess,0.0,0.0
2026-08-19,신례원,5,blackmass,0.0,0.0
2026-08-19,신례원,6,pack_ev,0.0,0.0
2026-08-19,신례원,6,pack_ess,0.0,0.0
2026-08-19,신례원,6,blackmass,0.0,0.0
2026-08-19,신례원,7,pack_ev,0.0,0.0
2026-08-19,신례원,7,pack_ess,0.0,0.0
2026-08-19,신례원,7,blackmass,0.0,0.0
2026-08-19,신례원,8,pack_ev,0.0,0.0
2026-08-19,신례원,8,pack_ess,0.0,0.0
2026-08-19,신례원,8,blackmass,0.0,0.0
2026-08-19,신례원,9,pack_ev,0.0,0.0
2026-08-19,신례원,9,pack_ess,0.0,0.0
2026-08-19,신례원,9,blackmass,0.0,0.0
2026-08-19,신례원,10,pack_ev,0.0,0.0
2026-08-19,신례원,10,pack_ess,0.0,0.0
2026-08-19,신례원,10,blackmass,0.0,0.0
2026-08-19,신례원,11,pack_ev,0.0,0.0
2026-08-19,신례원,11,pack_ess,0.0,0.0
2026-08-19,신례원,11,blackmass,0.0,0.0
2026-08-19,신례원,12,pack_ev,0.0,0.0
2026-08-19,신례원,12,pack_ess,0.0,0.0
2026-08-19,신례원,12,blackmass,0.0,0.0
2026-08-19,신례원,13,pack_ev,0.0,0.0
2026-08-19,신례원,13,pack_ess,0.0,0.0
2026-08-19,신례원,13,blackmass,0.0,0.0
2026-08-19,신례원,14,pack_ev,0.0,0.0
2026-08-19,신례원,14,pack_ess,0.0,0.0
2026-08-19,신례원,14,blackmass,0.0,0.0
2026-08-19,신례원,15,pack_ev,0.0,0.0
2026-08-19,신례원,15,pack_ess,0.0,0.0
2026-08-19,신례원,15,blackmass,0.0,0.0
2026-08-19,신례원,16,pack_ev,0.0,0.0
2026-08-19,신례원,16,pack_ess,0.0,0.0
2026-08-19,신례원,16,blackmass,0.0,0.0
2026-08-19,신례원,17,pack_ev,0.0,0.0
2026-08-19,신례원,17,pack_ess,0.0,0.0
2026-08-19,신례원,17,blackmass,0.0,0.0
2026-08-19,신례원,18,pack_ev,0.0,0.0
2026-08-19,신례원,18,pack_ess,0.0,0.0
2026-08-19,신례원,18,blackmass,0.0,0.0
2026-08-19,신례원,19,pack_ev,0.0,0.0
2026-08-19,신례원,19,pack_ess,0.0,0.0
2026-08-19,신례원,19,blackmass,0.0,0.0
2026-08-19,신례원,20,pack_ev,0.0,0.0
2026-08-19,신례원,20,pack_ess,0.0,0.0
2026-08-19,신례원,20,blackmass,0.0,0.0
2026-08-19,신례원,21,pack_ev,0.0,0.0
2026-08-19,신례원,21,pack_ess,0.0,0.0
2026-08-19,신례원,21,blackmass,0.0,0.0
2026-08-19,신례원,22,pack_ev,0.0,0.0
2026-08-19,신례원,22,pack_ess,0.0,0.0
2026-08-19,신례원,22,blackmass,0.0,0.0
2026-08-19,신례원,23,pack_ev,0.0,0.0
2026-08-19,신례원,23,pack_ess,0.0,0.0
2026-08-19,신례원,23,blackmass,0.0,0.0
2026-08-19,안중,0,pack_ev,0.0,0.0
2026-08-19,안중,0,pack_ess,0.0,0.0
2026-08-19,안중,0,blackmass,0.0,0.0
2026-08-19,안중,1,pack_ev,0.0,0.0
2026-08-19,안중,1,pack_ess,0.0,0.0
2026-08-19,안중,1,blackmass,0.0,0.0
2026-08-19,안중,2,pack_ev,0.0,0.0
2026-08-19,안중,2,pack_ess,0.0,0.0
2026-08-19,안중,2,blackmass,0.0,0.0
2026-08-19,안중,3,pack_ev,0.0,0.0
2026-08-19,안중,3,pack_ess,0.0,0.0
2026-08-19,안중,3,blackmass,0.0,0.0
2026-08-19,안중,4,pack_ev,0.0,0.0
2026-08-19,안중,4,pack_ess,0.0,0.0
2026-08-19,안중,4,blackmass,0.0,0.0
2026-08-19,안중,5,pack_ev,0.0,0.0
2026-08-19,안중,5,pack_ess,0.0,0.0
2026-08-19,안중,5,blackmass,0.0,0.0
2026-08-19,안중,6,pack_ev,0.0,0.0
2026-08-19,안중,6,pack_ess,0.0,0.0
2026-08-19,안중,6,blackmass,0.0,0.0
2026-08-19,안중,7,pack_ev,0.0,0.0
2026-08-19,안중,7,pack_ess,0.0,0.0
2026-08-19,안중,7,blackmass,0.0,0.0
2026-08-19,안중,8,pack_ev,0.0,0.0
2026-08-19,안중,8,pack_ess,0.0,0.0
2026-08-19,안중,8,blackmass,0.0,0.0
2026-08-19,안중,9,pack_ev,0.0,0.0
2026-08-19,안중,9,pack_ess,0.0,0.0
2026-08-19,안중,9,blackmass,0.0,0.0
2026-08-19,안중,10,pack_ev,0.0,0.0
2026-08-19,안중,10,pack_ess,0.0,0.0
2026-08-19,안중,10,blackmass,0.0,0.0
2026-08-19,안중,11,pack_ev,0.0,0.0
2026-08-19,안중,11,pack_ess,0.0,0.0
2026-08-19,안중,11,blackmass,0.0,0.0
2026-08-19,안중,12,pack_ev,0.0,0.0
2026-08-19,안중,12,pack_ess,0.0,0.0
2026-08-19,안중,12,blackmass,0.0,0.0
2026-08-19,안중,13,pack_ev,0.0,0.0
2026-08-19,안중,13,pack_ess,0.0,0.0
2026-08-19,안중,13,blackmass,0.0,0.0
2026-08-19,안중,14,pack_ev,0.0,0.0
2026-08-19,안중,14,pack_ess,0.0,0.0
2026-08-19,안중,14,blackmass,0.0,0.0
2026-08-19,안중,15,pack_ev,0.0,0.0
2026-08-19,안중,15,pack_ess,0.0,0.0
2026-08-19,안중,15,blackmass,0.0,0.0
2026-08-19,안중,16,pack_ev,0.0,0.0
2026-08-19,안중,16,pack_ess,0.0,0.0
2026-08-19,안중,16,blackmass,0.0,0.0
2026-08-19,안중,17,pack_ev,0.0,0.0
2026-08-19,안중,17,pack_ess,0.0,0.0
2026-08-19,안중,17,blackmass,0.0,0.0
2026-08-19,안중,18,pack_ev,0.0,0.0
2026-08-19,안중,18,pack_ess,0.0,0.0
2026-08-19,안중,18,blackmass,0.0,0.0
2026-08-19,안중,19,pack_ev,0.0,0.0
2026-08-19,안중,19,pack_ess,0.0,0.0
2026-08-19,안중,19,blackmass,0.0,0.0
2026-08-19,안중,20,pack_ev,0.0,0.0
2026-08-19,안중,20,pack_ess,0.0,0.0
2026-08-19,안중,20,blackmass,0.0,0.0
2026-08-19,안중,21,pack_ev,0.0,0.0
2026-08-19,안중,21,pack_ess,0.0,0.0
2026-08-19,안중,21,blackmass,0.0,0.0
2026-08-19,안중,22,pack_ev,0.0,0.0
2026-08-19,안중,22,pack_ess,0.0,0.0
2026-08-19,안중,22,blackmass,0.0,0.0
2026-08-19,안중,23,pack_ev,0.0,0.0
2026-08-19,안중,23,pack_ess,0.0,0.0
2026-08-19,안중,23,blackmass,0.0,0.0
2026-08-19,천안,0,pack_ev,0.0,0.0
2026-08-19,천안,0,pack_ess,0.0,0.0
2026-08-19,천안,0,blackmass,0.0,0.0
2026-08-19,천안,1,pack_ev,0.0,0.0
2026-08-19,천안,1,pack_ess,0.0,0.0
2026-08-19,천안,1,blackmass,0.0,0.0
2026-08-19,천안,2,pack_ev,0.0,0.0
2026-08-19,천안,2,pack_ess,0.0,0.0
2026-08-19,천안,2,blackmass,0.0,0.0
2026-08-19,천안,3,pack_ev,0.0,0.0
2026-08-19,천안,3,pack_ess,0.0,0.0
2026-08-19,천안,3,blackmass,0.0,0.0
2026-08-19,천안,4,pack_ev,0.0,0.0
2026-08-19,천안,4,pack_ess,0.0,0.0
2026-08-19,천안,4,blackmass,0.0,0.0
2026-08-19,천안,5,pack_ev,0.0,0.0
2026-08-19,천안,5,pack_ess,0.0,0.0
2026-08-19,천안,5,blackmass,0.0,0.0
2026-08-19,천안,6,pack_ev,0.0,0.0
2026-08-19,천안,6,pack_ess,0.0,0.0
2026-08-19,천안,6,blackmass,0.0,0.0
2026-08-19,천안,7,pack_ev,0.0,0.0
2026-08-19,천안,7,pack_ess,0.0,0.0
2026-08-19,천안,7,blackmass,0.0,0.0
2026-08-19,천안,8,pack_ev,0.0,0.0
2026-08-19,천안,8,pack_ess,0.0,0.0
2026-08-19,천안,8,blackmass,0.0,0.0
2026-08-19,천안,9,pack_ev,0.0,0.0
2026-08-19,천안,9,pack_ess,0.0,0.0
2026-08-19,천안,9,blackmass,0.0,0.0
2026-08-19,천안,10,pack_ev,0.0,0.0
2026-08-19,천안,10,pack_ess,0.0,0.0
2026-08-19,천안,10,blackmass,0.0,0.0
2026-08-19,천안,11,pack_ev,0.0,0.0
2026-08-19,천안,11,pack_ess,0.0,0.0
2026-08-19,천안,11,blackmass,0.0,0.0
2026-08-19,천안,12,pack_ev,0.0,0.0
2026-08-19,천안,12,pack_ess,0.0,0.0
2026-08-19,천안,12,blackmass,0.0,0.0
2026-08-19,천안,13,pack_ev,0.0,0.0
2026-08-19,천안,13,pack_ess,0.0,0.0
2026-08-19,천안,13,blackmass,0.0,0.0
2026-08-19,천안,14,pack_ev,0.0,0.0
2026-08-19,천안,14,pack_ess,0.0,0.0
2026-08-19,천안,14,blackmass,0.0,0.0
2026-08-19,천안,15,pack_ev,0.0,0.0
2026-08-19,천안,15,pack_ess,0.0,0.0
2026-08-19,천안,15,blackmass,0.0,0.0
2026-08-19,천안,16,pack_ev,0.0,0.0
2026-08-19,천안,16,pack_ess,0.0,0.0
2026-08-19,천안,16,blackmass,0.0,0.0
2026-08-19,천안,17,pack_ev,0.0,0.0
2026-08-19,천안,17,pack_ess,0.0,0.0
2026-08-19,천안,17,blackmass,0.0,0.0
2026-08-19,천안,18,pack_ev,0.0,0.0
2026-08-19,천안,18,pack_ess,0.0,0.0
2026-08-19,천안,18,blackmass,0.0,0.0
2026-08-19,천안,19,pack_ev,0.0,0.0
2026-08-19,천안,19,pack_ess,0.0,0.0
2026-08-19,천안,19,blackmass,0.0,0.0
2026-08-19,천안,20,pack_ev,0.0,0.0
2026-08-19,천안,20,pack_ess,0.0,0.0
2026-08-19,천안,20,blackmass,0.0,0.0
2026-08-19,천안,21,pack_ev,0.0,0.0
2026-08-19,천안,21,pack_ess,0.0,0.0
2026-08-19,천안,21,blackmass,0.0,0.0
2026-08-19,천안,22,pack_ev,0.0,0.0
2026-08-19,천안,22,pack_ess,0.0,0.0
2026-08-19,천안,22,blackmass,0.0,0.0
2026-08-19,천안,23,pack_ev,0.0,0.0
2026-08-19,천안,23,pack_ess,0.0,0.0
2026-08-19,천안,23,blackmass,0.0,0.0
2026-08-20,서화성,0,pack_ev,0.0,0.0
2026-08-20,서화성,0,pack_ess,0.0,0.0
2026-08-20,서화성,0,blackmass,0.0,0.0
2026-08-20,서화성,1,pack_ev,0.0,0.0
2026-08-20,서화성,1,pack_ess,0.0,0.0
2026-08-20,서화성,1,blackmass,0.0,0.0
2026-08-20,서화성,2,pack_ev,0.0,0.0
2026-08-20,서화성,2,pack_ess,0.0,0.0
2026-08-20,서화성,2,blackmass,0.0,0.0
2026-08-20,서화성,3,pack_ev,0.0,0.0
2026-08-20,서화성,3,pack_ess,0.0,0.0
2026-08-20,서화성,3,blackmass,0.0,0.0
2026-08-20,서화성,4,pack_ev,0.0,0.0
2026-08-20,서화성,4,pack_ess,0.0,0.0
2026-08-20,서화성,4,blackmass,0.0,0.0
2026-08-20,서화성,5,pack_ev,0.0,0.0
2026-08-20,서화성,5,pack_ess,0.0,0.0
2026-08-20,서화성,5,blackmass,0.0,0.0
2026-08-20,서화성,6,pack_ev,0.0,0.0
2026-08-20,서화성,6,pack_ess,0.0,0.0
2026-08-20,서화성,6,blackmass,0.0,0.0
2026-08-20,서화성,7,pack_ev,0.0,0.0
2026-08-20,서화성,7,pack_ess,0.0,0.0
2026-08-20,서화성,7,blackmass,0.0,0.0
2026-08-20,서화성,8,pack_ev,0.0,0.0
2026-08-20,서화성,8,pack_ess,0.0,0.0
2026-08-20,서화성,8,blackmass,0.0,0.0
2026-08-20,서화성,9,pack_ev,0.0,0.0
2026-08-20,서화성,9,pack_ess,0.0,0.0
2026-08-20,서화성,9,blackmass,0.0,0.0
2026-08-20,서화성,10,pack_ev,4.582,0.1527
2026-08-20,서화성,10,pack_ess,0.0032,0.00011
2026-08-20,서화성,10,blackmass,1.222,0.0244
2026-08-20,서화성,11,pack_ev,4.582,0.1527
2026-08-20,서화성,11,pack_ess,0.0032,0.00011
2026-08-20,서화성,11,blackmass,1.222,0.0244
2026-08-20,서화성,12,pack_ev,4.582,0.1527
2026-08-20,서화성,12,pack_ess,0.0032,0.00011
2026-08-20,서화성,12,blackmass,1.222,0.0244
2026-08-20,서화성,13,pack_ev,4.582,0.1527
2026-08-20,서화성,13,pack_ess,0.0032,0.00011
2026-08-20,서화성,13,blackmass,1.222,0.0244
2026-08-20,서화성,14,pack_ev,4.582,0.1527
2026-08-20,서화성,14,pack_ess,0.0032,0.00011
2026-08-20,서화성,14,blackmass,1.222,0.0244
2026-08-20,서화성,15,pack_ev,4.582,0.1527
2026-08-20,서화성,15,pack_ess,0.0032,0.00011
2026-08-20,서화성,15,blackmass,1.222,0.0244
2026-08-20,서화성,16,pack_ev,4.582,0.1527
2026-08-20,서화성,16,pack_ess,0.0032,0.00011
2026-08-20,서화성,16,blackmass,1.222,0.0244
2026-08-20,서화성,17,pack_ev,4.582,0.1527
2026-08-20,서화성,17,pack_ess,0.0032,0.00011
2026-08-20,서화성,17,blackmass,1.222,0.0244
2026-08-20,서화성,18,pack_ev,0.0,0.0
2026-08-20,서화성,18,pack_ess,0.0,0.0
2026-08-20,서화성,18,blackmass,0.0,0.0
2026-08-20,서화성,19,pack_ev,0.0,0.0
2026-08-20,서화성,19,pack_ess,0.0,0.0
2026-08-20,서화성,19,blackmass,0.0,0.0
2026-08-20,서화성,20,pack_ev,0.0,0.0
2026-08-20,서화성,20,pack_ess,0.0,0.0
2026-08-20,서화성,20,blackmass,0.0,0.0
2026-08-20,서화성,21,pack_ev,0.0,0.0
2026-08-20,서화성,21,pack_ess,0.0,0.0
2026-08-20,서화성,21,blackmass,0.0,0.0
2026-08-20,서화성,22,pack_ev,0.0,0.0
2026-08-20,서화성,22,pack_ess,0.0,0.0
2026-08-20,서화성,22,blackmass,0.0,0.0
2026-08-20,서화성,23,pack_ev,0.0,0.0
2026-08-20,서화성,23,pack_ess,0.0,0.0
2026-08-20,서화성,23,blackmass,0.0,0.0
2026-08-20,신례원,0,pack_ev,0.0,0.0
2026-08-20,신례원,0,pack_ess,0.0,0.0
2026-08-20,신례원,0,blackmass,0.0,0.0
2026-08-20,신례원,1,pack_ev,0.0,0.0
2026-08-20,신례원,1,pack_ess,0.0,0.0
2026-08-20,신례원,1,blackmass,0.0,0.0
2026-08-20,신례원,2,pack_ev,0.0,0.0
2026-08-20,신례원,2,pack_ess,0.0,0.0
2026-08-20,신례원,2,blackmass,0.0,0.0
2026-08-20,신례원,3,pack_ev,0.0,0.0
2026-08-20,신례원,3,pack_ess,0.0,0.0
2026-08-20,신례원,3,blackmass,0.0,0.0
2026-08-20,신례원,4,pack_ev,0.0,0.0
2026-08-20,신례원,4,pack_ess,0.0,0.0
2026-08-20,신례원,4,blackmass,0.0,0.0
2026-08-20,신례원,5,pack_ev,0.0,0.0
2026-08-20,신례원,5,pack_ess,0.0,0.0
2026-08-20,신례원,5,blackmass,0.0,0.0
2026-08-20,신례원,6,pack_ev,0.0,0.0
2026-08-20,신례원,6,pack_ess,0.0,0.0
2026-08-20,신례원,6,blackmass,0.0,0.0
2026-08-20,신례원,7,pack_ev,0.0,0.0
2026-08-20,신례원,7,pack_ess,0.0,0.0
2026-08-20,신례원,7,blackmass,0.0,0.0
2026-08-20,신례원,8,pack_ev,0.0,0.0
2026-08-20,신례원,8,pack_ess,0.0,0.0
2026-08-20,신례원,8,blackmass,0.0,0.0
2026-08-20,신례원,9,pack_ev,0.0,0.0
2026-08-20,신례원,9,pack_ess,0.0,0.0
2026-08-20,신례원,9,blackmass,0.0,0.0
2026-08-20,신례원,10,pack_ev,0.0,0.0
2026-08-20,신례원,10,pack_ess,0.0,0.0
2026-08-20,신례원,10,blackmass,3.019,0.0604
2026-08-20,신례원,11,pack_ev,0.0,0.0
2026-08-20,신례원,11,pack_ess,0.0,0.0
2026-08-20,신례원,11,blackmass,3.019,0.0604
2026-08-20,신례원,12,pack_ev,0.0,0.0
2026-08-20,신례원,12,pack_ess,0.0,0.0
2026-08-20,신례원,12,blackmass,3.019,0.0604
2026-08-20,신례원,13,pack_ev,0.0,0.0
2026-08-20,신례원,13,pack_ess,0.0,0.0
2026-08-20,신례원,13,blackmass,3.019,0.0604
2026-08-20,신례원,14,pack_ev,0.0,0.0
2026-08-20,신례원,14,pack_ess,0.0,0.0
2026-08-20,신례원,14,blackmass,3.019,0.0604
2026-08-20,신례원,15,pack_ev,0.0,0.0
2026-08-20,신례원,15,pack_ess,0.0,0.0
2026-08-20,신례원,15,blackmass,3.019,0.0604
2026-08-20,신례원,16,pack_ev,0.0,0.0
2026-08-20,신례원,16,pack_ess,0.0,0.0
2026-08-20,신례원,16,blackmass,3.019,0.0604
2026-08-20,신례원,17,pack_ev,0.0,0.0
2026-08-20,신례원,17,pack_ess,0.0,0.0
2026-08-20,신례원,17,blackmass,3.019,0.0604
2026-08-20,신례원,18,pack_ev,0.0,0.0
2026-08-20,신례원,18,pack_ess,0.0,0.0
2026-08-20,신례원,18,blackmass,0.0,0.0
2026-08-20,신례원,19,pack_ev,0.0,0.0
2026-08-20,신례원,19,pack_ess,0.0,0.0
2026-08-20,신례원,19,blackmass,0.0,0.0
2026-08-20,신례원,20,pack_ev,0.0,0.0
2026-08-20,신례원,20,pack_ess,0.0,0.0
2026-08-20,신례원,20,blackmass,0.0,0.0
2026-08-20,신례원,21,pack_ev,0.0,0.0
2026-08-20,신례원,21,pack_ess,0.0,0.0
2026-08-20,신례원,21,blackmass,0.0,0.0
2026-08-20,신례원,22,pack_ev,0.0,0.0
2026-08-20,신례원,22,pack_ess,0.0,0.0
2026-08-20,신례원,22,blackmass,0.0,0.0
2026-08-20,신례원,23,pack_ev,0.0,0.0
2026-08-20,신례원,23,pack_ess,0.0,0.0
2026-08-20,신례원,23,blackmass,0.0,0.0
2026-08-20,안중,0,pack_ev,0.0,0.0
2026-08-20,안중,0,pack_ess,0.0,0.0
2026-08-20,안중,0,blackmass,0.0,0.0
2026-08-20,안중,1,pack_ev,0.0,0.0
2026-08-20,안중,1,pack_ess,0.0,0.0
2026-08-20,안중,1,blackmass,0.0,0.0
2026-08-20,안중,2,pack_ev,0.0,0.0
2026-08-20,안중,2,pack_ess,0.0,0.0
2026-08-20,안중,2,blackmass,0.0,0.0
2026-08-20,안중,3,pack_ev,0.0,0.0
2026-08-20,안중,3,pack_ess,0.0,0.0
2026-08-20,안중,3,blackmass,0.0,0.0
2026-08-20,안중,4,pack_ev,0.0,0.0
2026-08-20,안중,4,pack_ess,0.0,0.0
2026-08-20,안중,4,blackmass,0.0,0.0
2026-08-20,안중,5,pack_ev,0.0,0.0
2026-08-20,안중,5,pack_ess,0.0,0.0
2026-08-20,안중,5,blackmass,0.0,0.0
2026-08-20,안중,6,pack_ev,0.0,0.0
2026-08-20,안중,6,pack_ess,0.0,0.0
2026-08-20,안중,6,blackmass,0.0,0.0
2026-08-20,안중,7,pack_ev,0.0,0.0
2026-08-20,안중,7,pack_ess,0.0,0.0
2026-08-20,안중,7,blackmass,0.0,0.0
2026-08-20,안중,8,pack_ev,0.0,0.0
2026-08-20,안중,8,pack_ess,0.0,0.0
2026-08-20,안중,8,blackmass,0.0,0.0
2026-08-20,안중,9,pack_ev,0.0,0.0
2026-08-20,안중,9,pack_ess,0.0,0.0
2026-08-20,안중,9,blackmass,0.0,0.0
2026-08-20,안중,10,pack_ev,4.582,0.1527
2026-08-20,안중,10,pack_ess,0.0032,0.00011
2026-08-20,안중,10,blackmass,1.222,0.0244
2026-08-20,안중,11,pack_ev,4.582,0.1527
2026-08-20,안중,11,pack_ess,0.0032,0.00011
2026-08-20,안중,11,blackmass,1.222,0.0244
2026-08-20,안중,12,pack_ev,4.582,0.1527
2026-08-20,안중,12,pack_ess,0.0032,0.00011
2026-08-20,안중,12,blackmass,1.222,0.0244
2026-08-20,안중,13,pack_ev,4.582,0.1527
2026-08-20,안중,13,pack_ess,0.0032,0.00011
2026-08-20,안중,13,blackmass,1.222,0.0244
2026-08-20,안중,14,pack_ev,4.582,0.1527
2026-08-20,안중,14,pack_ess,0.0032,0.00011
2026-08-20,안중,14,blackmass,1.222,0.0244
2026-08-20,안중,15,pack_ev,4.582,0.1527
2026-08-20,안중,15,pack_ess,0.0032,0.00011
2026-08-20,안중,15,blackmass,1.222,0.0244
2026-08-20,안중,16,pack_ev,4.582,0.1527
2026-08-20,안중,16,pack_ess,0.0032,0.00011
2026-08-20,안중,16,blackmass,1.222,0.0244
2026-08-20,안중,17,pack_ev,4.582,0.1527
2026-08-20,안중,17,pack_ess,0.0032,0.00011
2026-08-20,안중,17,blackmass,1.222,0.0244
2026-08-20,안중,18,pack_ev,0.0,0.0
2026-08-20,안중,18,pack_ess,0.0,0.0
2026-08-20,안중,18,blackmass,0.0,0.0
2026-08-20,안중,19,pack_ev,0.0,0.0
2026-08-20,안중,19,pack_ess,0.0,0.0
2026-08-20,안중,19,blackmass,0.0,0.0
2026-08-20,안중,20,pack_ev,0.0,0.0
2026-08-20,안중,20,pack_ess,0.0,0.0
2026-08-20,안중,20,blackmass,0.0,0.0
2026-08-20,안중,21,pack_ev,0.0,0.0
2026-08-20,안중,21,pack_ess,0.0,0.0
2026-08-20,안중,21,blackmass,0.0,0.0
2026-08-20,안중,22,pack_ev,0.0,0.0
2026-08-20,안중,22,pack_ess,0.0,0.0
2026-08-20,안중,22,blackmass,0.0,0.0
2026-08-20,안중,23,pack_ev,0.0,0.0
2026-08-20,안중,23,pack_ess,0.0,0.0
2026-08-20,안중,23,blackmass,0.0,0.0
2026-08-20,천안,0,pack_ev,0.0,0.0
2026-08-20,천안,0,pack_ess,0.0,0.0
2026-08-20,천안,0,blackmass,0.0,0.0
2026-08-20,천안,1,pack_ev,0.0,0.0
2026-08-20,천안,1,pack_ess,0.0,0.0
2026-08-20,천안,1,blackmass,0.0,0.0
2026-08-20,천안,2,pack_ev,0.0,0.0
2026-08-20,천안,2,pack_ess,0.0,0.0
2026-08-20,천안,2,blackmass,0.0,0.0
2026-08-20,천안,3,pack_ev,0.0,0.0
2026-08-20,천안,3,pack_ess,0.0,0.0
2026-08-20,천안,3,blackmass,0.0,0.0
2026-08-20,천안,4,pack_ev,0.0,0.0
2026-08-20,천안,4,pack_ess,0.0,0.0
2026-08-20,천안,4,blackmass,0.0,0.0
2026-08-20,천안,5,pack_ev,0.0,0.0
2026-08-20,천안,5,pack_ess,0.0,0.0
2026-08-20,천안,5,blackmass,0.0,0.0
2026-08-20,천안,6,pack_ev,0.0,0.0
2026-08-20,천안,6,pack_ess,0.0,0.0
2026-08-20,천안,6,blackmass,0.0,0.0
2026-08-20,천안,7,pack_ev,0.0,0.0
2026-08-20,천안,7,pack_ess,0.0,0.0
2026-08-20,천안,7,blackmass,0.0,0.0
2026-08-20,천안,8,pack_ev,0.0,0.0
2026-08-20,천안,8,pack_ess,0.0,0.0
2026-08-20,천안,8,blackmass,0.0,0.0
2026-08-20,천안,9,pack_ev,0.0,0.0
2026-08-20,천안,9,pack_ess,0.0,0.0
2026-08-20,천안,9,blackmass,0.0,0.0
2026-08-20,천안,10,pack_ev,0.0,0.0
2026-08-20,천안,10,pack_ess,0.0,0.0
2026-08-20,천안,10,blackmass,4.529,0.0906
2026-08-20,천안,11,pack_ev,0.0,0.0
2026-08-20,천안,11,pack_ess,0.0,0.0
2026-08-20,천안,11,blackmass,4.529,0.0906
2026-08-20,천안,12,pack_ev,0.0,0.0
2026-08-20,천안,12,pack_ess,0.0,0.0
2026-08-20,천안,12,blackmass,4.529,0.0906
2026-08-20,천안,13,pack_ev,0.0,0.0
2026-08-20,천안,13,pack_ess,0.0,0.0
2026-08-20,천안,13,blackmass,4.529,0.0906
2026-08-20,천안,14,pack_ev,0.0,0.0
2026-08-20,천안,14,pack_ess,0.0,0.0
2026-08-20,천안,14,blackmass,4.529,0.0906
2026-08-20,천안,15,pack_ev,0.0,0.0
2026-08-20,천안,15,pack_ess,0.0,0.0
2026-08-20,천안,15,blackmass,4.529,0.0906
2026-08-20,천안,16,pack_ev,0.0,0.0
2026-08-20,천안,16,pack_ess,0.0,0.0
2026-08-20,천안,16,blackmass,4.529,0.0906
2026-08-20,천안,17,pack_ev,0.0,0.0
2026-08-20,천안,17,pack_ess,0.0,0.0
2026-08-20,천안,17,blackmass,4.529,0.0906
2026-08-20,천안,18,pack_ev,0.0,0.0
2026-08-20,천안,18,pack_ess,0.0,0.0
2026-08-20,천안,18,blackmass,0.0,0.0
2026-08-20,천안,19,pack_ev,0.0,0.0
2026-08-20,천안,19,pack_ess,0.0,0.0
2026-08-20,천안,19,blackmass,0.0,0.0
2026-08-20,천안,20,pack_ev,0.0,0.0
2026-08-20,천안,20,pack_ess,0.0,0.0
2026-08-20,천안,20,blackmass,0.0,0.0
2026-08-20,천안,21,pack_ev,0.0,0.0
2026-08-20,천안,21,pack_ess,0.0,0.0
2026-08-20,천안,21,blackmass,0.0,0.0
2026-08-20,천안,22,pack_ev,0.0,0.0
2026-08-20,천안,22,pack_ess,0.0,0.0
2026-08-20,천안,22,blackmass,0.0,0.0
2026-08-20,천안,23,pack_ev,0.0,0.0
2026-08-20,천안,23,pack_ess,0.0,0.0
2026-08-20,천안,23,blackmass,0.0,0.0
2026-08-21,서화성,0,pack_ev,0.0,0.0
2026-08-21,서화성,0,pack_ess,0.0,0.0
2026-08-21,서화성,0,blackmass,0.0,0.0
2026-08-21,서화성,1,pack_ev,0.0,0.0
2026-08-21,서화성,1,pack_ess,0.0,0.0
2026-08-21,서화성,1,blackmass,0.0,0.0
2026-08-21,서화성,2,pack_ev,0.0,0.0
2026-08-21,서화성,2,pack_ess,0.0,0.0
2026-08-21,서화성,2,blackmass,0.0,0.0
2026-08-21,서화성,3,pack_ev,0.0,0.0
2026-08-21,서화성,3,pack_ess,0.0,0.0
2026-08-21,서화성,3,blackmass,0.0,0.0
2026-08-21,서화성,4,pack_ev,0.0,0.0
2026-08-21,서화성,4,pack_ess,0.0,0.0
2026-08-21,서화성,4,blackmass,0.0,0.0
2026-08-21,서화성,5,pack_ev,0.0,0.0
2026-08-21,서화성,5,pack_ess,0.0,0.0
2026-08-21,서화성,5,blackmass,0.0,0.0
2026-08-21,서화성,6,pack_ev,0.0,0.0
2026-08-21,서화성,6,pack_ess,0.0,0.0
2026-08-21,서화성,6,blackmass,0.0,0.0
2026-08-21,서화성,7,pack_ev,0.0,0.0
2026-08-21,서화성,7,pack_ess,0.0,0.0
2026-08-21,서화성,7,blackmass,0.0,0.0
2026-08-21,서화성,8,pack_ev,0.0,0.0
2026-08-21,서화성,8,pack_ess,0.0,0.0
2026-08-21,서화성,8,blackmass,0.0,0.0
2026-08-21,서화성,9,pack_ev,0.0,0.0
2026-08-21,서화성,9,pack_ess,0.0,0.0
2026-08-21,서화성,9,blackmass,0.0,0.0
2026-08-21,서화성,10,pack_ev,0.0,0.0
2026-08-21,서화성,10,pack_ess,0.0,0.0
2026-08-21,서화성,10,blackmass,0.0,0.0
2026-08-21,서화성,11,pack_ev,0.0,0.0
2026-08-21,서화성,11,pack_ess,0.0,0.0
2026-08-21,서화성,11,blackmass,0.0,0.0
2026-08-21,서화성,12,pack_ev,0.0,0.0
2026-08-21,서화성,12,pack_ess,0.0,0.0
2026-08-21,서화성,12,blackmass,0.0,0.0
2026-08-21,서화성,13,pack_ev,0.0,0.0
2026-08-21,서화성,13,pack_ess,0.0,0.0
2026-08-21,서화성,13,blackmass,0.0,0.0
2026-08-21,서화성,14,pack_ev,0.0,0.0
2026-08-21,서화성,14,pack_ess,0.0,0.0
2026-08-21,서화성,14,blackmass,0.0,0.0
2026-08-21,서화성,15,pack_ev,0.0,0.0
2026-08-21,서화성,15,pack_ess,0.0,0.0
2026-08-21,서화성,15,blackmass,0.0,0.0
2026-08-21,서화성,16,pack_ev,0.0,0.0
2026-08-21,서화성,16,pack_ess,0.0,0.0
2026-08-21,서화성,16,blackmass,0.0,0.0
2026-08-21,서화성,17,pack_ev,0.0,0.0
2026-08-21,서화성,17,pack_ess,0.0,0.0
2026-08-21,서화성,17,blackmass,0.0,0.0
2026-08-21,서화성,18,pack_ev,0.0,0.0
2026-08-21,서화성,18,pack_ess,0.0,0.0
2026-08-21,서화성,18,blackmass,0.0,0.0
2026-08-21,서화성,19,pack_ev,0.0,0.0
2026-08-21,서화성,19,pack_ess,0.0,0.0
2026-08-21,서화성,19,blackmass,0.0,0.0
2026-08-21,서화성,20,pack_ev,0.0,0.0
2026-08-21,서화성,20,pack_ess,0.0,0.0
2026-08-21,서화성,20,blackmass,0.0,0.0
2026-08-21,서화성,21,pack_ev,0.0,0.0
2026-08-21,서화성,21,pack_ess,0.0,0.0
2026-08-21,서화성,21,blackmass,0.0,0.0
2026-08-21,서화성,22,pack_ev,0.0,0.0
2026-08-21,서화성,22,pack_ess,0.0,0.0
2026-08-21,서화성,22,blackmass,0.0,0.0
2026-08-21,서화성,23,pack_ev,0.0,0.0
2026-08-21,서화성,23,pack_ess,0.0,0.0
2026-08-21,서화성,23,blackmass,0.0,0.0
2026-08-21,신례원,0,pack_ev,0.0,0.0
2026-08-21,신례원,0,pack_ess,0.0,0.0
2026-08-21,신례원,0,blackmass,0.0,0.0
2026-08-21,신례원,1,pack_ev,0.0,0.0
2026-08-21,신례원,1,pack_ess,0.0,0.0
2026-08-21,신례원,1,blackmass,0.0,0.0
2026-08-21,신례원,2,pack_ev,0.0,0.0
2026-08-21,신례원,2,pack_ess,0.0,0.0
2026-08-21,신례원,2,blackmass,0.0,0.0
2026-08-21,신례원,3,pack_ev,0.0,0.0
2026-08-21,신례원,3,pack_ess,0.0,0.0
2026-08-21,신례원,3,blackmass,0.0,0.0
2026-08-21,신례원,4,pack_ev,0.0,0.0
2026-08-21,신례원,4,pack_ess,0.0,0.0
2026-08-21,신례원,4,blackmass,0.0,0.0
2026-08-21,신례원,5,pack_ev,0.0,0.0
2026-08-21,신례원,5,pack_ess,0.0,0.0
2026-08-21,신례원,5,blackmass,0.0,0.0
2026-08-21,신례원,6,pack_ev,0.0,0.0
2026-08-21,신례원,6,pack_ess,0.0,0.0
2026-08-21,신례원,6,blackmass,0.0,0.0
2026-08-21,신례원,7,pack_ev,0.0,0.0
2026-08-21,신례원,7,pack_ess,0.0,0.0
2026-08-21,신례원,7,blackmass,0.0,0.0
2026-08-21,신례원,8,pack_ev,0.0,0.0
2026-08-21,신례원,8,pack_ess,0.0,0.0
2026-08-21,신례원,8,blackmass,0.0,0.0
2026-08-21,신례원,9,pack_ev,0.0,0.0
2026-08-21,신례원,9,pack_ess,0.0,0.0
2026-08-21,신례원,9,blackmass,0.0,0.0
2026-08-21,신례원,10,pack_ev,0.0,0.0
2026-08-21,신례원,10,pack_ess,0.0,0.0
2026-08-21,신례원,10,blackmass,0.0,0.0
2026-08-21,신례원,11,pack_ev,0.0,0.0
2026-08-21,신례원,11,pack_ess,0.0,0.0
2026-08-21,신례원,11,blackmass,0.0,0.0
2026-08-21,신례원,12,pack_ev,0.0,0.0
2026-08-21,신례원,12,pack_ess,0.0,0.0
2026-08-21,신례원,12,blackmass,0.0,0.0
2026-08-21,신례원,13,pack_ev,0.0,0.0
2026-08-21,신례원,13,pack_ess,0.0,0.0
2026-08-21,신례원,13,blackmass,0.0,0.0
2026-08-21,신례원,14,pack_ev,0.0,0.0
2026-08-21,신례원,14,pack_ess,0.0,0.0
2026-08-21,신례원,14,blackmass,0.0,0.0
2026-08-21,신례원,15,pack_ev,0.0,0.0
2026-08-21,신례원,15,pack_ess,0.0,0.0
2026-08-21,신례원,15,blackmass,0.0,0.0
2026-08-21,신례원,16,pack_ev,0.0,0.0
2026-08-21,신례원,16,pack_ess,0.0,0.0
2026-08-21,신례원,16,blackmass,0.0,0.0
2026-08-21,신례원,17,pack_ev,0.0,0.0
2026-08-21,신례원,17,pack_ess,0.0,0.0
2026-08-21,신례원,17,blackmass,0.0,0.0
2026-08-21,신례원,18,pack_ev,0.0,0.0
2026-08-21,신례원,18,pack_ess,0.0,0.0
2026-08-21,신례원,18,blackmass,0.0,0.0
2026-08-21,신례원,19,pack_ev,0.0,0.0
2026-08-21,신례원,19,pack_ess,0.0,0.0
2026-08-21,신례원,19,blackmass,0.0,0.0
2026-08-21,신례원,20,pack_ev,0.0,0.0
2026-08-21,신례원,20,pack_ess,0.0,0.0
2026-08-21,신례원,20,blackmass,0.0,0.0
2026-08-21,신례원,21,pack_ev,0.0,0.0
2026-08-21,신례원,21,pack_ess,0.0,0.0
2026-08-21,신례원,21,blackmass,0.0,0.0
2026-08-21,신례원,22,pack_ev,0.0,0.0
2026-08-21,신례원,22,pack_ess,0.0,0.0
2026-08-21,신례원,22,blackmass,0.0,0.0
2026-08-21,신례원,23,pack_ev,0.0,0.0
2026-08-21,신례원,23,pack_ess,0.0,0.0
2026-08-21,신례원,23,blackmass,0.0,0.0
2026-08-21,안중,0,pack_ev,0.0,0.0
2026-08-21,안중,0,pack_ess,0.0,0.0
2026-08-21,안중,0,blackmass,0.0,0.0
2026-08-21,안중,1,pack_ev,0.0,0.0
2026-08-21,안중,1,pack_ess,0.0,0.0
2026-08-21,안중,1,blackmass,0.0,0.0
2026-08-21,안중,2,pack_ev,0.0,0.0
2026-08-21,안중,2,pack_ess,0.0,0.0
2026-08-21,안중,2,blackmass,0.0,0.0
2026-08-21,안중,3,pack_ev,0.0,0.0
2026-08-21,안중,3,pack_ess,0.0,0.0
2026-08-21,안중,3,blackmass,0.0,0.0
2026-08-21,안중,4,pack_ev,0.0,0.0
2026-08-21,안중,4,pack_ess,0.0,0.0
2026-08-21,안중,4,blackmass,0.0,0.0
2026-08-21,안중,5,pack_ev,0.0,0.0
2026-08-21,안중,5,pack_ess,0.0,0.0
2026-08-21,안중,5,blackmass,0.0,0.0
2026-08-21,안중,6,pack_ev,0.0,0.0
2026-08-21,안중,6,pack_ess,0.0,0.0
2026-08-21,안중,6,blackmass,0.0,0.0
2026-08-21,안중,7,pack_ev,0.0,0.0
2026-08-21,안중,7,pack_ess,0.0,0.0
2026-08-21,안중,7,blackmass,0.0,0.0
2026-08-21,안중,8,pack_ev,0.0,0.0
2026-08-21,안중,8,pack_ess,0.0,0.0
2026-08-21,안중,8,blackmass,0.0,0.0
2026-08-21,안중,9,pack_ev,0.0,0.0
2026-08-21,안중,9,pack_ess,0.0,0.0
2026-08-21,안중,9,blackmass,0.0,0.0
2026-08-21,안중,10,pack_ev,0.0,0.0
2026-08-21,안중,10,pack_ess,0.0,0.0
2026-08-21,안중,10,blackmass,0.0,0.0
2026-08-21,안중,11,pack_ev,0.0,0.0
2026-08-21,안중,11,pack_ess,0.0,0.0
2026-08-21,안중,11,blackmass,0.0,0.0
2026-08-21,안중,12,pack_ev,0.0,0.0
2026-08-21,안중,12,pack_ess,0.0,0.0
2026-08-21,안중,12,blackmass,0.0,0.0
2026-08-21,안중,13,pack_ev,0.0,0.0
2026-08-21,안중,13,pack_ess,0.0,0.0
2026-08-21,안중,13,blackmass,0.0,0.0
2026-08-21,안중,14,pack_ev,0.0,0.0
2026-08-21,안중,14,pack_ess,0.0,0.0
2026-08-21,안중,14,blackmass,0.0,0.0
2026-08-21,안중,15,pack_ev,0.0,0.0
2026-08-21,안중,15,pack_ess,0.0,0.0
2026-08-21,안중,15,blackmass,0.0,0.0
2026-08-21,안중,16,pack_ev,0.0,0.0
2026-08-21,안중,16,pack_ess,0.0,0.0
2026-08-21,안중,16,blackmass,0.0,0.0
2026-08-21,안중,17,pack_ev,0.0,0.0
2026-08-21,안중,17,pack_ess,0.0,0.0
2026-08-21,안중,17,blackmass,0.0,0.0
2026-08-21,안중,18,pack_ev,0.0,0.0
2026-08-21,안중,18,pack_ess,0.0,0.0
2026-08-21,안중,18,blackmass,0.0,0.0
2026-08-21,안중,19,pack_ev,0.0,0.0
2026-08-21,안중,19,pack_ess,0.0,0.0
2026-08-21,안중,19,blackmass,0.0,0.0
2026-08-21,안중,20,pack_ev,0.0,0.0
2026-08-21,안중,20,pack_ess,0.0,0.0
2026-08-21,안중,20,blackmass,0.0,0.0
2026-08-21,안중,21,pack_ev,0.0,0.0
2026-08-21,안중,21,pack_ess,0.0,0.0
2026-08-21,안중,21,blackmass,0.0,0.0
2026-08-21,안중,22,pack_ev,0.0,0.0
2026-08-21,안중,22,pack_ess,0.0,0.0
2026-08-21,안중,22,blackmass,0.0,0.0
2026-08-21,안중,23,pack_ev,0.0,0.0
2026-08-21,안중,23,pack_ess,0.0,0.0
2026-08-21,안중,23,blackmass,0.0,0.0
2026-08-21,천안,0,pack_ev,0.0,0.0
2026-08-21,천안,0,pack_ess,0.0,0.0
2026-08-21,천안,0,blackmass,0.0,0.0
2026-08-21,천안,1,pack_ev,0.0,0.0
2026-08-21,천안,1,pack_ess,0.0,0.0
2026-08-21,천안,1,blackmass,0.0,0.0
2026-08-21,천안,2,pack_ev,0.0,0.0
2026-08-21,천안,2,pack_ess,0.0,0.0
2026-08-21,천안,2,blackmass,0.0,0.0
2026-08-21,천안,3,pack_ev,0.0,0.0
2026-08-21,천안,3,pack_ess,0.0,0.0
2026-08-21,천안,3,blackmass,0.0,0.0
2026-08-21,천안,4,pack_ev,0.0,0.0
2026-08-21,천안,4,pack_ess,0.0,0.0
2026-08-21,천안,4,blackmass,0.0,0.0
2026-08-21,천안,5,pack_ev,0.0,0.0
2026-08-21,천안,5,pack_ess,0.0,0.0
2026-08-21,천안,5,blackmass,0.0,0.0
2026-08-21,천안,6,pack_ev,0.0,0.0
2026-08-21,천안,6,pack_ess,0.0,0.0
2026-08-21,천안,6,blackmass,0.0,0.0
2026-08-21,천안,7,pack_ev,0.0,0.0
2026-08-21,천안,7,pack_ess,0.0,0.0
2026-08-21,천안,7,blackmass,0.0,0.0
2026-08-21,천안,8,pack_ev,0.0,0.0
2026-08-21,천안,8,pack_ess,0.0,0.0
2026-08-21,천안,8,blackmass,0.0,0.0
2026-08-21,천안,9,pack_ev,0.0,0.0
2026-08-21,천안,9,pack_ess,0.0,0.0
2026-08-21,천안,9,blackmass,0.0,0.0
2026-08-21,천안,10,pack_ev,0.0,0.0
2026-08-21,천안,10,pack_ess,0.0,0.0
2026-08-21,천안,10,blackmass,0.0,0.0
2026-08-21,천안,11,pack_ev,0.0,0.0
2026-08-21,천안,11,pack_ess,0.0,0.0
2026-08-21,천안,11,blackmass,0.0,0.0
2026-08-21,천안,12,pack_ev,0.0,0.0
2026-08-21,천안,12,pack_ess,0.0,0.0
2026-08-21,천안,12,blackmass,0.0,0.0
2026-08-21,천안,13,pack_ev,0.0,0.0
2026-08-21,천안,13,pack_ess,0.0,0.0
2026-08-21,천안,13,blackmass,0.0,0.0
2026-08-21,천안,14,pack_ev,0.0,0.0
2026-08-21,천안,14,pack_ess,0.0,0.0
2026-08-21,천안,14,blackmass,0.0,0.0
2026-08-21,천안,15,pack_ev,0.0,0.0
2026-08-21,천안,15,pack_ess,0.0,0.0
2026-08-21,천안,15,blackmass,0.0,0.0
2026-08-21,천안,16,pack_ev,0.0,0.0
2026-08-21,천안,16,pack_ess,0.0,0.0
2026-08-21,천안,16,blackmass,0.0,0.0
2026-08-21,천안,17,pack_ev,0.0,0.0
2026-08-21,천안,17,pack_ess,0.0,0.0
2026-08-21,천안,17,blackmass,0.0,0.0
2026-08-21,천안,18,pack_ev,0.0,0.0
2026-08-21,천안,18,pack_ess,0.0,0.0
2026-08-21,천안,18,blackmass,0.0,0.0
2026-08-21,천안,19,pack_ev,0.0,0.0
2026-08-21,천안,19,pack_ess,0.0,0.0
2026-08-21,천안,19,blackmass,0.0,0.0
2026-08-21,천안,20,pack_ev,0.0,0.0
2026-08-21,천안,20,pack_ess,0.0,0.0
2026-08-21,천안,20,blackmass,0.0,0.0
2026-08-21,천안,21,pack_ev,0.0,0.0
2026-08-21,천안,21,pack_ess,0.0,0.0
2026-08-21,천안,21,blackmass,0.0,0.0
2026-08-21,천안,22,pack_ev,0.0,0.0
2026-08-21,천안,22,pack_ess,0.0,0.0
2026-08-21,천안,22,blackmass,0.0,0.0
2026-08-21,천안,23,pack_ev,0.0,0.0
2026-08-21,천안,23,pack_ess,0.0,0.0
2026-08-21,천안,23,blackmass,0.0,0.0
2026-08-22,서화성,0,pack_ev,0.0,0.0
2026-08-22,서화성,0,pack_ess,0.0,0.0
2026-08-22,서화성,0,blackmass,0.0,0.0
2026-08-22,서화성,1,pack_ev,0.0,0.0
2026-08-22,서화성,1,pack_ess,0.0,0.0
2026-08-22,서화성,1,blackmass,0.0,0.0
2026-08-22,서화성,2,pack_ev,0.0,0.0
2026-08-22,서화성,2,pack_ess,0.0,0.0
2026-08-22,서화성,2,blackmass,0.0,0.0
2026-08-22,서화성,3,pack_ev,0.0,0.0
2026-08-22,서화성,3,pack_ess,0.0,0.0
2026-08-22,서화성,3,blackmass,0.0,0.0
2026-08-22,서화성,4,pack_ev,0.0,0.0
2026-08-22,서화성,4,pack_ess,0.0,0.0
2026-08-22,서화성,4,blackmass,0.0,0.0
2026-08-22,서화성,5,pack_ev,0.0,0.0
2026-08-22,서화성,5,pack_ess,0.0,0.0
2026-08-22,서화성,5,blackmass,0.0,0.0
2026-08-22,서화성,6,pack_ev,0.0,0.0
2026-08-22,서화성,6,pack_ess,0.0,0.0
2026-08-22,서화성,6,blackmass,0.0,0.0
2026-08-22,서화성,7,pack_ev,0.0,0.0
2026-08-22,서화성,7,pack_ess,0.0,0.0
2026-08-22,서화성,7,blackmass,0.0,0.0
2026-08-22,서화성,8,pack_ev,0.0,0.0
2026-08-22,서화성,8,pack_ess,0.0,0.0
2026-08-22,서화성,8,blackmass,0.0,0.0
2026-08-22,서화성,9,pack_ev,0.0,0.0
2026-08-22,서화성,9,pack_ess,0.0,0.0
2026-08-22,서화성,9,blackmass,0.0,0.0
2026-08-22,서화성,10,pack_ev,0.0,0.0
2026-08-22,서화성,10,pack_ess,0.0,0.0
2026-08-22,서화성,10,blackmass,0.0,0.0
2026-08-22,서화성,11,pack_ev,0.0,0.0
2026-08-22,서화성,11,pack_ess,0.0,0.0
2026-08-22,서화성,11,blackmass,0.0,0.0
2026-08-22,서화성,12,pack_ev,0.0,0.0
2026-08-22,서화성,12,pack_ess,0.0,0.0
2026-08-22,서화성,12,blackmass,0.0,0.0
2026-08-22,서화성,13,pack_ev,0.0,0.0
2026-08-22,서화성,13,pack_ess,0.0,0.0
2026-08-22,서화성,13,blackmass,0.0,0.0
2026-08-22,서화성,14,pack_ev,0.0,0.0
2026-08-22,서화성,14,pack_ess,0.0,0.0
2026-08-22,서화성,14,blackmass,0.0,0.0
2026-08-22,서화성,15,pack_ev,0.0,0.0
2026-08-22,서화성,15,pack_ess,0.0,0.0
2026-08-22,서화성,15,blackmass,0.0,0.0
2026-08-22,서화성,16,pack_ev,0.0,0.0
2026-08-22,서화성,16,pack_ess,0.0,0.0
2026-08-22,서화성,16,blackmass,0.0,0.0
2026-08-22,서화성,17,pack_ev,0.0,0.0
2026-08-22,서화성,17,pack_ess,0.0,0.0
2026-08-22,서화성,17,blackmass,0.0,0.0
2026-08-22,서화성,18,pack_ev,0.0,0.0
2026-08-22,서화성,18,pack_ess,0.0,0.0
2026-08-22,서화성,18,blackmass,0.0,0.0
2026-08-22,서화성,19,pack_ev,0.0,0.0
2026-08-22,서화성,19,pack_ess,0.0,0.0
2026-08-22,서화성,19,blackmass,0.0,0.0
2026-08-22,서화성,20,pack_ev,0.0,0.0
2026-08-22,서화성,20,pack_ess,0.0,0.0
2026-08-22,서화성,20,blackmass,0.0,0.0
2026-08-22,서화성,21,pack_ev,0.0,0.0
2026-08-22,서화성,21,pack_ess,0.0,0.0
2026-08-22,서화성,21,blackmass,0.0,0.0
2026-08-22,서화성,22,pack_ev,0.0,0.0
2026-08-22,서화성,22,pack_ess,0.0,0.0
2026-08-22,서화성,22,blackmass,0.0,0.0
2026-08-22,서화성,23,pack_ev,0.0,0.0
2026-08-22,서화성,23,pack_ess,0.0,0.0
2026-08-22,서화성,23,blackmass,0.0,0.0
2026-08-22,신례원,0,pack_ev,0.0,0.0
2026-08-22,신례원,0,pack_ess,0.0,0.0
2026-08-22,신례원,0,blackmass,0.0,0.0
2026-08-22,신례원,1,pack_ev,0.0,0.0
2026-08-22,신례원,1,pack_ess,0.0,0.0
2026-08-22,신례원,1,blackmass,0.0,0.0
2026-08-22,신례원,2,pack_ev,0.0,0.0
2026-08-22,신례원,2,pack_ess,0.0,0.0
2026-08-22,신례원,2,blackmass,0.0,0.0
2026-08-22,신례원,3,pack_ev,0.0,0.0
2026-08-22,신례원,3,pack_ess,0.0,0.0
2026-08-22,신례원,3,blackmass,0.0,0.0
2026-08-22,신례원,4,pack_ev,0.0,0.0
2026-08-22,신례원,4,pack_ess,0.0,0.0
2026-08-22,신례원,4,blackmass,0.0,0.0
2026-08-22,신례원,5,pack_ev,0.0,0.0
2026-08-22,신례원,5,pack_ess,0.0,0.0
2026-08-22,신례원,5,blackmass,0.0,0.0
2026-08-22,신례원,6,pack_ev,0.0,0.0
2026-08-22,신례원,6,pack_ess,0.0,0.0
2026-08-22,신례원,6,blackmass,0.0,0.0
2026-08-22,신례원,7,pack_ev,0.0,0.0
2026-08-22,신례원,7,pack_ess,0.0,0.0
2026-08-22,신례원,7,blackmass,0.0,0.0
2026-08-22,신례원,8,pack_ev,0.0,0.0
2026-08-22,신례원,8,pack_ess,0.0,0.0
2026-08-22,신례원,8,blackmass,0.0,0.0
2026-08-22,신례원,9,pack_ev,0.0,0.0
2026-08-22,신례원,9,pack_ess,0.0,0.0
2026-08-22,신례원,9,blackmass,0.0,0.0
2026-08-22,신례원,10,pack_ev,0.0,0.0
2026-08-22,신례원,10,pack_ess,0.0,0.0
2026-08-22,신례원,10,blackmass,0.0,0.0
2026-08-22,신례원,11,pack_ev,0.0,0.0
2026-08-22,신례원,11,pack_ess,0.0,0.0
2026-08-22,신례원,11,blackmass,0.0,0.0
2026-08-22,신례원,12,pack_ev,0.0,0.0
2026-08-22,신례원,12,pack_ess,0.0,0.0
2026-08-22,신례원,12,blackmass,0.0,0.0
2026-08-22,신례원,13,pack_ev,0.0,0.0
2026-08-22,신례원,13,pack_ess,0.0,0.0
2026-08-22,신례원,13,blackmass,0.0,0.0
2026-08-22,신례원,14,pack_ev,0.0,0.0
2026-08-22,신례원,14,pack_ess,0.0,0.0
2026-08-22,신례원,14,blackmass,0.0,0.0
2026-08-22,신례원,15,pack_ev,0.0,0.0
2026-08-22,신례원,15,pack_ess,0.0,0.0
2026-08-22,신례원,15,blackmass,0.0,0.0
2026-08-22,신례원,16,pack_ev,0.0,0.0
2026-08-22,신례원,16,pack_ess,0.0,0.0
2026-08-22,신례원,16,blackmass,0.0,0.0
2026-08-22,신례원,17,pack_ev,0.0,0.0
2026-08-22,신례원,17,pack_ess,0.0,0.0
2026-08-22,신례원,17,blackmass,0.0,0.0
2026-08-22,신례원,18,pack_ev,0.0,0.0
2026-08-22,신례원,18,pack_ess,0.0,0.0
2026-08-22,신례원,18,blackmass,0.0,0.0
2026-08-22,신례원,19,pack_ev,0.0,0.0
2026-08-22,신례원,19,pack_ess,0.0,0.0
2026-08-22,신례원,19,blackmass,0.0,0.0
2026-08-22,신례원,20,pack_ev,0.0,0.0
2026-08-22,신례원,20,pack_ess,0.0,0.0
2026-08-22,신례원,20,blackmass,0.0,0.0
2026-08-22,신례원,21,pack_ev,0.0,0.0
2026-08-22,신례원,21,pack_ess,0.0,0.0
2026-08-22,신례원,21,blackmass,0.0,0.0
2026-08-22,신례원,22,pack_ev,0.0,0.0
2026-08-22,신례원,22,pack_ess,0.0,0.0
2026-08-22,신례원,22,blackmass,0.0,0.0
2026-08-22,신례원,23,pack_ev,0.0,0.0
2026-08-22,신례원,23,pack_ess,0.0,0.0
2026-08-22,신례원,23,blackmass,0.0,0.0
2026-08-22,안중,0,pack_ev,0.0,0.0
2026-08-22,안중,0,pack_ess,0.0,0.0
2026-08-22,안중,0,blackmass,0.0,0.0
2026-08-22,안중,1,pack_ev,0.0,0.0
2026-08-22,안중,1,pack_ess,0.0,0.0
2026-08-22,안중,1,blackmass,0.0,0.0
2026-08-22,안중,2,pack_ev,0.0,0.0
2026-08-22,안중,2,pack_ess,0.0,0.0
2026-08-22,안중,2,blackmass,0.0,0.0
2026-08-22,안중,3,pack_ev,0.0,0.0
2026-08-22,안중,3,pack_ess,0.0,0.0
2026-08-22,안중,3,blackmass,0.0,0.0
2026-08-22,안중,4,pack_ev,0.0,0.0
2026-08-22,안중,4,pack_ess,0.0,0.0
2026-08-22,안중,4,blackmass,0.0,0.0
2026-08-22,안중,5,pack_ev,0.0,0.0
2026-08-22,안중,5,pack_ess,0.0,0.0
2026-08-22,안중,5,blackmass,0.0,0.0
2026-08-22,안중,6,pack_ev,0.0,0.0
2026-08-22,안중,6,pack_ess,0.0,0.0
2026-08-22,안중,6,blackmass,0.0,0.0
2026-08-22,안중,7,pack_ev,0.0,0.0
2026-08-22,안중,7,pack_ess,0.0,0.0
2026-08-22,안중,7,blackmass,0.0,0.0
2026-08-22,안중,8,pack_ev,0.0,0.0
2026-08-22,안중,8,pack_ess,0.0,0.0
2026-08-22,안중,8,blackmass,0.0,0.0
2026-08-22,안중,9,pack_ev,0.0,0.0
2026-08-22,안중,9,pack_ess,0.0,0.0
2026-08-22,안중,9,blackmass,0.0,0.0
2026-08-22,안중,10,pack_ev,0.0,0.0
2026-08-22,안중,10,pack_ess,0.0,0.0
2026-08-22,안중,10,blackmass,0.0,0.0
2026-08-22,안중,11,pack_ev,0.0,0.0
2026-08-22,안중,11,pack_ess,0.0,0.0
2026-08-22,안중,11,blackmass,0.0,0.0
2026-08-22,안중,12,pack_ev,0.0,0.0
2026-08-22,안중,12,pack_ess,0.0,0.0
2026-08-22,안중,12,blackmass,0.0,0.0
2026-08-22,안중,13,pack_ev,0.0,0.0
2026-08-22,안중,13,pack_ess,0.0,0.0
2026-08-22,안중,13,blackmass,0.0,0.0
2026-08-22,안중,14,pack_ev,0.0,0.0
2026-08-22,안중,14,pack_ess,0.0,0.0
2026-08-22,안중,14,blackmass,0.0,0.0
2026-08-22,안중,15,pack_ev,0.0,0.0
2026-08-22,안중,15,pack_ess,0.0,0.0
2026-08-22,안중,15,blackmass,0.0,0.0
2026-08-22,안중,16,pack_ev,0.0,0.0
2026-08-22,안중,16,pack_ess,0.0,0.0
2026-08-22,안중,16,blackmass,0.0,0.0
2026-08-22,안중,17,pack_ev,0.0,0.0
2026-08-22,안중,17,pack_ess,0.0,0.0
2026-08-22,안중,17,blackmass,0.0,0.0
2026-08-22,안중,18,pack_ev,0.0,0.0
2026-08-22,안중,18,pack_ess,0.0,0.0
2026-08-22,안중,18,blackmass,0.0,0.0
2026-08-22,안중,19,pack_ev,0.0,0.0
2026-08-22,안중,19,pack_ess,0.0,0.0
2026-08-22,안중,19,blackmass,0.0,0.0
2026-08-22,안중,20,pack_ev,0.0,0.0
2026-08-22,안중,20,pack_ess,0.0,0.0
2026-08-22,안중,20,blackmass,0.0,0.0
2026-08-22,안중,21,pack_ev,0.0,0.0
2026-08-22,안중,21,pack_ess,0.0,0.0
2026-08-22,안중,21,blackmass,0.0,0.0
2026-08-22,안중,22,pack_ev,0.0,0.0
2026-08-22,안중,22,pack_ess,0.0,0.0
2026-08-22,안중,22,blackmass,0.0,0.0
2026-08-22,안중,23,pack_ev,0.0,0.0
2026-08-22,안중,23,pack_ess,0.0,0.0
2026-08-22,안중,23,blackmass,0.0,0.0
2026-08-22,천안,0,pack_ev,0.0,0.0
2026-08-22,천안,0,pack_ess,0.0,0.0
2026-08-22,천안,0,blackmass,0.0,0.0
2026-08-22,천안,1,pack_ev,0.0,0.0
2026-08-22,천안,1,pack_ess,0.0,0.0
2026-08-22,천안,1,blackmass,0.0,0.0
2026-08-22,천안,2,pack_ev,0.0,0.0
2026-08-22,천안,2,pack_ess,0.0,0.0
2026-08-22,천안,2,blackmass,0.0,0.0
2026-08-22,천안,3,pack_ev,0.0,0.0
2026-08-22,천안,3,pack_ess,0.0,0.0
2026-08-22,천안,3,blackmass,0.0,0.0
2026-08-22,천안,4,pack_ev,0.0,0.0
2026-08-22,천안,4,pack_ess,0.0,0.0
2026-08-22,천안,4,blackmass,0.0,0.0
2026-08-22,천안,5,pack_ev,0.0,0.0
2026-08-22,천안,5,pack_ess,0.0,0.0
2026-08-22,천안,5,blackmass,0.0,0.0
2026-08-22,천안,6,pack_ev,0.0,0.0
2026-08-22,천안,6,pack_ess,0.0,0.0
2026-08-22,천안,6,blackmass,0.0,0.0
2026-08-22,천안,7,pack_ev,0.0,0.0
2026-08-22,천안,7,pack_ess,0.0,0.0
2026-08-22,천안,7,blackmass,0.0,0.0
2026-08-22,천안,8,pack_ev,0.0,0.0
2026-08-22,천안,8,pack_ess,0.0,0.0
2026-08-22,천안,8,blackmass,0.0,0.0
2026-08-22,천안,9,pack_ev,0.0,0.0
2026-08-22,천안,9,pack_ess,0.0,0.0
2026-08-22,천안,9,blackmass,0.0,0.0
2026-08-22,천안,10,pack_ev,0.0,0.0
2026-08-22,천안,10,pack_ess,0.0,0.0
2026-08-22,천안,10,blackmass,0.0,0.0
2026-08-22,천안,11,pack_ev,0.0,0.0
2026-08-22,천안,11,pack_ess,0.0,0.0
2026-08-22,천안,11,blackmass,0.0,0.0
2026-08-22,천안,12,pack_ev,0.0,0.0
2026-08-22,천안,12,pack_ess,0.0,0.0
2026-08-22,천안,12,blackmass,0.0,0.0
2026-08-22,천안,13,pack_ev,0.0,0.0
2026-08-22,천안,13,pack_ess,0.0,0.0
2026-08-22,천안,13,blackmass,0.0,0.0
2026-08-22,천안,14,pack_ev,0.0,0.0
2026-08-22,천안,14,pack_ess,0.0,0.0
2026-08-22,천안,14,blackmass,0.0,0.0
2026-08-22,천안,15,pack_ev,0.0,0.0
2026-08-22,천안,15,pack_ess,0.0,0.0
2026-08-22,천안,15,blackmass,0.0,0.0
2026-08-22,천안,16,pack_ev,0.0,0.0
2026-08-22,천안,16,pack_ess,0.0,0.0
2026-08-22,천안,16,blackmass,0.0,0.0
2026-08-22,천안,17,pack_ev,0.0,0.0
2026-08-22,천안,17,pack_ess,0.0,0.0
2026-08-22,천안,17,blackmass,0.0,0.0
2026-08-22,천안,18,pack_ev,0.0,0.0
2026-08-22,천안,18,pack_ess,0.0,0.0
2026-08-22,천안,18,blackmass,0.0,0.0
2026-08-22,천안,19,pack_ev,0.0,0.0
2026-08-22,천안,19,pack_ess,0.0,0.0
2026-08-22,천안,19,blackmass,0.0,0.0
2026-08-22,천안,20,pack_ev,0.0,0.0
2026-08-22,천안,20,pack_ess,0.0,0.0
2026-08-22,천안,20,blackmass,0.0,0.0
2026-08-22,천안,21,pack_ev,0.0,0.0
2026-08-22,천안,21,pack_ess,0.0,0.0
2026-08-22,천안,21,blackmass,0.0,0.0
2026-08-22,천안,22,pack_ev,0.0,0.0
2026-08-22,천안,22,pack_ess,0.0,0.0
2026-08-22,천안,22,blackmass,0.0,0.0
2026-08-22,천안,23,pack_ev,0.0,0.0
2026-08-22,천안,23,pack_ess,0.0,0.0
2026-08-22,천안,23,blackmass,0.0,0.0
2026-08-23,서화성,0,pack_ev,0.0,0.0
2026-08-23,서화성,0,pack_ess,0.0,0.0
2026-08-23,서화성,0,blackmass,0.0,0.0
2026-08-23,서화성,1,pack_ev,0.0,0.0
2026-08-23,서화성,1,pack_ess,0.0,0.0
2026-08-23,서화성,1,blackmass,0.0,0.0
2026-08-23,서화성,2,pack_ev,0.0,0.0
2026-08-23,서화성,2,pack_ess,0.0,0.0
2026-08-23,서화성,2,blackmass,0.0,0.0
2026-08-23,서화성,3,pack_ev,0.0,0.0
2026-08-23,서화성,3,pack_ess,0.0,0.0
2026-08-23,서화성,3,blackmass,0.0,0.0
2026-08-23,서화성,4,pack_ev,0.0,0.0
2026-08-23,서화성,4,pack_ess,0.0,0.0
2026-08-23,서화성,4,blackmass,0.0,0.0
2026-08-23,서화성,5,pack_ev,0.0,0.0
2026-08-23,서화성,5,pack_ess,0.0,0.0
2026-08-23,서화성,5,blackmass,0.0,0.0
2026-08-23,서화성,6,pack_ev,0.0,0.0
2026-08-23,서화성,6,pack_ess,0.0,0.0
2026-08-23,서화성,6,blackmass,0.0,0.0
2026-08-23,서화성,7,pack_ev,0.0,0.0
2026-08-23,서화성,7,pack_ess,0.0,0.0
2026-08-23,서화성,7,blackmass,0.0,0.0
2026-08-23,서화성,8,pack_ev,0.0,0.0
2026-08-23,서화성,8,pack_ess,0.0,0.0
2026-08-23,서화성,8,blackmass,0.0,0.0
2026-08-23,서화성,9,pack_ev,0.0,0.0
2026-08-23,서화성,9,pack_ess,0.0,0.0
2026-08-23,서화성,9,blackmass,0.0,0.0
2026-08-23,서화성,10,pack_ev,0.0,0.0
2026-08-23,서화성,10,pack_ess,0.0,0.0
2026-08-23,서화성,10,blackmass,0.0,0.0
2026-08-23,서화성,11,pack_ev,0.0,0.0
2026-08-23,서화성,11,pack_ess,0.0,0.0
2026-08-23,서화성,11,blackmass,0.0,0.0
2026-08-23,서화성,12,pack_ev,0.0,0.0
2026-08-23,서화성,12,pack_ess,0.0,0.0
2026-08-23,서화성,12,blackmass,0.0,0.0
2026-08-23,서화성,13,pack_ev,0.0,0.0
2026-08-23,서화성,13,pack_ess,0.0,0.0
2026-08-23,서화성,13,blackmass,0.0,0.0
2026-08-23,서화성,14,pack_ev,0.0,0.0
2026-08-23,서화성,14,pack_ess,0.0,0.0
2026-08-23,서화성,14,blackmass,0.0,0.0
2026-08-23,서화성,15,pack_ev,0.0,0.0
2026-08-23,서화성,15,pack_ess,0.0,0.0
2026-08-23,서화성,15,blackmass,0.0,0.0
2026-08-23,서화성,16,pack_ev,0.0,0.0
2026-08-23,서화성,16,pack_ess,0.0,0.0
2026-08-23,서화성,16,blackmass,0.0,0.0
2026-08-23,서화성,17,pack_ev,0.0,0.0
2026-08-23,서화성,17,pack_ess,0.0,0.0
2026-08-23,서화성,17,blackmass,0.0,0.0
2026-08-23,서화성,18,pack_ev,0.0,0.0
2026-08-23,서화성,18,pack_ess,0.0,0.0
2026-08-23,서화성,18,blackmass,0.0,0.0
2026-08-23,서화성,19,pack_ev,0.0,0.0
2026-08-23,서화성,19,pack_ess,0.0,0.0
2026-08-23,서화성,19,blackmass,0.0,0.0
2026-08-23,서화성,20,pack_ev,0.0,0.0
2026-08-23,서화성,20,pack_ess,0.0,0.0
2026-08-23,서화성,20,blackmass,0.0,0.0
2026-08-23,서화성,21,pack_ev,0.0,0.0
2026-08-23,서화성,21,pack_ess,0.0,0.0
2026-08-23,서화성,21,blackmass,0.0,0.0
2026-08-23,서화성,22,pack_ev,0.0,0.0
2026-08-23,서화성,22,pack_ess,0.0,0.0
2026-08-23,서화성,22,blackmass,0.0,0.0
2026-08-23,서화성,23,pack_ev,0.0,0.0
2026-08-23,서화성,23,pack_ess,0.0,0.0
2026-08-23,서화성,23,blackmass,0.0,0.0
2026-08-23,신례원,0,pack_ev,0.0,0.0
2026-08-23,신례원,0,pack_ess,0.0,0.0
2026-08-23,신례원,0,blackmass,0.0,0.0
2026-08-23,신례원,1,pack_ev,0.0,0.0
2026-08-23,신례원,1,pack_ess,0.0,0.0
2026-08-23,신례원,1,blackmass,0.0,0.0
2026-08-23,신례원,2,pack_ev,0.0,0.0
2026-08-23,신례원,2,pack_ess,0.0,0.0
2026-08-23,신례원,2,blackmass,0.0,0.0
2026-08-23,신례원,3,pack_ev,0.0,0.0
2026-08-23,신례원,3,pack_ess,0.0,0.0
2026-08-23,신례원,3,blackmass,0.0,0.0
2026-08-23,신례원,4,pack_ev,0.0,0.0
2026-08-23,신례원,4,pack_ess,0.0,0.0
2026-08-23,신례원,4,blackmass,0.0,0.0
2026-08-23,신례원,5,pack_ev,0.0,0.0
2026-08-23,신례원,5,pack_ess,0.0,0.0
2026-08-23,신례원,5,blackmass,0.0,0.0
2026-08-23,신례원,6,pack_ev,0.0,0.0
2026-08-23,신례원,6,pack_ess,0.0,0.0
2026-08-23,신례원,6,blackmass,0.0,0.0
2026-08-23,신례원,7,pack_ev,0.0,0.0
2026-08-23,신례원,7,pack_ess,0.0,0.0
2026-08-23,신례원,7,blackmass,0.0,0.0
2026-08-23,신례원,8,pack_ev,0.0,0.0
2026-08-23,신례원,8,pack_ess,0.0,0.0
2026-08-23,신례원,8,blackmass,0.0,0.0
2026-08-23,신례원,9,pack_ev,0.0,0.0
2026-08-23,신례원,9,pack_ess,0.0,0.0
2026-08-23,신례원,9,blackmass,0.0,0.0
2026-08-23,신례원,10,pack_ev,0.0,0.0
2026-08-23,신례원,10,pack_ess,0.0,0.0
2026-08-23,신례원,10,blackmass,0.0,0.0
2026-08-23,신례원,11,pack_ev,0.0,0.0
2026-08-23,신례원,11,pack_ess,0.0,0.0
2026-08-23,신례원,11,blackmass,0.0,0.0
2026-08-23,신례원,12,pack_ev,0.0,0.0
2026-08-23,신례원,12,pack_ess,0.0,0.0
2026-08-23,신례원,12,blackmass,0.0,0.0
2026-08-23,신례원,13,pack_ev,0.0,0.0
2026-08-23,신례원,13,pack_ess,0.0,0.0
2026-08-23,신례원,13,blackmass,0.0,0.0
2026-08-23,신례원,14,pack_ev,0.0,0.0
2026-08-23,신례원,14,pack_ess,0.0,0.0
2026-08-23,신례원,14,blackmass,0.0,0.0
2026-08-23,신례원,15,pack_ev,0.0,0.0
2026-08-23,신례원,15,pack_ess,0.0,0.0
2026-08-23,신례원,15,blackmass,0.0,0.0
2026-08-23,신례원,16,pack_ev,0.0,0.0
2026-08-23,신례원,16,pack_ess,0.0,0.0
2026-08-23,신례원,16,blackmass,0.0,0.0
2026-08-23,신례원,17,pack_ev,0.0,0.0
2026-08-23,신례원,17,pack_ess,0.0,0.0
2026-08-23,신례원,17,blackmass,0.0,0.0
2026-08-23,신례원,18,pack_ev,0.0,0.0
2026-08-23,신례원,18,pack_ess,0.0,0.0
2026-08-23,신례원,18,blackmass,0.0,0.0
2026-08-23,신례원,19,pack_ev,0.0,0.0
2026-08-23,신례원,19,pack_ess,0.0,0.0
2026-08-23,신례원,19,blackmass,0.0,0.0
2026-08-23,신례원,20,pack_ev,0.0,0.0
2026-08-23,신례원,20,pack_ess,0.0,0.0
2026-08-23,신례원,20,blackmass,0.0,0.0
2026-08-23,신례원,21,pack_ev,0.0,0.0
2026-08-23,신례원,21,pack_ess,0.0,0.0
2026-08-23,신례원,21,blackmass,0.0,0.0
2026-08-23,신례원,22,pack_ev,0.0,0.0
2026-08-23,신례원,22,pack_ess,0.0,0.0
2026-08-23,신례원,22,blackmass,0.0,0.0
2026-08-23,신례원,23,pack_ev,0.0,0.0
2026-08-23,신례원,23,pack_ess,0.0,0.0
2026-08-23,신례원,23,blackmass,0.0,0.0
2026-08-23,안중,0,pack_ev,0.0,0.0
2026-08-23,안중,0,pack_ess,0.0,0.0
2026-08-23,안중,0,blackmass,0.0,0.0
2026-08-23,안중,1,pack_ev,0.0,0.0
2026-08-23,안중,1,pack_ess,0.0,0.0
2026-08-23,안중,1,blackmass,0.0,0.0
2026-08-23,안중,2,pack_ev,0.0,0.0
2026-08-23,안중,2,pack_ess,0.0,0.0
2026-08-23,안중,2,blackmass,0.0,0.0
2026-08-23,안중,3,pack_ev,0.0,0.0
2026-08-23,안중,3,pack_ess,0.0,0.0
2026-08-23,안중,3,blackmass,0.0,0.0
2026-08-23,안중,4,pack_ev,0.0,0.0
2026-08-23,안중,4,pack_ess,0.0,0.0
2026-08-23,안중,4,blackmass,0.0,0.0
2026-08-23,안중,5,pack_ev,0.0,0.0
2026-08-23,안중,5,pack_ess,0.0,0.0
2026-08-23,안중,5,blackmass,0.0,0.0
2026-08-23,안중,6,pack_ev,0.0,0.0
2026-08-23,안중,6,pack_ess,0.0,0.0
2026-08-23,안중,6,blackmass,0.0,0.0
2026-08-23,안중,7,pack_ev,0.0,0.0
2026-08-23,안중,7,pack_ess,0.0,0.0
2026-08-23,안중,7,blackmass,0.0,0.0
2026-08-23,안중,8,pack_ev,0.0,0.0
2026-08-23,안중,8,pack_ess,0.0,0.0
2026-08-23,안중,8,blackmass,0.0,0.0
2026-08-23,안중,9,pack_ev,0.0,0.0
2026-08-23,안중,9,pack_ess,0.0,0.0
2026-08-23,안중,9,blackmass,0.0,0.0
2026-08-23,안중,10,pack_ev,0.0,0.0
2026-08-23,안중,10,pack_ess,0.0,0.0
2026-08-23,안중,10,blackmass,0.0,0.0
2026-08-23,안중,11,pack_ev,0.0,0.0
2026-08-23,안중,11,pack_ess,0.0,0.0
2026-08-23,안중,11,blackmass,0.0,0.0
2026-08-23,안중,12,pack_ev,0.0,0.0
2026-08-23,안중,12,pack_ess,0.0,0.0
2026-08-23,안중,12,blackmass,0.0,0.0
2026-08-23,안중,13,pack_ev,0.0,0.0
2026-08-23,안중,13,pack_ess,0.0,0.0
2026-08-23,안중,13,blackmass,0.0,0.0
2026-08-23,안중,14,pack_ev,0.0,0.0
2026-08-23,안중,14,pack_ess,0.0,0.0
2026-08-23,안중,14,blackmass,0.0,0.0
2026-08-23,안중,15,pack_ev,0.0,0.0
2026-08-23,안중,15,pack_ess,0.0,0.0
2026-08-23,안중,15,blackmass,0.0,0.0
2026-08-23,안중,16,pack_ev,0.0,0.0
2026-08-23,안중,16,pack_ess,0.0,0.0
2026-08-23,안중,16,blackmass,0.0,0.0
2026-08-23,안중,17,pack_ev,0.0,0.0
2026-08-23,안중,17,pack_ess,0.0,0.0
2026-08-23,안중,17,blackmass,0.0,0.0
2026-08-23,안중,18,pack_ev,0.0,0.0
2026-08-23,안중,18,pack_ess,0.0,0.0
2026-08-23,안중,18,blackmass,0.0,0.0
2026-08-23,안중,19,pack_ev,0.0,0.0
2026-08-23,안중,19,pack_ess,0.0,0.0
2026-08-23,안중,19,blackmass,0.0,0.0
2026-08-23,안중,20,pack_ev,0.0,0.0
2026-08-23,안중,20,pack_ess,0.0,0.0
2026-08-23,안중,20,blackmass,0.0,0.0
2026-08-23,안중,21,pack_ev,0.0,0.0
2026-08-23,안중,21,pack_ess,0.0,0.0
2026-08-23,안중,21,blackmass,0.0,0.0
2026-08-23,안중,22,pack_ev,0.0,0.0
2026-08-23,안중,22,pack_ess,0.0,0.0
2026-08-23,안중,22,blackmass,0.0,0.0
2026-08-23,안중,23,pack_ev,0.0,0.0
2026-08-23,안중,23,pack_ess,0.0,0.0
2026-08-23,안중,23,blackmass,0.0,0.0
2026-08-23,천안,0,pack_ev,0.0,0.0
2026-08-23,천안,0,pack_ess,0.0,0.0
2026-08-23,천안,0,blackmass,0.0,0.0
2026-08-23,천안,1,pack_ev,0.0,0.0
2026-08-23,천안,1,pack_ess,0.0,0.0
2026-08-23,천안,1,blackmass,0.0,0.0
2026-08-23,천안,2,pack_ev,0.0,0.0
2026-08-23,천안,2,pack_ess,0.0,0.0
2026-08-23,천안,2,blackmass,0.0,0.0
2026-08-23,천안,3,pack_ev,0.0,0.0
2026-08-23,천안,3,pack_ess,0.0,0.0
2026-08-23,천안,3,blackmass,0.0,0.0
2026-08-23,천안,4,pack_ev,0.0,0.0
2026-08-23,천안,4,pack_ess,0.0,0.0
2026-08-23,천안,4,blackmass,0.0,0.0
2026-08-23,천안,5,pack_ev,0.0,0.0
2026-08-23,천안,5,pack_ess,0.0,0.0
2026-08-23,천안,5,blackmass,0.0,0.0
2026-08-23,천안,6,pack_ev,0.0,0.0
2026-08-23,천안,6,pack_ess,0.0,0.0
2026-08-23,천안,6,blackmass,0.0,0.0
2026-08-23,천안,7,pack_ev,0.0,0.0
2026-08-23,천안,7,pack_ess,0.0,0.0
2026-08-23,천안,7,blackmass,0.0,0.0
2026-08-23,천안,8,pack_ev,0.0,0.0
2026-08-23,천안,8,pack_ess,0.0,0.0
2026-08-23,천안,8,blackmass,0.0,0.0
2026-08-23,천안,9,pack_ev,0.0,0.0
2026-08-23,천안,9,pack_ess,0.0,0.0
2026-08-23,천안,9,blackmass,0.0,0.0
2026-08-23,천안,10,pack_ev,0.0,0.0
2026-08-23,천안,10,pack_ess,0.0,0.0
2026-08-23,천안,10,blackmass,0.0,0.0
2026-08-23,천안,11,pack_ev,0.0,0.0
2026-08-23,천안,11,pack_ess,0.0,0.0
2026-08-23,천안,11,blackmass,0.0,0.0
2026-08-23,천안,12,pack_ev,0.0,0.0
2026-08-23,천안,12,pack_ess,0.0,0.0
2026-08-23,천안,12,blackmass,0.0,0.0
2026-08-23,천안,13,pack_ev,0.0,0.0
2026-08-23,천안,13,pack_ess,0.0,0.0
2026-08-23,천안,13,blackmass,0.0,0.0
2026-08-23,천안,14,pack_ev,0.0,0.0
2026-08-23,천안,14,pack_ess,0.0,0.0
2026-08-23,천안,14,blackmass,0.0,0.0
2026-08-23,천안,15,pack_ev,0.0,0.0
2026-08-23,천안,15,pack_ess,0.0,0.0
2026-08-23,천안,15,blackmass,0.0,0.0
2026-08-23,천안,16,pack_ev,0.0,0.0
2026-08-23,천안,16,pack_ess,0.0,0.0
2026-08-23,천안,16,blackmass,0.0,0.0
2026-08-23,천안,17,pack_ev,0.0,0.0
2026-08-23,천안,17,pack_ess,0.0,0.0
2026-08-23,천안,17,blackmass,0.0,0.0
2026-08-23,천안,18,pack_ev,0.0,0.0
2026-08-23,천안,18,pack_ess,0.0,0.0
2026-08-23,천안,18,blackmass,0.0,0.0
2026-08-23,천안,19,pack_ev,0.0,0.0
2026-08-23,천안,19,pack_ess,0.0,0.0
2026-08-23,천안,19,blackmass,0.0,0.0
2026-08-23,천안,20,pack_ev,0.0,0.0
2026-08-23,천안,20,pack_ess,0.0,0.0
2026-08-23,천안,20,blackmass,0.0,0.0
2026-08-23,천안,21,pack_ev,0.0,0.0
2026-08-23,천안,21,pack_ess,0.0,0.0
2026-08-23,천안,21,blackmass,0.0,0.0
2026-08-23,천안,22,pack_ev,0.0,0.0
2026-08-23,천안,22,pack_ess,0.0,0.0
2026-08-23,천안,22,blackmass,0.0,0.0
2026-08-23,천안,23,pack_ev,0.0,0.0
2026-08-23,천안,23,pack_ess,0.0,0.0
2026-08-23,천안,23,blackmass,0.0,0.0
2026-08-24,서화성,0,pack_ev,0.0,0.0
2026-08-24,서화성,0,pack_ess,0.0,0.0
2026-08-24,서화성,0,blackmass,0.0,0.0
2026-08-24,서화성,1,pack_ev,0.0,0.0
2026-08-24,서화성,1,pack_ess,0.0,0.0
2026-08-24,서화성,1,blackmass,0.0,0.0
2026-08-24,서화성,2,pack_ev,0.0,0.0
2026-08-24,서화성,2,pack_ess,0.0,0.0
2026-08-24,서화성,2,blackmass,0.0,0.0
2026-08-24,서화성,3,pack_ev,0.0,0.0
2026-08-24,서화성,3,pack_ess,0.0,0.0
2026-08-24,서화성,3,blackmass,0.0,0.0
2026-08-24,서화성,4,pack_ev,0.0,0.0
2026-08-24,서화성,4,pack_ess,0.0,0.0
2026-08-24,서화성,4,blackmass,0.0,0.0
2026-08-24,서화성,5,pack_ev,0.0,0.0
2026-08-24,서화성,5,pack_ess,0.0,0.0
2026-08-24,서화성,5,blackmass,0.0,0.0
2026-08-24,서화성,6,pack_ev,0.0,0.0
2026-08-24,서화성,6,pack_ess,0.0,0.0
2026-08-24,서화성,6,blackmass,0.0,0.0
2026-08-24,서화성,7,pack_ev,0.0,0.0
2026-08-24,서화성,7,pack_ess,0.0,0.0
2026-08-24,서화성,7,blackmass,0.0,0.0
2026-08-24,서화성,8,pack_ev,0.0,0.0
2026-08-24,서화성,8,pack_ess,0.0,0.0
2026-08-24,서화성,8,blackmass,0.0,0.0
2026-08-24,서화성,9,pack_ev,0.0,0.0
2026-08-24,서화성,9,pack_ess,0.0,0.0
2026-08-24,서화성,9,blackmass,0.0,0.0
2026-08-24,서화성,10,pack_ev,4.582,0.1527
2026-08-24,서화성,10,pack_ess,0.0032,0.00011
2026-08-24,서화성,10,blackmass,1.222,0.0244
2026-08-24,서화성,11,pack_ev,4.582,0.1527
2026-08-24,서화성,11,pack_ess,0.0032,0.00011
2026-08-24,서화성,11,blackmass,1.222,0.0244
2026-08-24,서화성,12,pack_ev,4.582,0.1527
2026-08-24,서화성,12,pack_ess,0.0032,0.00011
2026-08-24,서화성,12,blackmass,1.222,0.0244
2026-08-24,서화성,13,pack_ev,4.582,0.1527
2026-08-24,서화성,13,pack_ess,0.0032,0.00011
2026-08-24,서화성,13,blackmass,1.222,0.0244
2026-08-24,서화성,14,pack_ev,4.582,0.1527
2026-08-24,서화성,14,pack_ess,0.0032,0.00011
2026-08-24,서화성,14,blackmass,1.222,0.0244
2026-08-24,서화성,15,pack_ev,4.582,0.1527
2026-08-24,서화성,15,pack_ess,0.0032,0.00011
2026-08-24,서화성,15,blackmass,1.222,0.0244
2026-08-24,서화성,16,pack_ev,4.582,0.1527
2026-08-24,서화성,16,pack_ess,0.0032,0.00011
2026-08-24,서화성,16,blackmass,1.222,0.0244
2026-08-24,서화성,17,pack_ev,4.582,0.1527
2026-08-24,서화성,17,pack_ess,0.0032,0.00011
2026-08-24,서화성,17,blackmass,1.222,0.0244
2026-08-24,서화성,18,pack_ev,0.0,0.0
2026-08-24,서화성,18,pack_ess,0.0,0.0
2026-08-24,서화성,18,blackmass,0.0,0.0
2026-08-24,서화성,19,pack_ev,0.0,0.0
2026-08-24,서화성,19,pack_ess,0.0,0.0
2026-08-24,서화성,19,blackmass,0.0,0.0
2026-08-24,서화성,20,pack_ev,0.0,0.0
2026-08-24,서화성,20,pack_ess,0.0,0.0
2026-08-24,서화성,20,blackmass,0.0,0.0
2026-08-24,서화성,21,pack_ev,0.0,0.0
2026-08-24,서화성,21,pack_ess,0.0,0.0
2026-08-24,서화성,21,blackmass,0.0,0.0
2026-08-24,서화성,22,pack_ev,0.0,0.0
2026-08-24,서화성,22,pack_ess,0.0,0.0
2026-08-24,서화성,22,blackmass,0.0,0.0
2026-08-24,서화성,23,pack_ev,0.0,0.0
2026-08-24,서화성,23,pack_ess,0.0,0.0
2026-08-24,서화성,23,blackmass,0.0,0.0
2026-08-24,신례원,0,pack_ev,0.0,0.0
2026-08-24,신례원,0,pack_ess,0.0,0.0
2026-08-24,신례원,0,blackmass,0.0,0.0
2026-08-24,신례원,1,pack_ev,0.0,0.0
2026-08-24,신례원,1,pack_ess,0.0,0.0
2026-08-24,신례원,1,blackmass,0.0,0.0
2026-08-24,신례원,2,pack_ev,0.0,0.0
2026-08-24,신례원,2,pack_ess,0.0,0.0
2026-08-24,신례원,2,blackmass,0.0,0.0
2026-08-24,신례원,3,pack_ev,0.0,0.0
2026-08-24,신례원,3,pack_ess,0.0,0.0
2026-08-24,신례원,3,blackmass,0.0,0.0
2026-08-24,신례원,4,pack_ev,0.0,0.0
2026-08-24,신례원,4,pack_ess,0.0,0.0
2026-08-24,신례원,4,blackmass,0.0,0.0
2026-08-24,신례원,5,pack_ev,0.0,0.0
2026-08-24,신례원,5,pack_ess,0.0,0.0
2026-08-24,신례원,5,blackmass,0.0,0.0
2026-08-24,신례원,6,pack_ev,0.0,0.0
2026-08-24,신례원,6,pack_ess,0.0,0.0
2026-08-24,신례원,6,blackmass,0.0,0.0
2026-08-24,신례원,7,pack_ev,0.0,0.0
2026-08-24,신례원,7,pack_ess,0.0,0.0
2026-08-24,신례원,7,blackmass,0.0,0.0
2026-08-24,신례원,8,pack_ev,0.0,0.0
2026-08-24,신례원,8,pack_ess,0.0,0.0
2026-08-24,신례원,8,blackmass,0.0,0.0
2026-08-24,신례원,9,pack_ev,0.0,0.0
2026-08-24,신례원,9,pack_ess,0.0,0.0
2026-08-24,신례원,9,blackmass,0.0,0.0
2026-08-24,신례원,10,pack_ev,0.0,0.0
2026-08-24,신례원,10,pack_ess,0.0,0.0
2026-08-24,신례원,10,blackmass,3.019,0.0604
2026-08-24,신례원,11,pack_ev,0.0,0.0
2026-08-24,신례원,11,pack_ess,0.0,0.0
2026-08-24,신례원,11,blackmass,3.019,0.0604
2026-08-24,신례원,12,pack_ev,0.0,0.0
2026-08-24,신례원,12,pack_ess,0.0,0.0
2026-08-24,신례원,12,blackmass,3.019,0.0604
2026-08-24,신례원,13,pack_ev,0.0,0.0
2026-08-24,신례원,13,pack_ess,0.0,0.0
2026-08-24,신례원,13,blackmass,3.019,0.0604
2026-08-24,신례원,14,pack_ev,0.0,0.0
2026-08-24,신례원,14,pack_ess,0.0,0.0
2026-08-24,신례원,14,blackmass,3.019,0.0604
2026-08-24,신례원,15,pack_ev,0.0,0.0
2026-08-24,신례원,15,pack_ess,0.0,0.0
2026-08-24,신례원,15,blackmass,3.019,0.0604
2026-08-24,신례원,16,pack_ev,0.0,0.0
2026-08-24,신례원,16,pack_ess,0.0,0.0
2026-08-24,신례원,16,blackmass,3.019,0.0604
2026-08-24,신례원,17,pack_ev,0.0,0.0
2026-08-24,신례원,17,pack_ess,0.0,0.0
2026-08-24,신례원,17,blackmass,3.019,0.0604
2026-08-24,신례원,18,pack_ev,0.0,0.0
2026-08-24,신례원,18,pack_ess,0.0,0.0
2026-08-24,신례원,18,blackmass,0.0,0.0
2026-08-24,신례원,19,pack_ev,0.0,0.0
2026-08-24,신례원,19,pack_ess,0.0,0.0
2026-08-24,신례원,19,blackmass,0.0,0.0
2026-08-24,신례원,20,pack_ev,0.0,0.0
2026-08-24,신례원,20,pack_ess,0.0,0.0
2026-08-24,신례원,20,blackmass,0.0,0.0
2026-08-24,신례원,21,pack_ev,0.0,0.0
2026-08-24,신례원,21,pack_ess,0.0,0.0
2026-08-24,신례원,21,blackmass,0.0,0.0
2026-08-24,신례원,22,pack_ev,0.0,0.0
2026-08-24,신례원,22,pack_ess,0.0,0.0
2026-08-24,신례원,22,blackmass,0.0,0.0
2026-08-24,신례원,23,pack_ev,0.0,0.0
2026-08-24,신례원,23,pack_ess,0.0,0.0
2026-08-24,신례원,23,blackmass,0.0,0.0
2026-08-24,안중,0,pack_ev,0.0,0.0
2026-08-24,안중,0,pack_ess,0.0,0.0
2026-08-24,안중,0,blackmass,0.0,0.0
2026-08-24,안중,1,pack_ev,0.0,0.0
2026-08-24,안중,1,pack_ess,0.0,0.0
2026-08-24,안중,1,blackmass,0.0,0.0
2026-08-24,안중,2,pack_ev,0.0,0.0
2026-08-24,안중,2,pack_ess,0.0,0.0
2026-08-24,안중,2,blackmass,0.0,0.0
2026-08-24,안중,3,pack_ev,0.0,0.0
2026-08-24,안중,3,pack_ess,0.0,0.0
2026-08-24,안중,3,blackmass,0.0,0.0
2026-08-24,안중,4,pack_ev,0.0,0.0
2026-08-24,안중,4,pack_ess,0.0,0.0
2026-08-24,안중,4,blackmass,0.0,0.0
2026-08-24,안중,5,pack_ev,0.0,0.0
2026-08-24,안중,5,pack_ess,0.0,0.0
2026-08-24,안중,5,blackmass,0.0,0.0
2026-08-24,안중,6,pack_ev,0.0,0.0
2026-08-24,안중,6,pack_ess,0.0,0.0
2026-08-24,안중,6,blackmass,0.0,0.0
2026-08-24,안중,7,pack_ev,0.0,0.0
2026-08-24,안중,7,pack_ess,0.0,0.0
2026-08-24,안중,7,blackmass,0.0,0.0
2026-08-24,안중,8,pack_ev,0.0,0.0
2026-08-24,안중,8,pack_ess,0.0,0.0
2026-08-24,안중,8,blackmass,0.0,0.0
2026-08-24,안중,9,pack_ev,0.0,0.0
2026-08-24,안중,9,pack_ess,0.0,0.0
2026-08-24,안중,9,blackmass,0.0,0.0
2026-08-24,안중,10,pack_ev,4.582,0.1527
2026-08-24,안중,10,pack_ess,0.0032,0.00011
2026-08-24,안중,10,blackmass,1.222,0.0244
2026-08-24,안중,11,pack_ev,4.582,0.1527
2026-08-24,안중,11,pack_ess,0.0032,0.00011
2026-08-24,안중,11,blackmass,1.222,0.0244
2026-08-24,안중,12,pack_ev,4.582,0.1527
2026-08-24,안중,12,pack_ess,0.0032,0.00011
2026-08-24,안중,12,blackmass,1.222,0.0244
2026-08-24,안중,13,pack_ev,4.582,0.1527
2026-08-24,안중,13,pack_ess,0.0032,0.00011
2026-08-24,안중,13,blackmass,1.222,0.0244
2026-08-24,안중,14,pack_ev,4.582,0.1527
2026-08-24,안중,14,pack_ess,0.0032,0.00011
2026-08-24,안중,14,blackmass,1.222,0.0244
2026-08-24,안중,15,pack_ev,4.582,0.1527
2026-08-24,안중,15,pack_ess,0.0032,0.00011
2026-08-24,안중,15,blackmass,1.222,0.0244
2026-08-24,안중,16,pack_ev,4.582,0.1527
2026-08-24,안중,16,pack_ess,0.0032,0.00011
2026-08-24,안중,16,blackmass,1.222,0.0244
2026-08-24,안중,17,pack_ev,4.582,0.1527
2026-08-24,안중,17,pack_ess,0.0032,0.00011
2026-08-24,안중,17,blackmass,1.222,0.0244
2026-08-24,안중,18,pack_ev,0.0,0.0
2026-08-24,안중,18,pack_ess,0.0,0.0
2026-08-24,안중,18,blackmass,0.0,0.0
2026-08-24,안중,19,pack_ev,0.0,0.0
2026-08-24,안중,19,pack_ess,0.0,0.0
2026-08-24,안중,19,blackmass,0.0,0.0
2026-08-24,안중,20,pack_ev,0.0,0.0
2026-08-24,안중,20,pack_ess,0.0,0.0
2026-08-24,안중,20,blackmass,0.0,0.0
2026-08-24,안중,21,pack_ev,0.0,0.0
2026-08-24,안중,21,pack_ess,0.0,0.0
2026-08-24,안중,21,blackmass,0.0,0.0
2026-08-24,안중,22,pack_ev,0.0,0.0
2026-08-24,안중,22,pack_ess,0.0,0.0
2026-08-24,안중,22,blackmass,0.0,0.0
2026-08-24,안중,23,pack_ev,0.0,0.0
2026-08-24,안중,23,pack_ess,0.0,0.0
2026-08-24,안중,23,blackmass,0.0,0.0
2026-08-24,천안,0,pack_ev,0.0,0.0
2026-08-24,천안,0,pack_ess,0.0,0.0
2026-08-24,천안,0,blackmass,0.0,0.0
2026-08-24,천안,1,pack_ev,0.0,0.0
2026-08-24,천안,1,pack_ess,0.0,0.0
2026-08-24,천안,1,blackmass,0.0,0.0
2026-08-24,천안,2,pack_ev,0.0,0.0
2026-08-24,천안,2,pack_ess,0.0,0.0
2026-08-24,천안,2,blackmass,0.0,0.0
2026-08-24,천안,3,pack_ev,0.0,0.0
2026-08-24,천안,3,pack_ess,0.0,0.0
2026-08-24,천안,3,blackmass,0.0,0.0
2026-08-24,천안,4,pack_ev,0.0,0.0
2026-08-24,천안,4,pack_ess,0.0,0.0
2026-08-24,천안,4,blackmass,0.0,0.0
2026-08-24,천안,5,pack_ev,0.0,0.0
2026-08-24,천안,5,pack_ess,0.0,0.0
2026-08-24,천안,5,blackmass,0.0,0.0
2026-08-24,천안,6,pack_ev,0.0,0.0
2026-08-24,천안,6,pack_ess,0.0,0.0
2026-08-24,천안,6,blackmass,0.0,0.0
2026-08-24,천안,7,pack_ev,0.0,0.0
2026-08-24,천안,7,pack_ess,0.0,0.0
2026-08-24,천안,7,blackmass,0.0,0.0
2026-08-24,천안,8,pack_ev,0.0,0.0
2026-08-24,천안,8,pack_ess,0.0,0.0
2026-08-24,천안,8,blackmass,0.0,0.0
2026-08-24,천안,9,pack_ev,0.0,0.0
2026-08-24,천안,9,pack_ess,0.0,0.0
2026-08-24,천안,9,blackmass,0.0,0.0
2026-08-24,천안,10,pack_ev,0.0,0.0
2026-08-24,천안,10,pack_ess,0.0,0.0
2026-08-24,천안,10,blackmass,4.529,0.0906
2026-08-24,천안,11,pack_ev,0.0,0.0
2026-08-24,천안,11,pack_ess,0.0,0.0
2026-08-24,천안,11,blackmass,4.529,0.0906
2026-08-24,천안,12,pack_ev,0.0,0.0
2026-08-24,천안,12,pack_ess,0.0,0.0
2026-08-24,천안,12,blackmass,4.529,0.0906
2026-08-24,천안,13,pack_ev,0.0,0.0
2026-08-24,천안,13,pack_ess,0.0,0.0
2026-08-24,천안,13,blackmass,4.529,0.0906
2026-08-24,천안,14,pack_ev,0.0,0.0
2026-08-24,천안,14,pack_ess,0.0,0.0
2026-08-24,천안,14,blackmass,4.529,0.0906
2026-08-24,천안,15,pack_ev,0.0,0.0
2026-08-24,천안,15,pack_ess,0.0,0.0
2026-08-24,천안,15,blackmass,4.529,0.0906
2026-08-24,천안,16,pack_ev,0.0,0.0
2026-08-24,천안,16,pack_ess,0.0,0.0
2026-08-24,천안,16,blackmass,4.529,0.0906
2026-08-24,천안,17,pack_ev,0.0,0.0
2026-08-24,천안,17,pack_ess,0.0,0.0
2026-08-24,천안,17,blackmass,4.529,0.0906
2026-08-24,천안,18,pack_ev,0.0,0.0
2026-08-24,천안,18,pack_ess,0.0,0.0
2026-08-24,천안,18,blackmass,0.0,0.0
2026-08-24,천안,19,pack_ev,0.0,0.0
2026-08-24,천안,19,pack_ess,0.0,0.0
2026-08-24,천안,19,blackmass,0.0,0.0
2026-08-24,천안,20,pack_ev,0.0,0.0
2026-08-24,천안,20,pack_ess,0.0,0.0
2026-08-24,천안,20,blackmass,0.0,0.0
2026-08-24,천안,21,pack_ev,0.0,0.0
2026-08-24,천안,21,pack_ess,0.0,0.0
2026-08-24,천안,21,blackmass,0.0,0.0
2026-08-24,천안,22,pack_ev,0.0,0.0
2026-08-24,천안,22,pack_ess,0.0,0.0
2026-08-24,천안,22,blackmass,0.0,0.0
2026-08-24,천안,23,pack_ev,0.0,0.0
2026-08-24,천안,23,pack_ess,0.0,0.0
2026-08-24,천안,23,blackmass,0.0,0.0
2026-08-25,서화성,0,pack_ev,0.0,0.0
2026-08-25,서화성,0,pack_ess,0.0,0.0
2026-08-25,서화성,0,blackmass,0.0,0.0
2026-08-25,서화성,1,pack_ev,0.0,0.0
2026-08-25,서화성,1,pack_ess,0.0,0.0
2026-08-25,서화성,1,blackmass,0.0,0.0
2026-08-25,서화성,2,pack_ev,0.0,0.0
2026-08-25,서화성,2,pack_ess,0.0,0.0
2026-08-25,서화성,2,blackmass,0.0,0.0
2026-08-25,서화성,3,pack_ev,0.0,0.0
2026-08-25,서화성,3,pack_ess,0.0,0.0
2026-08-25,서화성,3,blackmass,0.0,0.0
2026-08-25,서화성,4,pack_ev,0.0,0.0
2026-08-25,서화성,4,pack_ess,0.0,0.0
2026-08-25,서화성,4,blackmass,0.0,0.0
2026-08-25,서화성,5,pack_ev,0.0,0.0
2026-08-25,서화성,5,pack_ess,0.0,0.0
2026-08-25,서화성,5,blackmass,0.0,0.0
2026-08-25,서화성,6,pack_ev,0.0,0.0
2026-08-25,서화성,6,pack_ess,0.0,0.0
2026-08-25,서화성,6,blackmass,0.0,0.0
2026-08-25,서화성,7,pack_ev,0.0,0.0
2026-08-25,서화성,7,pack_ess,0.0,0.0
2026-08-25,서화성,7,blackmass,0.0,0.0
2026-08-25,서화성,8,pack_ev,0.0,0.0
2026-08-25,서화성,8,pack_ess,0.0,0.0
2026-08-25,서화성,8,blackmass,0.0,0.0
2026-08-25,서화성,9,pack_ev,0.0,0.0
2026-08-25,서화성,9,pack_ess,0.0,0.0
2026-08-25,서화성,9,blackmass,0.0,0.0
2026-08-25,서화성,10,pack_ev,0.0,0.0
2026-08-25,서화성,10,pack_ess,0.0,0.0
2026-08-25,서화성,10,blackmass,0.0,0.0
2026-08-25,서화성,11,pack_ev,0.0,0.0
2026-08-25,서화성,11,pack_ess,0.0,0.0
2026-08-25,서화성,11,blackmass,0.0,0.0
2026-08-25,서화성,12,pack_ev,0.0,0.0
2026-08-25,서화성,12,pack_ess,0.0,0.0
2026-08-25,서화성,12,blackmass,0.0,0.0
2026-08-25,서화성,13,pack_ev,0.0,0.0
2026-08-25,서화성,13,pack_ess,0.0,0.0
2026-08-25,서화성,13,blackmass,0.0,0.0
2026-08-25,서화성,14,pack_ev,0.0,0.0
2026-08-25,서화성,14,pack_ess,0.0,0.0
2026-08-25,서화성,14,blackmass,0.0,0.0
2026-08-25,서화성,15,pack_ev,0.0,0.0
2026-08-25,서화성,15,pack_ess,0.0,0.0
2026-08-25,서화성,15,blackmass,0.0,0.0
2026-08-25,서화성,16,pack_ev,0.0,0.0
2026-08-25,서화성,16,pack_ess,0.0,0.0
2026-08-25,서화성,16,blackmass,0.0,0.0
2026-08-25,서화성,17,pack_ev,0.0,0.0
2026-08-25,서화성,17,pack_ess,0.0,0.0
2026-08-25,서화성,17,blackmass,0.0,0.0
2026-08-25,서화성,18,pack_ev,0.0,0.0
2026-08-25,서화성,18,pack_ess,0.0,0.0
2026-08-25,서화성,18,blackmass,0.0,0.0
2026-08-25,서화성,19,pack_ev,0.0,0.0
2026-08-25,서화성,19,pack_ess,0.0,0.0
2026-08-25,서화성,19,blackmass,0.0,0.0
2026-08-25,서화성,20,pack_ev,0.0,0.0
2026-08-25,서화성,20,pack_ess,0.0,0.0
2026-08-25,서화성,20,blackmass,0.0,0.0
2026-08-25,서화성,21,pack_ev,0.0,0.0
2026-08-25,서화성,21,pack_ess,0.0,0.0
2026-08-25,서화성,21,blackmass,0.0,0.0
2026-08-25,서화성,22,pack_ev,0.0,0.0
2026-08-25,서화성,22,pack_ess,0.0,0.0
2026-08-25,서화성,22,blackmass,0.0,0.0
2026-08-25,서화성,23,pack_ev,0.0,0.0
2026-08-25,서화성,23,pack_ess,0.0,0.0
2026-08-25,서화성,23,blackmass,0.0,0.0
2026-08-25,신례원,0,pack_ev,0.0,0.0
2026-08-25,신례원,0,pack_ess,0.0,0.0
2026-08-25,신례원,0,blackmass,0.0,0.0
2026-08-25,신례원,1,pack_ev,0.0,0.0
2026-08-25,신례원,1,pack_ess,0.0,0.0
2026-08-25,신례원,1,blackmass,0.0,0.0
2026-08-25,신례원,2,pack_ev,0.0,0.0
2026-08-25,신례원,2,pack_ess,0.0,0.0
2026-08-25,신례원,2,blackmass,0.0,0.0
2026-08-25,신례원,3,pack_ev,0.0,0.0
2026-08-25,신례원,3,pack_ess,0.0,0.0
2026-08-25,신례원,3,blackmass,0.0,0.0
2026-08-25,신례원,4,pack_ev,0.0,0.0
2026-08-25,신례원,4,pack_ess,0.0,0.0
2026-08-25,신례원,4,blackmass,0.0,0.0
2026-08-25,신례원,5,pack_ev,0.0,0.0
2026-08-25,신례원,5,pack_ess,0.0,0.0
2026-08-25,신례원,5,blackmass,0.0,0.0
2026-08-25,신례원,6,pack_ev,0.0,0.0
2026-08-25,신례원,6,pack_ess,0.0,0.0
2026-08-25,신례원,6,blackmass,0.0,0.0
2026-08-25,신례원,7,pack_ev,0.0,0.0
2026-08-25,신례원,7,pack_ess,0.0,0.0
2026-08-25,신례원,7,blackmass,0.0,0.0
2026-08-25,신례원,8,pack_ev,0.0,0.0
2026-08-25,신례원,8,pack_ess,0.0,0.0
2026-08-25,신례원,8,blackmass,0.0,0.0
2026-08-25,신례원,9,pack_ev,0.0,0.0
2026-08-25,신례원,9,pack_ess,0.0,0.0
2026-08-25,신례원,9,blackmass,0.0,0.0
2026-08-25,신례원,10,pack_ev,0.0,0.0
2026-08-25,신례원,10,pack_ess,0.0,0.0
2026-08-25,신례원,10,blackmass,0.0,0.0
2026-08-25,신례원,11,pack_ev,0.0,0.0
2026-08-25,신례원,11,pack_ess,0.0,0.0
2026-08-25,신례원,11,blackmass,0.0,0.0
2026-08-25,신례원,12,pack_ev,0.0,0.0
2026-08-25,신례원,12,pack_ess,0.0,0.0
2026-08-25,신례원,12,blackmass,0.0,0.0
2026-08-25,신례원,13,pack_ev,0.0,0.0
2026-08-25,신례원,13,pack_ess,0.0,0.0
2026-08-25,신례원,13,blackmass,0.0,0.0
2026-08-25,신례원,14,pack_ev,0.0,0.0
2026-08-25,신례원,14,pack_ess,0.0,0.0
2026-08-25,신례원,14,blackmass,0.0,0.0
2026-08-25,신례원,15,pack_ev,0.0,0.0
2026-08-25,신례원,15,pack_ess,0.0,0.0
2026-08-25,신례원,15,blackmass,0.0,0.0
2026-08-25,신례원,16,pack_ev,0.0,0.0
2026-08-25,신례원,16,pack_ess,0.0,0.0
2026-08-25,신례원,16,blackmass,0.0,0.0
2026-08-25,신례원,17,pack_ev,0.0,0.0
2026-08-25,신례원,17,pack_ess,0.0,0.0
2026-08-25,신례원,17,blackmass,0.0,0.0
2026-08-25,신례원,18,pack_ev,0.0,0.0
2026-08-25,신례원,18,pack_ess,0.0,0.0
2026-08-25,신례원,18,blackmass,0.0,0.0
2026-08-25,신례원,19,pack_ev,0.0,0.0
2026-08-25,신례원,19,pack_ess,0.0,0.0
2026-08-25,신례원,19,blackmass,0.0,0.0
2026-08-25,신례원,20,pack_ev,0.0,0.0
2026-08-25,신례원,20,pack_ess,0.0,0.0
2026-08-25,신례원,20,blackmass,0.0,0.0
2026-08-25,신례원,21,pack_ev,0.0,0.0
2026-08-25,신례원,21,pack_ess,0.0,0.0
2026-08-25,신례원,21,blackmass,0.0,0.0
2026-08-25,신례원,22,pack_ev,0.0,0.0
2026-08-25,신례원,22,pack_ess,0.0,0.0
2026-08-25,신례원,22,blackmass,0.0,0.0
2026-08-25,신례원,23,pack_ev,0.0,0.0
2026-08-25,신례원,23,pack_ess,0.0,0.0
2026-08-25,신례원,23,blackmass,0.0,0.0
2026-08-25,안중,0,pack_ev,0.0,0.0
2026-08-25,안중,0,pack_ess,0.0,0.0
2026-08-25,안중,0,blackmass,0.0,0.0
2026-08-25,안중,1,pack_ev,0.0,0.0
2026-08-25,안중,1,pack_ess,0.0,0.0
2026-08-25,안중,1,blackmass,0.0,0.0
2026-08-25,안중,2,pack_ev,0.0,0.0
2026-08-25,안중,2,pack_ess,0.0,0.0
2026-08-25,안중,2,blackmass,0.0,0.0
2026-08-25,안중,3,pack_ev,0.0,0.0
2026-08-25,안중,3,pack_ess,0.0,0.0
2026-08-25,안중,3,blackmass,0.0,0.0
2026-08-25,안중,4,pack_ev,0.0,0.0
2026-08-25,안중,4,pack_ess,0.0,0.0
2026-08-25,안중,4,blackmass,0.0,0.0
2026-08-25,안중,5,pack_ev,0.0,0.0
2026-08-25,안중,5,pack_ess,0.0,0.0
2026-08-25,안중,5,blackmass,0.0,0.0
2026-08-25,안중,6,pack_ev,0.0,0.0
2026-08-25,안중,6,pack_ess,0.0,0.0
2026-08-25,안중,6,blackmass,0.0,0.0
2026-08-25,안중,7,pack_ev,0.0,0.0
2026-08-25,안중,7,pack_ess,0.0,0.0
2026-08-25,안중,7,blackmass,0.0,0.0
2026-08-25,안중,8,pack_ev,0.0,0.0
2026-08-25,안중,8,pack_ess,0.0,0.0
2026-08-25,안중,8,blackmass,0.0,0.0
2026-08-25,안중,9,pack_ev,0.0,0.0
2026-08-25,안중,9,pack_ess,0.0,0.0
2026-08-25,안중,9,blackmass,0.0,0.0
2026-08-25,안중,10,pack_ev,0.0,0.0
2026-08-25,안중,10,pack_ess,0.0,0.0
2026-08-25,안중,10,blackmass,0.0,0.0
2026-08-25,안중,11,pack_ev,0.0,0.0
2026-08-25,안중,11,pack_ess,0.0,0.0
2026-08-25,안중,11,blackmass,0.0,0.0
2026-08-25,안중,12,pack_ev,0.0,0.0
2026-08-25,안중,12,pack_ess,0.0,0.0
2026-08-25,안중,12,blackmass,0.0,0.0
2026-08-25,안중,13,pack_ev,0.0,0.0
2026-08-25,안중,13,pack_ess,0.0,0.0
2026-08-25,안중,13,blackmass,0.0,0.0
2026-08-25,안중,14,pack_ev,0.0,0.0
2026-08-25,안중,14,pack_ess,0.0,0.0
2026-08-25,안중,14,blackmass,0.0,0.0
2026-08-25,안중,15,pack_ev,0.0,0.0
2026-08-25,안중,15,pack_ess,0.0,0.0
2026-08-25,안중,15,blackmass,0.0,0.0
2026-08-25,안중,16,pack_ev,0.0,0.0
2026-08-25,안중,16,pack_ess,0.0,0.0
2026-08-25,안중,16,blackmass,0.0,0.0
2026-08-25,안중,17,pack_ev,0.0,0.0
2026-08-25,안중,17,pack_ess,0.0,0.0
2026-08-25,안중,17,blackmass,0.0,0.0
2026-08-25,안중,18,pack_ev,0.0,0.0
2026-08-25,안중,18,pack_ess,0.0,0.0
2026-08-25,안중,18,blackmass,0.0,0.0
2026-08-25,안중,19,pack_ev,0.0,0.0
2026-08-25,안중,19,pack_ess,0.0,0.0
2026-08-25,안중,19,blackmass,0.0,0.0
2026-08-25,안중,20,pack_ev,0.0,0.0
2026-08-25,안중,20,pack_ess,0.0,0.0
2026-08-25,안중,20,blackmass,0.0,0.0
2026-08-25,안중,21,pack_ev,0.0,0.0
2026-08-25,안중,21,pack_ess,0.0,0.0
2026-08-25,안중,21,blackmass,0.0,0.0
2026-08-25,안중,22,pack_ev,0.0,0.0
2026-08-25,안중,22,pack_ess,0.0,0.0
2026-08-25,안중,22,blackmass,0.0,0.0
2026-08-25,안중,23,pack_ev,0.0,0.0
2026-08-25,안중,23,pack_ess,0.0,0.0
2026-08-25,안중,23,blackmass,0.0,0.0
2026-08-25,천안,0,pack_ev,0.0,0.0
2026-08-25,천안,0,pack_ess,0.0,0.0
2026-08-25,천안,0,blackmass,0.0,0.0
2026-08-25,천안,1,pack_ev,0.0,0.0
2026-08-25,천안,1,pack_ess,0.0,0.0
2026-08-25,천안,1,blackmass,0.0,0.0
2026-08-25,천안,2,pack_ev,0.0,0.0
2026-08-25,천안,2,pack_ess,0.0,0.0
2026-08-25,천안,2,blackmass,0.0,0.0
2026-08-25,천안,3,pack_ev,0.0,0.0
2026-08-25,천안,3,pack_ess,0.0,0.0
2026-08-25,천안,3,blackmass,0.0,0.0
2026-08-25,천안,4,pack_ev,0.0,0.0
2026-08-25,천안,4,pack_ess,0.0,0.0
2026-08-25,천안,4,blackmass,0.0,0.0
2026-08-25,천안,5,pack_ev,0.0,0.0
2026-08-25,천안,5,pack_ess,0.0,0.0
2026-08-25,천안,5,blackmass,0.0,0.0
2026-08-25,천안,6,pack_ev,0.0,0.0
2026-08-25,천안,6,pack_ess,0.0,0.0
2026-08-25,천안,6,blackmass,0.0,0.0
2026-08-25,천안,7,pack_ev,0.0,0.0
2026-08-25,천안,7,pack_ess,0.0,0.0
2026-08-25,천안,7,blackmass,0.0,0.0
2026-08-25,천안,8,pack_ev,0.0,0.0
2026-08-25,천안,8,pack_ess,0.0,0.0
2026-08-25,천안,8,blackmass,0.0,0.0
2026-08-25,천안,9,pack_ev,0.0,0.0
2026-08-25,천안,9,pack_ess,0.0,0.0
2026-08-25,천안,9,blackmass,0.0,0.0
2026-08-25,천안,10,pack_ev,0.0,0.0
2026-08-25,천안,10,pack_ess,0.0,0.0
2026-08-25,천안,10,blackmass,0.0,0.0
2026-08-25,천안,11,pack_ev,0.0,0.0
2026-08-25,천안,11,pack_ess,0.0,0.0
2026-08-25,천안,11,blackmass,0.0,0.0
2026-08-25,천안,12,pack_ev,0.0,0.0
2026-08-25,천안,12,pack_ess,0.0,0.0
2026-08-25,천안,12,blackmass,0.0,0.0
2026-08-25,천안,13,pack_ev,0.0,0.0
2026-08-25,천안,13,pack_ess,0.0,0.0
2026-08-25,천안,13,blackmass,0.0,0.0
2026-08-25,천안,14,pack_ev,0.0,0.0
2026-08-25,천안,14,pack_ess,0.0,0.0
2026-08-25,천안,14,blackmass,0.0,0.0
2026-08-25,천안,15,pack_ev,0.0,0.0
2026-08-25,천안,15,pack_ess,0.0,0.0
2026-08-25,천안,15,blackmass,0.0,0.0
2026-08-25,천안,16,pack_ev,0.0,0.0
2026-08-25,천안,16,pack_ess,0.0,0.0
2026-08-25,천안,16,blackmass,0.0,0.0
2026-08-25,천안,17,pack_ev,0.0,0.0
2026-08-25,천안,17,pack_ess,0.0,0.0
2026-08-25,천안,17,blackmass,0.0,0.0
2026-08-25,천안,18,pack_ev,0.0,0.0
2026-08-25,천안,18,pack_ess,0.0,0.0
2026-08-25,천안,18,blackmass,0.0,0.0
2026-08-25,천안,19,pack_ev,0.0,0.0
2026-08-25,천안,19,pack_ess,0.0,0.0
2026-08-25,천안,19,blackmass,0.0,0.0
2026-08-25,천안,20,pack_ev,0.0,0.0
2026-08-25,천안,20,pack_ess,0.0,0.0
2026-08-25,천안,20,blackmass,0.0,0.0
2026-08-25,천안,21,pack_ev,0.0,0.0
2026-08-25,천안,21,pack_ess,0.0,0.0
2026-08-25,천안,21,blackmass,0.0,0.0
2026-08-25,천안,22,pack_ev,0.0,0.0
2026-08-25,천안,22,pack_ess,0.0,0.0
2026-08-25,천안,22,blackmass,0.0,0.0
2026-08-25,천안,23,pack_ev,0.0,0.0
2026-08-25,천안,23,pack_ess,0.0,0.0
2026-08-25,천안,23,blackmass,0.0,0.0
2026-08-26,서화성,0,pack_ev,0.0,0.0
2026-08-26,서화성,0,pack_ess,0.0,0.0
2026-08-26,서화성,0,blackmass,0.0,0.0
2026-08-26,서화성,1,pack_ev,0.0,0.0
2026-08-26,서화성,1,pack_ess,0.0,0.0
2026-08-26,서화성,1,blackmass,0.0,0.0
2026-08-26,서화성,2,pack_ev,0.0,0.0
2026-08-26,서화성,2,pack_ess,0.0,0.0
2026-08-26,서화성,2,blackmass,0.0,0.0
2026-08-26,서화성,3,pack_ev,0.0,0.0
2026-08-26,서화성,3,pack_ess,0.0,0.0
2026-08-26,서화성,3,blackmass,0.0,0.0
2026-08-26,서화성,4,pack_ev,0.0,0.0
2026-08-26,서화성,4,pack_ess,0.0,0.0
2026-08-26,서화성,4,blackmass,0.0,0.0
2026-08-26,서화성,5,pack_ev,0.0,0.0
2026-08-26,서화성,5,pack_ess,0.0,0.0
2026-08-26,서화성,5,blackmass,0.0,0.0
2026-08-26,서화성,6,pack_ev,0.0,0.0
2026-08-26,서화성,6,pack_ess,0.0,0.0
2026-08-26,서화성,6,blackmass,0.0,0.0
2026-08-26,서화성,7,pack_ev,0.0,0.0
2026-08-26,서화성,7,pack_ess,0.0,0.0
2026-08-26,서화성,7,blackmass,0.0,0.0
2026-08-26,서화성,8,pack_ev,0.0,0.0
2026-08-26,서화성,8,pack_ess,0.0,0.0
2026-08-26,서화성,8,blackmass,0.0,0.0
2026-08-26,서화성,9,pack_ev,0.0,0.0
2026-08-26,서화성,9,pack_ess,0.0,0.0
2026-08-26,서화성,9,blackmass,0.0,0.0
2026-08-26,서화성,10,pack_ev,0.0,0.0
2026-08-26,서화성,10,pack_ess,0.0,0.0
2026-08-26,서화성,10,blackmass,0.0,0.0
2026-08-26,서화성,11,pack_ev,0.0,0.0
2026-08-26,서화성,11,pack_ess,0.0,0.0
2026-08-26,서화성,11,blackmass,0.0,0.0
2026-08-26,서화성,12,pack_ev,0.0,0.0
2026-08-26,서화성,12,pack_ess,0.0,0.0
2026-08-26,서화성,12,blackmass,0.0,0.0
2026-08-26,서화성,13,pack_ev,0.0,0.0
2026-08-26,서화성,13,pack_ess,0.0,0.0
2026-08-26,서화성,13,blackmass,0.0,0.0
2026-08-26,서화성,14,pack_ev,0.0,0.0
2026-08-26,서화성,14,pack_ess,0.0,0.0
2026-08-26,서화성,14,blackmass,0.0,0.0
2026-08-26,서화성,15,pack_ev,0.0,0.0
2026-08-26,서화성,15,pack_ess,0.0,0.0
2026-08-26,서화성,15,blackmass,0.0,0.0
2026-08-26,서화성,16,pack_ev,0.0,0.0
2026-08-26,서화성,16,pack_ess,0.0,0.0
2026-08-26,서화성,16,blackmass,0.0,0.0
2026-08-26,서화성,17,pack_ev,0.0,0.0
2026-08-26,서화성,17,pack_ess,0.0,0.0
2026-08-26,서화성,17,blackmass,0.0,0.0
2026-08-26,서화성,18,pack_ev,0.0,0.0
2026-08-26,서화성,18,pack_ess,0.0,0.0
2026-08-26,서화성,18,blackmass,0.0,0.0
2026-08-26,서화성,19,pack_ev,0.0,0.0
2026-08-26,서화성,19,pack_ess,0.0,0.0
2026-08-26,서화성,19,blackmass,0.0,0.0
2026-08-26,서화성,20,pack_ev,0.0,0.0
2026-08-26,서화성,20,pack_ess,0.0,0.0
2026-08-26,서화성,20,blackmass,0.0,0.0
2026-08-26,서화성,21,pack_ev,0.0,0.0
2026-08-26,서화성,21,pack_ess,0.0,0.0
2026-08-26,서화성,21,blackmass,0.0,0.0
2026-08-26,서화성,22,pack_ev,0.0,0.0
2026-08-26,서화성,22,pack_ess,0.0,0.0
2026-08-26,서화성,22,blackmass,0.0,0.0
2026-08-26,서화성,23,pack_ev,0.0,0.0
2026-08-26,서화성,23,pack_ess,0.0,0.0
2026-08-26,서화성,23,blackmass,0.0,0.0
2026-08-26,신례원,0,pack_ev,0.0,0.0
2026-08-26,신례원,0,pack_ess,0.0,0.0
2026-08-26,신례원,0,blackmass,0.0,0.0
2026-08-26,신례원,1,pack_ev,0.0,0.0
2026-08-26,신례원,1,pack_ess,0.0,0.0
2026-08-26,신례원,1,blackmass,0.0,0.0
2026-08-26,신례원,2,pack_ev,0.0,0.0
2026-08-26,신례원,2,pack_ess,0.0,0.0
2026-08-26,신례원,2,blackmass,0.0,0.0
2026-08-26,신례원,3,pack_ev,0.0,0.0
2026-08-26,신례원,3,pack_ess,0.0,0.0
2026-08-26,신례원,3,blackmass,0.0,0.0
2026-08-26,신례원,4,pack_ev,0.0,0.0
2026-08-26,신례원,4,pack_ess,0.0,0.0
2026-08-26,신례원,4,blackmass,0.0,0.0
2026-08-26,신례원,5,pack_ev,0.0,0.0
2026-08-26,신례원,5,pack_ess,0.0,0.0
2026-08-26,신례원,5,blackmass,0.0,0.0
2026-08-26,신례원,6,pack_ev,0.0,0.0
2026-08-26,신례원,6,pack_ess,0.0,0.0
2026-08-26,신례원,6,blackmass,0.0,0.0
2026-08-26,신례원,7,pack_ev,0.0,0.0
2026-08-26,신례원,7,pack_ess,0.0,0.0
2026-08-26,신례원,7,blackmass,0.0,0.0
2026-08-26,신례원,8,pack_ev,0.0,0.0
2026-08-26,신례원,8,pack_ess,0.0,0.0
2026-08-26,신례원,8,blackmass,0.0,0.0
2026-08-26,신례원,9,pack_ev,0.0,0.0
2026-08-26,신례원,9,pack_ess,0.0,0.0
2026-08-26,신례원,9,blackmass,0.0,0.0
2026-08-26,신례원,10,pack_ev,0.0,0.0
2026-08-26,신례원,10,pack_ess,0.0,0.0
2026-08-26,신례원,10,blackmass,0.0,0.0
2026-08-26,신례원,11,pack_ev,0.0,0.0
2026-08-26,신례원,11,pack_ess,0.0,0.0
2026-08-26,신례원,11,blackmass,0.0,0.0
2026-08-26,신례원,12,pack_ev,0.0,0.0
2026-08-26,신례원,12,pack_ess,0.0,0.0
2026-08-26,신례원,12,blackmass,0.0,0.0
2026-08-26,신례원,13,pack_ev,0.0,0.0
2026-08-26,신례원,13,pack_ess,0.0,0.0
2026-08-26,신례원,13,blackmass,0.0,0.0
2026-08-26,신례원,14,pack_ev,0.0,0.0
2026-08-26,신례원,14,pack_ess,0.0,0.0
2026-08-26,신례원,14,blackmass,0.0,0.0
2026-08-26,신례원,15,pack_ev,0.0,0.0
2026-08-26,신례원,15,pack_ess,0.0,0.0
2026-08-26,신례원,15,blackmass,0.0,0.0
2026-08-26,신례원,16,pack_ev,0.0,0.0
2026-08-26,신례원,16,pack_ess,0.0,0.0
2026-08-26,신례원,16,blackmass,0.0,0.0
2026-08-26,신례원,17,pack_ev,0.0,0.0
2026-08-26,신례원,17,pack_ess,0.0,0.0
2026-08-26,신례원,17,blackmass,0.0,0.0
2026-08-26,신례원,18,pack_ev,0.0,0.0
2026-08-26,신례원,18,pack_ess,0.0,0.0
2026-08-26,신례원,18,blackmass,0.0,0.0
2026-08-26,신례원,19,pack_ev,0.0,0.0
2026-08-26,신례원,19,pack_ess,0.0,0.0
2026-08-26,신례원,19,blackmass,0.0,0.0
2026-08-26,신례원,20,pack_ev,0.0,0.0
2026-08-26,신례원,20,pack_ess,0.0,0.0
2026-08-26,신례원,20,blackmass,0.0,0.0
2026-08-26,신례원,21,pack_ev,0.0,0.0
2026-08-26,신례원,21,pack_ess,0.0,0.0
2026-08-26,신례원,21,blackmass,0.0,0.0
2026-08-26,신례원,22,pack_ev,0.0,0.0
2026-08-26,신례원,22,pack_ess,0.0,0.0
2026-08-26,신례원,22,blackmass,0.0,0.0
2026-08-26,신례원,23,pack_ev,0.0,0.0
2026-08-26,신례원,23,pack_ess,0.0,0.0
2026-08-26,신례원,23,blackmass,0.0,0.0
2026-08-26,안중,0,pack_ev,0.0,0.0
2026-08-26,안중,0,pack_ess,0.0,0.0
2026-08-26,안중,0,blackmass,0.0,0.0
2026-08-26,안중,1,pack_ev,0.0,0.0
2026-08-26,안중,1,pack_ess,0.0,0.0
2026-08-26,안중,1,blackmass,0.0,0.0
2026-08-26,안중,2,pack_ev,0.0,0.0
2026-08-26,안중,2,pack_ess,0.0,0.0
2026-08-26,안중,2,blackmass,0.0,0.0
2026-08-26,안중,3,pack_ev,0.0,0.0
2026-08-26,안중,3,pack_ess,0.0,0.0
2026-08-26,안중,3,blackmass,0.0,0.0
2026-08-26,안중,4,pack_ev,0.0,0.0
2026-08-26,안중,4,pack_ess,0.0,0.0
2026-08-26,안중,4,blackmass,0.0,0.0
2026-08-26,안중,5,pack_ev,0.0,0.0
2026-08-26,안중,5,pack_ess,0.0,0.0
2026-08-26,안중,5,blackmass,0.0,0.0
2026-08-26,안중,6,pack_ev,0.0,0.0
2026-08-26,안중,6,pack_ess,0.0,0.0
2026-08-26,안중,6,blackmass,0.0,0.0
2026-08-26,안중,7,pack_ev,0.0,0.0
2026-08-26,안중,7,pack_ess,0.0,0.0
2026-08-26,안중,7,blackmass,0.0,0.0
2026-08-26,안중,8,pack_ev,0.0,0.0
2026-08-26,안중,8,pack_ess,0.0,0.0
2026-08-26,안중,8,blackmass,0.0,0.0
2026-08-26,안중,9,pack_ev,0.0,0.0
2026-08-26,안중,9,pack_ess,0.0,0.0
2026-08-26,안중,9,blackmass,0.0,0.0
2026-08-26,안중,10,pack_ev,0.0,0.0
2026-08-26,안중,10,pack_ess,0.0,0.0
2026-08-26,안중,10,blackmass,0.0,0.0
2026-08-26,안중,11,pack_ev,0.0,0.0
2026-08-26,안중,11,pack_ess,0.0,0.0
2026-08-26,안중,11,blackmass,0.0,0.0
2026-08-26,안중,12,pack_ev,0.0,0.0
2026-08-26,안중,12,pack_ess,0.0,0.0
2026-08-26,안중,12,blackmass,0.0,0.0
2026-08-26,안중,13,pack_ev,0.0,0.0
2026-08-26,안중,13,pack_ess,0.0,0.0
2026-08-26,안중,13,blackmass,0.0,0.0
2026-08-26,안중,14,pack_ev,0.0,0.0
2026-08-26,안중,14,pack_ess,0.0,0.0
2026-08-26,안중,14,blackmass,0.0,0.0
2026-08-26,안중,15,pack_ev,0.0,0.0
2026-08-26,안중,15,pack_ess,0.0,0.0
2026-08-26,안중,15,blackmass,0.0,0.0
2026-08-26,안중,16,pack_ev,0.0,0.0
2026-08-26,안중,16,pack_ess,0.0,0.0
2026-08-26,안중,16,blackmass,0.0,0.0
2026-08-26,안중,17,pack_ev,0.0,0.0
2026-08-26,안중,17,pack_ess,0.0,0.0
2026-08-26,안중,17,blackmass,0.0,0.0
2026-08-26,안중,18,pack_ev,0.0,0.0
2026-08-26,안중,18,pack_ess,0.0,0.0
2026-08-26,안중,18,blackmass,0.0,0.0
2026-08-26,안중,19,pack_ev,0.0,0.0
2026-08-26,안중,19,pack_ess,0.0,0.0
2026-08-26,안중,19,blackmass,0.0,0.0
2026-08-26,안중,20,pack_ev,0.0,0.0
2026-08-26,안중,20,pack_ess,0.0,0.0
2026-08-26,안중,20,blackmass,0.0,0.0
2026-08-26,안중,21,pack_ev,0.0,0.0
2026-08-26,안중,21,pack_ess,0.0,0.0
2026-08-26,안중,21,blackmass,0.0,0.0
2026-08-26,안중,22,pack_ev,0.0,0.0
2026-08-26,안중,22,pack_ess,0.0,0.0
2026-08-26,안중,22,blackmass,0.0,0.0
2026-08-26,안중,23,pack_ev,0.0,0.0
2026-08-26,안중,23,pack_ess,0.0,0.0
2026-08-26,안중,23,blackmass,0.0,0.0
2026-08-26,천안,0,pack_ev,0.0,0.0
2026-08-26,천안,0,pack_ess,0.0,0.0
2026-08-26,천안,0,blackmass,0.0,0.0
2026-08-26,천안,1,pack_ev,0.0,0.0
2026-08-26,천안,1,pack_ess,0.0,0.0
2026-08-26,천안,1,blackmass,0.0,0.0
2026-08-26,천안,2,pack_ev,0.0,0.0
2026-08-26,천안,2,pack_ess,0.0,0.0
2026-08-26,천안,2,blackmass,0.0,0.0
2026-08-26,천안,3,pack_ev,0.0,0.0
2026-08-26,천안,3,pack_ess,0.0,0.0
2026-08-26,천안,3,blackmass,0.0,0.0
2026-08-26,천안,4,pack_ev,0.0,0.0
2026-08-26,천안,4,pack_ess,0.0,0.0
2026-08-26,천안,4,blackmass,0.0,0.0
2026-08-26,천안,5,pack_ev,0.0,0.0
2026-08-26,천안,5,pack_ess,0.0,0.0
2026-08-26,천안,5,blackmass,0.0,0.0
2026-08-26,천안,6,pack_ev,0.0,0.0
2026-08-26,천안,6,pack_ess,0.0,0.0
2026-08-26,천안,6,blackmass,0.0,0.0
2026-08-26,천안,7,pack_ev,0.0,0.0
2026-08-26,천안,7,pack_ess,0.0,0.0
2026-08-26,천안,7,blackmass,0.0,0.0
2026-08-26,천안,8,pack_ev,0.0,0.0
2026-08-26,천안,8,pack_ess,0.0,0.0
2026-08-26,천안,8,blackmass,0.0,0.0
2026-08-26,천안,9,pack_ev,0.0,0.0
2026-08-26,천안,9,pack_ess,0.0,0.0
2026-08-26,천안,9,blackmass,0.0,0.0
2026-08-26,천안,10,pack_ev,0.0,0.0
2026-08-26,천안,10,pack_ess,0.0,0.0
2026-08-26,천안,10,blackmass,0.0,0.0
2026-08-26,천안,11,pack_ev,0.0,0.0
2026-08-26,천안,11,pack_ess,0.0,0.0
2026-08-26,천안,11,blackmass,0.0,0.0
2026-08-26,천안,12,pack_ev,0.0,0.0
2026-08-26,천안,12,pack_ess,0.0,0.0
2026-08-26,천안,12,blackmass,0.0,0.0
2026-08-26,천안,13,pack_ev,0.0,0.0
2026-08-26,천안,13,pack_ess,0.0,0.0
2026-08-26,천안,13,blackmass,0.0,0.0
2026-08-26,천안,14,pack_ev,0.0,0.0
2026-08-26,천안,14,pack_ess,0.0,0.0
2026-08-26,천안,14,blackmass,0.0,0.0
2026-08-26,천안,15,pack_ev,0.0,0.0
2026-08-26,천안,15,pack_ess,0.0,0.0
2026-08-26,천안,15,blackmass,0.0,0.0
2026-08-26,천안,16,pack_ev,0.0,0.0
2026-08-26,천안,16,pack_ess,0.0,0.0
2026-08-26,천안,16,blackmass,0.0,0.0
2026-08-26,천안,17,pack_ev,0.0,0.0
2026-08-26,천안,17,pack_ess,0.0,0.0
2026-08-26,천안,17,blackmass,0.0,0.0
2026-08-26,천안,18,pack_ev,0.0,0.0
2026-08-26,천안,18,pack_ess,0.0,0.0
2026-08-26,천안,18,blackmass,0.0,0.0
2026-08-26,천안,19,pack_ev,0.0,0.0
2026-08-26,천안,19,pack_ess,0.0,0.0
2026-08-26,천안,19,blackmass,0.0,0.0
2026-08-26,천안,20,pack_ev,0.0,0.0
2026-08-26,천안,20,pack_ess,0.0,0.0
2026-08-26,천안,20,blackmass,0.0,0.0
2026-08-26,천안,21,pack_ev,0.0,0.0
2026-08-26,천안,21,pack_ess,0.0,0.0
2026-08-26,천안,21,blackmass,0.0,0.0
2026-08-26,천안,22,pack_ev,0.0,0.0
2026-08-26,천안,22,pack_ess,0.0,0.0
2026-08-26,천안,22,blackmass,0.0,0.0
2026-08-26,천안,23,pack_ev,0.0,0.0
2026-08-26,천안,23,pack_ess,0.0,0.0
2026-08-26,천안,23,blackmass,0.0,0.0
2026-08-27,서화성,0,pack_ev,0.0,0.0
2026-08-27,서화성,0,pack_ess,0.0,0.0
2026-08-27,서화성,0,blackmass,0.0,0.0
2026-08-27,서화성,1,pack_ev,0.0,0.0
2026-08-27,서화성,1,pack_ess,0.0,0.0
2026-08-27,서화성,1,blackmass,0.0,0.0
2026-08-27,서화성,2,pack_ev,0.0,0.0
2026-08-27,서화성,2,pack_ess,0.0,0.0
2026-08-27,서화성,2,blackmass,0.0,0.0
2026-08-27,서화성,3,pack_ev,0.0,0.0
2026-08-27,서화성,3,pack_ess,0.0,0.0
2026-08-27,서화성,3,blackmass,0.0,0.0
2026-08-27,서화성,4,pack_ev,0.0,0.0
2026-08-27,서화성,4,pack_ess,0.0,0.0
2026-08-27,서화성,4,blackmass,0.0,0.0
2026-08-27,서화성,5,pack_ev,0.0,0.0
2026-08-27,서화성,5,pack_ess,0.0,0.0
2026-08-27,서화성,5,blackmass,0.0,0.0
2026-08-27,서화성,6,pack_ev,0.0,0.0
2026-08-27,서화성,6,pack_ess,0.0,0.0
2026-08-27,서화성,6,blackmass,0.0,0.0
2026-08-27,서화성,7,pack_ev,0.0,0.0
2026-08-27,서화성,7,pack_ess,0.0,0.0
2026-08-27,서화성,7,blackmass,0.0,0.0
2026-08-27,서화성,8,pack_ev,0.0,0.0
2026-08-27,서화성,8,pack_ess,0.0,0.0
2026-08-27,서화성,8,blackmass,0.0,0.0
2026-08-27,서화성,9,pack_ev,0.0,0.0
2026-08-27,서화성,9,pack_ess,0.0,0.0
2026-08-27,서화성,9,blackmass,0.0,0.0
2026-08-27,서화성,10,pack_ev,4.582,0.1527
2026-08-27,서화성,10,pack_ess,0.0032,0.00011
2026-08-27,서화성,10,blackmass,1.222,0.0244
2026-08-27,서화성,11,pack_ev,4.582,0.1527
2026-08-27,서화성,11,pack_ess,0.0032,0.00011
2026-08-27,서화성,11,blackmass,1.222,0.0244
2026-08-27,서화성,12,pack_ev,4.582,0.1527
2026-08-27,서화성,12,pack_ess,0.0032,0.00011
2026-08-27,서화성,12,blackmass,1.222,0.0244
2026-08-27,서화성,13,pack_ev,4.582,0.1527
2026-08-27,서화성,13,pack_ess,0.0032,0.00011
2026-08-27,서화성,13,blackmass,1.222,0.0244
2026-08-27,서화성,14,pack_ev,4.582,0.1527
2026-08-27,서화성,14,pack_ess,0.0032,0.00011
2026-08-27,서화성,14,blackmass,1.222,0.0244
2026-08-27,서화성,15,pack_ev,4.582,0.1527
2026-08-27,서화성,15,pack_ess,0.0032,0.00011
2026-08-27,서화성,15,blackmass,1.222,0.0244
2026-08-27,서화성,16,pack_ev,4.582,0.1527
2026-08-27,서화성,16,pack_ess,0.0032,0.00011
2026-08-27,서화성,16,blackmass,1.222,0.0244
2026-08-27,서화성,17,pack_ev,4.582,0.1527
2026-08-27,서화성,17,pack_ess,0.0032,0.00011
2026-08-27,서화성,17,blackmass,1.222,0.0244
2026-08-27,서화성,18,pack_ev,0.0,0.0
2026-08-27,서화성,18,pack_ess,0.0,0.0
2026-08-27,서화성,18,blackmass,0.0,0.0
2026-08-27,서화성,19,pack_ev,0.0,0.0
2026-08-27,서화성,19,pack_ess,0.0,0.0
2026-08-27,서화성,19,blackmass,0.0,0.0
2026-08-27,서화성,20,pack_ev,0.0,0.0
2026-08-27,서화성,20,pack_ess,0.0,0.0
2026-08-27,서화성,20,blackmass,0.0,0.0
2026-08-27,서화성,21,pack_ev,0.0,0.0
2026-08-27,서화성,21,pack_ess,0.0,0.0
2026-08-27,서화성,21,blackmass,0.0,0.0
2026-08-27,서화성,22,pack_ev,0.0,0.0
2026-08-27,서화성,22,pack_ess,0.0,0.0
2026-08-27,서화성,22,blackmass,0.0,0.0
2026-08-27,서화성,23,pack_ev,0.0,0.0
2026-08-27,서화성,23,pack_ess,0.0,0.0
2026-08-27,서화성,23,blackmass,0.0,0.0
2026-08-27,신례원,0,pack_ev,0.0,0.0
2026-08-27,신례원,0,pack_ess,0.0,0.0
2026-08-27,신례원,0,blackmass,0.0,0.0
2026-08-27,신례원,1,pack_ev,0.0,0.0
2026-08-27,신례원,1,pack_ess,0.0,0.0
2026-08-27,신례원,1,blackmass,0.0,0.0
2026-08-27,신례원,2,pack_ev,0.0,0.0
2026-08-27,신례원,2,pack_ess,0.0,0.0
2026-08-27,신례원,2,blackmass,0.0,0.0
2026-08-27,신례원,3,pack_ev,0.0,0.0
2026-08-27,신례원,3,pack_ess,0.0,0.0
2026-08-27,신례원,3,blackmass,0.0,0.0
2026-08-27,신례원,4,pack_ev,0.0,0.0
2026-08-27,신례원,4,pack_ess,0.0,0.0
2026-08-27,신례원,4,blackmass,0.0,0.0
2026-08-27,신례원,5,pack_ev,0.0,0.0
2026-08-27,신례원,5,pack_ess,0.0,0.0
2026-08-27,신례원,5,blackmass,0.0,0.0
2026-08-27,신례원,6,pack_ev,0.0,0.0
2026-08-27,신례원,6,pack_ess,0.0,0.0
2026-08-27,신례원,6,blackmass,0.0,0.0
2026-08-27,신례원,7,pack_ev,0.0,0.0
2026-08-27,신례원,7,pack_ess,0.0,0.0
2026-08-27,신례원,7,blackmass,0.0,0.0
2026-08-27,신례원,8,pack_ev,0.0,0.0
2026-08-27,신례원,8,pack_ess,0.0,0.0
2026-08-27,신례원,8,blackmass,0.0,0.0
2026-08-27,신례원,9,pack_ev,0.0,0.0
2026-08-27,신례원,9,pack_ess,0.0,0.0
2026-08-27,신례원,9,blackmass,0.0,0.0
2026-08-27,신례원,10,pack_ev,0.0,0.0
2026-08-27,신례원,10,pack_ess,0.0,0.0
2026-08-27,신례원,10,blackmass,3.019,0.0604
2026-08-27,신례원,11,pack_ev,0.0,0.0
2026-08-27,신례원,11,pack_ess,0.0,0.0
2026-08-27,신례원,11,blackmass,3.019,0.0604
2026-08-27,신례원,12,pack_ev,0.0,0.0
2026-08-27,신례원,12,pack_ess,0.0,0.0
2026-08-27,신례원,12,blackmass,3.019,0.0604
2026-08-27,신례원,13,pack_ev,0.0,0.0
2026-08-27,신례원,13,pack_ess,0.0,0.0
2026-08-27,신례원,13,blackmass,3.019,0.0604
2026-08-27,신례원,14,pack_ev,0.0,0.0
2026-08-27,신례원,14,pack_ess,0.0,0.0
2026-08-27,신례원,14,blackmass,3.019,0.0604
2026-08-27,신례원,15,pack_ev,0.0,0.0
2026-08-27,신례원,15,pack_ess,0.0,0.0
2026-08-27,신례원,15,blackmass,3.019,0.0604
2026-08-27,신례원,16,pack_ev,0.0,0.0
2026-08-27,신례원,16,pack_ess,0.0,0.0
2026-08-27,신례원,16,blackmass,3.019,0.0604
2026-08-27,신례원,17,pack_ev,0.0,0.0
2026-08-27,신례원,17,pack_ess,0.0,0.0
2026-08-27,신례원,17,blackmass,3.019,0.0604
2026-08-27,신례원,18,pack_ev,0.0,0.0
2026-08-27,신례원,18,pack_ess,0.0,0.0
2026-08-27,신례원,18,blackmass,0.0,0.0
2026-08-27,신례원,19,pack_ev,0.0,0.0
2026-08-27,신례원,19,pack_ess,0.0,0.0
2026-08-27,신례원,19,blackmass,0.0,0.0
2026-08-27,신례원,20,pack_ev,0.0,0.0
2026-08-27,신례원,20,pack_ess,0.0,0.0
2026-08-27,신례원,20,blackmass,0.0,0.0
2026-08-27,신례원,21,pack_ev,0.0,0.0
2026-08-27,신례원,21,pack_ess,0.0,0.0
2026-08-27,신례원,21,blackmass,0.0,0.0
2026-08-27,신례원,22,pack_ev,0.0,0.0
2026-08-27,신례원,22,pack_ess,0.0,0.0
2026-08-27,신례원,22,blackmass,0.0,0.0
2026-08-27,신례원,23,pack_ev,0.0,0.0
2026-08-27,신례원,23,pack_ess,0.0,0.0
2026-08-27,신례원,23,blackmass,0.0,0.0
2026-08-27,안중,0,pack_ev,0.0,0.0
2026-08-27,안중,0,pack_ess,0.0,0.0
2026-08-27,안중,0,blackmass,0.0,0.0
2026-08-27,안중,1,pack_ev,0.0,0.0
2026-08-27,안중,1,pack_ess,0.0,0.0
2026-08-27,안중,1,blackmass,0.0,0.0
2026-08-27,안중,2,pack_ev,0.0,0.0
2026-08-27,안중,2,pack_ess,0.0,0.0
2026-08-27,안중,2,blackmass,0.0,0.0
2026-08-27,안중,3,pack_ev,0.0,0.0
2026-08-27,안중,3,pack_ess,0.0,0.0
2026-08-27,안중,3,blackmass,0.0,0.0
2026-08-27,안중,4,pack_ev,0.0,0.0
2026-08-27,안중,4,pack_ess,0.0,0.0
2026-08-27,안중,4,blackmass,0.0,0.0
2026-08-27,안중,5,pack_ev,0.0,0.0
2026-08-27,안중,5,pack_ess,0.0,0.0
2026-08-27,안중,5,blackmass,0.0,0.0
2026-08-27,안중,6,pack_ev,0.0,0.0
2026-08-27,안중,6,pack_ess,0.0,0.0
2026-08-27,안중,6,blackmass,0.0,0.0
2026-08-27,안중,7,pack_ev,0.0,0.0
2026-08-27,안중,7,pack_ess,0.0,0.0
2026-08-27,안중,7,blackmass,0.0,0.0
2026-08-27,안중,8,pack_ev,0.0,0.0
2026-08-27,안중,8,pack_ess,0.0,0.0
2026-08-27,안중,8,blackmass,0.0,0.0
2026-08-27,안중,9,pack_ev,0.0,0.0
2026-08-27,안중,9,pack_ess,0.0,0.0
2026-08-27,안중,9,blackmass,0.0,0.0
2026-08-27,안중,10,pack_ev,4.582,0.1527
2026-08-27,안중,10,pack_ess,0.0032,0.00011
2026-08-27,안중,10,blackmass,1.222,0.0244
2026-08-27,안중,11,pack_ev,4.582,0.1527
2026-08-27,안중,11,pack_ess,0.0032,0.00011
2026-08-27,안중,11,blackmass,1.222,0.0244
2026-08-27,안중,12,pack_ev,4.582,0.1527
2026-08-27,안중,12,pack_ess,0.0032,0.00011
2026-08-27,안중,12,blackmass,1.222,0.0244
2026-08-27,안중,13,pack_ev,4.582,0.1527
2026-08-27,안중,13,pack_ess,0.0032,0.00011
2026-08-27,안중,13,blackmass,1.222,0.0244
2026-08-27,안중,14,pack_ev,4.582,0.1527
2026-08-27,안중,14,pack_ess,0.0032,0.00011
2026-08-27,안중,14,blackmass,1.222,0.0244
2026-08-27,안중,15,pack_ev,4.582,0.1527
2026-08-27,안중,15,pack_ess,0.0032,0.00011
2026-08-27,안중,15,blackmass,1.222,0.0244
2026-08-27,안중,16,pack_ev,4.582,0.1527
2026-08-27,안중,16,pack_ess,0.0032,0.00011
2026-08-27,안중,16,blackmass,1.222,0.0244
2026-08-27,안중,17,pack_ev,4.582,0.1527
2026-08-27,안중,17,pack_ess,0.0032,0.00011
2026-08-27,안중,17,blackmass,1.222,0.0244
2026-08-27,안중,18,pack_ev,0.0,0.0
2026-08-27,안중,18,pack_ess,0.0,0.0
2026-08-27,안중,18,blackmass,0.0,0.0
2026-08-27,안중,19,pack_ev,0.0,0.0
2026-08-27,안중,19,pack_ess,0.0,0.0
2026-08-27,안중,19,blackmass,0.0,0.0
2026-08-27,안중,20,pack_ev,0.0,0.0
2026-08-27,안중,20,pack_ess,0.0,0.0
2026-08-27,안중,20,blackmass,0.0,0.0
2026-08-27,안중,21,pack_ev,0.0,0.0
2026-08-27,안중,21,pack_ess,0.0,0.0
2026-08-27,안중,21,blackmass,0.0,0.0
2026-08-27,안중,22,pack_ev,0.0,0.0
2026-08-27,안중,22,pack_ess,0.0,0.0
2026-08-27,안중,22,blackmass,0.0,0.0
2026-08-27,안중,23,pack_ev,0.0,0.0
2026-08-27,안중,23,pack_ess,0.0,0.0
2026-08-27,안중,23,blackmass,0.0,0.0
2026-08-27,천안,0,pack_ev,0.0,0.0
2026-08-27,천안,0,pack_ess,0.0,0.0
2026-08-27,천안,0,blackmass,0.0,0.0
2026-08-27,천안,1,pack_ev,0.0,0.0
2026-08-27,천안,1,pack_ess,0.0,0.0
2026-08-27,천안,1,blackmass,0.0,0.0
2026-08-27,천안,2,pack_ev,0.0,0.0
2026-08-27,천안,2,pack_ess,0.0,0.0
2026-08-27,천안,2,blackmass,0.0,0.0
2026-08-27,천안,3,pack_ev,0.0,0.0
2026-08-27,천안,3,pack_ess,0.0,0.0
2026-08-27,천안,3,blackmass,0.0,0.0
2026-08-27,천안,4,pack_ev,0.0,0.0
2026-08-27,천안,4,pack_ess,0.0,0.0
2026-08-27,천안,4,blackmass,0.0,0.0
2026-08-27,천안,5,pack_ev,0.0,0.0
2026-08-27,천안,5,pack_ess,0.0,0.0
2026-08-27,천안,5,blackmass,0.0,0.0
2026-08-27,천안,6,pack_ev,0.0,0.0
2026-08-27,천안,6,pack_ess,0.0,0.0
2026-08-27,천안,6,blackmass,0.0,0.0
2026-08-27,천안,7,pack_ev,0.0,0.0
2026-08-27,천안,7,pack_ess,0.0,0.0
2026-08-27,천안,7,blackmass,0.0,0.0
2026-08-27,천안,8,pack_ev,0.0,0.0
2026-08-27,천안,8,pack_ess,0.0,0.0
2026-08-27,천안,8,blackmass,0.0,0.0
2026-08-27,천안,9,pack_ev,0.0,0.0
2026-08-27,천안,9,pack_ess,0.0,0.0
2026-08-27,천안,9,blackmass,0.0,0.0
2026-08-27,천안,10,pack_ev,0.0,0.0
2026-08-27,천안,10,pack_ess,0.0,0.0
2026-08-27,천안,10,blackmass,4.529,0.0906
2026-08-27,천안,11,pack_ev,0.0,0.0
2026-08-27,천안,11,pack_ess,0.0,0.0
2026-08-27,천안,11,blackmass,4.529,0.0906
2026-08-27,천안,12,pack_ev,0.0,0.0
2026-08-27,천안,12,pack_ess,0.0,0.0
2026-08-27,천안,12,blackmass,4.529,0.0906
2026-08-27,천안,13,pack_ev,0.0,0.0
2026-08-27,천안,13,pack_ess,0.0,0.0
2026-08-27,천안,13,blackmass,4.529,0.0906
2026-08-27,천안,14,pack_ev,0.0,0.0
2026-08-27,천안,14,pack_ess,0.0,0.0
2026-08-27,천안,14,blackmass,4.529,0.0906
2026-08-27,천안,15,pack_ev,0.0,0.0
2026-08-27,천안,15,pack_ess,0.0,0.0
2026-08-27,천안,15,blackmass,4.529,0.0906
2026-08-27,천안,16,pack_ev,0.0,0.0
2026-08-27,천안,16,pack_ess,0.0,0.0
2026-08-27,천안,16,blackmass,4.529,0.0906
2026-08-27,천안,17,pack_ev,0.0,0.0
2026-08-27,천안,17,pack_ess,0.0,0.0
2026-08-27,천안,17,blackmass,4.529,0.0906
2026-08-27,천안,18,pack_ev,0.0,0.0
2026-08-27,천안,18,pack_ess,0.0,0.0
2026-08-27,천안,18,blackmass,0.0,0.0
2026-08-27,천안,19,pack_ev,0.0,0.0
2026-08-27,천안,19,pack_ess,0.0,0.0
2026-08-27,천안,19,blackmass,0.0,0.0
2026-08-27,천안,20,pack_ev,0.0,0.0
2026-08-27,천안,20,pack_ess,0.0,0.0
2026-08-27,천안,20,blackmass,0.0,0.0
2026-08-27,천안,21,pack_ev,0.0,0.0
2026-08-27,천안,21,pack_ess,0.0,0.0
2026-08-27,천안,21,blackmass,0.0,0.0
2026-08-27,천안,22,pack_ev,0.0,0.0
2026-08-27,천안,22,pack_ess,0.0,0.0
2026-08-27,천안,22,blackmass,0.0,0.0
2026-08-27,천안,23,pack_ev,0.0,0.0
2026-08-27,천안,23,pack_ess,0.0,0.0
2026-08-27,천안,23,blackmass,0.0,0.0
2026-08-28,서화성,0,pack_ev,0.0,0.0
2026-08-28,서화성,0,pack_ess,0.0,0.0
2026-08-28,서화성,0,blackmass,0.0,0.0
2026-08-28,서화성,1,pack_ev,0.0,0.0
2026-08-28,서화성,1,pack_ess,0.0,0.0
2026-08-28,서화성,1,blackmass,0.0,0.0
2026-08-28,서화성,2,pack_ev,0.0,0.0
2026-08-28,서화성,2,pack_ess,0.0,0.0
2026-08-28,서화성,2,blackmass,0.0,0.0
2026-08-28,서화성,3,pack_ev,0.0,0.0
2026-08-28,서화성,3,pack_ess,0.0,0.0
2026-08-28,서화성,3,blackmass,0.0,0.0
2026-08-28,서화성,4,pack_ev,0.0,0.0
2026-08-28,서화성,4,pack_ess,0.0,0.0
2026-08-28,서화성,4,blackmass,0.0,0.0
2026-08-28,서화성,5,pack_ev,0.0,0.0
2026-08-28,서화성,5,pack_ess,0.0,0.0
2026-08-28,서화성,5,blackmass,0.0,0.0
2026-08-28,서화성,6,pack_ev,0.0,0.0
2026-08-28,서화성,6,pack_ess,0.0,0.0
2026-08-28,서화성,6,blackmass,0.0,0.0
2026-08-28,서화성,7,pack_ev,0.0,0.0
2026-08-28,서화성,7,pack_ess,0.0,0.0
2026-08-28,서화성,7,blackmass,0.0,0.0
2026-08-28,서화성,8,pack_ev,0.0,0.0
2026-08-28,서화성,8,pack_ess,0.0,0.0
2026-08-28,서화성,8,blackmass,0.0,0.0
2026-08-28,서화성,9,pack_ev,0.0,0.0
2026-08-28,서화성,9,pack_ess,0.0,0.0
2026-08-28,서화성,9,blackmass,0.0,0.0
2026-08-28,서화성,10,pack_ev,0.0,0.0
2026-08-28,서화성,10,pack_ess,0.0,0.0
2026-08-28,서화성,10,blackmass,0.0,0.0
2026-08-28,서화성,11,pack_ev,0.0,0.0
2026-08-28,서화성,11,pack_ess,0.0,0.0
2026-08-28,서화성,11,blackmass,0.0,0.0
2026-08-28,서화성,12,pack_ev,0.0,0.0
2026-08-28,서화성,12,pack_ess,0.0,0.0
2026-08-28,서화성,12,blackmass,0.0,0.0
2026-08-28,서화성,13,pack_ev,0.0,0.0
2026-08-28,서화성,13,pack_ess,0.0,0.0
2026-08-28,서화성,13,blackmass,0.0,0.0
2026-08-28,서화성,14,pack_ev,0.0,0.0
2026-08-28,서화성,14,pack_ess,0.0,0.0
2026-08-28,서화성,14,blackmass,0.0,0.0
2026-08-28,서화성,15,pack_ev,0.0,0.0
2026-08-28,서화성,15,pack_ess,0.0,0.0
2026-08-28,서화성,15,blackmass,0.0,0.0
2026-08-28,서화성,16,pack_ev,0.0,0.0
2026-08-28,서화성,16,pack_ess,0.0,0.0
2026-08-28,서화성,16,blackmass,0.0,0.0
2026-08-28,서화성,17,pack_ev,0.0,0.0
2026-08-28,서화성,17,pack_ess,0.0,0.0
2026-08-28,서화성,17,blackmass,0.0,0.0
2026-08-28,서화성,18,pack_ev,0.0,0.0
2026-08-28,서화성,18,pack_ess,0.0,0.0
2026-08-28,서화성,18,blackmass,0.0,0.0
2026-08-28,서화성,19,pack_ev,0.0,0.0
2026-08-28,서화성,19,pack_ess,0.0,0.0
2026-08-28,서화성,19,blackmass,0.0,0.0
2026-08-28,서화성,20,pack_ev,0.0,0.0
2026-08-28,서화성,20,pack_ess,0.0,0.0
2026-08-28,서화성,20,blackmass,0.0,0.0
2026-08-28,서화성,21,pack_ev,0.0,0.0
2026-08-28,서화성,21,pack_ess,0.0,0.0
2026-08-28,서화성,21,blackmass,0.0,0.0
2026-08-28,서화성,22,pack_ev,0.0,0.0
2026-08-28,서화성,22,pack_ess,0.0,0.0
2026-08-28,서화성,22,blackmass,0.0,0.0
2026-08-28,서화성,23,pack_ev,0.0,0.0
2026-08-28,서화성,23,pack_ess,0.0,0.0
2026-08-28,서화성,23,blackmass,0.0,0.0
2026-08-28,신례원,0,pack_ev,0.0,0.0
2026-08-28,신례원,0,pack_ess,0.0,0.0
2026-08-28,신례원,0,blackmass,0.0,0.0
2026-08-28,신례원,1,pack_ev,0.0,0.0
2026-08-28,신례원,1,pack_ess,0.0,0.0
2026-08-28,신례원,1,blackmass,0.0,0.0
2026-08-28,신례원,2,pack_ev,0.0,0.0
2026-08-28,신례원,2,pack_ess,0.0,0.0
2026-08-28,신례원,2,blackmass,0.0,0.0
2026-08-28,신례원,3,pack_ev,0.0,0.0
2026-08-28,신례원,3,pack_ess,0.0,0.0
2026-08-28,신례원,3,blackmass,0.0,0.0
2026-08-28,신례원,4,pack_ev,0.0,0.0
2026-08-28,신례원,4,pack_ess,0.0,0.0
2026-08-28,신례원,4,blackmass,0.0,0.0
2026-08-28,신례원,5,pack_ev,0.0,0.0
2026-08-28,신례원,5,pack_ess,0.0,0.0
2026-08-28,신례원,5,blackmass,0.0,0.0
2026-08-28,신례원,6,pack_ev,0.0,0.0
2026-08-28,신례원,6,pack_ess,0.0,0.0
2026-08-28,신례원,6,blackmass,0.0,0.0
2026-08-28,신례원,7,pack_ev,0.0,0.0
2026-08-28,신례원,7,pack_ess,0.0,0.0
2026-08-28,신례원,7,blackmass,0.0,0.0
2026-08-28,신례원,8,pack_ev,0.0,0.0
2026-08-28,신례원,8,pack_ess,0.0,0.0
2026-08-28,신례원,8,blackmass,0.0,0.0
2026-08-28,신례원,9,pack_ev,0.0,0.0
2026-08-28,신례원,9,pack_ess,0.0,0.0
2026-08-28,신례원,9,blackmass,0.0,0.0
2026-08-28,신례원,10,pack_ev,0.0,0.0
2026-08-28,신례원,10,pack_ess,0.0,0.0
2026-08-28,신례원,10,blackmass,0.0,0.0
2026-08-28,신례원,11,pack_ev,0.0,0.0
2026-08-28,신례원,11,pack_ess,0.0,0.0
2026-08-28,신례원,11,blackmass,0.0,0.0
2026-08-28,신례원,12,pack_ev,0.0,0.0
2026-08-28,신례원,12,pack_ess,0.0,0.0
2026-08-28,신례원,12,blackmass,0.0,0.0
2026-08-28,신례원,13,pack_ev,0.0,0.0
2026-08-28,신례원,13,pack_ess,0.0,0.0
2026-08-28,신례원,13,blackmass,0.0,0.0
2026-08-28,신례원,14,pack_ev,0.0,0.0
2026-08-28,신례원,14,pack_ess,0.0,0.0
2026-08-28,신례원,14,blackmass,0.0,0.0
2026-08-28,신례원,15,pack_ev,0.0,0.0
2026-08-28,신례원,15,pack_ess,0.0,0.0
2026-08-28,신례원,15,blackmass,0.0,0.0
2026-08-28,신례원,16,pack_ev,0.0,0.0
2026-08-28,신례원,16,pack_ess,0.0,0.0
2026-08-28,신례원,16,blackmass,0.0,0.0
2026-08-28,신례원,17,pack_ev,0.0,0.0
2026-08-28,신례원,17,pack_ess,0.0,0.0
2026-08-28,신례원,17,blackmass,0.0,0.0
2026-08-28,신례원,18,pack_ev,0.0,0.0
2026-08-28,신례원,18,pack_ess,0.0,0.0
2026-08-28,신례원,18,blackmass,0.0,0.0
2026-08-28,신례원,19,pack_ev,0.0,0.0
2026-08-28,신례원,19,pack_ess,0.0,0.0
2026-08-28,신례원,19,blackmass,0.0,0.0
2026-08-28,신례원,20,pack_ev,0.0,0.0
2026-08-28,신례원,20,pack_ess,0.0,0.0
2026-08-28,신례원,20,blackmass,0.0,0.0
2026-08-28,신례원,21,pack_ev,0.0,0.0
2026-08-28,신례원,21,pack_ess,0.0,0.0
2026-08-28,신례원,21,blackmass,0.0,0.0
2026-08-28,신례원,22,pack_ev,0.0,0.0
2026-08-28,신례원,22,pack_ess,0.0,0.0
2026-08-28,신례원,22,blackmass,0.0,0.0
2026-08-28,신례원,23,pack_ev,0.0,0.0
2026-08-28,신례원,23,pack_ess,0.0,0.0
2026-08-28,신례원,23,blackmass,0.0,0.0
2026-08-28,안중,0,pack_ev,0.0,0.0
2026-08-28,안중,0,pack_ess,0.0,0.0
2026-08-28,안중,0,blackmass,0.0,0.0
2026-08-28,안중,1,pack_ev,0.0,0.0
2026-08-28,안중,1,pack_ess,0.0,0.0
2026-08-28,안중,1,blackmass,0.0,0.0
2026-08-28,안중,2,pack_ev,0.0,0.0
2026-08-28,안중,2,pack_ess,0.0,0.0
2026-08-28,안중,2,blackmass,0.0,0.0
2026-08-28,안중,3,pack_ev,0.0,0.0
2026-08-28,안중,3,pack_ess,0.0,0.0
2026-08-28,안중,3,blackmass,0.0,0.0
2026-08-28,안중,4,pack_ev,0.0,0.0
2026-08-28,안중,4,pack_ess,0.0,0.0
2026-08-28,안중,4,blackmass,0.0,0.0
2026-08-28,안중,5,pack_ev,0.0,0.0
2026-08-28,안중,5,pack_ess,0.0,0.0
2026-08-28,안중,5,blackmass,0.0,0.0
2026-08-28,안중,6,pack_ev,0.0,0.0
2026-08-28,안중,6,pack_ess,0.0,0.0
2026-08-28,안중,6,blackmass,0.0,0.0
2026-08-28,안중,7,pack_ev,0.0,0.0
2026-08-28,안중,7,pack_ess,0.0,0.0
2026-08-28,안중,7,blackmass,0.0,0.0
2026-08-28,안중,8,pack_ev,0.0,0.0
2026-08-28,안중,8,pack_ess,0.0,0.0
2026-08-28,안중,8,blackmass,0.0,0.0
2026-08-28,안중,9,pack_ev,0.0,0.0
2026-08-28,안중,9,pack_ess,0.0,0.0
2026-08-28,안중,9,blackmass,0.0,0.0
2026-08-28,안중,10,pack_ev,0.0,0.0
2026-08-28,안중,10,pack_ess,0.0,0.0
2026-08-28,안중,10,blackmass,0.0,0.0
2026-08-28,안중,11,pack_ev,0.0,0.0
2026-08-28,안중,11,pack_ess,0.0,0.0
2026-08-28,안중,11,blackmass,0.0,0.0
2026-08-28,안중,12,pack_ev,0.0,0.0
2026-08-28,안중,12,pack_ess,0.0,0.0
2026-08-28,안중,12,blackmass,0.0,0.0
2026-08-28,안중,13,pack_ev,0.0,0.0
2026-08-28,안중,13,pack_ess,0.0,0.0
2026-08-28,안중,13,blackmass,0.0,0.0
2026-08-28,안중,14,pack_ev,0.0,0.0
2026-08-28,안중,14,pack_ess,0.0,0.0
2026-08-28,안중,14,blackmass,0.0,0.0
2026-08-28,안중,15,pack_ev,0.0,0.0
2026-08-28,안중,15,pack_ess,0.0,0.0
2026-08-28,안중,15,blackmass,0.0,0.0
2026-08-28,안중,16,pack_ev,0.0,0.0
2026-08-28,안중,16,pack_ess,0.0,0.0
2026-08-28,안중,16,blackmass,0.0,0.0
2026-08-28,안중,17,pack_ev,0.0,0.0
2026-08-28,안중,17,pack_ess,0.0,0.0
2026-08-28,안중,17,blackmass,0.0,0.0
2026-08-28,안중,18,pack_ev,0.0,0.0
2026-08-28,안중,18,pack_ess,0.0,0.0
2026-08-28,안중,18,blackmass,0.0,0.0
2026-08-28,안중,19,pack_ev,0.0,0.0
2026-08-28,안중,19,pack_ess,0.0,0.0
2026-08-28,안중,19,blackmass,0.0,0.0
2026-08-28,안중,20,pack_ev,0.0,0.0
2026-08-28,안중,20,pack_ess,0.0,0.0
2026-08-28,안중,20,blackmass,0.0,0.0
2026-08-28,안중,21,pack_ev,0.0,0.0
2026-08-28,안중,21,pack_ess,0.0,0.0
2026-08-28,안중,21,blackmass,0.0,0.0
2026-08-28,안중,22,pack_ev,0.0,0.0
2026-08-28,안중,22,pack_ess,0.0,0.0
2026-08-28,안중,22,blackmass,0.0,0.0
2026-08-28,안중,23,pack_ev,0.0,0.0
2026-08-28,안중,23,pack_ess,0.0,0.0
2026-08-28,안중,23,blackmass,0.0,0.0
2026-08-28,천안,0,pack_ev,0.0,0.0
2026-08-28,천안,0,pack_ess,0.0,0.0
2026-08-28,천안,0,blackmass,0.0,0.0
2026-08-28,천안,1,pack_ev,0.0,0.0
2026-08-28,천안,1,pack_ess,0.0,0.0
2026-08-28,천안,1,blackmass,0.0,0.0
2026-08-28,천안,2,pack_ev,0.0,0.0
2026-08-28,천안,2,pack_ess,0.0,0.0
2026-08-28,천안,2,blackmass,0.0,0.0
2026-08-28,천안,3,pack_ev,0.0,0.0
2026-08-28,천안,3,pack_ess,0.0,0.0
2026-08-28,천안,3,blackmass,0.0,0.0
2026-08-28,천안,4,pack_ev,0.0,0.0
2026-08-28,천안,4,pack_ess,0.0,0.0
2026-08-28,천안,4,blackmass,0.0,0.0
2026-08-28,천안,5,pack_ev,0.0,0.0
2026-08-28,천안,5,pack_ess,0.0,0.0
2026-08-28,천안,5,blackmass,0.0,0.0
2026-08-28,천안,6,pack_ev,0.0,0.0
2026-08-28,천안,6,pack_ess,0.0,0.0
2026-08-28,천안,6,blackmass,0.0,0.0
2026-08-28,천안,7,pack_ev,0.0,0.0
2026-08-28,천안,7,pack_ess,0.0,0.0
2026-08-28,천안,7,blackmass,0.0,0.0
2026-08-28,천안,8,pack_ev,0.0,0.0
2026-08-28,천안,8,pack_ess,0.0,0.0
2026-08-28,천안,8,blackmass,0.0,0.0
2026-08-28,천안,9,pack_ev,0.0,0.0
2026-08-28,천안,9,pack_ess,0.0,0.0
2026-08-28,천안,9,blackmass,0.0,0.0
2026-08-28,천안,10,pack_ev,0.0,0.0
2026-08-28,천안,10,pack_ess,0.0,0.0
2026-08-28,천안,10,blackmass,0.0,0.0
2026-08-28,천안,11,pack_ev,0.0,0.0
2026-08-28,천안,11,pack_ess,0.0,0.0
2026-08-28,천안,11,blackmass,0.0,0.0
2026-08-28,천안,12,pack_ev,0.0,0.0
2026-08-28,천안,12,pack_ess,0.0,0.0
2026-08-28,천안,12,blackmass,0.0,0.0
2026-08-28,천안,13,pack_ev,0.0,0.0
2026-08-28,천안,13,pack_ess,0.0,0.0
2026-08-28,천안,13,blackmass,0.0,0.0
2026-08-28,천안,14,pack_ev,0.0,0.0
2026-08-28,천안,14,pack_ess,0.0,0.0
2026-08-28,천안,14,blackmass,0.0,0.0
2026-08-28,천안,15,pack_ev,0.0,0.0
2026-08-28,천안,15,pack_ess,0.0,0.0
2026-08-28,천안,15,blackmass,0.0,0.0
2026-08-28,천안,16,pack_ev,0.0,0.0
2026-08-28,천안,16,pack_ess,0.0,0.0
2026-08-28,천안,16,blackmass,0.0,0.0
2026-08-28,천안,17,pack_ev,0.0,0.0
2026-08-28,천안,17,pack_ess,0.0,0.0
2026-08-28,천안,17,blackmass,0.0,0.0
2026-08-28,천안,18,pack_ev,0.0,0.0
2026-08-28,천안,18,pack_ess,0.0,0.0
2026-08-28,천안,18,blackmass,0.0,0.0
2026-08-28,천안,19,pack_ev,0.0,0.0
2026-08-28,천안,19,pack_ess,0.0,0.0
2026-08-28,천안,19,blackmass,0.0,0.0
2026-08-28,천안,20,pack_ev,0.0,0.0
2026-08-28,천안,20,pack_ess,0.0,0.0
2026-08-28,천안,20,blackmass,0.0,0.0
2026-08-28,천안,21,pack_ev,0.0,0.0
2026-08-28,천안,21,pack_ess,0.0,0.0
2026-08-28,천안,21,blackmass,0.0,0.0
2026-08-28,천안,22,pack_ev,0.0,0.0
2026-08-28,천안,22,pack_ess,0.0,0.0
2026-08-28,천안,22,blackmass,0.0,0.0
2026-08-28,천안,23,pack_ev,0.0,0.0
2026-08-28,천안,23,pack_ess,0.0,0.0
2026-08-28,천안,23,blackmass,0.0,0.0
2026-08-29,서화성,0,pack_ev,0.0,0.0
2026-08-29,서화성,0,pack_ess,0.0,0.0
2026-08-29,서화성,0,blackmass,0.0,0.0
2026-08-29,서화성,1,pack_ev,0.0,0.0
2026-08-29,서화성,1,pack_ess,0.0,0.0
2026-08-29,서화성,1,blackmass,0.0,0.0
2026-08-29,서화성,2,pack_ev,0.0,0.0
2026-08-29,서화성,2,pack_ess,0.0,0.0
2026-08-29,서화성,2,blackmass,0.0,0.0
2026-08-29,서화성,3,pack_ev,0.0,0.0
2026-08-29,서화성,3,pack_ess,0.0,0.0
2026-08-29,서화성,3,blackmass,0.0,0.0
2026-08-29,서화성,4,pack_ev,0.0,0.0
2026-08-29,서화성,4,pack_ess,0.0,0.0
2026-08-29,서화성,4,blackmass,0.0,0.0
2026-08-29,서화성,5,pack_ev,0.0,0.0
2026-08-29,서화성,5,pack_ess,0.0,0.0
2026-08-29,서화성,5,blackmass,0.0,0.0
2026-08-29,서화성,6,pack_ev,0.0,0.0
2026-08-29,서화성,6,pack_ess,0.0,0.0
2026-08-29,서화성,6,blackmass,0.0,0.0
2026-08-29,서화성,7,pack_ev,0.0,0.0
2026-08-29,서화성,7,pack_ess,0.0,0.0
2026-08-29,서화성,7,blackmass,0.0,0.0
2026-08-29,서화성,8,pack_ev,0.0,0.0
2026-08-29,서화성,8,pack_ess,0.0,0.0
2026-08-29,서화성,8,blackmass,0.0,0.0
2026-08-29,서화성,9,pack_ev,0.0,0.0
2026-08-29,서화성,9,pack_ess,0.0,0.0
2026-08-29,서화성,9,blackmass,0.0,0.0
2026-08-29,서화성,10,pack_ev,0.0,0.0
2026-08-29,서화성,10,pack_ess,0.0,0.0
2026-08-29,서화성,10,blackmass,0.0,0.0
2026-08-29,서화성,11,pack_ev,0.0,0.0
2026-08-29,서화성,11,pack_ess,0.0,0.0
2026-08-29,서화성,11,blackmass,0.0,0.0
2026-08-29,서화성,12,pack_ev,0.0,0.0
2026-08-29,서화성,12,pack_ess,0.0,0.0
2026-08-29,서화성,12,blackmass,0.0,0.0
2026-08-29,서화성,13,pack_ev,0.0,0.0
2026-08-29,서화성,13,pack_ess,0.0,0.0
2026-08-29,서화성,13,blackmass,0.0,0.0
2026-08-29,서화성,14,pack_ev,0.0,0.0
2026-08-29,서화성,14,pack_ess,0.0,0.0
2026-08-29,서화성,14,blackmass,0.0,0.0
2026-08-29,서화성,15,pack_ev,0.0,0.0
2026-08-29,서화성,15,pack_ess,0.0,0.0
2026-08-29,서화성,15,blackmass,0.0,0.0
2026-08-29,서화성,16,pack_ev,0.0,0.0
2026-08-29,서화성,16,pack_ess,0.0,0.0
2026-08-29,서화성,16,blackmass,0.0,0.0
2026-08-29,서화성,17,pack_ev,0.0,0.0
2026-08-29,서화성,17,pack_ess,0.0,0.0
2026-08-29,서화성,17,blackmass,0.0,0.0
2026-08-29,서화성,18,pack_ev,0.0,0.0
2026-08-29,서화성,18,pack_ess,0.0,0.0
2026-08-29,서화성,18,blackmass,0.0,0.0
2026-08-29,서화성,19,pack_ev,0.0,0.0
2026-08-29,서화성,19,pack_ess,0.0,0.0
2026-08-29,서화성,19,blackmass,0.0,0.0
2026-08-29,서화성,20,pack_ev,0.0,0.0
2026-08-29,서화성,20,pack_ess,0.0,0.0
2026-08-29,서화성,20,blackmass,0.0,0.0
2026-08-29,서화성,21,pack_ev,0.0,0.0
2026-08-29,서화성,21,pack_ess,0.0,0.0
2026-08-29,서화성,21,blackmass,0.0,0.0
2026-08-29,서화성,22,pack_ev,0.0,0.0
2026-08-29,서화성,22,pack_ess,0.0,0.0
2026-08-29,서화성,22,blackmass,0.0,0.0
2026-08-29,서화성,23,pack_ev,0.0,0.0
2026-08-29,서화성,23,pack_ess,0.0,0.0
2026-08-29,서화성,23,blackmass,0.0,0.0
2026-08-29,신례원,0,pack_ev,0.0,0.0
2026-08-29,신례원,0,pack_ess,0.0,0.0
2026-08-29,신례원,0,blackmass,0.0,0.0
2026-08-29,신례원,1,pack_ev,0.0,0.0
2026-08-29,신례원,1,pack_ess,0.0,0.0
2026-08-29,신례원,1,blackmass,0.0,0.0
2026-08-29,신례원,2,pack_ev,0.0,0.0
2026-08-29,신례원,2,pack_ess,0.0,0.0
2026-08-29,신례원,2,blackmass,0.0,0.0
2026-08-29,신례원,3,pack_ev,0.0,0.0
2026-08-29,신례원,3,pack_ess,0.0,0.0
2026-08-29,신례원,3,blackmass,0.0,0.0
2026-08-29,신례원,4,pack_ev,0.0,0.0
2026-08-29,신례원,4,pack_ess,0.0,0.0
2026-08-29,신례원,4,blackmass,0.0,0.0
2026-08-29,신례원,5,pack_ev,0.0,0.0
2026-08-29,신례원,5,pack_ess,0.0,0.0
2026-08-29,신례원,5,blackmass,0.0,0.0
2026-08-29,신례원,6,pack_ev,0.0,0.0
2026-08-29,신례원,6,pack_ess,0.0,0.0
2026-08-29,신례원,6,blackmass,0.0,0.0
2026-08-29,신례원,7,pack_ev,0.0,0.0
2026-08-29,신례원,7,pack_ess,0.0,0.0
2026-08-29,신례원,7,blackmass,0.0,0.0
2026-08-29,신례원,8,pack_ev,0.0,0.0
2026-08-29,신례원,8,pack_ess,0.0,0.0
2026-08-29,신례원,8,blackmass,0.0,0.0
2026-08-29,신례원,9,pack_ev,0.0,0.0
2026-08-29,신례원,9,pack_ess,0.0,0.0
2026-08-29,신례원,9,blackmass,0.0,0.0
2026-08-29,신례원,10,pack_ev,0.0,0.0
2026-08-29,신례원,10,pack_ess,0.0,0.0
2026-08-29,신례원,10,blackmass,0.0,0.0
2026-08-29,신례원,11,pack_ev,0.0,0.0
2026-08-29,신례원,11,pack_ess,0.0,0.0
2026-08-29,신례원,11,blackmass,0.0,0.0
2026-08-29,신례원,12,pack_ev,0.0,0.0
2026-08-29,신례원,12,pack_ess,0.0,0.0
2026-08-29,신례원,12,blackmass,0.0,0.0
2026-08-29,신례원,13,pack_ev,0.0,0.0
2026-08-29,신례원,13,pack_ess,0.0,0.0
2026-08-29,신례원,13,blackmass,0.0,0.0
2026-08-29,신례원,14,pack_ev,0.0,0.0
2026-08-29,신례원,14,pack_ess,0.0,0.0
2026-08-29,신례원,14,blackmass,0.0,0.0
2026-08-29,신례원,15,pack_ev,0.0,0.0
2026-08-29,신례원,15,pack_ess,0.0,0.0
2026-08-29,신례원,15,blackmass,0.0,0.0
2026-08-29,신례원,16,pack_ev,0.0,0.0
2026-08-29,신례원,16,pack_ess,0.0,0.0
2026-08-29,신례원,16,blackmass,0.0,0.0
2026-08-29,신례원,17,pack_ev,0.0,0.0
2026-08-29,신례원,17,pack_ess,0.0,0.0
2026-08-29,신례원,17,blackmass,0.0,0.0
2026-08-29,신례원,18,pack_ev,0.0,0.0
2026-08-29,신례원,18,pack_ess,0.0,0.0
2026-08-29,신례원,18,blackmass,0.0,0.0
2026-08-29,신례원,19,pack_ev,0.0,0.0
2026-08-29,신례원,19,pack_ess,0.0,0.0
2026-08-29,신례원,19,blackmass,0.0,0.0
2026-08-29,신례원,20,pack_ev,0.0,0.0
2026-08-29,신례원,20,pack_ess,0.0,0.0
2026-08-29,신례원,20,blackmass,0.0,0.0
2026-08-29,신례원,21,pack_ev,0.0,0.0
2026-08-29,신례원,21,pack_ess,0.0,0.0
2026-08-29,신례원,21,blackmass,0.0,0.0
2026-08-29,신례원,22,pack_ev,0.0,0.0
2026-08-29,신례원,22,pack_ess,0.0,0.0
2026-08-29,신례원,22,blackmass,0.0,0.0
2026-08-29,신례원,23,pack_ev,0.0,0.0
2026-08-29,신례원,23,pack_ess,0.0,0.0
2026-08-29,신례원,23,blackmass,0.0,0.0
2026-08-29,안중,0,pack_ev,0.0,0.0
2026-08-29,안중,0,pack_ess,0.0,0.0
2026-08-29,안중,0,blackmass,0.0,0.0
2026-08-29,안중,1,pack_ev,0.0,0.0
2026-08-29,안중,1,pack_ess,0.0,0.0
2026-08-29,안중,1,blackmass,0.0,0.0
2026-08-29,안중,2,pack_ev,0.0,0.0
2026-08-29,안중,2,pack_ess,0.0,0.0
2026-08-29,안중,2,blackmass,0.0,0.0
2026-08-29,안중,3,pack_ev,0.0,0.0
2026-08-29,안중,3,pack_ess,0.0,0.0
2026-08-29,안중,3,blackmass,0.0,0.0
2026-08-29,안중,4,pack_ev,0.0,0.0
2026-08-29,안중,4,pack_ess,0.0,0.0
2026-08-29,안중,4,blackmass,0.0,0.0
2026-08-29,안중,5,pack_ev,0.0,0.0
2026-08-29,안중,5,pack_ess,0.0,0.0
2026-08-29,안중,5,blackmass,0.0,0.0
2026-08-29,안중,6,pack_ev,0.0,0.0
2026-08-29,안중,6,pack_ess,0.0,0.0
2026-08-29,안중,6,blackmass,0.0,0.0
2026-08-29,안중,7,pack_ev,0.0,0.0
2026-08-29,안중,7,pack_ess,0.0,0.0
2026-08-29,안중,7,blackmass,0.0,0.0
2026-08-29,안중,8,pack_ev,0.0,0.0
2026-08-29,안중,8,pack_ess,0.0,0.0
2026-08-29,안중,8,blackmass,0.0,0.0
2026-08-29,안중,9,pack_ev,0.0,0.0
2026-08-29,안중,9,pack_ess,0.0,0.0
2026-08-29,안중,9,blackmass,0.0,0.0
2026-08-29,안중,10,pack_ev,0.0,0.0
2026-08-29,안중,10,pack_ess,0.0,0.0
2026-08-29,안중,10,blackmass,0.0,0.0
2026-08-29,안중,11,pack_ev,0.0,0.0
2026-08-29,안중,11,pack_ess,0.0,0.0
2026-08-29,안중,11,blackmass,0.0,0.0
2026-08-29,안중,12,pack_ev,0.0,0.0
2026-08-29,안중,12,pack_ess,0.0,0.0
2026-08-29,안중,12,blackmass,0.0,0.0
2026-08-29,안중,13,pack_ev,0.0,0.0
2026-08-29,안중,13,pack_ess,0.0,0.0
2026-08-29,안중,13,blackmass,0.0,0.0
2026-08-29,안중,14,pack_ev,0.0,0.0
2026-08-29,안중,14,pack_ess,0.0,0.0
2026-08-29,안중,14,blackmass,0.0,0.0
2026-08-29,안중,15,pack_ev,0.0,0.0
2026-08-29,안중,15,pack_ess,0.0,0.0
2026-08-29,안중,15,blackmass,0.0,0.0
2026-08-29,안중,16,pack_ev,0.0,0.0
2026-08-29,안중,16,pack_ess,0.0,0.0
2026-08-29,안중,16,blackmass,0.0,0.0
2026-08-29,안중,17,pack_ev,0.0,0.0
2026-08-29,안중,17,pack_ess,0.0,0.0
2026-08-29,안중,17,blackmass,0.0,0.0
2026-08-29,안중,18,pack_ev,0.0,0.0
2026-08-29,안중,18,pack_ess,0.0,0.0
2026-08-29,안중,18,blackmass,0.0,0.0
2026-08-29,안중,19,pack_ev,0.0,0.0
2026-08-29,안중,19,pack_ess,0.0,0.0
2026-08-29,안중,19,blackmass,0.0,0.0
2026-08-29,안중,20,pack_ev,0.0,0.0
2026-08-29,안중,20,pack_ess,0.0,0.0
2026-08-29,안중,20,blackmass,0.0,0.0
2026-08-29,안중,21,pack_ev,0.0,0.0
2026-08-29,안중,21,pack_ess,0.0,0.0
2026-08-29,안중,21,blackmass,0.0,0.0
2026-08-29,안중,22,pack_ev,0.0,0.0
2026-08-29,안중,22,pack_ess,0.0,0.0
2026-08-29,안중,22,blackmass,0.0,0.0
2026-08-29,안중,23,pack_ev,0.0,0.0
2026-08-29,안중,23,pack_ess,0.0,0.0
2026-08-29,안중,23,blackmass,0.0,0.0
2026-08-29,천안,0,pack_ev,0.0,0.0
2026-08-29,천안,0,pack_ess,0.0,0.0
2026-08-29,천안,0,blackmass,0.0,0.0
2026-08-29,천안,1,pack_ev,0.0,0.0
2026-08-29,천안,1,pack_ess,0.0,0.0
2026-08-29,천안,1,blackmass,0.0,0.0
2026-08-29,천안,2,pack_ev,0.0,0.0
2026-08-29,천안,2,pack_ess,0.0,0.0
2026-08-29,천안,2,blackmass,0.0,0.0
2026-08-29,천안,3,pack_ev,0.0,0.0
2026-08-29,천안,3,pack_ess,0.0,0.0
2026-08-29,천안,3,blackmass,0.0,0.0
2026-08-29,천안,4,pack_ev,0.0,0.0
2026-08-29,천안,4,pack_ess,0.0,0.0
2026-08-29,천안,4,blackmass,0.0,0.0
2026-08-29,천안,5,pack_ev,0.0,0.0
2026-08-29,천안,5,pack_ess,0.0,0.0
2026-08-29,천안,5,blackmass,0.0,0.0
2026-08-29,천안,6,pack_ev,0.0,0.0
2026-08-29,천안,6,pack_ess,0.0,0.0
2026-08-29,천안,6,blackmass,0.0,0.0
2026-08-29,천안,7,pack_ev,0.0,0.0
2026-08-29,천안,7,pack_ess,0.0,0.0
2026-08-29,천안,7,blackmass,0.0,0.0
2026-08-29,천안,8,pack_ev,0.0,0.0
2026-08-29,천안,8,pack_ess,0.0,0.0
2026-08-29,천안,8,blackmass,0.0,0.0
2026-08-29,천안,9,pack_ev,0.0,0.0
2026-08-29,천안,9,pack_ess,0.0,0.0
2026-08-29,천안,9,blackmass,0.0,0.0
2026-08-29,천안,10,pack_ev,0.0,0.0
2026-08-29,천안,10,pack_ess,0.0,0.0
2026-08-29,천안,10,blackmass,0.0,0.0
2026-08-29,천안,11,pack_ev,0.0,0.0
2026-08-29,천안,11,pack_ess,0.0,0.0
2026-08-29,천안,11,blackmass,0.0,0.0
2026-08-29,천안,12,pack_ev,0.0,0.0
2026-08-29,천안,12,pack_ess,0.0,0.0
2026-08-29,천안,12,blackmass,0.0,0.0
2026-08-29,천안,13,pack_ev,0.0,0.0
2026-08-29,천안,13,pack_ess,0.0,0.0
2026-08-29,천안,13,blackmass,0.0,0.0
2026-08-29,천안,14,pack_ev,0.0,0.0
2026-08-29,천안,14,pack_ess,0.0,0.0
2026-08-29,천안,14,blackmass,0.0,0.0
2026-08-29,천안,15,pack_ev,0.0,0.0
2026-08-29,천안,15,pack_ess,0.0,0.0
2026-08-29,천안,15,blackmass,0.0,0.0
2026-08-29,천안,16,pack_ev,0.0,0.0
2026-08-29,천안,16,pack_ess,0.0,0.0
2026-08-29,천안,16,blackmass,0.0,0.0
2026-08-29,천안,17,pack_ev,0.0,0.0
2026-08-29,천안,17,pack_ess,0.0,0.0
2026-08-29,천안,17,blackmass,0.0,0.0
2026-08-29,천안,18,pack_ev,0.0,0.0
2026-08-29,천안,18,pack_ess,0.0,0.0
2026-08-29,천안,18,blackmass,0.0,0.0
2026-08-29,천안,19,pack_ev,0.0,0.0
2026-08-29,천안,19,pack_ess,0.0,0.0
2026-08-29,천안,19,blackmass,0.0,0.0
2026-08-29,천안,20,pack_ev,0.0,0.0
2026-08-29,천안,20,pack_ess,0.0,0.0
2026-08-29,천안,20,blackmass,0.0,0.0
2026-08-29,천안,21,pack_ev,0.0,0.0
2026-08-29,천안,21,pack_ess,0.0,0.0
2026-08-29,천안,21,blackmass,0.0,0.0
2026-08-29,천안,22,pack_ev,0.0,0.0
2026-08-29,천안,22,pack_ess,0.0,0.0
2026-08-29,천안,22,blackmass,0.0,0.0
2026-08-29,천안,23,pack_ev,0.0,0.0
2026-08-29,천안,23,pack_ess,0.0,0.0
2026-08-29,천안,23,blackmass,0.0,0.0
2026-08-30,서화성,0,pack_ev,0.0,0.0
2026-08-30,서화성,0,pack_ess,0.0,0.0
2026-08-30,서화성,0,blackmass,0.0,0.0
2026-08-30,서화성,1,pack_ev,0.0,0.0
2026-08-30,서화성,1,pack_ess,0.0,0.0
2026-08-30,서화성,1,blackmass,0.0,0.0
2026-08-30,서화성,2,pack_ev,0.0,0.0
2026-08-30,서화성,2,pack_ess,0.0,0.0
2026-08-30,서화성,2,blackmass,0.0,0.0
2026-08-30,서화성,3,pack_ev,0.0,0.0
2026-08-30,서화성,3,pack_ess,0.0,0.0
2026-08-30,서화성,3,blackmass,0.0,0.0
2026-08-30,서화성,4,pack_ev,0.0,0.0
2026-08-30,서화성,4,pack_ess,0.0,0.0
2026-08-30,서화성,4,blackmass,0.0,0.0
2026-08-30,서화성,5,pack_ev,0.0,0.0
2026-08-30,서화성,5,pack_ess,0.0,0.0
2026-08-30,서화성,5,blackmass,0.0,0.0
2026-08-30,서화성,6,pack_ev,0.0,0.0
2026-08-30,서화성,6,pack_ess,0.0,0.0
2026-08-30,서화성,6,blackmass,0.0,0.0
2026-08-30,서화성,7,pack_ev,0.0,0.0
2026-08-30,서화성,7,pack_ess,0.0,0.0
2026-08-30,서화성,7,blackmass,0.0,0.0
2026-08-30,서화성,8,pack_ev,0.0,0.0
2026-08-30,서화성,8,pack_ess,0.0,0.0
2026-08-30,서화성,8,blackmass,0.0,0.0
2026-08-30,서화성,9,pack_ev,0.0,0.0
2026-08-30,서화성,9,pack_ess,0.0,0.0
2026-08-30,서화성,9,blackmass,0.0,0.0
2026-08-30,서화성,10,pack_ev,0.0,0.0
2026-08-30,서화성,10,pack_ess,0.0,0.0
2026-08-30,서화성,10,blackmass,0.0,0.0
2026-08-30,서화성,11,pack_ev,0.0,0.0
2026-08-30,서화성,11,pack_ess,0.0,0.0
2026-08-30,서화성,11,blackmass,0.0,0.0
2026-08-30,서화성,12,pack_ev,0.0,0.0
2026-08-30,서화성,12,pack_ess,0.0,0.0
2026-08-30,서화성,12,blackmass,0.0,0.0
2026-08-30,서화성,13,pack_ev,0.0,0.0
2026-08-30,서화성,13,pack_ess,0.0,0.0
2026-08-30,서화성,13,blackmass,0.0,0.0
2026-08-30,서화성,14,pack_ev,0.0,0.0
2026-08-30,서화성,14,pack_ess,0.0,0.0
2026-08-30,서화성,14,blackmass,0.0,0.0
2026-08-30,서화성,15,pack_ev,0.0,0.0
2026-08-30,서화성,15,pack_ess,0.0,0.0
2026-08-30,서화성,15,blackmass,0.0,0.0
2026-08-30,서화성,16,pack_ev,0.0,0.0
2026-08-30,서화성,16,pack_ess,0.0,0.0
2026-08-30,서화성,16,blackmass,0.0,0.0
2026-08-30,서화성,17,pack_ev,0.0,0.0
2026-08-30,서화성,17,pack_ess,0.0,0.0
2026-08-30,서화성,17,blackmass,0.0,0.0
2026-08-30,서화성,18,pack_ev,0.0,0.0
2026-08-30,서화성,18,pack_ess,0.0,0.0
2026-08-30,서화성,18,blackmass,0.0,0.0
2026-08-30,서화성,19,pack_ev,0.0,0.0
2026-08-30,서화성,19,pack_ess,0.0,0.0
2026-08-30,서화성,19,blackmass,0.0,0.0
2026-08-30,서화성,20,pack_ev,0.0,0.0
2026-08-30,서화성,20,pack_ess,0.0,0.0
2026-08-30,서화성,20,blackmass,0.0,0.0
2026-08-30,서화성,21,pack_ev,0.0,0.0
2026-08-30,서화성,21,pack_ess,0.0,0.0
2026-08-30,서화성,21,blackmass,0.0,0.0
2026-08-30,서화성,22,pack_ev,0.0,0.0
2026-08-30,서화성,22,pack_ess,0.0,0.0
2026-08-30,서화성,22,blackmass,0.0,0.0
2026-08-30,서화성,23,pack_ev,0.0,0.0
2026-08-30,서화성,23,pack_ess,0.0,0.0
2026-08-30,서화성,23,blackmass,0.0,0.0
2026-08-30,신례원,0,pack_ev,0.0,0.0
2026-08-30,신례원,0,pack_ess,0.0,0.0
2026-08-30,신례원,0,blackmass,0.0,0.0
2026-08-30,신례원,1,pack_ev,0.0,0.0
2026-08-30,신례원,1,pack_ess,0.0,0.0
2026-08-30,신례원,1,blackmass,0.0,0.0
2026-08-30,신례원,2,pack_ev,0.0,0.0
2026-08-30,신례원,2,pack_ess,0.0,0.0
2026-08-30,신례원,2,blackmass,0.0,0.0
2026-08-30,신례원,3,pack_ev,0.0,0.0
2026-08-30,신례원,3,pack_ess,0.0,0.0
2026-08-30,신례원,3,blackmass,0.0,0.0
2026-08-30,신례원,4,pack_ev,0.0,0.0
2026-08-30,신례원,4,pack_ess,0.0,0.0
2026-08-30,신례원,4,blackmass,0.0,0.0
2026-08-30,신례원,5,pack_ev,0.0,0.0
2026-08-30,신례원,5,pack_ess,0.0,0.0
2026-08-30,신례원,5,blackmass,0.0,0.0
2026-08-30,신례원,6,pack_ev,0.0,0.0
2026-08-30,신례원,6,pack_ess,0.0,0.0
2026-08-30,신례원,6,blackmass,0.0,0.0
2026-08-30,신례원,7,pack_ev,0.0,0.0
2026-08-30,신례원,7,pack_ess,0.0,0.0
2026-08-30,신례원,7,blackmass,0.0,0.0
2026-08-30,신례원,8,pack_ev,0.0,0.0
2026-08-30,신례원,8,pack_ess,0.0,0.0
2026-08-30,신례원,8,blackmass,0.0,0.0
2026-08-30,신례원,9,pack_ev,0.0,0.0
2026-08-30,신례원,9,pack_ess,0.0,0.0
2026-08-30,신례원,9,blackmass,0.0,0.0
2026-08-30,신례원,10,pack_ev,0.0,0.0
2026-08-30,신례원,10,pack_ess,0.0,0.0
2026-08-30,신례원,10,blackmass,0.0,0.0
2026-08-30,신례원,11,pack_ev,0.0,0.0
2026-08-30,신례원,11,pack_ess,0.0,0.0
2026-08-30,신례원,11,blackmass,0.0,0.0
2026-08-30,신례원,12,pack_ev,0.0,0.0
2026-08-30,신례원,12,pack_ess,0.0,0.0
2026-08-30,신례원,12,blackmass,0.0,0.0
2026-08-30,신례원,13,pack_ev,0.0,0.0
2026-08-30,신례원,13,pack_ess,0.0,0.0
2026-08-30,신례원,13,blackmass,0.0,0.0
2026-08-30,신례원,14,pack_ev,0.0,0.0
2026-08-30,신례원,14,pack_ess,0.0,0.0
2026-08-30,신례원,14,blackmass,0.0,0.0
2026-08-30,신례원,15,pack_ev,0.0,0.0
2026-08-30,신례원,15,pack_ess,0.0,0.0
2026-08-30,신례원,15,blackmass,0.0,0.0
2026-08-30,신례원,16,pack_ev,0.0,0.0
2026-08-30,신례원,16,pack_ess,0.0,0.0
2026-08-30,신례원,16,blackmass,0.0,0.0
2026-08-30,신례원,17,pack_ev,0.0,0.0
2026-08-30,신례원,17,pack_ess,0.0,0.0
2026-08-30,신례원,17,blackmass,0.0,0.0
2026-08-30,신례원,18,pack_ev,0.0,0.0
2026-08-30,신례원,18,pack_ess,0.0,0.0
2026-08-30,신례원,18,blackmass,0.0,0.0
2026-08-30,신례원,19,pack_ev,0.0,0.0
2026-08-30,신례원,19,pack_ess,0.0,0.0
2026-08-30,신례원,19,blackmass,0.0,0.0
2026-08-30,신례원,20,pack_ev,0.0,0.0
2026-08-30,신례원,20,pack_ess,0.0,0.0
2026-08-30,신례원,20,blackmass,0.0,0.0
2026-08-30,신례원,21,pack_ev,0.0,0.0
2026-08-30,신례원,21,pack_ess,0.0,0.0
2026-08-30,신례원,21,blackmass,0.0,0.0
2026-08-30,신례원,22,pack_ev,0.0,0.0
2026-08-30,신례원,22,pack_ess,0.0,0.0
2026-08-30,신례원,22,blackmass,0.0,0.0
2026-08-30,신례원,23,pack_ev,0.0,0.0
2026-08-30,신례원,23,pack_ess,0.0,0.0
2026-08-30,신례원,23,blackmass,0.0,0.0
2026-08-30,안중,0,pack_ev,0.0,0.0
2026-08-30,안중,0,pack_ess,0.0,0.0
2026-08-30,안중,0,blackmass,0.0,0.0
2026-08-30,안중,1,pack_ev,0.0,0.0
2026-08-30,안중,1,pack_ess,0.0,0.0
2026-08-30,안중,1,blackmass,0.0,0.0
2026-08-30,안중,2,pack_ev,0.0,0.0
2026-08-30,안중,2,pack_ess,0.0,0.0
2026-08-30,안중,2,blackmass,0.0,0.0
2026-08-30,안중,3,pack_ev,0.0,0.0
2026-08-30,안중,3,pack_ess,0.0,0.0
2026-08-30,안중,3,blackmass,0.0,0.0
2026-08-30,안중,4,pack_ev,0.0,0.0
2026-08-30,안중,4,pack_ess,0.0,0.0
2026-08-30,안중,4,blackmass,0.0,0.0
2026-08-30,안중,5,pack_ev,0.0,0.0
2026-08-30,안중,5,pack_ess,0.0,0.0
2026-08-30,안중,5,blackmass,0.0,0.0
2026-08-30,안중,6,pack_ev,0.0,0.0
2026-08-30,안중,6,pack_ess,0.0,0.0
2026-08-30,안중,6,blackmass,0.0,0.0
2026-08-30,안중,7,pack_ev,0.0,0.0
2026-08-30,안중,7,pack_ess,0.0,0.0
2026-08-30,안중,7,blackmass,0.0,0.0
2026-08-30,안중,8,pack_ev,0.0,0.0
2026-08-30,안중,8,pack_ess,0.0,0.0
2026-08-30,안중,8,blackmass,0.0,0.0
2026-08-30,안중,9,pack_ev,0.0,0.0
2026-08-30,안중,9,pack_ess,0.0,0.0
2026-08-30,안중,9,blackmass,0.0,0.0
2026-08-30,안중,10,pack_ev,0.0,0.0
2026-08-30,안중,10,pack_ess,0.0,0.0
2026-08-30,안중,10,blackmass,0.0,0.0
2026-08-30,안중,11,pack_ev,0.0,0.0
2026-08-30,안중,11,pack_ess,0.0,0.0
2026-08-30,안중,11,blackmass,0.0,0.0
2026-08-30,안중,12,pack_ev,0.0,0.0
2026-08-30,안중,12,pack_ess,0.0,0.0
2026-08-30,안중,12,blackmass,0.0,0.0
2026-08-30,안중,13,pack_ev,0.0,0.0
2026-08-30,안중,13,pack_ess,0.0,0.0
2026-08-30,안중,13,blackmass,0.0,0.0
2026-08-30,안중,14,pack_ev,0.0,0.0
2026-08-30,안중,14,pack_ess,0.0,0.0
2026-08-30,안중,14,blackmass,0.0,0.0
2026-08-30,안중,15,pack_ev,0.0,0.0
2026-08-30,안중,15,pack_ess,0.0,0.0
2026-08-30,안중,15,blackmass,0.0,0.0
2026-08-30,안중,16,pack_ev,0.0,0.0
2026-08-30,안중,16,pack_ess,0.0,0.0
2026-08-30,안중,16,blackmass,0.0,0.0
2026-08-30,안중,17,pack_ev,0.0,0.0
2026-08-30,안중,17,pack_ess,0.0,0.0
2026-08-30,안중,17,blackmass,0.0,0.0
2026-08-30,안중,18,pack_ev,0.0,0.0
2026-08-30,안중,18,pack_ess,0.0,0.0
2026-08-30,안중,18,blackmass,0.0,0.0
2026-08-30,안중,19,pack_ev,0.0,0.0
2026-08-30,안중,19,pack_ess,0.0,0.0
2026-08-30,안중,19,blackmass,0.0,0.0
2026-08-30,안중,20,pack_ev,0.0,0.0
2026-08-30,안중,20,pack_ess,0.0,0.0
2026-08-30,안중,20,blackmass,0.0,0.0
2026-08-30,안중,21,pack_ev,0.0,0.0
2026-08-30,안중,21,pack_ess,0.0,0.0
2026-08-30,안중,21,blackmass,0.0,0.0
2026-08-30,안중,22,pack_ev,0.0,0.0
2026-08-30,안중,22,pack_ess,0.0,0.0
2026-08-30,안중,22,blackmass,0.0,0.0
2026-08-30,안중,23,pack_ev,0.0,0.0
2026-08-30,안중,23,pack_ess,0.0,0.0
2026-08-30,안중,23,blackmass,0.0,0.0
2026-08-30,천안,0,pack_ev,0.0,0.0
2026-08-30,천안,0,pack_ess,0.0,0.0
2026-08-30,천안,0,blackmass,0.0,0.0
2026-08-30,천안,1,pack_ev,0.0,0.0
2026-08-30,천안,1,pack_ess,0.0,0.0
2026-08-30,천안,1,blackmass,0.0,0.0
2026-08-30,천안,2,pack_ev,0.0,0.0
2026-08-30,천안,2,pack_ess,0.0,0.0
2026-08-30,천안,2,blackmass,0.0,0.0
2026-08-30,천안,3,pack_ev,0.0,0.0
2026-08-30,천안,3,pack_ess,0.0,0.0
2026-08-30,천안,3,blackmass,0.0,0.0
2026-08-30,천안,4,pack_ev,0.0,0.0
2026-08-30,천안,4,pack_ess,0.0,0.0
2026-08-30,천안,4,blackmass,0.0,0.0
2026-08-30,천안,5,pack_ev,0.0,0.0
2026-08-30,천안,5,pack_ess,0.0,0.0
2026-08-30,천안,5,blackmass,0.0,0.0
2026-08-30,천안,6,pack_ev,0.0,0.0
2026-08-30,천안,6,pack_ess,0.0,0.0
2026-08-30,천안,6,blackmass,0.0,0.0
2026-08-30,천안,7,pack_ev,0.0,0.0
2026-08-30,천안,7,pack_ess,0.0,0.0
2026-08-30,천안,7,blackmass,0.0,0.0
2026-08-30,천안,8,pack_ev,0.0,0.0
2026-08-30,천안,8,pack_ess,0.0,0.0
2026-08-30,천안,8,blackmass,0.0,0.0
2026-08-30,천안,9,pack_ev,0.0,0.0
2026-08-30,천안,9,pack_ess,0.0,0.0
2026-08-30,천안,9,blackmass,0.0,0.0
2026-08-30,천안,10,pack_ev,0.0,0.0
2026-08-30,천안,10,pack_ess,0.0,0.0
2026-08-30,천안,10,blackmass,0.0,0.0
2026-08-30,천안,11,pack_ev,0.0,0.0
2026-08-30,천안,11,pack_ess,0.0,0.0
2026-08-30,천안,11,blackmass,0.0,0.0
2026-08-30,천안,12,pack_ev,0.0,0.0
2026-08-30,천안,12,pack_ess,0.0,0.0
2026-08-30,천안,12,blackmass,0.0,0.0
2026-08-30,천안,13,pack_ev,0.0,0.0
2026-08-30,천안,13,pack_ess,0.0,0.0
2026-08-30,천안,13,blackmass,0.0,0.0
2026-08-30,천안,14,pack_ev,0.0,0.0
2026-08-30,천안,14,pack_ess,0.0,0.0
2026-08-30,천안,14,blackmass,0.0,0.0
2026-08-30,천안,15,pack_ev,0.0,0.0
2026-08-30,천안,15,pack_ess,0.0,0.0
2026-08-30,천안,15,blackmass,0.0,0.0
2026-08-30,천안,16,pack_ev,0.0,0.0
2026-08-30,천안,16,pack_ess,0.0,0.0
2026-08-30,천안,16,blackmass,0.0,0.0
2026-08-30,천안,17,pack_ev,0.0,0.0
2026-08-30,천안,17,pack_ess,0.0,0.0
2026-08-30,천안,17,blackmass,0.0,0.0
2026-08-30,천안,18,pack_ev,0.0,0.0
2026-08-30,천안,18,pack_ess,0.0,0.0
2026-08-30,천안,18,blackmass,0.0,0.0
2026-08-30,천안,19,pack_ev,0.0,0.0
2026-08-30,천안,19,pack_ess,0.0,0.0
2026-08-30,천안,19,blackmass,0.0,0.0
2026-08-30,천안,20,pack_ev,0.0,0.0
2026-08-30,천안,20,pack_ess,0.0,0.0
2026-08-30,천안,20,blackmass,0.0,0.0
2026-08-30,천안,21,pack_ev,0.0,0.0
2026-08-30,천안,21,pack_ess,0.0,0.0
2026-08-30,천안,21,blackmass,0.0,0.0
2026-08-30,천안,22,pack_ev,0.0,0.0
2026-08-30,천안,22,pack_ess,0.0,0.0
2026-08-30,천안,22,blackmass,0.0,0.0
2026-08-30,천안,23,pack_ev,0.0,0.0
2026-08-30,천안,23,pack_ess,0.0,0.0
2026-08-30,천안,23,blackmass,0.0,0.0
2026-08-31,서화성,0,pack_ev,0.0,0.0
2026-08-31,서화성,0,pack_ess,0.0,0.0
2026-08-31,서화성,0,blackmass,0.0,0.0
2026-08-31,서화성,1,pack_ev,0.0,0.0
2026-08-31,서화성,1,pack_ess,0.0,0.0
2026-08-31,서화성,1,blackmass,0.0,0.0
2026-08-31,서화성,2,pack_ev,0.0,0.0
2026-08-31,서화성,2,pack_ess,0.0,0.0
2026-08-31,서화성,2,blackmass,0.0,0.0
2026-08-31,서화성,3,pack_ev,0.0,0.0
2026-08-31,서화성,3,pack_ess,0.0,0.0
2026-08-31,서화성,3,blackmass,0.0,0.0
2026-08-31,서화성,4,pack_ev,0.0,0.0
2026-08-31,서화성,4,pack_ess,0.0,0.0
2026-08-31,서화성,4,blackmass,0.0,0.0
2026-08-31,서화성,5,pack_ev,0.0,0.0
2026-08-31,서화성,5,pack_ess,0.0,0.0
2026-08-31,서화성,5,blackmass,0.0,0.0
2026-08-31,서화성,6,pack_ev,0.0,0.0
2026-08-31,서화성,6,pack_ess,0.0,0.0
2026-08-31,서화성,6,blackmass,0.0,0.0
2026-08-31,서화성,7,pack_ev,0.0,0.0
2026-08-31,서화성,7,pack_ess,0.0,0.0
2026-08-31,서화성,7,blackmass,0.0,0.0
2026-08-31,서화성,8,pack_ev,0.0,0.0
2026-08-31,서화성,8,pack_ess,0.0,0.0
2026-08-31,서화성,8,blackmass,0.0,0.0
2026-08-31,서화성,9,pack_ev,0.0,0.0
2026-08-31,서화성,9,pack_ess,0.0,0.0
2026-08-31,서화성,9,blackmass,0.0,0.0
2026-08-31,서화성,10,pack_ev,4.582,0.1527
2026-08-31,서화성,10,pack_ess,0.0032,0.00011
2026-08-31,서화성,10,blackmass,1.222,0.0244
2026-08-31,서화성,11,pack_ev,4.582,0.1527
2026-08-31,서화성,11,pack_ess,0.0032,0.00011
2026-08-31,서화성,11,blackmass,1.222,0.0244
2026-08-31,서화성,12,pack_ev,4.582,0.1527
2026-08-31,서화성,12,pack_ess,0.0032,0.00011
2026-08-31,서화성,12,blackmass,1.222,0.0244
2026-08-31,서화성,13,pack_ev,4.582,0.1527
2026-08-31,서화성,13,pack_ess,0.0032,0.00011
2026-08-31,서화성,13,blackmass,1.222,0.0244
2026-08-31,서화성,14,pack_ev,4.582,0.1527
2026-08-31,서화성,14,pack_ess,0.0032,0.00011
2026-08-31,서화성,14,blackmass,1.222,0.0244
2026-08-31,서화성,15,pack_ev,4.582,0.1527
2026-08-31,서화성,15,pack_ess,0.0032,0.00011
2026-08-31,서화성,15,blackmass,1.222,0.0244
2026-08-31,서화성,16,pack_ev,4.582,0.1527
2026-08-31,서화성,16,pack_ess,0.0032,0.00011
2026-08-31,서화성,16,blackmass,1.222,0.0244
2026-08-31,서화성,17,pack_ev,4.582,0.1527
2026-08-31,서화성,17,pack_ess,0.0032,0.00011
2026-08-31,서화성,17,blackmass,1.222,0.0244
2026-08-31,서화성,18,pack_ev,0.0,0.0
2026-08-31,서화성,18,pack_ess,0.0,0.0
2026-08-31,서화성,18,blackmass,0.0,0.0
2026-08-31,서화성,19,pack_ev,0.0,0.0
2026-08-31,서화성,19,pack_ess,0.0,0.0
2026-08-31,서화성,19,blackmass,0.0,0.0
2026-08-31,서화성,20,pack_ev,0.0,0.0
2026-08-31,서화성,20,pack_ess,0.0,0.0
2026-08-31,서화성,20,blackmass,0.0,0.0
2026-08-31,서화성,21,pack_ev,0.0,0.0
2026-08-31,서화성,21,pack_ess,0.0,0.0
2026-08-31,서화성,21,blackmass,0.0,0.0
2026-08-31,서화성,22,pack_ev,0.0,0.0
2026-08-31,서화성,22,pack_ess,0.0,0.0
2026-08-31,서화성,22,blackmass,0.0,0.0
2026-08-31,서화성,23,pack_ev,0.0,0.0
2026-08-31,서화성,23,pack_ess,0.0,0.0
2026-08-31,서화성,23,blackmass,0.0,0.0
2026-08-31,신례원,0,pack_ev,0.0,0.0
2026-08-31,신례원,0,pack_ess,0.0,0.0
2026-08-31,신례원,0,blackmass,0.0,0.0
2026-08-31,신례원,1,pack_ev,0.0,0.0
2026-08-31,신례원,1,pack_ess,0.0,0.0
2026-08-31,신례원,1,blackmass,0.0,0.0
2026-08-31,신례원,2,pack_ev,0.0,0.0
2026-08-31,신례원,2,pack_ess,0.0,0.0
2026-08-31,신례원,2,blackmass,0.0,0.0
2026-08-31,신례원,3,pack_ev,0.0,0.0
2026-08-31,신례원,3,pack_ess,0.0,0.0
2026-08-31,신례원,3,blackmass,0.0,0.0
2026-08-31,신례원,4,pack_ev,0.0,0.0
2026-08-31,신례원,4,pack_ess,0.0,0.0
2026-08-31,신례원,4,blackmass,0.0,0.0
2026-08-31,신례원,5,pack_ev,0.0,0.0
2026-08-31,신례원,5,pack_ess,0.0,0.0
2026-08-31,신례원,5,blackmass,0.0,0.0
2026-08-31,신례원,6,pack_ev,0.0,0.0
2026-08-31,신례원,6,pack_ess,0.0,0.0
2026-08-31,신례원,6,blackmass,0.0,0.0
2026-08-31,신례원,7,pack_ev,0.0,0.0
2026-08-31,신례원,7,pack_ess,0.0,0.0
2026-08-31,신례원,7,blackmass,0.0,0.0
2026-08-31,신례원,8,pack_ev,0.0,0.0
2026-08-31,신례원,8,pack_ess,0.0,0.0
2026-08-31,신례원,8,blackmass,0.0,0.0
2026-08-31,신례원,9,pack_ev,0.0,0.0
2026-08-31,신례원,9,pack_ess,0.0,0.0
2026-08-31,신례원,9,blackmass,0.0,0.0
2026-08-31,신례원,10,pack_ev,0.0,0.0
2026-08-31,신례원,10,pack_ess,0.0,0.0
2026-08-31,신례원,10,blackmass,3.019,0.0604
2026-08-31,신례원,11,pack_ev,0.0,0.0
2026-08-31,신례원,11,pack_ess,0.0,0.0
2026-08-31,신례원,11,blackmass,3.019,0.0604
2026-08-31,신례원,12,pack_ev,0.0,0.0
2026-08-31,신례원,12,pack_ess,0.0,0.0
2026-08-31,신례원,12,blackmass,3.019,0.0604
2026-08-31,신례원,13,pack_ev,0.0,0.0
2026-08-31,신례원,13,pack_ess,0.0,0.0
2026-08-31,신례원,13,blackmass,3.019,0.0604
2026-08-31,신례원,14,pack_ev,0.0,0.0
2026-08-31,신례원,14,pack_ess,0.0,0.0
2026-08-31,신례원,14,blackmass,3.019,0.0604
2026-08-31,신례원,15,pack_ev,0.0,0.0
2026-08-31,신례원,15,pack_ess,0.0,0.0
2026-08-31,신례원,15,blackmass,3.019,0.0604
2026-08-31,신례원,16,pack_ev,0.0,0.0
2026-08-31,신례원,16,pack_ess,0.0,0.0
2026-08-31,신례원,16,blackmass,3.019,0.0604
2026-08-31,신례원,17,pack_ev,0.0,0.0
2026-08-31,신례원,17,pack_ess,0.0,0.0
2026-08-31,신례원,17,blackmass,3.019,0.0604
2026-08-31,신례원,18,pack_ev,0.0,0.0
2026-08-31,신례원,18,pack_ess,0.0,0.0
2026-08-31,신례원,18,blackmass,0.0,0.0
2026-08-31,신례원,19,pack_ev,0.0,0.0
2026-08-31,신례원,19,pack_ess,0.0,0.0
2026-08-31,신례원,19,blackmass,0.0,0.0
2026-08-31,신례원,20,pack_ev,0.0,0.0
2026-08-31,신례원,20,pack_ess,0.0,0.0
2026-08-31,신례원,20,blackmass,0.0,0.0
2026-08-31,신례원,21,pack_ev,0.0,0.0
2026-08-31,신례원,21,pack_ess,0.0,0.0
2026-08-31,신례원,21,blackmass,0.0,0.0
2026-08-31,신례원,22,pack_ev,0.0,0.0
2026-08-31,신례원,22,pack_ess,0.0,0.0
2026-08-31,신례원,22,blackmass,0.0,0.0
2026-08-31,신례원,23,pack_ev,0.0,0.0
2026-08-31,신례원,23,pack_ess,0.0,0.0
2026-08-31,신례원,23,blackmass,0.0,0.0
2026-08-31,안중,0,pack_ev,0.0,0.0
2026-08-31,안중,0,pack_ess,0.0,0.0
2026-08-31,안중,0,blackmass,0.0,0.0
2026-08-31,안중,1,pack_ev,0.0,0.0
2026-08-31,안중,1,pack_ess,0.0,0.0
2026-08-31,안중,1,blackmass,0.0,0.0
2026-08-31,안중,2,pack_ev,0.0,0.0
2026-08-31,안중,2,pack_ess,0.0,0.0
2026-08-31,안중,2,blackmass,0.0,0.0
2026-08-31,안중,3,pack_ev,0.0,0.0
2026-08-31,안중,3,pack_ess,0.0,0.0
2026-08-31,안중,3,blackmass,0.0,0.0
2026-08-31,안중,4,pack_ev,0.0,0.0
2026-08-31,안중,4,pack_ess,0.0,0.0
2026-08-31,안중,4,blackmass,0.0,0.0
2026-08-31,안중,5,pack_ev,0.0,0.0
2026-08-31,안중,5,pack_ess,0.0,0.0
2026-08-31,안중,5,blackmass,0.0,0.0
2026-08-31,안중,6,pack_ev,0.0,0.0
2026-08-31,안중,6,pack_ess,0.0,0.0
2026-08-31,안중,6,blackmass,0.0,0.0
2026-08-31,안중,7,pack_ev,0.0,0.0
2026-08-31,안중,7,pack_ess,0.0,0.0
2026-08-31,안중,7,blackmass,0.0,0.0
2026-08-31,안중,8,pack_ev,0.0,0.0
2026-08-31,안중,8,pack_ess,0.0,0.0
2026-08-31,안중,8,blackmass,0.0,0.0
2026-08-31,안중,9,pack_ev,0.0,0.0
2026-08-31,안중,9,pack_ess,0.0,0.0
2026-08-31,안중,9,blackmass,0.0,0.0
2026-08-31,안중,10,pack_ev,4.582,0.1527
2026-08-31,안중,10,pack_ess,0.0032,0.00011
2026-08-31,안중,10,blackmass,1.222,0.0244
2026-08-31,안중,11,pack_ev,4.582,0.1527
2026-08-31,안중,11,pack_ess,0.0032,0.00011
2026-08-31,안중,11,blackmass,1.222,0.0244
2026-08-31,안중,12,pack_ev,4.582,0.1527
2026-08-31,안중,12,pack_ess,0.0032,0.00011
2026-08-31,안중,12,blackmass,1.222,0.0244
2026-08-31,안중,13,pack_ev,4.582,0.1527
2026-08-31,안중,13,pack_ess,0.0032,0.00011
2026-08-31,안중,13,blackmass,1.222,0.0244
2026-08-31,안중,14,pack_ev,4.582,0.1527
2026-08-31,안중,14,pack_ess,0.0032,0.00011
2026-08-31,안중,14,blackmass,1.222,0.0244
2026-08-31,안중,15,pack_ev,4.582,0.1527
2026-08-31,안중,15,pack_ess,0.0032,0.00011
2026-08-31,안중,15,blackmass,1.222,0.0244
2026-08-31,안중,16,pack_ev,4.582,0.1527
2026-08-31,안중,16,pack_ess,0.0032,0.00011
2026-08-31,안중,16,blackmass,1.222,0.0244
2026-08-31,안중,17,pack_ev,4.582,0.1527
2026-08-31,안중,17,pack_ess,0.0032,0.00011
2026-08-31,안중,17,blackmass,1.222,0.0244
2026-08-31,안중,18,pack_ev,0.0,0.0
2026-08-31,안중,18,pack_ess,0.0,0.0
2026-08-31,안중,18,blackmass,0.0,0.0
2026-08-31,안중,19,pack_ev,0.0,0.0
2026-08-31,안중,19,pack_ess,0.0,0.0
2026-08-31,안중,19,blackmass,0.0,0.0
2026-08-31,안중,20,pack_ev,0.0,0.0
2026-08-31,안중,20,pack_ess,0.0,0.0
2026-08-31,안중,20,blackmass,0.0,0.0
2026-08-31,안중,21,pack_ev,0.0,0.0
2026-08-31,안중,21,pack_ess,0.0,0.0
2026-08-31,안중,21,blackmass,0.0,0.0
2026-08-31,안중,22,pack_ev,0.0,0.0
2026-08-31,안중,22,pack_ess,0.0,0.0
2026-08-31,안중,22,blackmass,0.0,0.0
2026-08-31,안중,23,pack_ev,0.0,0.0
2026-08-31,안중,23,pack_ess,0.0,0.0
2026-08-31,안중,23,blackmass,0.0,0.0
2026-08-31,천안,0,pack_ev,0.0,0.0
2026-08-31,천안,0,pack_ess,0.0,0.0
2026-08-31,천안,0,blackmass,0.0,0.0
2026-08-31,천안,1,pack_ev,0.0,0.0
2026-08-31,천안,1,pack_ess,0.0,0.0
2026-08-31,천안,1,blackmass,0.0,0.0
2026-08-31,천안,2,pack_ev,0.0,0.0
2026-08-31,천안,2,pack_ess,0.0,0.0
2026-08-31,천안,2,blackmass,0.0,0.0
2026-08-31,천안,3,pack_ev,0.0,0.0
2026-08-31,천안,3,pack_ess,0.0,0.0
2026-08-31,천안,3,blackmass,0.0,0.0
2026-08-31,천안,4,pack_ev,0.0,0.0
2026-08-31,천안,4,pack_ess,0.0,0.0
2026-08-31,천안,4,blackmass,0.0,0.0
2026-08-31,천안,5,pack_ev,0.0,0.0
2026-08-31,천안,5,pack_ess,0.0,0.0
2026-08-31,천안,5,blackmass,0.0,0.0
2026-08-31,천안,6,pack_ev,0.0,0.0
2026-08-31,천안,6,pack_ess,0.0,0.0
2026-08-31,천안,6,blackmass,0.0,0.0
2026-08-31,천안,7,pack_ev,0.0,0.0
2026-08-31,천안,7,pack_ess,0.0,0.0
2026-08-31,천안,7,blackmass,0.0,0.0
2026-08-31,천안,8,pack_ev,0.0,0.0
2026-08-31,천안,8,pack_ess,0.0,0.0
2026-08-31,천안,8,blackmass,0.0,0.0
2026-08-31,천안,9,pack_ev,0.0,0.0
2026-08-31,천안,9,pack_ess,0.0,0.0
2026-08-31,천안,9,blackmass,0.0,0.0
2026-08-31,천안,10,pack_ev,0.0,0.0
2026-08-31,천안,10,pack_ess,0.0,0.0
2026-08-31,천안,10,blackmass,4.529,0.0906
2026-08-31,천안,11,pack_ev,0.0,0.0
2026-08-31,천안,11,pack_ess,0.0,0.0
2026-08-31,천안,11,blackmass,4.529,0.0906
2026-08-31,천안,12,pack_ev,0.0,0.0
2026-08-31,천안,12,pack_ess,0.0,0.0
2026-08-31,천안,12,blackmass,4.529,0.0906
2026-08-31,천안,13,pack_ev,0.0,0.0
2026-08-31,천안,13,pack_ess,0.0,0.0
2026-08-31,천안,13,blackmass,4.529,0.0906
2026-08-31,천안,14,pack_ev,0.0,0.0
2026-08-31,천안,14,pack_ess,0.0,0.0
2026-08-31,천안,14,blackmass,4.529,0.0906
2026-08-31,천안,15,pack_ev,0.0,0.0
2026-08-31,천안,15,pack_ess,0.0,0.0
2026-08-31,천안,15,blackmass,4.529,0.0906
2026-08-31,천안,16,pack_ev,0.0,0.0
2026-08-31,천안,16,pack_ess,0.0,0.0
2026-08-31,천안,16,blackmass,4.529,0.0906
2026-08-31,천안,17,pack_ev,0.0,0.0
2026-08-31,천안,17,pack_ess,0.0,0.0
2026-08-31,천안,17,blackmass,4.529,0.0906
2026-08-31,천안,18,pack_ev,0.0,0.0
2026-08-31,천안,18,pack_ess,0.0,0.0
2026-08-31,천안,18,blackmass,0.0,0.0
2026-08-31,천안,19,pack_ev,0.0,0.0
2026-08-31,천안,19,pack_ess,0.0,0.0
2026-08-31,천안,19,blackmass,0.0,0.0
2026-08-31,천안,20,pack_ev,0.0,0.0
2026-08-31,천안,20,pack_ess,0.0,0.0
2026-08-31,천안,20,blackmass,0.0,0.0
2026-08-31,천안,21,pack_ev,0.0,0.0
2026-08-31,천안,21,pack_ess,0.0,0.0
2026-08-31,천안,21,blackmass,0.0,0.0
2026-08-31,천안,22,pack_ev,0.0,0.0
2026-08-31,천안,22,pack_ess,0.0,0.0
2026-08-31,천안,22,blackmass,0.0,0.0
2026-08-31,천안,23,pack_ev,0.0,0.0
2026-08-31,천안,23,pack_ess,0.0,0.0
2026-08-31,천안,23,blackmass,0.0,0.0
2026-09-01,서화성,0,pack_ev,0.0,0.0
2026-09-01,서화성,0,pack_ess,0.0,0.0
2026-09-01,서화성,0,blackmass,0.0,0.0
2026-09-01,서화성,1,pack_ev,0.0,0.0
2026-09-01,서화성,1,pack_ess,0.0,0.0
2026-09-01,서화성,1,blackmass,0.0,0.0
2026-09-01,서화성,2,pack_ev,0.0,0.0
2026-09-01,서화성,2,pack_ess,0.0,0.0
2026-09-01,서화성,2,blackmass,0.0,0.0
2026-09-01,서화성,3,pack_ev,0.0,0.0
2026-09-01,서화성,3,pack_ess,0.0,0.0
2026-09-01,서화성,3,blackmass,0.0,0.0
2026-09-01,서화성,4,pack_ev,0.0,0.0
2026-09-01,서화성,4,pack_ess,0.0,0.0
2026-09-01,서화성,4,blackmass,0.0,0.0
2026-09-01,서화성,5,pack_ev,0.0,0.0
2026-09-01,서화성,5,pack_ess,0.0,0.0
2026-09-01,서화성,5,blackmass,0.0,0.0
2026-09-01,서화성,6,pack_ev,0.0,0.0
2026-09-01,서화성,6,pack_ess,0.0,0.0
2026-09-01,서화성,6,blackmass,0.0,0.0
2026-09-01,서화성,7,pack_ev,0.0,0.0
2026-09-01,서화성,7,pack_ess,0.0,0.0
2026-09-01,서화성,7,blackmass,0.0,0.0
2026-09-01,서화성,8,pack_ev,0.0,0.0
2026-09-01,서화성,8,pack_ess,0.0,0.0
2026-09-01,서화성,8,blackmass,0.0,0.0
2026-09-01,서화성,9,pack_ev,0.0,0.0
2026-09-01,서화성,9,pack_ess,0.0,0.0
2026-09-01,서화성,9,blackmass,0.0,0.0
2026-09-01,서화성,10,pack_ev,0.0,0.0
2026-09-01,서화성,10,pack_ess,0.0,0.0
2026-09-01,서화성,10,blackmass,0.0,0.0
2026-09-01,서화성,11,pack_ev,0.0,0.0
2026-09-01,서화성,11,pack_ess,0.0,0.0
2026-09-01,서화성,11,blackmass,0.0,0.0
2026-09-01,서화성,12,pack_ev,0.0,0.0
2026-09-01,서화성,12,pack_ess,0.0,0.0
2026-09-01,서화성,12,blackmass,0.0,0.0
2026-09-01,서화성,13,pack_ev,0.0,0.0
2026-09-01,서화성,13,pack_ess,0.0,0.0
2026-09-01,서화성,13,blackmass,0.0,0.0
2026-09-01,서화성,14,pack_ev,0.0,0.0
2026-09-01,서화성,14,pack_ess,0.0,0.0
2026-09-01,서화성,14,blackmass,0.0,0.0
2026-09-01,서화성,15,pack_ev,0.0,0.0
2026-09-01,서화성,15,pack_ess,0.0,0.0
2026-09-01,서화성,15,blackmass,0.0,0.0
2026-09-01,서화성,16,pack_ev,0.0,0.0
2026-09-01,서화성,16,pack_ess,0.0,0.0
2026-09-01,서화성,16,blackmass,0.0,0.0
2026-09-01,서화성,17,pack_ev,0.0,0.0
2026-09-01,서화성,17,pack_ess,0.0,0.0
2026-09-01,서화성,17,blackmass,0.0,0.0
2026-09-01,서화성,18,pack_ev,0.0,0.0
2026-09-01,서화성,18,pack_ess,0.0,0.0
2026-09-01,서화성,18,blackmass,0.0,0.0
2026-09-01,서화성,19,pack_ev,0.0,0.0
2026-09-01,서화성,19,pack_ess,0.0,0.0
2026-09-01,서화성,19,blackmass,0.0,0.0
2026-09-01,서화성,20,pack_ev,0.0,0.0
2026-09-01,서화성,20,pack_ess,0.0,0.0
2026-09-01,서화성,20,blackmass,0.0,0.0
2026-09-01,서화성,21,pack_ev,0.0,0.0
2026-09-01,서화성,21,pack_ess,0.0,0.0
2026-09-01,서화성,21,blackmass,0.0,0.0
2026-09-01,서화성,22,pack_ev,0.0,0.0
2026-09-01,서화성,22,pack_ess,0.0,0.0
2026-09-01,서화성,22,blackmass,0.0,0.0
2026-09-01,서화성,23,pack_ev,0.0,0.0
2026-09-01,서화성,23,pack_ess,0.0,0.0
2026-09-01,서화성,23,blackmass,0.0,0.0
2026-09-01,신례원,0,pack_ev,0.0,0.0
2026-09-01,신례원,0,pack_ess,0.0,0.0
2026-09-01,신례원,0,blackmass,0.0,0.0
2026-09-01,신례원,1,pack_ev,0.0,0.0
2026-09-01,신례원,1,pack_ess,0.0,0.0
2026-09-01,신례원,1,blackmass,0.0,0.0
2026-09-01,신례원,2,pack_ev,0.0,0.0
2026-09-01,신례원,2,pack_ess,0.0,0.0
2026-09-01,신례원,2,blackmass,0.0,0.0
2026-09-01,신례원,3,pack_ev,0.0,0.0
2026-09-01,신례원,3,pack_ess,0.0,0.0
2026-09-01,신례원,3,blackmass,0.0,0.0
2026-09-01,신례원,4,pack_ev,0.0,0.0
2026-09-01,신례원,4,pack_ess,0.0,0.0
2026-09-01,신례원,4,blackmass,0.0,0.0
2026-09-01,신례원,5,pack_ev,0.0,0.0
2026-09-01,신례원,5,pack_ess,0.0,0.0
2026-09-01,신례원,5,blackmass,0.0,0.0
2026-09-01,신례원,6,pack_ev,0.0,0.0
2026-09-01,신례원,6,pack_ess,0.0,0.0
2026-09-01,신례원,6,blackmass,0.0,0.0
2026-09-01,신례원,7,pack_ev,0.0,0.0
2026-09-01,신례원,7,pack_ess,0.0,0.0
2026-09-01,신례원,7,blackmass,0.0,0.0
2026-09-01,신례원,8,pack_ev,0.0,0.0
2026-09-01,신례원,8,pack_ess,0.0,0.0
2026-09-01,신례원,8,blackmass,0.0,0.0
2026-09-01,신례원,9,pack_ev,0.0,0.0
2026-09-01,신례원,9,pack_ess,0.0,0.0
2026-09-01,신례원,9,blackmass,0.0,0.0
2026-09-01,신례원,10,pack_ev,0.0,0.0
2026-09-01,신례원,10,pack_ess,0.0,0.0
2026-09-01,신례원,10,blackmass,0.0,0.0
2026-09-01,신례원,11,pack_ev,0.0,0.0
2026-09-01,신례원,11,pack_ess,0.0,0.0
2026-09-01,신례원,11,blackmass,0.0,0.0
2026-09-01,신례원,12,pack_ev,0.0,0.0
2026-09-01,신례원,12,pack_ess,0.0,0.0
2026-09-01,신례원,12,blackmass,0.0,0.0
2026-09-01,신례원,13,pack_ev,0.0,0.0
2026-09-01,신례원,13,pack_ess,0.0,0.0
2026-09-01,신례원,13,blackmass,0.0,0.0
2026-09-01,신례원,14,pack_ev,0.0,0.0
2026-09-01,신례원,14,pack_ess,0.0,0.0
2026-09-01,신례원,14,blackmass,0.0,0.0
2026-09-01,신례원,15,pack_ev,0.0,0.0
2026-09-01,신례원,15,pack_ess,0.0,0.0
2026-09-01,신례원,15,blackmass,0.0,0.0
2026-09-01,신례원,16,pack_ev,0.0,0.0
2026-09-01,신례원,16,pack_ess,0.0,0.0
2026-09-01,신례원,16,blackmass,0.0,0.0
2026-09-01,신례원,17,pack_ev,0.0,0.0
2026-09-01,신례원,17,pack_ess,0.0,0.0
2026-09-01,신례원,17,blackmass,0.0,0.0
2026-09-01,신례원,18,pack_ev,0.0,0.0
2026-09-01,신례원,18,pack_ess,0.0,0.0
2026-09-01,신례원,18,blackmass,0.0,0.0
2026-09-01,신례원,19,pack_ev,0.0,0.0
2026-09-01,신례원,19,pack_ess,0.0,0.0
2026-09-01,신례원,19,blackmass,0.0,0.0
2026-09-01,신례원,20,pack_ev,0.0,0.0
2026-09-01,신례원,20,pack_ess,0.0,0.0
2026-09-01,신례원,20,blackmass,0.0,0.0
2026-09-01,신례원,21,pack_ev,0.0,0.0
2026-09-01,신례원,21,pack_ess,0.0,0.0
2026-09-01,신례원,21,blackmass,0.0,0.0
2026-09-01,신례원,22,pack_ev,0.0,0.0
2026-09-01,신례원,22,pack_ess,0.0,0.0
2026-09-01,신례원,22,blackmass,0.0,0.0
2026-09-01,신례원,23,pack_ev,0.0,0.0
2026-09-01,신례원,23,pack_ess,0.0,0.0
2026-09-01,신례원,23,blackmass,0.0,0.0
2026-09-01,안중,0,pack_ev,0.0,0.0
2026-09-01,안중,0,pack_ess,0.0,0.0
2026-09-01,안중,0,blackmass,0.0,0.0
2026-09-01,안중,1,pack_ev,0.0,0.0
2026-09-01,안중,1,pack_ess,0.0,0.0
2026-09-01,안중,1,blackmass,0.0,0.0
2026-09-01,안중,2,pack_ev,0.0,0.0
2026-09-01,안중,2,pack_ess,0.0,0.0
2026-09-01,안중,2,blackmass,0.0,0.0
2026-09-01,안중,3,pack_ev,0.0,0.0
2026-09-01,안중,3,pack_ess,0.0,0.0
2026-09-01,안중,3,blackmass,0.0,0.0
2026-09-01,안중,4,pack_ev,0.0,0.0
2026-09-01,안중,4,pack_ess,0.0,0.0
2026-09-01,안중,4,blackmass,0.0,0.0
2026-09-01,안중,5,pack_ev,0.0,0.0
2026-09-01,안중,5,pack_ess,0.0,0.0
2026-09-01,안중,5,blackmass,0.0,0.0
2026-09-01,안중,6,pack_ev,0.0,0.0
2026-09-01,안중,6,pack_ess,0.0,0.0
2026-09-01,안중,6,blackmass,0.0,0.0
2026-09-01,안중,7,pack_ev,0.0,0.0
2026-09-01,안중,7,pack_ess,0.0,0.0
2026-09-01,안중,7,blackmass,0.0,0.0
2026-09-01,안중,8,pack_ev,0.0,0.0
2026-09-01,안중,8,pack_ess,0.0,0.0
2026-09-01,안중,8,blackmass,0.0,0.0
2026-09-01,안중,9,pack_ev,0.0,0.0
2026-09-01,안중,9,pack_ess,0.0,0.0
2026-09-01,안중,9,blackmass,0.0,0.0
2026-09-01,안중,10,pack_ev,0.0,0.0
2026-09-01,안중,10,pack_ess,0.0,0.0
2026-09-01,안중,10,blackmass,0.0,0.0
2026-09-01,안중,11,pack_ev,0.0,0.0
2026-09-01,안중,11,pack_ess,0.0,0.0
2026-09-01,안중,11,blackmass,0.0,0.0
2026-09-01,안중,12,pack_ev,0.0,0.0
2026-09-01,안중,12,pack_ess,0.0,0.0
2026-09-01,안중,12,blackmass,0.0,0.0
2026-09-01,안중,13,pack_ev,0.0,0.0
2026-09-01,안중,13,pack_ess,0.0,0.0
2026-09-01,안중,13,blackmass,0.0,0.0
2026-09-01,안중,14,pack_ev,0.0,0.0
2026-09-01,안중,14,pack_ess,0.0,0.0
2026-09-01,안중,14,blackmass,0.0,0.0
2026-09-01,안중,15,pack_ev,0.0,0.0
2026-09-01,안중,15,pack_ess,0.0,0.0
2026-09-01,안중,15,blackmass,0.0,0.0
2026-09-01,안중,16,pack_ev,0.0,0.0
2026-09-01,안중,16,pack_ess,0.0,0.0
2026-09-01,안중,16,blackmass,0.0,0.0
2026-09-01,안중,17,pack_ev,0.0,0.0
2026-09-01,안중,17,pack_ess,0.0,0.0
2026-09-01,안중,17,blackmass,0.0,0.0
2026-09-01,안중,18,pack_ev,0.0,0.0
2026-09-01,안중,18,pack_ess,0.0,0.0
2026-09-01,안중,18,blackmass,0.0,0.0
2026-09-01,안중,19,pack_ev,0.0,0.0
2026-09-01,안중,19,pack_ess,0.0,0.0
2026-09-01,안중,19,blackmass,0.0,0.0
2026-09-01,안중,20,pack_ev,0.0,0.0
2026-09-01,안중,20,pack_ess,0.0,0.0
2026-09-01,안중,20,blackmass,0.0,0.0
2026-09-01,안중,21,pack_ev,0.0,0.0
2026-09-01,안중,21,pack_ess,0.0,0.0
2026-09-01,안중,21,blackmass,0.0,0.0
2026-09-01,안중,22,pack_ev,0.0,0.0
2026-09-01,안중,22,pack_ess,0.0,0.0
2026-09-01,안중,22,blackmass,0.0,0.0
2026-09-01,안중,23,pack_ev,0.0,0.0
2026-09-01,안중,23,pack_ess,0.0,0.0
2026-09-01,안중,23,blackmass,0.0,0.0
2026-09-01,천안,0,pack_ev,0.0,0.0
2026-09-01,천안,0,pack_ess,0.0,0.0
2026-09-01,천안,0,blackmass,0.0,0.0
2026-09-01,천안,1,pack_ev,0.0,0.0
2026-09-01,천안,1,pack_ess,0.0,0.0
2026-09-01,천안,1,blackmass,0.0,0.0
2026-09-01,천안,2,pack_ev,0.0,0.0
2026-09-01,천안,2,pack_ess,0.0,0.0
2026-09-01,천안,2,blackmass,0.0,0.0
2026-09-01,천안,3,pack_ev,0.0,0.0
2026-09-01,천안,3,pack_ess,0.0,0.0
2026-09-01,천안,3,blackmass,0.0,0.0
2026-09-01,천안,4,pack_ev,0.0,0.0
2026-09-01,천안,4,pack_ess,0.0,0.0
2026-09-01,천안,4,blackmass,0.0,0.0
2026-09-01,천안,5,pack_ev,0.0,0.0
2026-09-01,천안,5,pack_ess,0.0,0.0
2026-09-01,천안,5,blackmass,0.0,0.0
2026-09-01,천안,6,pack_ev,0.0,0.0
2026-09-01,천안,6,pack_ess,0.0,0.0
2026-09-01,천안,6,blackmass,0.0,0.0
2026-09-01,천안,7,pack_ev,0.0,0.0
2026-09-01,천안,7,pack_ess,0.0,0.0
2026-09-01,천안,7,blackmass,0.0,0.0
2026-09-01,천안,8,pack_ev,0.0,0.0
2026-09-01,천안,8,pack_ess,0.0,0.0
2026-09-01,천안,8,blackmass,0.0,0.0
2026-09-01,천안,9,pack_ev,0.0,0.0
2026-09-01,천안,9,pack_ess,0.0,0.0
2026-09-01,천안,9,blackmass,0.0,0.0
2026-09-01,천안,10,pack_ev,0.0,0.0
2026-09-01,천안,10,pack_ess,0.0,0.0
2026-09-01,천안,10,blackmass,0.0,0.0
2026-09-01,천안,11,pack_ev,0.0,0.0
2026-09-01,천안,11,pack_ess,0.0,0.0
2026-09-01,천안,11,blackmass,0.0,0.0
2026-09-01,천안,12,pack_ev,0.0,0.0
2026-09-01,천안,12,pack_ess,0.0,0.0
2026-09-01,천안,12,blackmass,0.0,0.0
2026-09-01,천안,13,pack_ev,0.0,0.0
2026-09-01,천안,13,pack_ess,0.0,0.0
2026-09-01,천안,13,blackmass,0.0,0.0
2026-09-01,천안,14,pack_ev,0.0,0.0
2026-09-01,천안,14,pack_ess,0.0,0.0
2026-09-01,천안,14,blackmass,0.0,0.0
2026-09-01,천안,15,pack_ev,0.0,0.0
2026-09-01,천안,15,pack_ess,0.0,0.0
2026-09-01,천안,15,blackmass,0.0,0.0
2026-09-01,천안,16,pack_ev,0.0,0.0
2026-09-01,천안,16,pack_ess,0.0,0.0
2026-09-01,천안,16,blackmass,0.0,0.0
2026-09-01,천안,17,pack_ev,0.0,0.0
2026-09-01,천안,17,pack_ess,0.0,0.0
2026-09-01,천안,17,blackmass,0.0,0.0
2026-09-01,천안,18,pack_ev,0.0,0.0
2026-09-01,천안,18,pack_ess,0.0,0.0
2026-09-01,천안,18,blackmass,0.0,0.0
2026-09-01,천안,19,pack_ev,0.0,0.0
2026-09-01,천안,19,pack_ess,0.0,0.0
2026-09-01,천안,19,blackmass,0.0,0.0
2026-09-01,천안,20,pack_ev,0.0,0.0
2026-09-01,천안,20,pack_ess,0.0,0.0
2026-09-01,천안,20,blackmass,0.0,0.0
2026-09-01,천안,21,pack_ev,0.0,0.0
2026-09-01,천안,21,pack_ess,0.0,0.0
2026-09-01,천안,21,blackmass,0.0,0.0
2026-09-01,천안,22,pack_ev,0.0,0.0
2026-09-01,천안,22,pack_ess,0.0,0.0
2026-09-01,천안,22,blackmass,0.0,0.0
2026-09-01,천안,23,pack_ev,0.0,0.0
2026-09-01,천안,23,pack_ess,0.0,0.0
2026-09-01,천안,23,blackmass,0.0,0.0
2026-09-02,서화성,0,pack_ev,0.0,0.0
2026-09-02,서화성,0,pack_ess,0.0,0.0
2026-09-02,서화성,0,blackmass,0.0,0.0
2026-09-02,서화성,1,pack_ev,0.0,0.0
2026-09-02,서화성,1,pack_ess,0.0,0.0
2026-09-02,서화성,1,blackmass,0.0,0.0
2026-09-02,서화성,2,pack_ev,0.0,0.0
2026-09-02,서화성,2,pack_ess,0.0,0.0
2026-09-02,서화성,2,blackmass,0.0,0.0
2026-09-02,서화성,3,pack_ev,0.0,0.0
2026-09-02,서화성,3,pack_ess,0.0,0.0
2026-09-02,서화성,3,blackmass,0.0,0.0
2026-09-02,서화성,4,pack_ev,0.0,0.0
2026-09-02,서화성,4,pack_ess,0.0,0.0
2026-09-02,서화성,4,blackmass,0.0,0.0
2026-09-02,서화성,5,pack_ev,0.0,0.0
2026-09-02,서화성,5,pack_ess,0.0,0.0
2026-09-02,서화성,5,blackmass,0.0,0.0
2026-09-02,서화성,6,pack_ev,0.0,0.0
2026-09-02,서화성,6,pack_ess,0.0,0.0
2026-09-02,서화성,6,blackmass,0.0,0.0
2026-09-02,서화성,7,pack_ev,0.0,0.0
2026-09-02,서화성,7,pack_ess,0.0,0.0
2026-09-02,서화성,7,blackmass,0.0,0.0
2026-09-02,서화성,8,pack_ev,0.0,0.0
2026-09-02,서화성,8,pack_ess,0.0,0.0
2026-09-02,서화성,8,blackmass,0.0,0.0
2026-09-02,서화성,9,pack_ev,0.0,0.0
2026-09-02,서화성,9,pack_ess,0.0,0.0
2026-09-02,서화성,9,blackmass,0.0,0.0
2026-09-02,서화성,10,pack_ev,0.0,0.0
2026-09-02,서화성,10,pack_ess,0.0,0.0
2026-09-02,서화성,10,blackmass,0.0,0.0
2026-09-02,서화성,11,pack_ev,0.0,0.0
2026-09-02,서화성,11,pack_ess,0.0,0.0
2026-09-02,서화성,11,blackmass,0.0,0.0
2026-09-02,서화성,12,pack_ev,0.0,0.0
2026-09-02,서화성,12,pack_ess,0.0,0.0
2026-09-02,서화성,12,blackmass,0.0,0.0
2026-09-02,서화성,13,pack_ev,0.0,0.0
2026-09-02,서화성,13,pack_ess,0.0,0.0
2026-09-02,서화성,13,blackmass,0.0,0.0
2026-09-02,서화성,14,pack_ev,0.0,0.0
2026-09-02,서화성,14,pack_ess,0.0,0.0
2026-09-02,서화성,14,blackmass,0.0,0.0
2026-09-02,서화성,15,pack_ev,0.0,0.0
2026-09-02,서화성,15,pack_ess,0.0,0.0
2026-09-02,서화성,15,blackmass,0.0,0.0
2026-09-02,서화성,16,pack_ev,0.0,0.0
2026-09-02,서화성,16,pack_ess,0.0,0.0
2026-09-02,서화성,16,blackmass,0.0,0.0
2026-09-02,서화성,17,pack_ev,0.0,0.0
2026-09-02,서화성,17,pack_ess,0.0,0.0
2026-09-02,서화성,17,blackmass,0.0,0.0
2026-09-02,서화성,18,pack_ev,0.0,0.0
2026-09-02,서화성,18,pack_ess,0.0,0.0
2026-09-02,서화성,18,blackmass,0.0,0.0
2026-09-02,서화성,19,pack_ev,0.0,0.0
2026-09-02,서화성,19,pack_ess,0.0,0.0
2026-09-02,서화성,19,blackmass,0.0,0.0
2026-09-02,서화성,20,pack_ev,0.0,0.0
2026-09-02,서화성,20,pack_ess,0.0,0.0
2026-09-02,서화성,20,blackmass,0.0,0.0
2026-09-02,서화성,21,pack_ev,0.0,0.0
2026-09-02,서화성,21,pack_ess,0.0,0.0
2026-09-02,서화성,21,blackmass,0.0,0.0
2026-09-02,서화성,22,pack_ev,0.0,0.0
2026-09-02,서화성,22,pack_ess,0.0,0.0
2026-09-02,서화성,22,blackmass,0.0,0.0
2026-09-02,서화성,23,pack_ev,0.0,0.0
2026-09-02,서화성,23,pack_ess,0.0,0.0
2026-09-02,서화성,23,blackmass,0.0,0.0
2026-09-02,신례원,0,pack_ev,0.0,0.0
2026-09-02,신례원,0,pack_ess,0.0,0.0
2026-09-02,신례원,0,blackmass,0.0,0.0
2026-09-02,신례원,1,pack_ev,0.0,0.0
2026-09-02,신례원,1,pack_ess,0.0,0.0
2026-09-02,신례원,1,blackmass,0.0,0.0
2026-09-02,신례원,2,pack_ev,0.0,0.0
2026-09-02,신례원,2,pack_ess,0.0,0.0
2026-09-02,신례원,2,blackmass,0.0,0.0
2026-09-02,신례원,3,pack_ev,0.0,0.0
2026-09-02,신례원,3,pack_ess,0.0,0.0
2026-09-02,신례원,3,blackmass,0.0,0.0
2026-09-02,신례원,4,pack_ev,0.0,0.0
2026-09-02,신례원,4,pack_ess,0.0,0.0
2026-09-02,신례원,4,blackmass,0.0,0.0
2026-09-02,신례원,5,pack_ev,0.0,0.0
2026-09-02,신례원,5,pack_ess,0.0,0.0
2026-09-02,신례원,5,blackmass,0.0,0.0
2026-09-02,신례원,6,pack_ev,0.0,0.0
2026-09-02,신례원,6,pack_ess,0.0,0.0
2026-09-02,신례원,6,blackmass,0.0,0.0
2026-09-02,신례원,7,pack_ev,0.0,0.0
2026-09-02,신례원,7,pack_ess,0.0,0.0
2026-09-02,신례원,7,blackmass,0.0,0.0
2026-09-02,신례원,8,pack_ev,0.0,0.0
2026-09-02,신례원,8,pack_ess,0.0,0.0
2026-09-02,신례원,8,blackmass,0.0,0.0
2026-09-02,신례원,9,pack_ev,0.0,0.0
2026-09-02,신례원,9,pack_ess,0.0,0.0
2026-09-02,신례원,9,blackmass,0.0,0.0
2026-09-02,신례원,10,pack_ev,0.0,0.0
2026-09-02,신례원,10,pack_ess,0.0,0.0
2026-09-02,신례원,10,blackmass,0.0,0.0
2026-09-02,신례원,11,pack_ev,0.0,0.0
2026-09-02,신례원,11,pack_ess,0.0,0.0
2026-09-02,신례원,11,blackmass,0.0,0.0
2026-09-02,신례원,12,pack_ev,0.0,0.0
2026-09-02,신례원,12,pack_ess,0.0,0.0
2026-09-02,신례원,12,blackmass,0.0,0.0
2026-09-02,신례원,13,pack_ev,0.0,0.0
2026-09-02,신례원,13,pack_ess,0.0,0.0
2026-09-02,신례원,13,blackmass,0.0,0.0
2026-09-02,신례원,14,pack_ev,0.0,0.0
2026-09-02,신례원,14,pack_ess,0.0,0.0
2026-09-02,신례원,14,blackmass,0.0,0.0
2026-09-02,신례원,15,pack_ev,0.0,0.0
2026-09-02,신례원,15,pack_ess,0.0,0.0
2026-09-02,신례원,15,blackmass,0.0,0.0
2026-09-02,신례원,16,pack_ev,0.0,0.0
2026-09-02,신례원,16,pack_ess,0.0,0.0
2026-09-02,신례원,16,blackmass,0.0,0.0
2026-09-02,신례원,17,pack_ev,0.0,0.0
2026-09-02,신례원,17,pack_ess,0.0,0.0
2026-09-02,신례원,17,blackmass,0.0,0.0
2026-09-02,신례원,18,pack_ev,0.0,0.0
2026-09-02,신례원,18,pack_ess,0.0,0.0
2026-09-02,신례원,18,blackmass,0.0,0.0
2026-09-02,신례원,19,pack_ev,0.0,0.0
2026-09-02,신례원,19,pack_ess,0.0,0.0
2026-09-02,신례원,19,blackmass,0.0,0.0
2026-09-02,신례원,20,pack_ev,0.0,0.0
2026-09-02,신례원,20,pack_ess,0.0,0.0
2026-09-02,신례원,20,blackmass,0.0,0.0
2026-09-02,신례원,21,pack_ev,0.0,0.0
2026-09-02,신례원,21,pack_ess,0.0,0.0
2026-09-02,신례원,21,blackmass,0.0,0.0
2026-09-02,신례원,22,pack_ev,0.0,0.0
2026-09-02,신례원,22,pack_ess,0.0,0.0
2026-09-02,신례원,22,blackmass,0.0,0.0
2026-09-02,신례원,23,pack_ev,0.0,0.0
2026-09-02,신례원,23,pack_ess,0.0,0.0
2026-09-02,신례원,23,blackmass,0.0,0.0
2026-09-02,안중,0,pack_ev,0.0,0.0
2026-09-02,안중,0,pack_ess,0.0,0.0
2026-09-02,안중,0,blackmass,0.0,0.0
2026-09-02,안중,1,pack_ev,0.0,0.0
2026-09-02,안중,1,pack_ess,0.0,0.0
2026-09-02,안중,1,blackmass,0.0,0.0
2026-09-02,안중,2,pack_ev,0.0,0.0
2026-09-02,안중,2,pack_ess,0.0,0.0
2026-09-02,안중,2,blackmass,0.0,0.0
2026-09-02,안중,3,pack_ev,0.0,0.0
2026-09-02,안중,3,pack_ess,0.0,0.0
2026-09-02,안중,3,blackmass,0.0,0.0
2026-09-02,안중,4,pack_ev,0.0,0.0
2026-09-02,안중,4,pack_ess,0.0,0.0
2026-09-02,안중,4,blackmass,0.0,0.0
2026-09-02,안중,5,pack_ev,0.0,0.0
2026-09-02,안중,5,pack_ess,0.0,0.0
2026-09-02,안중,5,blackmass,0.0,0.0
2026-09-02,안중,6,pack_ev,0.0,0.0
2026-09-02,안중,6,pack_ess,0.0,0.0
2026-09-02,안중,6,blackmass,0.0,0.0
2026-09-02,안중,7,pack_ev,0.0,0.0
2026-09-02,안중,7,pack_ess,0.0,0.0
2026-09-02,안중,7,blackmass,0.0,0.0
2026-09-02,안중,8,pack_ev,0.0,0.0
2026-09-02,안중,8,pack_ess,0.0,0.0
2026-09-02,안중,8,blackmass,0.0,0.0
2026-09-02,안중,9,pack_ev,0.0,0.0
2026-09-02,안중,9,pack_ess,0.0,0.0
2026-09-02,안중,9,blackmass,0.0,0.0
2026-09-02,안중,10,pack_ev,0.0,0.0
2026-09-02,안중,10,pack_ess,0.0,0.0
2026-09-02,안중,10,blackmass,0.0,0.0
2026-09-02,안중,11,pack_ev,0.0,0.0
2026-09-02,안중,11,pack_ess,0.0,0.0
2026-09-02,안중,11,blackmass,0.0,0.0
2026-09-02,안중,12,pack_ev,0.0,0.0
2026-09-02,안중,12,pack_ess,0.0,0.0
2026-09-02,안중,12,blackmass,0.0,0.0
2026-09-02,안중,13,pack_ev,0.0,0.0
2026-09-02,안중,13,pack_ess,0.0,0.0
2026-09-02,안중,13,blackmass,0.0,0.0
2026-09-02,안중,14,pack_ev,0.0,0.0
2026-09-02,안중,14,pack_ess,0.0,0.0
2026-09-02,안중,14,blackmass,0.0,0.0
2026-09-02,안중,15,pack_ev,0.0,0.0
2026-09-02,안중,15,pack_ess,0.0,0.0
2026-09-02,안중,15,blackmass,0.0,0.0
2026-09-02,안중,16,pack_ev,0.0,0.0
2026-09-02,안중,16,pack_ess,0.0,0.0
2026-09-02,안중,16,blackmass,0.0,0.0
2026-09-02,안중,17,pack_ev,0.0,0.0
2026-09-02,안중,17,pack_ess,0.0,0.0
2026-09-02,안중,17,blackmass,0.0,0.0
2026-09-02,안중,18,pack_ev,0.0,0.0
2026-09-02,안중,18,pack_ess,0.0,0.0
2026-09-02,안중,18,blackmass,0.0,0.0
2026-09-02,안중,19,pack_ev,0.0,0.0
2026-09-02,안중,19,pack_ess,0.0,0.0
2026-09-02,안중,19,blackmass,0.0,0.0
2026-09-02,안중,20,pack_ev,0.0,0.0
2026-09-02,안중,20,pack_ess,0.0,0.0
2026-09-02,안중,20,blackmass,0.0,0.0
2026-09-02,안중,21,pack_ev,0.0,0.0
2026-09-02,안중,21,pack_ess,0.0,0.0
2026-09-02,안중,21,blackmass,0.0,0.0
2026-09-02,안중,22,pack_ev,0.0,0.0
2026-09-02,안중,22,pack_ess,0.0,0.0
2026-09-02,안중,22,blackmass,0.0,0.0
2026-09-02,안중,23,pack_ev,0.0,0.0
2026-09-02,안중,23,pack_ess,0.0,0.0
2026-09-02,안중,23,blackmass,0.0,0.0
2026-09-02,천안,0,pack_ev,0.0,0.0
2026-09-02,천안,0,pack_ess,0.0,0.0
2026-09-02,천안,0,blackmass,0.0,0.0
2026-09-02,천안,1,pack_ev,0.0,0.0
2026-09-02,천안,1,pack_ess,0.0,0.0
2026-09-02,천안,1,blackmass,0.0,0.0
2026-09-02,천안,2,pack_ev,0.0,0.0
2026-09-02,천안,2,pack_ess,0.0,0.0
2026-09-02,천안,2,blackmass,0.0,0.0
2026-09-02,천안,3,pack_ev,0.0,0.0
2026-09-02,천안,3,pack_ess,0.0,0.0
2026-09-02,천안,3,blackmass,0.0,0.0
2026-09-02,천안,4,pack_ev,0.0,0.0
2026-09-02,천안,4,pack_ess,0.0,0.0
2026-09-02,천안,4,blackmass,0.0,0.0
2026-09-02,천안,5,pack_ev,0.0,0.0
2026-09-02,천안,5,pack_ess,0.0,0.0
2026-09-02,천안,5,blackmass,0.0,0.0
2026-09-02,천안,6,pack_ev,0.0,0.0
2026-09-02,천안,6,pack_ess,0.0,0.0
2026-09-02,천안,6,blackmass,0.0,0.0
2026-09-02,천안,7,pack_ev,0.0,0.0
2026-09-02,천안,7,pack_ess,0.0,0.0
2026-09-02,천안,7,blackmass,0.0,0.0
2026-09-02,천안,8,pack_ev,0.0,0.0
2026-09-02,천안,8,pack_ess,0.0,0.0
2026-09-02,천안,8,blackmass,0.0,0.0
2026-09-02,천안,9,pack_ev,0.0,0.0
2026-09-02,천안,9,pack_ess,0.0,0.0
2026-09-02,천안,9,blackmass,0.0,0.0
2026-09-02,천안,10,pack_ev,0.0,0.0
2026-09-02,천안,10,pack_ess,0.0,0.0
2026-09-02,천안,10,blackmass,0.0,0.0
2026-09-02,천안,11,pack_ev,0.0,0.0
2026-09-02,천안,11,pack_ess,0.0,0.0
2026-09-02,천안,11,blackmass,0.0,0.0
2026-09-02,천안,12,pack_ev,0.0,0.0
2026-09-02,천안,12,pack_ess,0.0,0.0
2026-09-02,천안,12,blackmass,0.0,0.0
2026-09-02,천안,13,pack_ev,0.0,0.0
2026-09-02,천안,13,pack_ess,0.0,0.0
2026-09-02,천안,13,blackmass,0.0,0.0
2026-09-02,천안,14,pack_ev,0.0,0.0
2026-09-02,천안,14,pack_ess,0.0,0.0
2026-09-02,천안,14,blackmass,0.0,0.0
2026-09-02,천안,15,pack_ev,0.0,0.0
2026-09-02,천안,15,pack_ess,0.0,0.0
2026-09-02,천안,15,blackmass,0.0,0.0
2026-09-02,천안,16,pack_ev,0.0,0.0
2026-09-02,천안,16,pack_ess,0.0,0.0
2026-09-02,천안,16,blackmass,0.0,0.0
2026-09-02,천안,17,pack_ev,0.0,0.0
2026-09-02,천안,17,pack_ess,0.0,0.0
2026-09-02,천안,17,blackmass,0.0,0.0
2026-09-02,천안,18,pack_ev,0.0,0.0
2026-09-02,천안,18,pack_ess,0.0,0.0
2026-09-02,천안,18,blackmass,0.0,0.0
2026-09-02,천안,19,pack_ev,0.0,0.0
2026-09-02,천안,19,pack_ess,0.0,0.0
2026-09-02,천안,19,blackmass,0.0,0.0
2026-09-02,천안,20,pack_ev,0.0,0.0
2026-09-02,천안,20,pack_ess,0.0,0.0
2026-09-02,천안,20,blackmass,0.0,0.0
2026-09-02,천안,21,pack_ev,0.0,0.0
2026-09-02,천안,21,pack_ess,0.0,0.0
2026-09-02,천안,21,blackmass,0.0,0.0
2026-09-02,천안,22,pack_ev,0.0,0.0
2026-09-02,천안,22,pack_ess,0.0,0.0
2026-09-02,천안,22,blackmass,0.0,0.0
2026-09-02,천안,23,pack_ev,0.0,0.0
2026-09-02,천안,23,pack_ess,0.0,0.0
2026-09-02,천안,23,blackmass,0.0,0.0
2026-09-03,서화성,0,pack_ev,0.0,0.0
2026-09-03,서화성,0,pack_ess,0.0,0.0
2026-09-03,서화성,0,blackmass,0.0,0.0
2026-09-03,서화성,1,pack_ev,0.0,0.0
2026-09-03,서화성,1,pack_ess,0.0,0.0
2026-09-03,서화성,1,blackmass,0.0,0.0
2026-09-03,서화성,2,pack_ev,0.0,0.0
2026-09-03,서화성,2,pack_ess,0.0,0.0
2026-09-03,서화성,2,blackmass,0.0,0.0
2026-09-03,서화성,3,pack_ev,0.0,0.0
2026-09-03,서화성,3,pack_ess,0.0,0.0
2026-09-03,서화성,3,blackmass,0.0,0.0
2026-09-03,서화성,4,pack_ev,0.0,0.0
2026-09-03,서화성,4,pack_ess,0.0,0.0
2026-09-03,서화성,4,blackmass,0.0,0.0
2026-09-03,서화성,5,pack_ev,0.0,0.0
2026-09-03,서화성,5,pack_ess,0.0,0.0
2026-09-03,서화성,5,blackmass,0.0,0.0
2026-09-03,서화성,6,pack_ev,0.0,0.0
2026-09-03,서화성,6,pack_ess,0.0,0.0
2026-09-03,서화성,6,blackmass,0.0,0.0
2026-09-03,서화성,7,pack_ev,0.0,0.0
2026-09-03,서화성,7,pack_ess,0.0,0.0
2026-09-03,서화성,7,blackmass,0.0,0.0
2026-09-03,서화성,8,pack_ev,0.0,0.0
2026-09-03,서화성,8,pack_ess,0.0,0.0
2026-09-03,서화성,8,blackmass,0.0,0.0
2026-09-03,서화성,9,pack_ev,0.0,0.0
2026-09-03,서화성,9,pack_ess,0.0,0.0
2026-09-03,서화성,9,blackmass,0.0,0.0
2026-09-03,서화성,10,pack_ev,4.582,0.1527
2026-09-03,서화성,10,pack_ess,0.0032,0.00011
2026-09-03,서화성,10,blackmass,1.222,0.0244
2026-09-03,서화성,11,pack_ev,4.582,0.1527
2026-09-03,서화성,11,pack_ess,0.0032,0.00011
2026-09-03,서화성,11,blackmass,1.222,0.0244
2026-09-03,서화성,12,pack_ev,4.582,0.1527
2026-09-03,서화성,12,pack_ess,0.0032,0.00011
2026-09-03,서화성,12,blackmass,1.222,0.0244
2026-09-03,서화성,13,pack_ev,4.582,0.1527
2026-09-03,서화성,13,pack_ess,0.0032,0.00011
2026-09-03,서화성,13,blackmass,1.222,0.0244
2026-09-03,서화성,14,pack_ev,4.582,0.1527
2026-09-03,서화성,14,pack_ess,0.0032,0.00011
2026-09-03,서화성,14,blackmass,1.222,0.0244
2026-09-03,서화성,15,pack_ev,4.582,0.1527
2026-09-03,서화성,15,pack_ess,0.0032,0.00011
2026-09-03,서화성,15,blackmass,1.222,0.0244
2026-09-03,서화성,16,pack_ev,4.582,0.1527
2026-09-03,서화성,16,pack_ess,0.0032,0.00011
2026-09-03,서화성,16,blackmass,1.222,0.0244
2026-09-03,서화성,17,pack_ev,4.582,0.1527
2026-09-03,서화성,17,pack_ess,0.0032,0.00011
2026-09-03,서화성,17,blackmass,1.222,0.0244
2026-09-03,서화성,18,pack_ev,0.0,0.0
2026-09-03,서화성,18,pack_ess,0.0,0.0
2026-09-03,서화성,18,blackmass,0.0,0.0
2026-09-03,서화성,19,pack_ev,0.0,0.0
2026-09-03,서화성,19,pack_ess,0.0,0.0
2026-09-03,서화성,19,blackmass,0.0,0.0
2026-09-03,서화성,20,pack_ev,0.0,0.0
2026-09-03,서화성,20,pack_ess,0.0,0.0
2026-09-03,서화성,20,blackmass,0.0,0.0
2026-09-03,서화성,21,pack_ev,0.0,0.0
2026-09-03,서화성,21,pack_ess,0.0,0.0
2026-09-03,서화성,21,blackmass,0.0,0.0
2026-09-03,서화성,22,pack_ev,0.0,0.0
2026-09-03,서화성,22,pack_ess,0.0,0.0
2026-09-03,서화성,22,blackmass,0.0,0.0
2026-09-03,서화성,23,pack_ev,0.0,0.0
2026-09-03,서화성,23,pack_ess,0.0,0.0
2026-09-03,서화성,23,blackmass,0.0,0.0
2026-09-03,신례원,0,pack_ev,0.0,0.0
2026-09-03,신례원,0,pack_ess,0.0,0.0
2026-09-03,신례원,0,blackmass,0.0,0.0
2026-09-03,신례원,1,pack_ev,0.0,0.0
2026-09-03,신례원,1,pack_ess,0.0,0.0
2026-09-03,신례원,1,blackmass,0.0,0.0
2026-09-03,신례원,2,pack_ev,0.0,0.0
2026-09-03,신례원,2,pack_ess,0.0,0.0
2026-09-03,신례원,2,blackmass,0.0,0.0
2026-09-03,신례원,3,pack_ev,0.0,0.0
2026-09-03,신례원,3,pack_ess,0.0,0.0
2026-09-03,신례원,3,blackmass,0.0,0.0
2026-09-03,신례원,4,pack_ev,0.0,0.0
2026-09-03,신례원,4,pack_ess,0.0,0.0
2026-09-03,신례원,4,blackmass,0.0,0.0
2026-09-03,신례원,5,pack_ev,0.0,0.0
2026-09-03,신례원,5,pack_ess,0.0,0.0
2026-09-03,신례원,5,blackmass,0.0,0.0
2026-09-03,신례원,6,pack_ev,0.0,0.0
2026-09-03,신례원,6,pack_ess,0.0,0.0
2026-09-03,신례원,6,blackmass,0.0,0.0
2026-09-03,신례원,7,pack_ev,0.0,0.0
2026-09-03,신례원,7,pack_ess,0.0,0.0
2026-09-03,신례원,7,blackmass,0.0,0.0
2026-09-03,신례원,8,pack_ev,0.0,0.0
2026-09-03,신례원,8,pack_ess,0.0,0.0
2026-09-03,신례원,8,blackmass,0.0,0.0
2026-09-03,신례원,9,pack_ev,0.0,0.0
2026-09-03,신례원,9,pack_ess,0.0,0.0
2026-09-03,신례원,9,blackmass,0.0,0.0
2026-09-03,신례원,10,pack_ev,0.0,0.0
2026-09-03,신례원,10,pack_ess,0.0,0.0
2026-09-03,신례원,10,blackmass,3.019,0.0604
2026-09-03,신례원,11,pack_ev,0.0,0.0
2026-09-03,신례원,11,pack_ess,0.0,0.0
2026-09-03,신례원,11,blackmass,3.019,0.0604
2026-09-03,신례원,12,pack_ev,0.0,0.0
2026-09-03,신례원,12,pack_ess,0.0,0.0
2026-09-03,신례원,12,blackmass,3.019,0.0604
2026-09-03,신례원,13,pack_ev,0.0,0.0
2026-09-03,신례원,13,pack_ess,0.0,0.0
2026-09-03,신례원,13,blackmass,3.019,0.0604
2026-09-03,신례원,14,pack_ev,0.0,0.0
2026-09-03,신례원,14,pack_ess,0.0,0.0
2026-09-03,신례원,14,blackmass,3.019,0.0604
2026-09-03,신례원,15,pack_ev,0.0,0.0
2026-09-03,신례원,15,pack_ess,0.0,0.0
2026-09-03,신례원,15,blackmass,3.019,0.0604
2026-09-03,신례원,16,pack_ev,0.0,0.0
2026-09-03,신례원,16,pack_ess,0.0,0.0
2026-09-03,신례원,16,blackmass,3.019,0.0604
2026-09-03,신례원,17,pack_ev,0.0,0.0
2026-09-03,신례원,17,pack_ess,0.0,0.0
2026-09-03,신례원,17,blackmass,3.019,0.0604
2026-09-03,신례원,18,pack_ev,0.0,0.0
2026-09-03,신례원,18,pack_ess,0.0,0.0
2026-09-03,신례원,18,blackmass,0.0,0.0
2026-09-03,신례원,19,pack_ev,0.0,0.0
2026-09-03,신례원,19,pack_ess,0.0,0.0
2026-09-03,신례원,19,blackmass,0.0,0.0
2026-09-03,신례원,20,pack_ev,0.0,0.0
2026-09-03,신례원,20,pack_ess,0.0,0.0
2026-09-03,신례원,20,blackmass,0.0,0.0
2026-09-03,신례원,21,pack_ev,0.0,0.0
2026-09-03,신례원,21,pack_ess,0.0,0.0
2026-09-03,신례원,21,blackmass,0.0,0.0
2026-09-03,신례원,22,pack_ev,0.0,0.0
2026-09-03,신례원,22,pack_ess,0.0,0.0
2026-09-03,신례원,22,blackmass,0.0,0.0
2026-09-03,신례원,23,pack_ev,0.0,0.0
2026-09-03,신례원,23,pack_ess,0.0,0.0
2026-09-03,신례원,23,blackmass,0.0,0.0
2026-09-03,안중,0,pack_ev,0.0,0.0
2026-09-03,안중,0,pack_ess,0.0,0.0
2026-09-03,안중,0,blackmass,0.0,0.0
2026-09-03,안중,1,pack_ev,0.0,0.0
2026-09-03,안중,1,pack_ess,0.0,0.0
2026-09-03,안중,1,blackmass,0.0,0.0
2026-09-03,안중,2,pack_ev,0.0,0.0
2026-09-03,안중,2,pack_ess,0.0,0.0
2026-09-03,안중,2,blackmass,0.0,0.0
2026-09-03,안중,3,pack_ev,0.0,0.0
2026-09-03,안중,3,pack_ess,0.0,0.0
2026-09-03,안중,3,blackmass,0.0,0.0
2026-09-03,안중,4,pack_ev,0.0,0.0
2026-09-03,안중,4,pack_ess,0.0,0.0
2026-09-03,안중,4,blackmass,0.0,0.0
2026-09-03,안중,5,pack_ev,0.0,0.0
2026-09-03,안중,5,pack_ess,0.0,0.0
2026-09-03,안중,5,blackmass,0.0,0.0
2026-09-03,안중,6,pack_ev,0.0,0.0
2026-09-03,안중,6,pack_ess,0.0,0.0
2026-09-03,안중,6,blackmass,0.0,0.0
2026-09-03,안중,7,pack_ev,0.0,0.0
2026-09-03,안중,7,pack_ess,0.0,0.0
2026-09-03,안중,7,blackmass,0.0,0.0
2026-09-03,안중,8,pack_ev,0.0,0.0
2026-09-03,안중,8,pack_ess,0.0,0.0
2026-09-03,안중,8,blackmass,0.0,0.0
2026-09-03,안중,9,pack_ev,0.0,0.0
2026-09-03,안중,9,pack_ess,0.0,0.0
2026-09-03,안중,9,blackmass,0.0,0.0
2026-09-03,안중,10,pack_ev,4.582,0.1527
2026-09-03,안중,10,pack_ess,0.0032,0.00011
2026-09-03,안중,10,blackmass,1.222,0.0244
2026-09-03,안중,11,pack_ev,4.582,0.1527
2026-09-03,안중,11,pack_ess,0.0032,0.00011
2026-09-03,안중,11,blackmass,1.222,0.0244
2026-09-03,안중,12,pack_ev,4.582,0.1527
2026-09-03,안중,12,pack_ess,0.0032,0.00011
2026-09-03,안중,12,blackmass,1.222,0.0244
2026-09-03,안중,13,pack_ev,4.582,0.1527
2026-09-03,안중,13,pack_ess,0.0032,0.00011
2026-09-03,안중,13,blackmass,1.222,0.0244
2026-09-03,안중,14,pack_ev,4.582,0.1527
2026-09-03,안중,14,pack_ess,0.0032,0.00011
2026-09-03,안중,14,blackmass,1.222,0.0244
2026-09-03,안중,15,pack_ev,4.582,0.1527
2026-09-03,안중,15,pack_ess,0.0032,0.00011
2026-09-03,안중,15,blackmass,1.222,0.0244
2026-09-03,안중,16,pack_ev,4.582,0.1527
2026-09-03,안중,16,pack_ess,0.0032,0.00011
2026-09-03,안중,16,blackmass,1.222,0.0244
2026-09-03,안중,17,pack_ev,4.582,0.1527
2026-09-03,안중,17,pack_ess,0.0032,0.00011
2026-09-03,안중,17,blackmass,1.222,0.0244
2026-09-03,안중,18,pack_ev,0.0,0.0
2026-09-03,안중,18,pack_ess,0.0,0.0
2026-09-03,안중,18,blackmass,0.0,0.0
2026-09-03,안중,19,pack_ev,0.0,0.0
2026-09-03,안중,19,pack_ess,0.0,0.0
2026-09-03,안중,19,blackmass,0.0,0.0
2026-09-03,안중,20,pack_ev,0.0,0.0
2026-09-03,안중,20,pack_ess,0.0,0.0
2026-09-03,안중,20,blackmass,0.0,0.0
2026-09-03,안중,21,pack_ev,0.0,0.0
2026-09-03,안중,21,pack_ess,0.0,0.0
2026-09-03,안중,21,blackmass,0.0,0.0
2026-09-03,안중,22,pack_ev,0.0,0.0
2026-09-03,안중,22,pack_ess,0.0,0.0
2026-09-03,안중,22,blackmass,0.0,0.0
2026-09-03,안중,23,pack_ev,0.0,0.0
2026-09-03,안중,23,pack_ess,0.0,0.0
2026-09-03,안중,23,blackmass,0.0,0.0
2026-09-03,천안,0,pack_ev,0.0,0.0
2026-09-03,천안,0,pack_ess,0.0,0.0
2026-09-03,천안,0,blackmass,0.0,0.0
2026-09-03,천안,1,pack_ev,0.0,0.0
2026-09-03,천안,1,pack_ess,0.0,0.0
2026-09-03,천안,1,blackmass,0.0,0.0
2026-09-03,천안,2,pack_ev,0.0,0.0
2026-09-03,천안,2,pack_ess,0.0,0.0
2026-09-03,천안,2,blackmass,0.0,0.0
2026-09-03,천안,3,pack_ev,0.0,0.0
2026-09-03,천안,3,pack_ess,0.0,0.0
2026-09-03,천안,3,blackmass,0.0,0.0
2026-09-03,천안,4,pack_ev,0.0,0.0
2026-09-03,천안,4,pack_ess,0.0,0.0
2026-09-03,천안,4,blackmass,0.0,0.0
2026-09-03,천안,5,pack_ev,0.0,0.0
2026-09-03,천안,5,pack_ess,0.0,0.0
2026-09-03,천안,5,blackmass,0.0,0.0
2026-09-03,천안,6,pack_ev,0.0,0.0
2026-09-03,천안,6,pack_ess,0.0,0.0
2026-09-03,천안,6,blackmass,0.0,0.0
2026-09-03,천안,7,pack_ev,0.0,0.0
2026-09-03,천안,7,pack_ess,0.0,0.0
2026-09-03,천안,7,blackmass,0.0,0.0
2026-09-03,천안,8,pack_ev,0.0,0.0
2026-09-03,천안,8,pack_ess,0.0,0.0
2026-09-03,천안,8,blackmass,0.0,0.0
2026-09-03,천안,9,pack_ev,0.0,0.0
2026-09-03,천안,9,pack_ess,0.0,0.0
2026-09-03,천안,9,blackmass,0.0,0.0
2026-09-03,천안,10,pack_ev,0.0,0.0
2026-09-03,천안,10,pack_ess,0.0,0.0
2026-09-03,천안,10,blackmass,4.529,0.0906
2026-09-03,천안,11,pack_ev,0.0,0.0
2026-09-03,천안,11,pack_ess,0.0,0.0
2026-09-03,천안,11,blackmass,4.529,0.0906
2026-09-03,천안,12,pack_ev,0.0,0.0
2026-09-03,천안,12,pack_ess,0.0,0.0
2026-09-03,천안,12,blackmass,4.529,0.0906
2026-09-03,천안,13,pack_ev,0.0,0.0
2026-09-03,천안,13,pack_ess,0.0,0.0
2026-09-03,천안,13,blackmass,4.529,0.0906
2026-09-03,천안,14,pack_ev,0.0,0.0
2026-09-03,천안,14,pack_ess,0.0,0.0
2026-09-03,천안,14,blackmass,4.529,0.0906
2026-09-03,천안,15,pack_ev,0.0,0.0
2026-09-03,천안,15,pack_ess,0.0,0.0
2026-09-03,천안,15,blackmass,4.529,0.0906
2026-09-03,천안,16,pack_ev,0.0,0.0
2026-09-03,천안,16,pack_ess,0.0,0.0
2026-09-03,천안,16,blackmass,4.529,0.0906
2026-09-03,천안,17,pack_ev,0.0,0.0
2026-09-03,천안,17,pack_ess,0.0,0.0
2026-09-03,천안,17,blackmass,4.529,0.0906
2026-09-03,천안,18,pack_ev,0.0,0.0
2026-09-03,천안,18,pack_ess,0.0,0.0
2026-09-03,천안,18,blackmass,0.0,0.0
2026-09-03,천안,19,pack_ev,0.0,0.0
2026-09-03,천안,19,pack_ess,0.0,0.0
2026-09-03,천안,19,blackmass,0.0,0.0
2026-09-03,천안,20,pack_ev,0.0,0.0
2026-09-03,천안,20,pack_ess,0.0,0.0
2026-09-03,천안,20,blackmass,0.0,0.0
2026-09-03,천안,21,pack_ev,0.0,0.0
2026-09-03,천안,21,pack_ess,0.0,0.0
2026-09-03,천안,21,blackmass,0.0,0.0
2026-09-03,천안,22,pack_ev,0.0,0.0
2026-09-03,천안,22,pack_ess,0.0,0.0
2026-09-03,천안,22,blackmass,0.0,0.0
2026-09-03,천안,23,pack_ev,0.0,0.0
2026-09-03,천안,23,pack_ess,0.0,0.0
2026-09-03,천안,23,blackmass,0.0,0.0
2026-09-04,서화성,0,pack_ev,0.0,0.0
2026-09-04,서화성,0,pack_ess,0.0,0.0
2026-09-04,서화성,0,blackmass,0.0,0.0
2026-09-04,서화성,1,pack_ev,0.0,0.0
2026-09-04,서화성,1,pack_ess,0.0,0.0
2026-09-04,서화성,1,blackmass,0.0,0.0
2026-09-04,서화성,2,pack_ev,0.0,0.0
2026-09-04,서화성,2,pack_ess,0.0,0.0
2026-09-04,서화성,2,blackmass,0.0,0.0
2026-09-04,서화성,3,pack_ev,0.0,0.0
2026-09-04,서화성,3,pack_ess,0.0,0.0
2026-09-04,서화성,3,blackmass,0.0,0.0
2026-09-04,서화성,4,pack_ev,0.0,0.0
2026-09-04,서화성,4,pack_ess,0.0,0.0
2026-09-04,서화성,4,blackmass,0.0,0.0
2026-09-04,서화성,5,pack_ev,0.0,0.0
2026-09-04,서화성,5,pack_ess,0.0,0.0
2026-09-04,서화성,5,blackmass,0.0,0.0
2026-09-04,서화성,6,pack_ev,0.0,0.0
2026-09-04,서화성,6,pack_ess,0.0,0.0
2026-09-04,서화성,6,blackmass,0.0,0.0
2026-09-04,서화성,7,pack_ev,0.0,0.0
2026-09-04,서화성,7,pack_ess,0.0,0.0
2026-09-04,서화성,7,blackmass,0.0,0.0
2026-09-04,서화성,8,pack_ev,0.0,0.0
2026-09-04,서화성,8,pack_ess,0.0,0.0
2026-09-04,서화성,8,blackmass,0.0,0.0
2026-09-04,서화성,9,pack_ev,0.0,0.0
2026-09-04,서화성,9,pack_ess,0.0,0.0
2026-09-04,서화성,9,blackmass,0.0,0.0
2026-09-04,서화성,10,pack_ev,0.0,0.0
2026-09-04,서화성,10,pack_ess,0.0,0.0
2026-09-04,서화성,10,blackmass,0.0,0.0
2026-09-04,서화성,11,pack_ev,0.0,0.0
2026-09-04,서화성,11,pack_ess,0.0,0.0
2026-09-04,서화성,11,blackmass,0.0,0.0
2026-09-04,서화성,12,pack_ev,0.0,0.0
2026-09-04,서화성,12,pack_ess,0.0,0.0
2026-09-04,서화성,12,blackmass,0.0,0.0
2026-09-04,서화성,13,pack_ev,0.0,0.0
2026-09-04,서화성,13,pack_ess,0.0,0.0
2026-09-04,서화성,13,blackmass,0.0,0.0
2026-09-04,서화성,14,pack_ev,0.0,0.0
2026-09-04,서화성,14,pack_ess,0.0,0.0
2026-09-04,서화성,14,blackmass,0.0,0.0
2026-09-04,서화성,15,pack_ev,0.0,0.0
2026-09-04,서화성,15,pack_ess,0.0,0.0
2026-09-04,서화성,15,blackmass,0.0,0.0
2026-09-04,서화성,16,pack_ev,0.0,0.0
2026-09-04,서화성,16,pack_ess,0.0,0.0
2026-09-04,서화성,16,blackmass,0.0,0.0
2026-09-04,서화성,17,pack_ev,0.0,0.0
2026-09-04,서화성,17,pack_ess,0.0,0.0
2026-09-04,서화성,17,blackmass,0.0,0.0
2026-09-04,서화성,18,pack_ev,0.0,0.0
2026-09-04,서화성,18,pack_ess,0.0,0.0
2026-09-04,서화성,18,blackmass,0.0,0.0
2026-09-04,서화성,19,pack_ev,0.0,0.0
2026-09-04,서화성,19,pack_ess,0.0,0.0
2026-09-04,서화성,19,blackmass,0.0,0.0
2026-09-04,서화성,20,pack_ev,0.0,0.0
2026-09-04,서화성,20,pack_ess,0.0,0.0
2026-09-04,서화성,20,blackmass,0.0,0.0
2026-09-04,서화성,21,pack_ev,0.0,0.0
2026-09-04,서화성,21,pack_ess,0.0,0.0
2026-09-04,서화성,21,blackmass,0.0,0.0
2026-09-04,서화성,22,pack_ev,0.0,0.0
2026-09-04,서화성,22,pack_ess,0.0,0.0
2026-09-04,서화성,22,blackmass,0.0,0.0
2026-09-04,서화성,23,pack_ev,0.0,0.0
2026-09-04,서화성,23,pack_ess,0.0,0.0
2026-09-04,서화성,23,blackmass,0.0,0.0
2026-09-04,신례원,0,pack_ev,0.0,0.0
2026-09-04,신례원,0,pack_ess,0.0,0.0
2026-09-04,신례원,0,blackmass,0.0,0.0
2026-09-04,신례원,1,pack_ev,0.0,0.0
2026-09-04,신례원,1,pack_ess,0.0,0.0
2026-09-04,신례원,1,blackmass,0.0,0.0
2026-09-04,신례원,2,pack_ev,0.0,0.0
2026-09-04,신례원,2,pack_ess,0.0,0.0
2026-09-04,신례원,2,blackmass,0.0,0.0
2026-09-04,신례원,3,pack_ev,0.0,0.0
2026-09-04,신례원,3,pack_ess,0.0,0.0
2026-09-04,신례원,3,blackmass,0.0,0.0
2026-09-04,신례원,4,pack_ev,0.0,0.0
2026-09-04,신례원,4,pack_ess,0.0,0.0
2026-09-04,신례원,4,blackmass,0.0,0.0
2026-09-04,신례원,5,pack_ev,0.0,0.0
2026-09-04,신례원,5,pack_ess,0.0,0.0
2026-09-04,신례원,5,blackmass,0.0,0.0
2026-09-04,신례원,6,pack_ev,0.0,0.0
2026-09-04,신례원,6,pack_ess,0.0,0.0
2026-09-04,신례원,6,blackmass,0.0,0.0
2026-09-04,신례원,7,pack_ev,0.0,0.0
2026-09-04,신례원,7,pack_ess,0.0,0.0
2026-09-04,신례원,7,blackmass,0.0,0.0
2026-09-04,신례원,8,pack_ev,0.0,0.0
2026-09-04,신례원,8,pack_ess,0.0,0.0
2026-09-04,신례원,8,blackmass,0.0,0.0
2026-09-04,신례원,9,pack_ev,0.0,0.0
2026-09-04,신례원,9,pack_ess,0.0,0.0
2026-09-04,신례원,9,blackmass,0.0,0.0
2026-09-04,신례원,10,pack_ev,0.0,0.0
2026-09-04,신례원,10,pack_ess,0.0,0.0
2026-09-04,신례원,10,blackmass,0.0,0.0
2026-09-04,신례원,11,pack_ev,0.0,0.0
2026-09-04,신례원,11,pack_ess,0.0,0.0
2026-09-04,신례원,11,blackmass,0.0,0.0
2026-09-04,신례원,12,pack_ev,0.0,0.0
2026-09-04,신례원,12,pack_ess,0.0,0.0
2026-09-04,신례원,12,blackmass,0.0,0.0
2026-09-04,신례원,13,pack_ev,0.0,0.0
2026-09-04,신례원,13,pack_ess,0.0,0.0
2026-09-04,신례원,13,blackmass,0.0,0.0
2026-09-04,신례원,14,pack_ev,0.0,0.0
2026-09-04,신례원,14,pack_ess,0.0,0.0
2026-09-04,신례원,14,blackmass,0.0,0.0
2026-09-04,신례원,15,pack_ev,0.0,0.0
2026-09-04,신례원,15,pack_ess,0.0,0.0
2026-09-04,신례원,15,blackmass,0.0,0.0
2026-09-04,신례원,16,pack_ev,0.0,0.0
2026-09-04,신례원,16,pack_ess,0.0,0.0
2026-09-04,신례원,16,blackmass,0.0,0.0
2026-09-04,신례원,17,pack_ev,0.0,0.0
2026-09-04,신례원,17,pack_ess,0.0,0.0
2026-09-04,신례원,17,blackmass,0.0,0.0
2026-09-04,신례원,18,pack_ev,0.0,0.0
2026-09-04,신례원,18,pack_ess,0.0,0.0
2026-09-04,신례원,18,blackmass,0.0,0.0
2026-09-04,신례원,19,pack_ev,0.0,0.0
2026-09-04,신례원,19,pack_ess,0.0,0.0
2026-09-04,신례원,19,blackmass,0.0,0.0
2026-09-04,신례원,20,pack_ev,0.0,0.0
2026-09-04,신례원,20,pack_ess,0.0,0.0
2026-09-04,신례원,20,blackmass,0.0,0.0
2026-09-04,신례원,21,pack_ev,0.0,0.0
2026-09-04,신례원,21,pack_ess,0.0,0.0
2026-09-04,신례원,21,blackmass,0.0,0.0
2026-09-04,신례원,22,pack_ev,0.0,0.0
2026-09-04,신례원,22,pack_ess,0.0,0.0
2026-09-04,신례원,22,blackmass,0.0,0.0
2026-09-04,신례원,23,pack_ev,0.0,0.0
2026-09-04,신례원,23,pack_ess,0.0,0.0
2026-09-04,신례원,23,blackmass,0.0,0.0
2026-09-04,안중,0,pack_ev,0.0,0.0
2026-09-04,안중,0,pack_ess,0.0,0.0
2026-09-04,안중,0,blackmass,0.0,0.0
2026-09-04,안중,1,pack_ev,0.0,0.0
2026-09-04,안중,1,pack_ess,0.0,0.0
2026-09-04,안중,1,blackmass,0.0,0.0
2026-09-04,안중,2,pack_ev,0.0,0.0
2026-09-04,안중,2,pack_ess,0.0,0.0
2026-09-04,안중,2,blackmass,0.0,0.0
2026-09-04,안중,3,pack_ev,0.0,0.0
2026-09-04,안중,3,pack_ess,0.0,0.0
2026-09-04,안중,3,blackmass,0.0,0.0
2026-09-04,안중,4,pack_ev,0.0,0.0
2026-09-04,안중,4,pack_ess,0.0,0.0
2026-09-04,안중,4,blackmass,0.0,0.0
2026-09-04,안중,5,pack_ev,0.0,0.0
2026-09-04,안중,5,pack_ess,0.0,0.0
2026-09-04,안중,5,blackmass,0.0,0.0
2026-09-04,안중,6,pack_ev,0.0,0.0
2026-09-04,안중,6,pack_ess,0.0,0.0
2026-09-04,안중,6,blackmass,0.0,0.0
2026-09-04,안중,7,pack_ev,0.0,0.0
2026-09-04,안중,7,pack_ess,0.0,0.0
2026-09-04,안중,7,blackmass,0.0,0.0
2026-09-04,안중,8,pack_ev,0.0,0.0
2026-09-04,안중,8,pack_ess,0.0,0.0
2026-09-04,안중,8,blackmass,0.0,0.0
2026-09-04,안중,9,pack_ev,0.0,0.0
2026-09-04,안중,9,pack_ess,0.0,0.0
2026-09-04,안중,9,blackmass,0.0,0.0
2026-09-04,안중,10,pack_ev,0.0,0.0
2026-09-04,안중,10,pack_ess,0.0,0.0
2026-09-04,안중,10,blackmass,0.0,0.0
2026-09-04,안중,11,pack_ev,0.0,0.0
2026-09-04,안중,11,pack_ess,0.0,0.0
2026-09-04,안중,11,blackmass,0.0,0.0
2026-09-04,안중,12,pack_ev,0.0,0.0
2026-09-04,안중,12,pack_ess,0.0,0.0
2026-09-04,안중,12,blackmass,0.0,0.0
2026-09-04,안중,13,pack_ev,0.0,0.0
2026-09-04,안중,13,pack_ess,0.0,0.0
2026-09-04,안중,13,blackmass,0.0,0.0
2026-09-04,안중,14,pack_ev,0.0,0.0
2026-09-04,안중,14,pack_ess,0.0,0.0
2026-09-04,안중,14,blackmass,0.0,0.0
2026-09-04,안중,15,pack_ev,0.0,0.0
2026-09-04,안중,15,pack_ess,0.0,0.0
2026-09-04,안중,15,blackmass,0.0,0.0
2026-09-04,안중,16,pack_ev,0.0,0.0
2026-09-04,안중,16,pack_ess,0.0,0.0
2026-09-04,안중,16,blackmass,0.0,0.0
2026-09-04,안중,17,pack_ev,0.0,0.0
2026-09-04,안중,17,pack_ess,0.0,0.0
2026-09-04,안중,17,blackmass,0.0,0.0
2026-09-04,안중,18,pack_ev,0.0,0.0
2026-09-04,안중,18,pack_ess,0.0,0.0
2026-09-04,안중,18,blackmass,0.0,0.0
2026-09-04,안중,19,pack_ev,0.0,0.0
2026-09-04,안중,19,pack_ess,0.0,0.0
2026-09-04,안중,19,blackmass,0.0,0.0
2026-09-04,안중,20,pack_ev,0.0,0.0
2026-09-04,안중,20,pack_ess,0.0,0.0
2026-09-04,안중,20,blackmass,0.0,0.0
2026-09-04,안중,21,pack_ev,0.0,0.0
2026-09-04,안중,21,pack_ess,0.0,0.0
2026-09-04,안중,21,blackmass,0.0,0.0
2026-09-04,안중,22,pack_ev,0.0,0.0
2026-09-04,안중,22,pack_ess,0.0,0.0
2026-09-04,안중,22,blackmass,0.0,0.0
2026-09-04,안중,23,pack_ev,0.0,0.0
2026-09-04,안중,23,pack_ess,0.0,0.0
2026-09-04,안중,23,blackmass,0.0,0.0
2026-09-04,천안,0,pack_ev,0.0,0.0
2026-09-04,천안,0,pack_ess,0.0,0.0
2026-09-04,천안,0,blackmass,0.0,0.0
2026-09-04,천안,1,pack_ev,0.0,0.0
2026-09-04,천안,1,pack_ess,0.0,0.0
2026-09-04,천안,1,blackmass,0.0,0.0
2026-09-04,천안,2,pack_ev,0.0,0.0
2026-09-04,천안,2,pack_ess,0.0,0.0
2026-09-04,천안,2,blackmass,0.0,0.0
2026-09-04,천안,3,pack_ev,0.0,0.0
2026-09-04,천안,3,pack_ess,0.0,0.0
2026-09-04,천안,3,blackmass,0.0,0.0
2026-09-04,천안,4,pack_ev,0.0,0.0
2026-09-04,천안,4,pack_ess,0.0,0.0
2026-09-04,천안,4,blackmass,0.0,0.0
2026-09-04,천안,5,pack_ev,0.0,0.0
2026-09-04,천안,5,pack_ess,0.0,0.0
2026-09-04,천안,5,blackmass,0.0,0.0
2026-09-04,천안,6,pack_ev,0.0,0.0
2026-09-04,천안,6,pack_ess,0.0,0.0
2026-09-04,천안,6,blackmass,0.0,0.0
2026-09-04,천안,7,pack_ev,0.0,0.0
2026-09-04,천안,7,pack_ess,0.0,0.0
2026-09-04,천안,7,blackmass,0.0,0.0
2026-09-04,천안,8,pack_ev,0.0,0.0
2026-09-04,천안,8,pack_ess,0.0,0.0
2026-09-04,천안,8,blackmass,0.0,0.0
2026-09-04,천안,9,pack_ev,0.0,0.0
2026-09-04,천안,9,pack_ess,0.0,0.0
2026-09-04,천안,9,blackmass,0.0,0.0
2026-09-04,천안,10,pack_ev,0.0,0.0
2026-09-04,천안,10,pack_ess,0.0,0.0
2026-09-04,천안,10,blackmass,0.0,0.0
2026-09-04,천안,11,pack_ev,0.0,0.0
2026-09-04,천안,11,pack_ess,0.0,0.0
2026-09-04,천안,11,blackmass,0.0,0.0
2026-09-04,천안,12,pack_ev,0.0,0.0
2026-09-04,천안,12,pack_ess,0.0,0.0
2026-09-04,천안,12,blackmass,0.0,0.0
2026-09-04,천안,13,pack_ev,0.0,0.0
2026-09-04,천안,13,pack_ess,0.0,0.0
2026-09-04,천안,13,blackmass,0.0,0.0
2026-09-04,천안,14,pack_ev,0.0,0.0
2026-09-04,천안,14,pack_ess,0.0,0.0
2026-09-04,천안,14,blackmass,0.0,0.0
2026-09-04,천안,15,pack_ev,0.0,0.0
2026-09-04,천안,15,pack_ess,0.0,0.0
2026-09-04,천안,15,blackmass,0.0,0.0
2026-09-04,천안,16,pack_ev,0.0,0.0
2026-09-04,천안,16,pack_ess,0.0,0.0
2026-09-04,천안,16,blackmass,0.0,0.0
2026-09-04,천안,17,pack_ev,0.0,0.0
2026-09-04,천안,17,pack_ess,0.0,0.0
2026-09-04,천안,17,blackmass,0.0,0.0
2026-09-04,천안,18,pack_ev,0.0,0.0
2026-09-04,천안,18,pack_ess,0.0,0.0
2026-09-04,천안,18,blackmass,0.0,0.0
2026-09-04,천안,19,pack_ev,0.0,0.0
2026-09-04,천안,19,pack_ess,0.0,0.0
2026-09-04,천안,19,blackmass,0.0,0.0
2026-09-04,천안,20,pack_ev,0.0,0.0
2026-09-04,천안,20,pack_ess,0.0,0.0
2026-09-04,천안,20,blackmass,0.0,0.0
2026-09-04,천안,21,pack_ev,0.0,0.0
2026-09-04,천안,21,pack_ess,0.0,0.0
2026-09-04,천안,21,blackmass,0.0,0.0
2026-09-04,천안,22,pack_ev,0.0,0.0
2026-09-04,천안,22,pack_ess,0.0,0.0
2026-09-04,천안,22,blackmass,0.0,0.0
2026-09-04,천안,23,pack_ev,0.0,0.0
2026-09-04,천안,23,pack_ess,0.0,0.0
2026-09-04,천안,23,blackmass,0.0,0.0
2026-09-05,서화성,0,pack_ev,0.0,0.0
2026-09-05,서화성,0,pack_ess,0.0,0.0
2026-09-05,서화성,0,blackmass,0.0,0.0
2026-09-05,서화성,1,pack_ev,0.0,0.0
2026-09-05,서화성,1,pack_ess,0.0,0.0
2026-09-05,서화성,1,blackmass,0.0,0.0
2026-09-05,서화성,2,pack_ev,0.0,0.0
2026-09-05,서화성,2,pack_ess,0.0,0.0
2026-09-05,서화성,2,blackmass,0.0,0.0
2026-09-05,서화성,3,pack_ev,0.0,0.0
2026-09-05,서화성,3,pack_ess,0.0,0.0
2026-09-05,서화성,3,blackmass,0.0,0.0
2026-09-05,서화성,4,pack_ev,0.0,0.0
2026-09-05,서화성,4,pack_ess,0.0,0.0
2026-09-05,서화성,4,blackmass,0.0,0.0
2026-09-05,서화성,5,pack_ev,0.0,0.0
2026-09-05,서화성,5,pack_ess,0.0,0.0
2026-09-05,서화성,5,blackmass,0.0,0.0
2026-09-05,서화성,6,pack_ev,0.0,0.0
2026-09-05,서화성,6,pack_ess,0.0,0.0
2026-09-05,서화성,6,blackmass,0.0,0.0
2026-09-05,서화성,7,pack_ev,0.0,0.0
2026-09-05,서화성,7,pack_ess,0.0,0.0
2026-09-05,서화성,7,blackmass,0.0,0.0
2026-09-05,서화성,8,pack_ev,0.0,0.0
2026-09-05,서화성,8,pack_ess,0.0,0.0
2026-09-05,서화성,8,blackmass,0.0,0.0
2026-09-05,서화성,9,pack_ev,0.0,0.0
2026-09-05,서화성,9,pack_ess,0.0,0.0
2026-09-05,서화성,9,blackmass,0.0,0.0
2026-09-05,서화성,10,pack_ev,0.0,0.0
2026-09-05,서화성,10,pack_ess,0.0,0.0
2026-09-05,서화성,10,blackmass,0.0,0.0
2026-09-05,서화성,11,pack_ev,0.0,0.0
2026-09-05,서화성,11,pack_ess,0.0,0.0
2026-09-05,서화성,11,blackmass,0.0,0.0
2026-09-05,서화성,12,pack_ev,0.0,0.0
2026-09-05,서화성,12,pack_ess,0.0,0.0
2026-09-05,서화성,12,blackmass,0.0,0.0
2026-09-05,서화성,13,pack_ev,0.0,0.0
2026-09-05,서화성,13,pack_ess,0.0,0.0
2026-09-05,서화성,13,blackmass,0.0,0.0
2026-09-05,서화성,14,pack_ev,0.0,0.0
2026-09-05,서화성,14,pack_ess,0.0,0.0
2026-09-05,서화성,14,blackmass,0.0,0.0
2026-09-05,서화성,15,pack_ev,0.0,0.0
2026-09-05,서화성,15,pack_ess,0.0,0.0
2026-09-05,서화성,15,blackmass,0.0,0.0
2026-09-05,서화성,16,pack_ev,0.0,0.0
2026-09-05,서화성,16,pack_ess,0.0,0.0
2026-09-05,서화성,16,blackmass,0.0,0.0
2026-09-05,서화성,17,pack_ev,0.0,0.0
2026-09-05,서화성,17,pack_ess,0.0,0.0
2026-09-05,서화성,17,blackmass,0.0,0.0
2026-09-05,서화성,18,pack_ev,0.0,0.0
2026-09-05,서화성,18,pack_ess,0.0,0.0
2026-09-05,서화성,18,blackmass,0.0,0.0
2026-09-05,서화성,19,pack_ev,0.0,0.0
2026-09-05,서화성,19,pack_ess,0.0,0.0
2026-09-05,서화성,19,blackmass,0.0,0.0
2026-09-05,서화성,20,pack_ev,0.0,0.0
2026-09-05,서화성,20,pack_ess,0.0,0.0
2026-09-05,서화성,20,blackmass,0.0,0.0
2026-09-05,서화성,21,pack_ev,0.0,0.0
2026-09-05,서화성,21,pack_ess,0.0,0.0
2026-09-05,서화성,21,blackmass,0.0,0.0
2026-09-05,서화성,22,pack_ev,0.0,0.0
2026-09-05,서화성,22,pack_ess,0.0,0.0
2026-09-05,서화성,22,blackmass,0.0,0.0
2026-09-05,서화성,23,pack_ev,0.0,0.0
2026-09-05,서화성,23,pack_ess,0.0,0.0
2026-09-05,서화성,23,blackmass,0.0,0.0
2026-09-05,신례원,0,pack_ev,0.0,0.0
2026-09-05,신례원,0,pack_ess,0.0,0.0
2026-09-05,신례원,0,blackmass,0.0,0.0
2026-09-05,신례원,1,pack_ev,0.0,0.0
2026-09-05,신례원,1,pack_ess,0.0,0.0
2026-09-05,신례원,1,blackmass,0.0,0.0
2026-09-05,신례원,2,pack_ev,0.0,0.0
2026-09-05,신례원,2,pack_ess,0.0,0.0
2026-09-05,신례원,2,blackmass,0.0,0.0
2026-09-05,신례원,3,pack_ev,0.0,0.0
2026-09-05,신례원,3,pack_ess,0.0,0.0
2026-09-05,신례원,3,blackmass,0.0,0.0
2026-09-05,신례원,4,pack_ev,0.0,0.0
2026-09-05,신례원,4,pack_ess,0.0,0.0
2026-09-05,신례원,4,blackmass,0.0,0.0
2026-09-05,신례원,5,pack_ev,0.0,0.0
2026-09-05,신례원,5,pack_ess,0.0,0.0
2026-09-05,신례원,5,blackmass,0.0,0.0
2026-09-05,신례원,6,pack_ev,0.0,0.0
2026-09-05,신례원,6,pack_ess,0.0,0.0
2026-09-05,신례원,6,blackmass,0.0,0.0
2026-09-05,신례원,7,pack_ev,0.0,0.0
2026-09-05,신례원,7,pack_ess,0.0,0.0
2026-09-05,신례원,7,blackmass,0.0,0.0
2026-09-05,신례원,8,pack_ev,0.0,0.0
2026-09-05,신례원,8,pack_ess,0.0,0.0
2026-09-05,신례원,8,blackmass,0.0,0.0
2026-09-05,신례원,9,pack_ev,0.0,0.0
2026-09-05,신례원,9,pack_ess,0.0,0.0
2026-09-05,신례원,9,blackmass,0.0,0.0
2026-09-05,신례원,10,pack_ev,0.0,0.0
2026-09-05,신례원,10,pack_ess,0.0,0.0
2026-09-05,신례원,10,blackmass,0.0,0.0
2026-09-05,신례원,11,pack_ev,0.0,0.0
2026-09-05,신례원,11,pack_ess,0.0,0.0
2026-09-05,신례원,11,blackmass,0.0,0.0
2026-09-05,신례원,12,pack_ev,0.0,0.0
2026-09-05,신례원,12,pack_ess,0.0,0.0
2026-09-05,신례원,12,blackmass,0.0,0.0
2026-09-05,신례원,13,pack_ev,0.0,0.0
2026-09-05,신례원,13,pack_ess,0.0,0.0
2026-09-05,신례원,13,blackmass,0.0,0.0
2026-09-05,신례원,14,pack_ev,0.0,0.0
2026-09-05,신례원,14,pack_ess,0.0,0.0
2026-09-05,신례원,14,blackmass,0.0,0.0
2026-09-05,신례원,15,pack_ev,0.0,0.0
2026-09-05,신례원,15,pack_ess,0.0,0.0
2026-09-05,신례원,15,blackmass,0.0,0.0
2026-09-05,신례원,16,pack_ev,0.0,0.0
2026-09-05,신례원,16,pack_ess,0.0,0.0
2026-09-05,신례원,16,blackmass,0.0,0.0
2026-09-05,신례원,17,pack_ev,0.0,0.0
2026-09-05,신례원,17,pack_ess,0.0,0.0
2026-09-05,신례원,17,blackmass,0.0,0.0
2026-09-05,신례원,18,pack_ev,0.0,0.0
2026-09-05,신례원,18,pack_ess,0.0,0.0
2026-09-05,신례원,18,blackmass,0.0,0.0
2026-09-05,신례원,19,pack_ev,0.0,0.0
2026-09-05,신례원,19,pack_ess,0.0,0.0
2026-09-05,신례원,19,blackmass,0.0,0.0
2026-09-05,신례원,20,pack_ev,0.0,0.0
2026-09-05,신례원,20,pack_ess,0.0,0.0
2026-09-05,신례원,20,blackmass,0.0,0.0
2026-09-05,신례원,21,pack_ev,0.0,0.0
2026-09-05,신례원,21,pack_ess,0.0,0.0
2026-09-05,신례원,21,blackmass,0.0,0.0
2026-09-05,신례원,22,pack_ev,0.0,0.0
2026-09-05,신례원,22,pack_ess,0.0,0.0
2026-09-05,신례원,22,blackmass,0.0,0.0
2026-09-05,신례원,23,pack_ev,0.0,0.0
2026-09-05,신례원,23,pack_ess,0.0,0.0
2026-09-05,신례원,23,blackmass,0.0,0.0
2026-09-05,안중,0,pack_ev,0.0,0.0
2026-09-05,안중,0,pack_ess,0.0,0.0
2026-09-05,안중,0,blackmass,0.0,0.0
2026-09-05,안중,1,pack_ev,0.0,0.0
2026-09-05,안중,1,pack_ess,0.0,0.0
2026-09-05,안중,1,blackmass,0.0,0.0
2026-09-05,안중,2,pack_ev,0.0,0.0
2026-09-05,안중,2,pack_ess,0.0,0.0
2026-09-05,안중,2,blackmass,0.0,0.0
2026-09-05,안중,3,pack_ev,0.0,0.0
2026-09-05,안중,3,pack_ess,0.0,0.0
2026-09-05,안중,3,blackmass,0.0,0.0
2026-09-05,안중,4,pack_ev,0.0,0.0
2026-09-05,안중,4,pack_ess,0.0,0.0
2026-09-05,안중,4,blackmass,0.0,0.0
2026-09-05,안중,5,pack_ev,0.0,0.0
2026-09-05,안중,5,pack_ess,0.0,0.0
2026-09-05,안중,5,blackmass,0.0,0.0
2026-09-05,안중,6,pack_ev,0.0,0.0
2026-09-05,안중,6,pack_ess,0.0,0.0
2026-09-05,안중,6,blackmass,0.0,0.0
2026-09-05,안중,7,pack_ev,0.0,0.0
2026-09-05,안중,7,pack_ess,0.0,0.0
2026-09-05,안중,7,blackmass,0.0,0.0
2026-09-05,안중,8,pack_ev,0.0,0.0
2026-09-05,안중,8,pack_ess,0.0,0.0
2026-09-05,안중,8,blackmass,0.0,0.0
2026-09-05,안중,9,pack_ev,0.0,0.0
2026-09-05,안중,9,pack_ess,0.0,0.0
2026-09-05,안중,9,blackmass,0.0,0.0
2026-09-05,안중,10,pack_ev,0.0,0.0
2026-09-05,안중,10,pack_ess,0.0,0.0
2026-09-05,안중,10,blackmass,0.0,0.0
2026-09-05,안중,11,pack_ev,0.0,0.0
2026-09-05,안중,11,pack_ess,0.0,0.0
2026-09-05,안중,11,blackmass,0.0,0.0
2026-09-05,안중,12,pack_ev,0.0,0.0
2026-09-05,안중,12,pack_ess,0.0,0.0
2026-09-05,안중,12,blackmass,0.0,0.0
2026-09-05,안중,13,pack_ev,0.0,0.0
2026-09-05,안중,13,pack_ess,0.0,0.0
2026-09-05,안중,13,blackmass,0.0,0.0
2026-09-05,안중,14,pack_ev,0.0,0.0
2026-09-05,안중,14,pack_ess,0.0,0.0
2026-09-05,안중,14,blackmass,0.0,0.0
2026-09-05,안중,15,pack_ev,0.0,0.0
2026-09-05,안중,15,pack_ess,0.0,0.0
2026-09-05,안중,15,blackmass,0.0,0.0
2026-09-05,안중,16,pack_ev,0.0,0.0
2026-09-05,안중,16,pack_ess,0.0,0.0
2026-09-05,안중,16,blackmass,0.0,0.0
2026-09-05,안중,17,pack_ev,0.0,0.0
2026-09-05,안중,17,pack_ess,0.0,0.0
2026-09-05,안중,17,blackmass,0.0,0.0
2026-09-05,안중,18,pack_ev,0.0,0.0
2026-09-05,안중,18,pack_ess,0.0,0.0
2026-09-05,안중,18,blackmass,0.0,0.0
2026-09-05,안중,19,pack_ev,0.0,0.0
2026-09-05,안중,19,pack_ess,0.0,0.0
2026-09-05,안중,19,blackmass,0.0,0.0
2026-09-05,안중,20,pack_ev,0.0,0.0
2026-09-05,안중,20,pack_ess,0.0,0.0
2026-09-05,안중,20,blackmass,0.0,0.0
2026-09-05,안중,21,pack_ev,0.0,0.0
2026-09-05,안중,21,pack_ess,0.0,0.0
2026-09-05,안중,21,blackmass,0.0,0.0
2026-09-05,안중,22,pack_ev,0.0,0.0
2026-09-05,안중,22,pack_ess,0.0,0.0
2026-09-05,안중,22,blackmass,0.0,0.0
2026-09-05,안중,23,pack_ev,0.0,0.0
2026-09-05,안중,23,pack_ess,0.0,0.0
2026-09-05,안중,23,blackmass,0.0,0.0
2026-09-05,천안,0,pack_ev,0.0,0.0
2026-09-05,천안,0,pack_ess,0.0,0.0
2026-09-05,천안,0,blackmass,0.0,0.0
2026-09-05,천안,1,pack_ev,0.0,0.0
2026-09-05,천안,1,pack_ess,0.0,0.0
2026-09-05,천안,1,blackmass,0.0,0.0
2026-09-05,천안,2,pack_ev,0.0,0.0
2026-09-05,천안,2,pack_ess,0.0,0.0
2026-09-05,천안,2,blackmass,0.0,0.0
2026-09-05,천안,3,pack_ev,0.0,0.0
2026-09-05,천안,3,pack_ess,0.0,0.0
2026-09-05,천안,3,blackmass,0.0,0.0
2026-09-05,천안,4,pack_ev,0.0,0.0
2026-09-05,천안,4,pack_ess,0.0,0.0
2026-09-05,천안,4,blackmass,0.0,0.0
2026-09-05,천안,5,pack_ev,0.0,0.0
2026-09-05,천안,5,pack_ess,0.0,0.0
2026-09-05,천안,5,blackmass,0.0,0.0
2026-09-05,천안,6,pack_ev,0.0,0.0
2026-09-05,천안,6,pack_ess,0.0,0.0
2026-09-05,천안,6,blackmass,0.0,0.0
2026-09-05,천안,7,pack_ev,0.0,0.0
2026-09-05,천안,7,pack_ess,0.0,0.0
2026-09-05,천안,7,blackmass,0.0,0.0
2026-09-05,천안,8,pack_ev,0.0,0.0
2026-09-05,천안,8,pack_ess,0.0,0.0
2026-09-05,천안,8,blackmass,0.0,0.0
2026-09-05,천안,9,pack_ev,0.0,0.0
2026-09-05,천안,9,pack_ess,0.0,0.0
2026-09-05,천안,9,blackmass,0.0,0.0
2026-09-05,천안,10,pack_ev,0.0,0.0
2026-09-05,천안,10,pack_ess,0.0,0.0
2026-09-05,천안,10,blackmass,0.0,0.0
2026-09-05,천안,11,pack_ev,0.0,0.0
2026-09-05,천안,11,pack_ess,0.0,0.0
2026-09-05,천안,11,blackmass,0.0,0.0
2026-09-05,천안,12,pack_ev,0.0,0.0
2026-09-05,천안,12,pack_ess,0.0,0.0
2026-09-05,천안,12,blackmass,0.0,0.0
2026-09-05,천안,13,pack_ev,0.0,0.0
2026-09-05,천안,13,pack_ess,0.0,0.0
2026-09-05,천안,13,blackmass,0.0,0.0
2026-09-05,천안,14,pack_ev,0.0,0.0
2026-09-05,천안,14,pack_ess,0.0,0.0
2026-09-05,천안,14,blackmass,0.0,0.0
2026-09-05,천안,15,pack_ev,0.0,0.0
2026-09-05,천안,15,pack_ess,0.0,0.0
2026-09-05,천안,15,blackmass,0.0,0.0
2026-09-05,천안,16,pack_ev,0.0,0.0
2026-09-05,천안,16,pack_ess,0.0,0.0
2026-09-05,천안,16,blackmass,0.0,0.0
2026-09-05,천안,17,pack_ev,0.0,0.0
2026-09-05,천안,17,pack_ess,0.0,0.0
2026-09-05,천안,17,blackmass,0.0,0.0
2026-09-05,천안,18,pack_ev,0.0,0.0
2026-09-05,천안,18,pack_ess,0.0,0.0
2026-09-05,천안,18,blackmass,0.0,0.0
2026-09-05,천안,19,pack_ev,0.0,0.0
2026-09-05,천안,19,pack_ess,0.0,0.0
2026-09-05,천안,19,blackmass,0.0,0.0
2026-09-05,천안,20,pack_ev,0.0,0.0
2026-09-05,천안,20,pack_ess,0.0,0.0
2026-09-05,천안,20,blackmass,0.0,0.0
2026-09-05,천안,21,pack_ev,0.0,0.0
2026-09-05,천안,21,pack_ess,0.0,0.0
2026-09-05,천안,21,blackmass,0.0,0.0
2026-09-05,천안,22,pack_ev,0.0,0.0
2026-09-05,천안,22,pack_ess,0.0,0.0
2026-09-05,천안,22,blackmass,0.0,0.0
2026-09-05,천안,23,pack_ev,0.0,0.0
2026-09-05,천안,23,pack_ess,0.0,0.0
2026-09-05,천안,23,blackmass,0.0,0.0
2026-09-06,서화성,0,pack_ev,0.0,0.0
2026-09-06,서화성,0,pack_ess,0.0,0.0
2026-09-06,서화성,0,blackmass,0.0,0.0
2026-09-06,서화성,1,pack_ev,0.0,0.0
2026-09-06,서화성,1,pack_ess,0.0,0.0
2026-09-06,서화성,1,blackmass,0.0,0.0
2026-09-06,서화성,2,pack_ev,0.0,0.0
2026-09-06,서화성,2,pack_ess,0.0,0.0
2026-09-06,서화성,2,blackmass,0.0,0.0
2026-09-06,서화성,3,pack_ev,0.0,0.0
2026-09-06,서화성,3,pack_ess,0.0,0.0
2026-09-06,서화성,3,blackmass,0.0,0.0
2026-09-06,서화성,4,pack_ev,0.0,0.0
2026-09-06,서화성,4,pack_ess,0.0,0.0
2026-09-06,서화성,4,blackmass,0.0,0.0
2026-09-06,서화성,5,pack_ev,0.0,0.0
2026-09-06,서화성,5,pack_ess,0.0,0.0
2026-09-06,서화성,5,blackmass,0.0,0.0
2026-09-06,서화성,6,pack_ev,0.0,0.0
2026-09-06,서화성,6,pack_ess,0.0,0.0
2026-09-06,서화성,6,blackmass,0.0,0.0
2026-09-06,서화성,7,pack_ev,0.0,0.0
2026-09-06,서화성,7,pack_ess,0.0,0.0
2026-09-06,서화성,7,blackmass,0.0,0.0
2026-09-06,서화성,8,pack_ev,0.0,0.0
2026-09-06,서화성,8,pack_ess,0.0,0.0
2026-09-06,서화성,8,blackmass,0.0,0.0
2026-09-06,서화성,9,pack_ev,0.0,0.0
2026-09-06,서화성,9,pack_ess,0.0,0.0
2026-09-06,서화성,9,blackmass,0.0,0.0
2026-09-06,서화성,10,pack_ev,0.0,0.0
2026-09-06,서화성,10,pack_ess,0.0,0.0
2026-09-06,서화성,10,blackmass,0.0,0.0
2026-09-06,서화성,11,pack_ev,0.0,0.0
2026-09-06,서화성,11,pack_ess,0.0,0.0
2026-09-06,서화성,11,blackmass,0.0,0.0
2026-09-06,서화성,12,pack_ev,0.0,0.0
2026-09-06,서화성,12,pack_ess,0.0,0.0
2026-09-06,서화성,12,blackmass,0.0,0.0
2026-09-06,서화성,13,pack_ev,0.0,0.0
2026-09-06,서화성,13,pack_ess,0.0,0.0
2026-09-06,서화성,13,blackmass,0.0,0.0
2026-09-06,서화성,14,pack_ev,0.0,0.0
2026-09-06,서화성,14,pack_ess,0.0,0.0
2026-09-06,서화성,14,blackmass,0.0,0.0
2026-09-06,서화성,15,pack_ev,0.0,0.0
2026-09-06,서화성,15,pack_ess,0.0,0.0
2026-09-06,서화성,15,blackmass,0.0,0.0
2026-09-06,서화성,16,pack_ev,0.0,0.0
2026-09-06,서화성,16,pack_ess,0.0,0.0
2026-09-06,서화성,16,blackmass,0.0,0.0
2026-09-06,서화성,17,pack_ev,0.0,0.0
2026-09-06,서화성,17,pack_ess,0.0,0.0
2026-09-06,서화성,17,blackmass,0.0,0.0
2026-09-06,서화성,18,pack_ev,0.0,0.0
2026-09-06,서화성,18,pack_ess,0.0,0.0
2026-09-06,서화성,18,blackmass,0.0,0.0
2026-09-06,서화성,19,pack_ev,0.0,0.0
2026-09-06,서화성,19,pack_ess,0.0,0.0
2026-09-06,서화성,19,blackmass,0.0,0.0
2026-09-06,서화성,20,pack_ev,0.0,0.0
2026-09-06,서화성,20,pack_ess,0.0,0.0
2026-09-06,서화성,20,blackmass,0.0,0.0
2026-09-06,서화성,21,pack_ev,0.0,0.0
2026-09-06,서화성,21,pack_ess,0.0,0.0
2026-09-06,서화성,21,blackmass,0.0,0.0
2026-09-06,서화성,22,pack_ev,0.0,0.0
2026-09-06,서화성,22,pack_ess,0.0,0.0
2026-09-06,서화성,22,blackmass,0.0,0.0
2026-09-06,서화성,23,pack_ev,0.0,0.0
2026-09-06,서화성,23,pack_ess,0.0,0.0
2026-09-06,서화성,23,blackmass,0.0,0.0
2026-09-06,신례원,0,pack_ev,0.0,0.0
2026-09-06,신례원,0,pack_ess,0.0,0.0
2026-09-06,신례원,0,blackmass,0.0,0.0
2026-09-06,신례원,1,pack_ev,0.0,0.0
2026-09-06,신례원,1,pack_ess,0.0,0.0
2026-09-06,신례원,1,blackmass,0.0,0.0
2026-09-06,신례원,2,pack_ev,0.0,0.0
2026-09-06,신례원,2,pack_ess,0.0,0.0
2026-09-06,신례원,2,blackmass,0.0,0.0
2026-09-06,신례원,3,pack_ev,0.0,0.0
2026-09-06,신례원,3,pack_ess,0.0,0.0
2026-09-06,신례원,3,blackmass,0.0,0.0
2026-09-06,신례원,4,pack_ev,0.0,0.0
2026-09-06,신례원,4,pack_ess,0.0,0.0
2026-09-06,신례원,4,blackmass,0.0,0.0
2026-09-06,신례원,5,pack_ev,0.0,0.0
2026-09-06,신례원,5,pack_ess,0.0,0.0
2026-09-06,신례원,5,blackmass,0.0,0.0
2026-09-06,신례원,6,pack_ev,0.0,0.0
2026-09-06,신례원,6,pack_ess,0.0,0.0
2026-09-06,신례원,6,blackmass,0.0,0.0
2026-09-06,신례원,7,pack_ev,0.0,0.0
2026-09-06,신례원,7,pack_ess,0.0,0.0
2026-09-06,신례원,7,blackmass,0.0,0.0
2026-09-06,신례원,8,pack_ev,0.0,0.0
2026-09-06,신례원,8,pack_ess,0.0,0.0
2026-09-06,신례원,8,blackmass,0.0,0.0
2026-09-06,신례원,9,pack_ev,0.0,0.0
2026-09-06,신례원,9,pack_ess,0.0,0.0
2026-09-06,신례원,9,blackmass,0.0,0.0
2026-09-06,신례원,10,pack_ev,0.0,0.0
2026-09-06,신례원,10,pack_ess,0.0,0.0
2026-09-06,신례원,10,blackmass,0.0,0.0
2026-09-06,신례원,11,pack_ev,0.0,0.0
2026-09-06,신례원,11,pack_ess,0.0,0.0
2026-09-06,신례원,11,blackmass,0.0,0.0
2026-09-06,신례원,12,pack_ev,0.0,0.0
2026-09-06,신례원,12,pack_ess,0.0,0.0
2026-09-06,신례원,12,blackmass,0.0,0.0
2026-09-06,신례원,13,pack_ev,0.0,0.0
2026-09-06,신례원,13,pack_ess,0.0,0.0
2026-09-06,신례원,13,blackmass,0.0,0.0
2026-09-06,신례원,14,pack_ev,0.0,0.0
2026-09-06,신례원,14,pack_ess,0.0,0.0
2026-09-06,신례원,14,blackmass,0.0,0.0
2026-09-06,신례원,15,pack_ev,0.0,0.0
2026-09-06,신례원,15,pack_ess,0.0,0.0
2026-09-06,신례원,15,blackmass,0.0,0.0
2026-09-06,신례원,16,pack_ev,0.0,0.0
2026-09-06,신례원,16,pack_ess,0.0,0.0
2026-09-06,신례원,16,blackmass,0.0,0.0
2026-09-06,신례원,17,pack_ev,0.0,0.0
2026-09-06,신례원,17,pack_ess,0.0,0.0
2026-09-06,신례원,17,blackmass,0.0,0.0
2026-09-06,신례원,18,pack_ev,0.0,0.0
2026-09-06,신례원,18,pack_ess,0.0,0.0
2026-09-06,신례원,18,blackmass,0.0,0.0
2026-09-06,신례원,19,pack_ev,0.0,0.0
2026-09-06,신례원,19,pack_ess,0.0,0.0
2026-09-06,신례원,19,blackmass,0.0,0.0
2026-09-06,신례원,20,pack_ev,0.0,0.0
2026-09-06,신례원,20,pack_ess,0.0,0.0
2026-09-06,신례원,20,blackmass,0.0,0.0
2026-09-06,신례원,21,pack_ev,0.0,0.0
2026-09-06,신례원,21,pack_ess,0.0,0.0
2026-09-06,신례원,21,blackmass,0.0,0.0
2026-09-06,신례원,22,pack_ev,0.0,0.0
2026-09-06,신례원,22,pack_ess,0.0,0.0
2026-09-06,신례원,22,blackmass,0.0,0.0
2026-09-06,신례원,23,pack_ev,0.0,0.0
2026-09-06,신례원,23,pack_ess,0.0,0.0
2026-09-06,신례원,23,blackmass,0.0,0.0
2026-09-06,안중,0,pack_ev,0.0,0.0
2026-09-06,안중,0,pack_ess,0.0,0.0
2026-09-06,안중,0,blackmass,0.0,0.0
2026-09-06,안중,1,pack_ev,0.0,0.0
2026-09-06,안중,1,pack_ess,0.0,0.0
2026-09-06,안중,1,blackmass,0.0,0.0
2026-09-06,안중,2,pack_ev,0.0,0.0
2026-09-06,안중,2,pack_ess,0.0,0.0
2026-09-06,안중,2,blackmass,0.0,0.0
2026-09-06,안중,3,pack_ev,0.0,0.0
2026-09-06,안중,3,pack_ess,0.0,0.0
2026-09-06,안중,3,blackmass,0.0,0.0
2026-09-06,안중,4,pack_ev,0.0,0.0
2026-09-06,안중,4,pack_ess,0.0,0.0
2026-09-06,안중,4,blackmass,0.0,0.0
2026-09-06,안중,5,pack_ev,0.0,0.0
2026-09-06,안중,5,pack_ess,0.0,0.0
2026-09-06,안중,5,blackmass,0.0,0.0
2026-09-06,안중,6,pack_ev,0.0,0.0
2026-09-06,안중,6,pack_ess,0.0,0.0
2026-09-06,안중,6,blackmass,0.0,0.0
2026-09-06,안중,7,pack_ev,0.0,0.0
2026-09-06,안중,7,pack_ess,0.0,0.0
2026-09-06,안중,7,blackmass,0.0,0.0
2026-09-06,안중,8,pack_ev,0.0,0.0
2026-09-06,안중,8,pack_ess,0.0,0.0
2026-09-06,안중,8,blackmass,0.0,0.0
2026-09-06,안중,9,pack_ev,0.0,0.0
2026-09-06,안중,9,pack_ess,0.0,0.0
2026-09-06,안중,9,blackmass,0.0,0.0
2026-09-06,안중,10,pack_ev,0.0,0.0
2026-09-06,안중,10,pack_ess,0.0,0.0
2026-09-06,안중,10,blackmass,0.0,0.0
2026-09-06,안중,11,pack_ev,0.0,0.0
2026-09-06,안중,11,pack_ess,0.0,0.0
2026-09-06,안중,11,blackmass,0.0,0.0
2026-09-06,안중,12,pack_ev,0.0,0.0
2026-09-06,안중,12,pack_ess,0.0,0.0
2026-09-06,안중,12,blackmass,0.0,0.0
2026-09-06,안중,13,pack_ev,0.0,0.0
2026-09-06,안중,13,pack_ess,0.0,0.0
2026-09-06,안중,13,blackmass,0.0,0.0
2026-09-06,안중,14,pack_ev,0.0,0.0
2026-09-06,안중,14,pack_ess,0.0,0.0
2026-09-06,안중,14,blackmass,0.0,0.0
2026-09-06,안중,15,pack_ev,0.0,0.0
2026-09-06,안중,15,pack_ess,0.0,0.0
2026-09-06,안중,15,blackmass,0.0,0.0
2026-09-06,안중,16,pack_ev,0.0,0.0
2026-09-06,안중,16,pack_ess,0.0,0.0
2026-09-06,안중,16,blackmass,0.0,0.0
2026-09-06,안중,17,pack_ev,0.0,0.0
2026-09-06,안중,17,pack_ess,0.0,0.0
2026-09-06,안중,17,blackmass,0.0,0.0
2026-09-06,안중,18,pack_ev,0.0,0.0
2026-09-06,안중,18,pack_ess,0.0,0.0
2026-09-06,안중,18,blackmass,0.0,0.0
2026-09-06,안중,19,pack_ev,0.0,0.0
2026-09-06,안중,19,pack_ess,0.0,0.0
2026-09-06,안중,19,blackmass,0.0,0.0
2026-09-06,안중,20,pack_ev,0.0,0.0
2026-09-06,안중,20,pack_ess,0.0,0.0
2026-09-06,안중,20,blackmass,0.0,0.0
2026-09-06,안중,21,pack_ev,0.0,0.0
2026-09-06,안중,21,pack_ess,0.0,0.0
2026-09-06,안중,21,blackmass,0.0,0.0
2026-09-06,안중,22,pack_ev,0.0,0.0
2026-09-06,안중,22,pack_ess,0.0,0.0
2026-09-06,안중,22,blackmass,0.0,0.0
2026-09-06,안중,23,pack_ev,0.0,0.0
2026-09-06,안중,23,pack_ess,0.0,0.0
2026-09-06,안중,23,blackmass,0.0,0.0
2026-09-06,천안,0,pack_ev,0.0,0.0
2026-09-06,천안,0,pack_ess,0.0,0.0
2026-09-06,천안,0,blackmass,0.0,0.0
2026-09-06,천안,1,pack_ev,0.0,0.0
2026-09-06,천안,1,pack_ess,0.0,0.0
2026-09-06,천안,1,blackmass,0.0,0.0
2026-09-06,천안,2,pack_ev,0.0,0.0
2026-09-06,천안,2,pack_ess,0.0,0.0
2026-09-06,천안,2,blackmass,0.0,0.0
2026-09-06,천안,3,pack_ev,0.0,0.0
2026-09-06,천안,3,pack_ess,0.0,0.0
2026-09-06,천안,3,blackmass,0.0,0.0
2026-09-06,천안,4,pack_ev,0.0,0.0
2026-09-06,천안,4,pack_ess,0.0,0.0
2026-09-06,천안,4,blackmass,0.0,0.0
2026-09-06,천안,5,pack_ev,0.0,0.0
2026-09-06,천안,5,pack_ess,0.0,0.0
2026-09-06,천안,5,blackmass,0.0,0.0
2026-09-06,천안,6,pack_ev,0.0,0.0
2026-09-06,천안,6,pack_ess,0.0,0.0
2026-09-06,천안,6,blackmass,0.0,0.0
2026-09-06,천안,7,pack_ev,0.0,0.0
2026-09-06,천안,7,pack_ess,0.0,0.0
2026-09-06,천안,7,blackmass,0.0,0.0
2026-09-06,천안,8,pack_ev,0.0,0.0
2026-09-06,천안,8,pack_ess,0.0,0.0
2026-09-06,천안,8,blackmass,0.0,0.0
2026-09-06,천안,9,pack_ev,0.0,0.0
2026-09-06,천안,9,pack_ess,0.0,0.0
2026-09-06,천안,9,blackmass,0.0,0.0
2026-09-06,천안,10,pack_ev,0.0,0.0
2026-09-06,천안,10,pack_ess,0.0,0.0
2026-09-06,천안,10,blackmass,0.0,0.0
2026-09-06,천안,11,pack_ev,0.0,0.0
2026-09-06,천안,11,pack_ess,0.0,0.0
2026-09-06,천안,11,blackmass,0.0,0.0
2026-09-06,천안,12,pack_ev,0.0,0.0
2026-09-06,천안,12,pack_ess,0.0,0.0
2026-09-06,천안,12,blackmass,0.0,0.0
2026-09-06,천안,13,pack_ev,0.0,0.0
2026-09-06,천안,13,pack_ess,0.0,0.0
2026-09-06,천안,13,blackmass,0.0,0.0
2026-09-06,천안,14,pack_ev,0.0,0.0
2026-09-06,천안,14,pack_ess,0.0,0.0
2026-09-06,천안,14,blackmass,0.0,0.0
2026-09-06,천안,15,pack_ev,0.0,0.0
2026-09-06,천안,15,pack_ess,0.0,0.0
2026-09-06,천안,15,blackmass,0.0,0.0
2026-09-06,천안,16,pack_ev,0.0,0.0
2026-09-06,천안,16,pack_ess,0.0,0.0
2026-09-06,천안,16,blackmass,0.0,0.0
2026-09-06,천안,17,pack_ev,0.0,0.0
2026-09-06,천안,17,pack_ess,0.0,0.0
2026-09-06,천안,17,blackmass,0.0,0.0
2026-09-06,천안,18,pack_ev,0.0,0.0
2026-09-06,천안,18,pack_ess,0.0,0.0
2026-09-06,천안,18,blackmass,0.0,0.0
2026-09-06,천안,19,pack_ev,0.0,0.0
2026-09-06,천안,19,pack_ess,0.0,0.0
2026-09-06,천안,19,blackmass,0.0,0.0
2026-09-06,천안,20,pack_ev,0.0,0.0
2026-09-06,천안,20,pack_ess,0.0,0.0
2026-09-06,천안,20,blackmass,0.0,0.0
2026-09-06,천안,21,pack_ev,0.0,0.0
2026-09-06,천안,21,pack_ess,0.0,0.0
2026-09-06,천안,21,blackmass,0.0,0.0
2026-09-06,천안,22,pack_ev,0.0,0.0
2026-09-06,천안,22,pack_ess,0.0,0.0
2026-09-06,천안,22,blackmass,0.0,0.0
2026-09-06,천안,23,pack_ev,0.0,0.0
2026-09-06,천안,23,pack_ess,0.0,0.0
2026-09-06,천안,23,blackmass,0.0,0.0
2026-09-07,서화성,0,pack_ev,0.0,0.0
2026-09-07,서화성,0,pack_ess,0.0,0.0
2026-09-07,서화성,0,blackmass,0.0,0.0
2026-09-07,서화성,1,pack_ev,0.0,0.0
2026-09-07,서화성,1,pack_ess,0.0,0.0
2026-09-07,서화성,1,blackmass,0.0,0.0
2026-09-07,서화성,2,pack_ev,0.0,0.0
2026-09-07,서화성,2,pack_ess,0.0,0.0
2026-09-07,서화성,2,blackmass,0.0,0.0
2026-09-07,서화성,3,pack_ev,0.0,0.0
2026-09-07,서화성,3,pack_ess,0.0,0.0
2026-09-07,서화성,3,blackmass,0.0,0.0
2026-09-07,서화성,4,pack_ev,0.0,0.0
2026-09-07,서화성,4,pack_ess,0.0,0.0
2026-09-07,서화성,4,blackmass,0.0,0.0
2026-09-07,서화성,5,pack_ev,0.0,0.0
2026-09-07,서화성,5,pack_ess,0.0,0.0
2026-09-07,서화성,5,blackmass,0.0,0.0
2026-09-07,서화성,6,pack_ev,0.0,0.0
2026-09-07,서화성,6,pack_ess,0.0,0.0
2026-09-07,서화성,6,blackmass,0.0,0.0
2026-09-07,서화성,7,pack_ev,0.0,0.0
2026-09-07,서화성,7,pack_ess,0.0,0.0
2026-09-07,서화성,7,blackmass,0.0,0.0
2026-09-07,서화성,8,pack_ev,0.0,0.0
2026-09-07,서화성,8,pack_ess,0.0,0.0
2026-09-07,서화성,8,blackmass,0.0,0.0
2026-09-07,서화성,9,pack_ev,0.0,0.0
2026-09-07,서화성,9,pack_ess,0.0,0.0
2026-09-07,서화성,9,blackmass,0.0,0.0
2026-09-07,서화성,10,pack_ev,4.582,0.1527
2026-09-07,서화성,10,pack_ess,0.0032,0.00011
2026-09-07,서화성,10,blackmass,1.222,0.0244
2026-09-07,서화성,11,pack_ev,4.582,0.1527
2026-09-07,서화성,11,pack_ess,0.0032,0.00011
2026-09-07,서화성,11,blackmass,1.222,0.0244
2026-09-07,서화성,12,pack_ev,4.582,0.1527
2026-09-07,서화성,12,pack_ess,0.0032,0.00011
2026-09-07,서화성,12,blackmass,1.222,0.0244
2026-09-07,서화성,13,pack_ev,4.582,0.1527
2026-09-07,서화성,13,pack_ess,0.0032,0.00011
2026-09-07,서화성,13,blackmass,1.222,0.0244
2026-09-07,서화성,14,pack_ev,4.582,0.1527
2026-09-07,서화성,14,pack_ess,0.0032,0.00011
2026-09-07,서화성,14,blackmass,1.222,0.0244
2026-09-07,서화성,15,pack_ev,4.582,0.1527
2026-09-07,서화성,15,pack_ess,0.0032,0.00011
2026-09-07,서화성,15,blackmass,1.222,0.0244
2026-09-07,서화성,16,pack_ev,4.582,0.1527
2026-09-07,서화성,16,pack_ess,0.0032,0.00011
2026-09-07,서화성,16,blackmass,1.222,0.0244
2026-09-07,서화성,17,pack_ev,4.582,0.1527
2026-09-07,서화성,17,pack_ess,0.0032,0.00011
2026-09-07,서화성,17,blackmass,1.222,0.0244
2026-09-07,서화성,18,pack_ev,0.0,0.0
2026-09-07,서화성,18,pack_ess,0.0,0.0
2026-09-07,서화성,18,blackmass,0.0,0.0
2026-09-07,서화성,19,pack_ev,0.0,0.0
2026-09-07,서화성,19,pack_ess,0.0,0.0
2026-09-07,서화성,19,blackmass,0.0,0.0
2026-09-07,서화성,20,pack_ev,0.0,0.0
2026-09-07,서화성,20,pack_ess,0.0,0.0
2026-09-07,서화성,20,blackmass,0.0,0.0
2026-09-07,서화성,21,pack_ev,0.0,0.0
2026-09-07,서화성,21,pack_ess,0.0,0.0
2026-09-07,서화성,21,blackmass,0.0,0.0
2026-09-07,서화성,22,pack_ev,0.0,0.0
2026-09-07,서화성,22,pack_ess,0.0,0.0
2026-09-07,서화성,22,blackmass,0.0,0.0
2026-09-07,서화성,23,pack_ev,0.0,0.0
2026-09-07,서화성,23,pack_ess,0.0,0.0
2026-09-07,서화성,23,blackmass,0.0,0.0
2026-09-07,신례원,0,pack_ev,0.0,0.0
2026-09-07,신례원,0,pack_ess,0.0,0.0
2026-09-07,신례원,0,blackmass,0.0,0.0
2026-09-07,신례원,1,pack_ev,0.0,0.0
2026-09-07,신례원,1,pack_ess,0.0,0.0
2026-09-07,신례원,1,blackmass,0.0,0.0
2026-09-07,신례원,2,pack_ev,0.0,0.0
2026-09-07,신례원,2,pack_ess,0.0,0.0
2026-09-07,신례원,2,blackmass,0.0,0.0
2026-09-07,신례원,3,pack_ev,0.0,0.0
2026-09-07,신례원,3,pack_ess,0.0,0.0
2026-09-07,신례원,3,blackmass,0.0,0.0
2026-09-07,신례원,4,pack_ev,0.0,0.0
2026-09-07,신례원,4,pack_ess,0.0,0.0
2026-09-07,신례원,4,blackmass,0.0,0.0
2026-09-07,신례원,5,pack_ev,0.0,0.0
2026-09-07,신례원,5,pack_ess,0.0,0.0
2026-09-07,신례원,5,blackmass,0.0,0.0
2026-09-07,신례원,6,pack_ev,0.0,0.0
2026-09-07,신례원,6,pack_ess,0.0,0.0
2026-09-07,신례원,6,blackmass,0.0,0.0
2026-09-07,신례원,7,pack_ev,0.0,0.0
2026-09-07,신례원,7,pack_ess,0.0,0.0
2026-09-07,신례원,7,blackmass,0.0,0.0
2026-09-07,신례원,8,pack_ev,0.0,0.0
2026-09-07,신례원,8,pack_ess,0.0,0.0
2026-09-07,신례원,8,blackmass,0.0,0.0
2026-09-07,신례원,9,pack_ev,0.0,0.0
2026-09-07,신례원,9,pack_ess,0.0,0.0
2026-09-07,신례원,9,blackmass,0.0,0.0
2026-09-07,신례원,10,pack_ev,0.0,0.0
2026-09-07,신례원,10,pack_ess,0.0,0.0
2026-09-07,신례원,10,blackmass,3.019,0.0604
2026-09-07,신례원,11,pack_ev,0.0,0.0
2026-09-07,신례원,11,pack_ess,0.0,0.0
2026-09-07,신례원,11,blackmass,3.019,0.0604
2026-09-07,신례원,12,pack_ev,0.0,0.0
2026-09-07,신례원,12,pack_ess,0.0,0.0
2026-09-07,신례원,12,blackmass,3.019,0.0604
2026-09-07,신례원,13,pack_ev,0.0,0.0
2026-09-07,신례원,13,pack_ess,0.0,0.0
2026-09-07,신례원,13,blackmass,3.019,0.0604
2026-09-07,신례원,14,pack_ev,0.0,0.0
2026-09-07,신례원,14,pack_ess,0.0,0.0
2026-09-07,신례원,14,blackmass,3.019,0.0604
2026-09-07,신례원,15,pack_ev,0.0,0.0
2026-09-07,신례원,15,pack_ess,0.0,0.0
2026-09-07,신례원,15,blackmass,3.019,0.0604
2026-09-07,신례원,16,pack_ev,0.0,0.0
2026-09-07,신례원,16,pack_ess,0.0,0.0
2026-09-07,신례원,16,blackmass,3.019,0.0604
2026-09-07,신례원,17,pack_ev,0.0,0.0
2026-09-07,신례원,17,pack_ess,0.0,0.0
2026-09-07,신례원,17,blackmass,3.019,0.0604
2026-09-07,신례원,18,pack_ev,0.0,0.0
2026-09-07,신례원,18,pack_ess,0.0,0.0
2026-09-07,신례원,18,blackmass,0.0,0.0
2026-09-07,신례원,19,pack_ev,0.0,0.0
2026-09-07,신례원,19,pack_ess,0.0,0.0
2026-09-07,신례원,19,blackmass,0.0,0.0
2026-09-07,신례원,20,pack_ev,0.0,0.0
2026-09-07,신례원,20,pack_ess,0.0,0.0
2026-09-07,신례원,20,blackmass,0.0,0.0
2026-09-07,신례원,21,pack_ev,0.0,0.0
2026-09-07,신례원,21,pack_ess,0.0,0.0
2026-09-07,신례원,21,blackmass,0.0,0.0
2026-09-07,신례원,22,pack_ev,0.0,0.0
2026-09-07,신례원,22,pack_ess,0.0,0.0
2026-09-07,신례원,22,blackmass,0.0,0.0
2026-09-07,신례원,23,pack_ev,0.0,0.0
2026-09-07,신례원,23,pack_ess,0.0,0.0
2026-09-07,신례원,23,blackmass,0.0,0.0
2026-09-07,안중,0,pack_ev,0.0,0.0
2026-09-07,안중,0,pack_ess,0.0,0.0
2026-09-07,안중,0,blackmass,0.0,0.0
2026-09-07,안중,1,pack_ev,0.0,0.0
2026-09-07,안중,1,pack_ess,0.0,0.0
2026-09-07,안중,1,blackmass,0.0,0.0
2026-09-07,안중,2,pack_ev,0.0,0.0
2026-09-07,안중,2,pack_ess,0.0,0.0
2026-09-07,안중,2,blackmass,0.0,0.0
2026-09-07,안중,3,pack_ev,0.0,0.0
2026-09-07,안중,3,pack_ess,0.0,0.0
2026-09-07,안중,3,blackmass,0.0,0.0
2026-09-07,안중,4,pack_ev,0.0,0.0
2026-09-07,안중,4,pack_ess,0.0,0.0
2026-09-07,안중,4,blackmass,0.0,0.0
2026-09-07,안중,5,pack_ev,0.0,0.0
2026-09-07,안중,5,pack_ess,0.0,0.0
2026-09-07,안중,5,blackmass,0.0,0.0
2026-09-07,안중,6,pack_ev,0.0,0.0
2026-09-07,안중,6,pack_ess,0.0,0.0
2026-09-07,안중,6,blackmass,0.0,0.0
2026-09-07,안중,7,pack_ev,0.0,0.0
2026-09-07,안중,7,pack_ess,0.0,0.0
2026-09-07,안중,7,blackmass,0.0,0.0
2026-09-07,안중,8,pack_ev,0.0,0.0
2026-09-07,안중,8,pack_ess,0.0,0.0
2026-09-07,안중,8,blackmass,0.0,0.0
2026-09-07,안중,9,pack_ev,0.0,0.0
2026-09-07,안중,9,pack_ess,0.0,0.0
2026-09-07,안중,9,blackmass,0.0,0.0
2026-09-07,안중,10,pack_ev,4.582,0.1527
2026-09-07,안중,10,pack_ess,0.0032,0.00011
2026-09-07,안중,10,blackmass,1.222,0.0244
2026-09-07,안중,11,pack_ev,4.582,0.1527
2026-09-07,안중,11,pack_ess,0.0032,0.00011
2026-09-07,안중,11,blackmass,1.222,0.0244
2026-09-07,안중,12,pack_ev,4.582,0.1527
2026-09-07,안중,12,pack_ess,0.0032,0.00011
2026-09-07,안중,12,blackmass,1.222,0.0244
2026-09-07,안중,13,pack_ev,4.582,0.1527
2026-09-07,안중,13,pack_ess,0.0032,0.00011
2026-09-07,안중,13,blackmass,1.222,0.0244
2026-09-07,안중,14,pack_ev,4.582,0.1527
2026-09-07,안중,14,pack_ess,0.0032,0.00011
2026-09-07,안중,14,blackmass,1.222,0.0244
2026-09-07,안중,15,pack_ev,4.582,0.1527
2026-09-07,안중,15,pack_ess,0.0032,0.00011
2026-09-07,안중,15,blackmass,1.222,0.0244
2026-09-07,안중,16,pack_ev,4.582,0.1527
2026-09-07,안중,16,pack_ess,0.0032,0.00011
2026-09-07,안중,16,blackmass,1.222,0.0244
2026-09-07,안중,17,pack_ev,4.582,0.1527
2026-09-07,안중,17,pack_ess,0.0032,0.00011
2026-09-07,안중,17,blackmass,1.222,0.0244
2026-09-07,안중,18,pack_ev,0.0,0.0
2026-09-07,안중,18,pack_ess,0.0,0.0
2026-09-07,안중,18,blackmass,0.0,0.0
2026-09-07,안중,19,pack_ev,0.0,0.0
2026-09-07,안중,19,pack_ess,0.0,0.0
2026-09-07,안중,19,blackmass,0.0,0.0
2026-09-07,안중,20,pack_ev,0.0,0.0
2026-09-07,안중,20,pack_ess,0.0,0.0
2026-09-07,안중,20,blackmass,0.0,0.0
2026-09-07,안중,21,pack_ev,0.0,0.0
2026-09-07,안중,21,pack_ess,0.0,0.0
2026-09-07,안중,21,blackmass,0.0,0.0
2026-09-07,안중,22,pack_ev,0.0,0.0
2026-09-07,안중,22,pack_ess,0.0,0.0
2026-09-07,안중,22,blackmass,0.0,0.0
2026-09-07,안중,23,pack_ev,0.0,0.0
2026-09-07,안중,23,pack_ess,0.0,0.0
2026-09-07,안중,23,blackmass,0.0,0.0
2026-09-07,천안,0,pack_ev,0.0,0.0
2026-09-07,천안,0,pack_ess,0.0,0.0
2026-09-07,천안,0,blackmass,0.0,0.0
2026-09-07,천안,1,pack_ev,0.0,0.0
2026-09-07,천안,1,pack_ess,0.0,0.0
2026-09-07,천안,1,blackmass,0.0,0.0
2026-09-07,천안,2,pack_ev,0.0,0.0
2026-09-07,천안,2,pack_ess,0.0,0.0
2026-09-07,천안,2,blackmass,0.0,0.0
2026-09-07,천안,3,pack_ev,0.0,0.0
2026-09-07,천안,3,pack_ess,0.0,0.0
2026-09-07,천안,3,blackmass,0.0,0.0
2026-09-07,천안,4,pack_ev,0.0,0.0
2026-09-07,천안,4,pack_ess,0.0,0.0
2026-09-07,천안,4,blackmass,0.0,0.0
2026-09-07,천안,5,pack_ev,0.0,0.0
2026-09-07,천안,5,pack_ess,0.0,0.0
2026-09-07,천안,5,blackmass,0.0,0.0
2026-09-07,천안,6,pack_ev,0.0,0.0
2026-09-07,천안,6,pack_ess,0.0,0.0
2026-09-07,천안,6,blackmass,0.0,0.0
2026-09-07,천안,7,pack_ev,0.0,0.0
2026-09-07,천안,7,pack_ess,0.0,0.0
2026-09-07,천안,7,blackmass,0.0,0.0
2026-09-07,천안,8,pack_ev,0.0,0.0
2026-09-07,천안,8,pack_ess,0.0,0.0
2026-09-07,천안,8,blackmass,0.0,0.0
2026-09-07,천안,9,pack_ev,0.0,0.0
2026-09-07,천안,9,pack_ess,0.0,0.0
2026-09-07,천안,9,blackmass,0.0,0.0
2026-09-07,천안,10,pack_ev,0.0,0.0
2026-09-07,천안,10,pack_ess,0.0,0.0
2026-09-07,천안,10,blackmass,4.529,0.0906
2026-09-07,천안,11,pack_ev,0.0,0.0
2026-09-07,천안,11,pack_ess,0.0,0.0
2026-09-07,천안,11,blackmass,4.529,0.0906
2026-09-07,천안,12,pack_ev,0.0,0.0
2026-09-07,천안,12,pack_ess,0.0,0.0
2026-09-07,천안,12,blackmass,4.529,0.0906
2026-09-07,천안,13,pack_ev,0.0,0.0
2026-09-07,천안,13,pack_ess,0.0,0.0
2026-09-07,천안,13,blackmass,4.529,0.0906
2026-09-07,천안,14,pack_ev,0.0,0.0
2026-09-07,천안,14,pack_ess,0.0,0.0
2026-09-07,천안,14,blackmass,4.529,0.0906
2026-09-07,천안,15,pack_ev,0.0,0.0
2026-09-07,천안,15,pack_ess,0.0,0.0
2026-09-07,천안,15,blackmass,4.529,0.0906
2026-09-07,천안,16,pack_ev,0.0,0.0
2026-09-07,천안,16,pack_ess,0.0,0.0
2026-09-07,천안,16,blackmass,4.529,0.0906
2026-09-07,천안,17,pack_ev,0.0,0.0
2026-09-07,천안,17,pack_ess,0.0,0.0
2026-09-07,천안,17,blackmass,4.529,0.0906
2026-09-07,천안,18,pack_ev,0.0,0.0
2026-09-07,천안,18,pack_ess,0.0,0.0
2026-09-07,천안,18,blackmass,0.0,0.0
2026-09-07,천안,19,pack_ev,0.0,0.0
2026-09-07,천안,19,pack_ess,0.0,0.0
2026-09-07,천안,19,blackmass,0.0,0.0
2026-09-07,천안,20,pack_ev,0.0,0.0
2026-09-07,천안,20,pack_ess,0.0,0.0
2026-09-07,천안,20,blackmass,0.0,0.0
2026-09-07,천안,21,pack_ev,0.0,0.0
2026-09-07,천안,21,pack_ess,0.0,0.0
2026-09-07,천안,21,blackmass,0.0,0.0
2026-09-07,천안,22,pack_ev,0.0,0.0
2026-09-07,천안,22,pack_ess,0.0,0.0
2026-09-07,천안,22,blackmass,0.0,0.0
2026-09-07,천안,23,pack_ev,0.0,0.0
2026-09-07,천안,23,pack_ess,0.0,0.0
2026-09-07,천안,23,blackmass,0.0,0.0
2026-09-08,서화성,0,pack_ev,0.0,0.0
2026-09-08,서화성,0,pack_ess,0.0,0.0
2026-09-08,서화성,0,blackmass,0.0,0.0
2026-09-08,서화성,1,pack_ev,0.0,0.0
2026-09-08,서화성,1,pack_ess,0.0,0.0
2026-09-08,서화성,1,blackmass,0.0,0.0
2026-09-08,서화성,2,pack_ev,0.0,0.0
2026-09-08,서화성,2,pack_ess,0.0,0.0
2026-09-08,서화성,2,blackmass,0.0,0.0
2026-09-08,서화성,3,pack_ev,0.0,0.0
2026-09-08,서화성,3,pack_ess,0.0,0.0
2026-09-08,서화성,3,blackmass,0.0,0.0
2026-09-08,서화성,4,pack_ev,0.0,0.0
2026-09-08,서화성,4,pack_ess,0.0,0.0
2026-09-08,서화성,4,blackmass,0.0,0.0
2026-09-08,서화성,5,pack_ev,0.0,0.0
2026-09-08,서화성,5,pack_ess,0.0,0.0
2026-09-08,서화성,5,blackmass,0.0,0.0
2026-09-08,서화성,6,pack_ev,0.0,0.0
2026-09-08,서화성,6,pack_ess,0.0,0.0
2026-09-08,서화성,6,blackmass,0.0,0.0
2026-09-08,서화성,7,pack_ev,0.0,0.0
2026-09-08,서화성,7,pack_ess,0.0,0.0
2026-09-08,서화성,7,blackmass,0.0,0.0
2026-09-08,서화성,8,pack_ev,0.0,0.0
2026-09-08,서화성,8,pack_ess,0.0,0.0
2026-09-08,서화성,8,blackmass,0.0,0.0
2026-09-08,서화성,9,pack_ev,0.0,0.0
2026-09-08,서화성,9,pack_ess,0.0,0.0
2026-09-08,서화성,9,blackmass,0.0,0.0
2026-09-08,서화성,10,pack_ev,0.0,0.0
2026-09-08,서화성,10,pack_ess,0.0,0.0
2026-09-08,서화성,10,blackmass,0.0,0.0
2026-09-08,서화성,11,pack_ev,0.0,0.0
2026-09-08,서화성,11,pack_ess,0.0,0.0
2026-09-08,서화성,11,blackmass,0.0,0.0
2026-09-08,서화성,12,pack_ev,0.0,0.0
2026-09-08,서화성,12,pack_ess,0.0,0.0
2026-09-08,서화성,12,blackmass,0.0,0.0
2026-09-08,서화성,13,pack_ev,0.0,0.0
2026-09-08,서화성,13,pack_ess,0.0,0.0
2026-09-08,서화성,13,blackmass,0.0,0.0
2026-09-08,서화성,14,pack_ev,0.0,0.0
2026-09-08,서화성,14,pack_ess,0.0,0.0
2026-09-08,서화성,14,blackmass,0.0,0.0
2026-09-08,서화성,15,pack_ev,0.0,0.0
2026-09-08,서화성,15,pack_ess,0.0,0.0
2026-09-08,서화성,15,blackmass,0.0,0.0
2026-09-08,서화성,16,pack_ev,0.0,0.0
2026-09-08,서화성,16,pack_ess,0.0,0.0
2026-09-08,서화성,16,blackmass,0.0,0.0
2026-09-08,서화성,17,pack_ev,0.0,0.0
2026-09-08,서화성,17,pack_ess,0.0,0.0
2026-09-08,서화성,17,blackmass,0.0,0.0
2026-09-08,서화성,18,pack_ev,0.0,0.0
2026-09-08,서화성,18,pack_ess,0.0,0.0
2026-09-08,서화성,18,blackmass,0.0,0.0
2026-09-08,서화성,19,pack_ev,0.0,0.0
2026-09-08,서화성,19,pack_ess,0.0,0.0
2026-09-08,서화성,19,blackmass,0.0,0.0
2026-09-08,서화성,20,pack_ev,0.0,0.0
2026-09-08,서화성,20,pack_ess,0.0,0.0
2026-09-08,서화성,20,blackmass,0.0,0.0
2026-09-08,서화성,21,pack_ev,0.0,0.0
2026-09-08,서화성,21,pack_ess,0.0,0.0
2026-09-08,서화성,21,blackmass,0.0,0.0
2026-09-08,서화성,22,pack_ev,0.0,0.0
2026-09-08,서화성,22,pack_ess,0.0,0.0
2026-09-08,서화성,22,blackmass,0.0,0.0
2026-09-08,서화성,23,pack_ev,0.0,0.0
2026-09-08,서화성,23,pack_ess,0.0,0.0
2026-09-08,서화성,23,blackmass,0.0,0.0
2026-09-08,신례원,0,pack_ev,0.0,0.0
2026-09-08,신례원,0,pack_ess,0.0,0.0
2026-09-08,신례원,0,blackmass,0.0,0.0
2026-09-08,신례원,1,pack_ev,0.0,0.0
2026-09-08,신례원,1,pack_ess,0.0,0.0
2026-09-08,신례원,1,blackmass,0.0,0.0
2026-09-08,신례원,2,pack_ev,0.0,0.0
2026-09-08,신례원,2,pack_ess,0.0,0.0
2026-09-08,신례원,2,blackmass,0.0,0.0
2026-09-08,신례원,3,pack_ev,0.0,0.0
2026-09-08,신례원,3,pack_ess,0.0,0.0
2026-09-08,신례원,3,blackmass,0.0,0.0
2026-09-08,신례원,4,pack_ev,0.0,0.0
2026-09-08,신례원,4,pack_ess,0.0,0.0
2026-09-08,신례원,4,blackmass,0.0,0.0
2026-09-08,신례원,5,pack_ev,0.0,0.0
2026-09-08,신례원,5,pack_ess,0.0,0.0
2026-09-08,신례원,5,blackmass,0.0,0.0
2026-09-08,신례원,6,pack_ev,0.0,0.0
2026-09-08,신례원,6,pack_ess,0.0,0.0
2026-09-08,신례원,6,blackmass,0.0,0.0
2026-09-08,신례원,7,pack_ev,0.0,0.0
2026-09-08,신례원,7,pack_ess,0.0,0.0
2026-09-08,신례원,7,blackmass,0.0,0.0
2026-09-08,신례원,8,pack_ev,0.0,0.0
2026-09-08,신례원,8,pack_ess,0.0,0.0
2026-09-08,신례원,8,blackmass,0.0,0.0
2026-09-08,신례원,9,pack_ev,0.0,0.0
2026-09-08,신례원,9,pack_ess,0.0,0.0
2026-09-08,신례원,9,blackmass,0.0,0.0
2026-09-08,신례원,10,pack_ev,0.0,0.0
2026-09-08,신례원,10,pack_ess,0.0,0.0
2026-09-08,신례원,10,blackmass,0.0,0.0
2026-09-08,신례원,11,pack_ev,0.0,0.0
2026-09-08,신례원,11,pack_ess,0.0,0.0
2026-09-08,신례원,11,blackmass,0.0,0.0
2026-09-08,신례원,12,pack_ev,0.0,0.0
2026-09-08,신례원,12,pack_ess,0.0,0.0
2026-09-08,신례원,12,blackmass,0.0,0.0
2026-09-08,신례원,13,pack_ev,0.0,0.0
2026-09-08,신례원,13,pack_ess,0.0,0.0
2026-09-08,신례원,13,blackmass,0.0,0.0
2026-09-08,신례원,14,pack_ev,0.0,0.0
2026-09-08,신례원,14,pack_ess,0.0,0.0
2026-09-08,신례원,14,blackmass,0.0,0.0
2026-09-08,신례원,15,pack_ev,0.0,0.0
2026-09-08,신례원,15,pack_ess,0.0,0.0
2026-09-08,신례원,15,blackmass,0.0,0.0
2026-09-08,신례원,16,pack_ev,0.0,0.0
2026-09-08,신례원,16,pack_ess,0.0,0.0
2026-09-08,신례원,16,blackmass,0.0,0.0
2026-09-08,신례원,17,pack_ev,0.0,0.0
2026-09-08,신례원,17,pack_ess,0.0,0.0
2026-09-08,신례원,17,blackmass,0.0,0.0
2026-09-08,신례원,18,pack_ev,0.0,0.0
2026-09-08,신례원,18,pack_ess,0.0,0.0
2026-09-08,신례원,18,blackmass,0.0,0.0
2026-09-08,신례원,19,pack_ev,0.0,0.0
2026-09-08,신례원,19,pack_ess,0.0,0.0
2026-09-08,신례원,19,blackmass,0.0,0.0
2026-09-08,신례원,20,pack_ev,0.0,0.0
2026-09-08,신례원,20,pack_ess,0.0,0.0
2026-09-08,신례원,20,blackmass,0.0,0.0
2026-09-08,신례원,21,pack_ev,0.0,0.0
2026-09-08,신례원,21,pack_ess,0.0,0.0
2026-09-08,신례원,21,blackmass,0.0,0.0
2026-09-08,신례원,22,pack_ev,0.0,0.0
2026-09-08,신례원,22,pack_ess,0.0,0.0
2026-09-08,신례원,22,blackmass,0.0,0.0
2026-09-08,신례원,23,pack_ev,0.0,0.0
2026-09-08,신례원,23,pack_ess,0.0,0.0
2026-09-08,신례원,23,blackmass,0.0,0.0
2026-09-08,안중,0,pack_ev,0.0,0.0
2026-09-08,안중,0,pack_ess,0.0,0.0
2026-09-08,안중,0,blackmass,0.0,0.0
2026-09-08,안중,1,pack_ev,0.0,0.0
2026-09-08,안중,1,pack_ess,0.0,0.0
2026-09-08,안중,1,blackmass,0.0,0.0
2026-09-08,안중,2,pack_ev,0.0,0.0
2026-09-08,안중,2,pack_ess,0.0,0.0
2026-09-08,안중,2,blackmass,0.0,0.0
2026-09-08,안중,3,pack_ev,0.0,0.0
2026-09-08,안중,3,pack_ess,0.0,0.0
2026-09-08,안중,3,blackmass,0.0,0.0
2026-09-08,안중,4,pack_ev,0.0,0.0
2026-09-08,안중,4,pack_ess,0.0,0.0
2026-09-08,안중,4,blackmass,0.0,0.0
2026-09-08,안중,5,pack_ev,0.0,0.0
2026-09-08,안중,5,pack_ess,0.0,0.0
2026-09-08,안중,5,blackmass,0.0,0.0
2026-09-08,안중,6,pack_ev,0.0,0.0
2026-09-08,안중,6,pack_ess,0.0,0.0
2026-09-08,안중,6,blackmass,0.0,0.0
2026-09-08,안중,7,pack_ev,0.0,0.0
2026-09-08,안중,7,pack_ess,0.0,0.0
2026-09-08,안중,7,blackmass,0.0,0.0
2026-09-08,안중,8,pack_ev,0.0,0.0
2026-09-08,안중,8,pack_ess,0.0,0.0
2026-09-08,안중,8,blackmass,0.0,0.0
2026-09-08,안중,9,pack_ev,0.0,0.0
2026-09-08,안중,9,pack_ess,0.0,0.0
2026-09-08,안중,9,blackmass,0.0,0.0
2026-09-08,안중,10,pack_ev,0.0,0.0
2026-09-08,안중,10,pack_ess,0.0,0.0
2026-09-08,안중,10,blackmass,0.0,0.0
2026-09-08,안중,11,pack_ev,0.0,0.0
2026-09-08,안중,11,pack_ess,0.0,0.0
2026-09-08,안중,11,blackmass,0.0,0.0
2026-09-08,안중,12,pack_ev,0.0,0.0
2026-09-08,안중,12,pack_ess,0.0,0.0
2026-09-08,안중,12,blackmass,0.0,0.0
2026-09-08,안중,13,pack_ev,0.0,0.0
2026-09-08,안중,13,pack_ess,0.0,0.0
2026-09-08,안중,13,blackmass,0.0,0.0
2026-09-08,안중,14,pack_ev,0.0,0.0
2026-09-08,안중,14,pack_ess,0.0,0.0
2026-09-08,안중,14,blackmass,0.0,0.0
2026-09-08,안중,15,pack_ev,0.0,0.0
2026-09-08,안중,15,pack_ess,0.0,0.0
2026-09-08,안중,15,blackmass,0.0,0.0
2026-09-08,안중,16,pack_ev,0.0,0.0
2026-09-08,안중,16,pack_ess,0.0,0.0
2026-09-08,안중,16,blackmass,0.0,0.0
2026-09-08,안중,17,pack_ev,0.0,0.0
2026-09-08,안중,17,pack_ess,0.0,0.0
2026-09-08,안중,17,blackmass,0.0,0.0
2026-09-08,안중,18,pack_ev,0.0,0.0
2026-09-08,안중,18,pack_ess,0.0,0.0
2026-09-08,안중,18,blackmass,0.0,0.0
2026-09-08,안중,19,pack_ev,0.0,0.0
2026-09-08,안중,19,pack_ess,0.0,0.0
2026-09-08,안중,19,blackmass,0.0,0.0
2026-09-08,안중,20,pack_ev,0.0,0.0
2026-09-08,안중,20,pack_ess,0.0,0.0
2026-09-08,안중,20,blackmass,0.0,0.0
2026-09-08,안중,21,pack_ev,0.0,0.0
2026-09-08,안중,21,pack_ess,0.0,0.0
2026-09-08,안중,21,blackmass,0.0,0.0
2026-09-08,안중,22,pack_ev,0.0,0.0
2026-09-08,안중,22,pack_ess,0.0,0.0
2026-09-08,안중,22,blackmass,0.0,0.0
2026-09-08,안중,23,pack_ev,0.0,0.0
2026-09-08,안중,23,pack_ess,0.0,0.0
2026-09-08,안중,23,blackmass,0.0,0.0
2026-09-08,천안,0,pack_ev,0.0,0.0
2026-09-08,천안,0,pack_ess,0.0,0.0
2026-09-08,천안,0,blackmass,0.0,0.0
2026-09-08,천안,1,pack_ev,0.0,0.0
2026-09-08,천안,1,pack_ess,0.0,0.0
2026-09-08,천안,1,blackmass,0.0,0.0
2026-09-08,천안,2,pack_ev,0.0,0.0
2026-09-08,천안,2,pack_ess,0.0,0.0
2026-09-08,천안,2,blackmass,0.0,0.0
2026-09-08,천안,3,pack_ev,0.0,0.0
2026-09-08,천안,3,pack_ess,0.0,0.0
2026-09-08,천안,3,blackmass,0.0,0.0
2026-09-08,천안,4,pack_ev,0.0,0.0
2026-09-08,천안,4,pack_ess,0.0,0.0
2026-09-08,천안,4,blackmass,0.0,0.0
2026-09-08,천안,5,pack_ev,0.0,0.0
2026-09-08,천안,5,pack_ess,0.0,0.0
2026-09-08,천안,5,blackmass,0.0,0.0
2026-09-08,천안,6,pack_ev,0.0,0.0
2026-09-08,천안,6,pack_ess,0.0,0.0
2026-09-08,천안,6,blackmass,0.0,0.0
2026-09-08,천안,7,pack_ev,0.0,0.0
2026-09-08,천안,7,pack_ess,0.0,0.0
2026-09-08,천안,7,blackmass,0.0,0.0
2026-09-08,천안,8,pack_ev,0.0,0.0
2026-09-08,천안,8,pack_ess,0.0,0.0
2026-09-08,천안,8,blackmass,0.0,0.0
2026-09-08,천안,9,pack_ev,0.0,0.0
2026-09-08,천안,9,pack_ess,0.0,0.0
2026-09-08,천안,9,blackmass,0.0,0.0
2026-09-08,천안,10,pack_ev,0.0,0.0
2026-09-08,천안,10,pack_ess,0.0,0.0
2026-09-08,천안,10,blackmass,0.0,0.0
2026-09-08,천안,11,pack_ev,0.0,0.0
2026-09-08,천안,11,pack_ess,0.0,0.0
2026-09-08,천안,11,blackmass,0.0,0.0
2026-09-08,천안,12,pack_ev,0.0,0.0
2026-09-08,천안,12,pack_ess,0.0,0.0
2026-09-08,천안,12,blackmass,0.0,0.0
2026-09-08,천안,13,pack_ev,0.0,0.0
2026-09-08,천안,13,pack_ess,0.0,0.0
2026-09-08,천안,13,blackmass,0.0,0.0
2026-09-08,천안,14,pack_ev,0.0,0.0
2026-09-08,천안,14,pack_ess,0.0,0.0
2026-09-08,천안,14,blackmass,0.0,0.0
2026-09-08,천안,15,pack_ev,0.0,0.0
2026-09-08,천안,15,pack_ess,0.0,0.0
2026-09-08,천안,15,blackmass,0.0,0.0
2026-09-08,천안,16,pack_ev,0.0,0.0
2026-09-08,천안,16,pack_ess,0.0,0.0
2026-09-08,천안,16,blackmass,0.0,0.0
2026-09-08,천안,17,pack_ev,0.0,0.0
2026-09-08,천안,17,pack_ess,0.0,0.0
2026-09-08,천안,17,blackmass,0.0,0.0
2026-09-08,천안,18,pack_ev,0.0,0.0
2026-09-08,천안,18,pack_ess,0.0,0.0
2026-09-08,천안,18,blackmass,0.0,0.0
2026-09-08,천안,19,pack_ev,0.0,0.0
2026-09-08,천안,19,pack_ess,0.0,0.0
2026-09-08,천안,19,blackmass,0.0,0.0
2026-09-08,천안,20,pack_ev,0.0,0.0
2026-09-08,천안,20,pack_ess,0.0,0.0
2026-09-08,천안,20,blackmass,0.0,0.0
2026-09-08,천안,21,pack_ev,0.0,0.0
2026-09-08,천안,21,pack_ess,0.0,0.0
2026-09-08,천안,21,blackmass,0.0,0.0
2026-09-08,천안,22,pack_ev,0.0,0.0
2026-09-08,천안,22,pack_ess,0.0,0.0
2026-09-08,천안,22,blackmass,0.0,0.0
2026-09-08,천안,23,pack_ev,0.0,0.0
2026-09-08,천안,23,pack_ess,0.0,0.0
2026-09-08,천안,23,blackmass,0.0,0.0
2026-09-09,서화성,0,pack_ev,0.0,0.0
2026-09-09,서화성,0,pack_ess,0.0,0.0
2026-09-09,서화성,0,blackmass,0.0,0.0
2026-09-09,서화성,1,pack_ev,0.0,0.0
2026-09-09,서화성,1,pack_ess,0.0,0.0
2026-09-09,서화성,1,blackmass,0.0,0.0
2026-09-09,서화성,2,pack_ev,0.0,0.0
2026-09-09,서화성,2,pack_ess,0.0,0.0
2026-09-09,서화성,2,blackmass,0.0,0.0
2026-09-09,서화성,3,pack_ev,0.0,0.0
2026-09-09,서화성,3,pack_ess,0.0,0.0
2026-09-09,서화성,3,blackmass,0.0,0.0
2026-09-09,서화성,4,pack_ev,0.0,0.0
2026-09-09,서화성,4,pack_ess,0.0,0.0
2026-09-09,서화성,4,blackmass,0.0,0.0
2026-09-09,서화성,5,pack_ev,0.0,0.0
2026-09-09,서화성,5,pack_ess,0.0,0.0
2026-09-09,서화성,5,blackmass,0.0,0.0
2026-09-09,서화성,6,pack_ev,0.0,0.0
2026-09-09,서화성,6,pack_ess,0.0,0.0
2026-09-09,서화성,6,blackmass,0.0,0.0
2026-09-09,서화성,7,pack_ev,0.0,0.0
2026-09-09,서화성,7,pack_ess,0.0,0.0
2026-09-09,서화성,7,blackmass,0.0,0.0
2026-09-09,서화성,8,pack_ev,0.0,0.0
2026-09-09,서화성,8,pack_ess,0.0,0.0
2026-09-09,서화성,8,blackmass,0.0,0.0
2026-09-09,서화성,9,pack_ev,0.0,0.0
2026-09-09,서화성,9,pack_ess,0.0,0.0
2026-09-09,서화성,9,blackmass,0.0,0.0
2026-09-09,서화성,10,pack_ev,0.0,0.0
2026-09-09,서화성,10,pack_ess,0.0,0.0
2026-09-09,서화성,10,blackmass,0.0,0.0
2026-09-09,서화성,11,pack_ev,0.0,0.0
2026-09-09,서화성,11,pack_ess,0.0,0.0
2026-09-09,서화성,11,blackmass,0.0,0.0
2026-09-09,서화성,12,pack_ev,0.0,0.0
2026-09-09,서화성,12,pack_ess,0.0,0.0
2026-09-09,서화성,12,blackmass,0.0,0.0
2026-09-09,서화성,13,pack_ev,0.0,0.0
2026-09-09,서화성,13,pack_ess,0.0,0.0
2026-09-09,서화성,13,blackmass,0.0,0.0
2026-09-09,서화성,14,pack_ev,0.0,0.0
2026-09-09,서화성,14,pack_ess,0.0,0.0
2026-09-09,서화성,14,blackmass,0.0,0.0
2026-09-09,서화성,15,pack_ev,0.0,0.0
2026-09-09,서화성,15,pack_ess,0.0,0.0
2026-09-09,서화성,15,blackmass,0.0,0.0
2026-09-09,서화성,16,pack_ev,0.0,0.0
2026-09-09,서화성,16,pack_ess,0.0,0.0
2026-09-09,서화성,16,blackmass,0.0,0.0
2026-09-09,서화성,17,pack_ev,0.0,0.0
2026-09-09,서화성,17,pack_ess,0.0,0.0
2026-09-09,서화성,17,blackmass,0.0,0.0
2026-09-09,서화성,18,pack_ev,0.0,0.0
2026-09-09,서화성,18,pack_ess,0.0,0.0
2026-09-09,서화성,18,blackmass,0.0,0.0
2026-09-09,서화성,19,pack_ev,0.0,0.0
2026-09-09,서화성,19,pack_ess,0.0,0.0
2026-09-09,서화성,19,blackmass,0.0,0.0
2026-09-09,서화성,20,pack_ev,0.0,0.0
2026-09-09,서화성,20,pack_ess,0.0,0.0
2026-09-09,서화성,20,blackmass,0.0,0.0
2026-09-09,서화성,21,pack_ev,0.0,0.0
2026-09-09,서화성,21,pack_ess,0.0,0.0
2026-09-09,서화성,21,blackmass,0.0,0.0
2026-09-09,서화성,22,pack_ev,0.0,0.0
2026-09-09,서화성,22,pack_ess,0.0,0.0
2026-09-09,서화성,22,blackmass,0.0,0.0
2026-09-09,서화성,23,pack_ev,0.0,0.0
2026-09-09,서화성,23,pack_ess,0.0,0.0
2026-09-09,서화성,23,blackmass,0.0,0.0
2026-09-09,신례원,0,pack_ev,0.0,0.0
2026-09-09,신례원,0,pack_ess,0.0,0.0
2026-09-09,신례원,0,blackmass,0.0,0.0
2026-09-09,신례원,1,pack_ev,0.0,0.0
2026-09-09,신례원,1,pack_ess,0.0,0.0
2026-09-09,신례원,1,blackmass,0.0,0.0
2026-09-09,신례원,2,pack_ev,0.0,0.0
2026-09-09,신례원,2,pack_ess,0.0,0.0
2026-09-09,신례원,2,blackmass,0.0,0.0
2026-09-09,신례원,3,pack_ev,0.0,0.0
2026-09-09,신례원,3,pack_ess,0.0,0.0
2026-09-09,신례원,3,blackmass,0.0,0.0
2026-09-09,신례원,4,pack_ev,0.0,0.0
2026-09-09,신례원,4,pack_ess,0.0,0.0
2026-09-09,신례원,4,blackmass,0.0,0.0
2026-09-09,신례원,5,pack_ev,0.0,0.0
2026-09-09,신례원,5,pack_ess,0.0,0.0
2026-09-09,신례원,5,blackmass,0.0,0.0
2026-09-09,신례원,6,pack_ev,0.0,0.0
2026-09-09,신례원,6,pack_ess,0.0,0.0
2026-09-09,신례원,6,blackmass,0.0,0.0
2026-09-09,신례원,7,pack_ev,0.0,0.0
2026-09-09,신례원,7,pack_ess,0.0,0.0
2026-09-09,신례원,7,blackmass,0.0,0.0
2026-09-09,신례원,8,pack_ev,0.0,0.0
2026-09-09,신례원,8,pack_ess,0.0,0.0
2026-09-09,신례원,8,blackmass,0.0,0.0
2026-09-09,신례원,9,pack_ev,0.0,0.0
2026-09-09,신례원,9,pack_ess,0.0,0.0
2026-09-09,신례원,9,blackmass,0.0,0.0
2026-09-09,신례원,10,pack_ev,0.0,0.0
2026-09-09,신례원,10,pack_ess,0.0,0.0
2026-09-09,신례원,10,blackmass,0.0,0.0
2026-09-09,신례원,11,pack_ev,0.0,0.0
2026-09-09,신례원,11,pack_ess,0.0,0.0
2026-09-09,신례원,11,blackmass,0.0,0.0
2026-09-09,신례원,12,pack_ev,0.0,0.0
2026-09-09,신례원,12,pack_ess,0.0,0.0
2026-09-09,신례원,12,blackmass,0.0,0.0
2026-09-09,신례원,13,pack_ev,0.0,0.0
2026-09-09,신례원,13,pack_ess,0.0,0.0
2026-09-09,신례원,13,blackmass,0.0,0.0
2026-09-09,신례원,14,pack_ev,0.0,0.0
2026-09-09,신례원,14,pack_ess,0.0,0.0
2026-09-09,신례원,14,blackmass,0.0,0.0
2026-09-09,신례원,15,pack_ev,0.0,0.0
2026-09-09,신례원,15,pack_ess,0.0,0.0
2026-09-09,신례원,15,blackmass,0.0,0.0
2026-09-09,신례원,16,pack_ev,0.0,0.0
2026-09-09,신례원,16,pack_ess,0.0,0.0
2026-09-09,신례원,16,blackmass,0.0,0.0
2026-09-09,신례원,17,pack_ev,0.0,0.0
2026-09-09,신례원,17,pack_ess,0.0,0.0
2026-09-09,신례원,17,blackmass,0.0,0.0
2026-09-09,신례원,18,pack_ev,0.0,0.0
2026-09-09,신례원,18,pack_ess,0.0,0.0
2026-09-09,신례원,18,blackmass,0.0,0.0
2026-09-09,신례원,19,pack_ev,0.0,0.0
2026-09-09,신례원,19,pack_ess,0.0,0.0
2026-09-09,신례원,19,blackmass,0.0,0.0
2026-09-09,신례원,20,pack_ev,0.0,0.0
2026-09-09,신례원,20,pack_ess,0.0,0.0
2026-09-09,신례원,20,blackmass,0.0,0.0
2026-09-09,신례원,21,pack_ev,0.0,0.0
2026-09-09,신례원,21,pack_ess,0.0,0.0
2026-09-09,신례원,21,blackmass,0.0,0.0
2026-09-09,신례원,22,pack_ev,0.0,0.0
2026-09-09,신례원,22,pack_ess,0.0,0.0
2026-09-09,신례원,22,blackmass,0.0,0.0
2026-09-09,신례원,23,pack_ev,0.0,0.0
2026-09-09,신례원,23,pack_ess,0.0,0.0
2026-09-09,신례원,23,blackmass,0.0,0.0
2026-09-09,안중,0,pack_ev,0.0,0.0
2026-09-09,안중,0,pack_ess,0.0,0.0
2026-09-09,안중,0,blackmass,0.0,0.0
2026-09-09,안중,1,pack_ev,0.0,0.0
2026-09-09,안중,1,pack_ess,0.0,0.0
2026-09-09,안중,1,blackmass,0.0,0.0
2026-09-09,안중,2,pack_ev,0.0,0.0
2026-09-09,안중,2,pack_ess,0.0,0.0
2026-09-09,안중,2,blackmass,0.0,0.0
2026-09-09,안중,3,pack_ev,0.0,0.0
2026-09-09,안중,3,pack_ess,0.0,0.0
2026-09-09,안중,3,blackmass,0.0,0.0
2026-09-09,안중,4,pack_ev,0.0,0.0
2026-09-09,안중,4,pack_ess,0.0,0.0
2026-09-09,안중,4,blackmass,0.0,0.0
2026-09-09,안중,5,pack_ev,0.0,0.0
2026-09-09,안중,5,pack_ess,0.0,0.0
2026-09-09,안중,5,blackmass,0.0,0.0
2026-09-09,안중,6,pack_ev,0.0,0.0
2026-09-09,안중,6,pack_ess,0.0,0.0
2026-09-09,안중,6,blackmass,0.0,0.0
2026-09-09,안중,7,pack_ev,0.0,0.0
2026-09-09,안중,7,pack_ess,0.0,0.0
2026-09-09,안중,7,blackmass,0.0,0.0
2026-09-09,안중,8,pack_ev,0.0,0.0
2026-09-09,안중,8,pack_ess,0.0,0.0
2026-09-09,안중,8,blackmass,0.0,0.0
2026-09-09,안중,9,pack_ev,0.0,0.0
2026-09-09,안중,9,pack_ess,0.0,0.0
2026-09-09,안중,9,blackmass,0.0,0.0
2026-09-09,안중,10,pack_ev,0.0,0.0
2026-09-09,안중,10,pack_ess,0.0,0.0
2026-09-09,안중,10,blackmass,0.0,0.0
2026-09-09,안중,11,pack_ev,0.0,0.0
2026-09-09,안중,11,pack_ess,0.0,0.0
2026-09-09,안중,11,blackmass,0.0,0.0
2026-09-09,안중,12,pack_ev,0.0,0.0
2026-09-09,안중,12,pack_ess,0.0,0.0
2026-09-09,안중,12,blackmass,0.0,0.0
2026-09-09,안중,13,pack_ev,0.0,0.0
2026-09-09,안중,13,pack_ess,0.0,0.0
2026-09-09,안중,13,blackmass,0.0,0.0
2026-09-09,안중,14,pack_ev,0.0,0.0
2026-09-09,안중,14,pack_ess,0.0,0.0
2026-09-09,안중,14,blackmass,0.0,0.0
2026-09-09,안중,15,pack_ev,0.0,0.0
2026-09-09,안중,15,pack_ess,0.0,0.0
2026-09-09,안중,15,blackmass,0.0,0.0
2026-09-09,안중,16,pack_ev,0.0,0.0
2026-09-09,안중,16,pack_ess,0.0,0.0
2026-09-09,안중,16,blackmass,0.0,0.0
2026-09-09,안중,17,pack_ev,0.0,0.0
2026-09-09,안중,17,pack_ess,0.0,0.0
2026-09-09,안중,17,blackmass,0.0,0.0
2026-09-09,안중,18,pack_ev,0.0,0.0
2026-09-09,안중,18,pack_ess,0.0,0.0
2026-09-09,안중,18,blackmass,0.0,0.0
2026-09-09,안중,19,pack_ev,0.0,0.0
2026-09-09,안중,19,pack_ess,0.0,0.0
2026-09-09,안중,19,blackmass,0.0,0.0
2026-09-09,안중,20,pack_ev,0.0,0.0
2026-09-09,안중,20,pack_ess,0.0,0.0
2026-09-09,안중,20,blackmass,0.0,0.0
2026-09-09,안중,21,pack_ev,0.0,0.0
2026-09-09,안중,21,pack_ess,0.0,0.0
2026-09-09,안중,21,blackmass,0.0,0.0
2026-09-09,안중,22,pack_ev,0.0,0.0
2026-09-09,안중,22,pack_ess,0.0,0.0
2026-09-09,안중,22,blackmass,0.0,0.0
2026-09-09,안중,23,pack_ev,0.0,0.0
2026-09-09,안중,23,pack_ess,0.0,0.0
2026-09-09,안중,23,blackmass,0.0,0.0
2026-09-09,천안,0,pack_ev,0.0,0.0
2026-09-09,천안,0,pack_ess,0.0,0.0
2026-09-09,천안,0,blackmass,0.0,0.0
2026-09-09,천안,1,pack_ev,0.0,0.0
2026-09-09,천안,1,pack_ess,0.0,0.0
2026-09-09,천안,1,blackmass,0.0,0.0
2026-09-09,천안,2,pack_ev,0.0,0.0
2026-09-09,천안,2,pack_ess,0.0,0.0
2026-09-09,천안,2,blackmass,0.0,0.0
2026-09-09,천안,3,pack_ev,0.0,0.0
2026-09-09,천안,3,pack_ess,0.0,0.0
2026-09-09,천안,3,blackmass,0.0,0.0
2026-09-09,천안,4,pack_ev,0.0,0.0
2026-09-09,천안,4,pack_ess,0.0,0.0
2026-09-09,천안,4,blackmass,0.0,0.0
2026-09-09,천안,5,pack_ev,0.0,0.0
2026-09-09,천안,5,pack_ess,0.0,0.0
2026-09-09,천안,5,blackmass,0.0,0.0
2026-09-09,천안,6,pack_ev,0.0,0.0
2026-09-09,천안,6,pack_ess,0.0,0.0
2026-09-09,천안,6,blackmass,0.0,0.0
2026-09-09,천안,7,pack_ev,0.0,0.0
2026-09-09,천안,7,pack_ess,0.0,0.0
2026-09-09,천안,7,blackmass,0.0,0.0
2026-09-09,천안,8,pack_ev,0.0,0.0
2026-09-09,천안,8,pack_ess,0.0,0.0
2026-09-09,천안,8,blackmass,0.0,0.0
2026-09-09,천안,9,pack_ev,0.0,0.0
2026-09-09,천안,9,pack_ess,0.0,0.0
2026-09-09,천안,9,blackmass,0.0,0.0
2026-09-09,천안,10,pack_ev,0.0,0.0
2026-09-09,천안,10,pack_ess,0.0,0.0
2026-09-09,천안,10,blackmass,0.0,0.0
2026-09-09,천안,11,pack_ev,0.0,0.0
2026-09-09,천안,11,pack_ess,0.0,0.0
2026-09-09,천안,11,blackmass,0.0,0.0
2026-09-09,천안,12,pack_ev,0.0,0.0
2026-09-09,천안,12,pack_ess,0.0,0.0
2026-09-09,천안,12,blackmass,0.0,0.0
2026-09-09,천안,13,pack_ev,0.0,0.0
2026-09-09,천안,13,pack_ess,0.0,0.0
2026-09-09,천안,13,blackmass,0.0,0.0
2026-09-09,천안,14,pack_ev,0.0,0.0
2026-09-09,천안,14,pack_ess,0.0,0.0
2026-09-09,천안,14,blackmass,0.0,0.0
2026-09-09,천안,15,pack_ev,0.0,0.0
2026-09-09,천안,15,pack_ess,0.0,0.0
2026-09-09,천안,15,blackmass,0.0,0.0
2026-09-09,천안,16,pack_ev,0.0,0.0
2026-09-09,천안,16,pack_ess,0.0,0.0
2026-09-09,천안,16,blackmass,0.0,0.0
2026-09-09,천안,17,pack_ev,0.0,0.0
2026-09-09,천안,17,pack_ess,0.0,0.0
2026-09-09,천안,17,blackmass,0.0,0.0
2026-09-09,천안,18,pack_ev,0.0,0.0
2026-09-09,천안,18,pack_ess,0.0,0.0
2026-09-09,천안,18,blackmass,0.0,0.0
2026-09-09,천안,19,pack_ev,0.0,0.0
2026-09-09,천안,19,pack_ess,0.0,0.0
2026-09-09,천안,19,blackmass,0.0,0.0
2026-09-09,천안,20,pack_ev,0.0,0.0
2026-09-09,천안,20,pack_ess,0.0,0.0
2026-09-09,천안,20,blackmass,0.0,0.0
2026-09-09,천안,21,pack_ev,0.0,0.0
2026-09-09,천안,21,pack_ess,0.0,0.0
2026-09-09,천안,21,blackmass,0.0,0.0
2026-09-09,천안,22,pack_ev,0.0,0.0
2026-09-09,천안,22,pack_ess,0.0,0.0
2026-09-09,천안,22,blackmass,0.0,0.0
2026-09-09,천안,23,pack_ev,0.0,0.0
2026-09-09,천안,23,pack_ess,0.0,0.0
2026-09-09,천안,23,blackmass,0.0,0.0
2026-09-10,서화성,0,pack_ev,0.0,0.0
2026-09-10,서화성,0,pack_ess,0.0,0.0
2026-09-10,서화성,0,blackmass,0.0,0.0
2026-09-10,서화성,1,pack_ev,0.0,0.0
2026-09-10,서화성,1,pack_ess,0.0,0.0
2026-09-10,서화성,1,blackmass,0.0,0.0
2026-09-10,서화성,2,pack_ev,0.0,0.0
2026-09-10,서화성,2,pack_ess,0.0,0.0
2026-09-10,서화성,2,blackmass,0.0,0.0
2026-09-10,서화성,3,pack_ev,0.0,0.0
2026-09-10,서화성,3,pack_ess,0.0,0.0
2026-09-10,서화성,3,blackmass,0.0,0.0
2026-09-10,서화성,4,pack_ev,0.0,0.0
2026-09-10,서화성,4,pack_ess,0.0,0.0
2026-09-10,서화성,4,blackmass,0.0,0.0
2026-09-10,서화성,5,pack_ev,0.0,0.0
2026-09-10,서화성,5,pack_ess,0.0,0.0
2026-09-10,서화성,5,blackmass,0.0,0.0
2026-09-10,서화성,6,pack_ev,0.0,0.0
2026-09-10,서화성,6,pack_ess,0.0,0.0
2026-09-10,서화성,6,blackmass,0.0,0.0
2026-09-10,서화성,7,pack_ev,0.0,0.0
2026-09-10,서화성,7,pack_ess,0.0,0.0
2026-09-10,서화성,7,blackmass,0.0,0.0
2026-09-10,서화성,8,pack_ev,0.0,0.0
2026-09-10,서화성,8,pack_ess,0.0,0.0
2026-09-10,서화성,8,blackmass,0.0,0.0
2026-09-10,서화성,9,pack_ev,0.0,0.0
2026-09-10,서화성,9,pack_ess,0.0,0.0
2026-09-10,서화성,9,blackmass,0.0,0.0
2026-09-10,서화성,10,pack_ev,4.582,0.1527
2026-09-10,서화성,10,pack_ess,0.0032,0.00011
2026-09-10,서화성,10,blackmass,1.222,0.0244
2026-09-10,서화성,11,pack_ev,4.582,0.1527
2026-09-10,서화성,11,pack_ess,0.0032,0.00011
2026-09-10,서화성,11,blackmass,1.222,0.0244
2026-09-10,서화성,12,pack_ev,4.582,0.1527
2026-09-10,서화성,12,pack_ess,0.0032,0.00011
2026-09-10,서화성,12,blackmass,1.222,0.0244
2026-09-10,서화성,13,pack_ev,4.582,0.1527
2026-09-10,서화성,13,pack_ess,0.0032,0.00011
2026-09-10,서화성,13,blackmass,1.222,0.0244
2026-09-10,서화성,14,pack_ev,4.582,0.1527
2026-09-10,서화성,14,pack_ess,0.0032,0.00011
2026-09-10,서화성,14,blackmass,1.222,0.0244
2026-09-10,서화성,15,pack_ev,4.582,0.1527
2026-09-10,서화성,15,pack_ess,0.0032,0.00011
2026-09-10,서화성,15,blackmass,1.222,0.0244
2026-09-10,서화성,16,pack_ev,4.582,0.1527
2026-09-10,서화성,16,pack_ess,0.0032,0.00011
2026-09-10,서화성,16,blackmass,1.222,0.0244
2026-09-10,서화성,17,pack_ev,4.582,0.1527
2026-09-10,서화성,17,pack_ess,0.0032,0.00011
2026-09-10,서화성,17,blackmass,1.222,0.0244
2026-09-10,서화성,18,pack_ev,0.0,0.0
2026-09-10,서화성,18,pack_ess,0.0,0.0
2026-09-10,서화성,18,blackmass,0.0,0.0
2026-09-10,서화성,19,pack_ev,0.0,0.0
2026-09-10,서화성,19,pack_ess,0.0,0.0
2026-09-10,서화성,19,blackmass,0.0,0.0
2026-09-10,서화성,20,pack_ev,0.0,0.0
2026-09-10,서화성,20,pack_ess,0.0,0.0
2026-09-10,서화성,20,blackmass,0.0,0.0
2026-09-10,서화성,21,pack_ev,0.0,0.0
2026-09-10,서화성,21,pack_ess,0.0,0.0
2026-09-10,서화성,21,blackmass,0.0,0.0
2026-09-10,서화성,22,pack_ev,0.0,0.0
2026-09-10,서화성,22,pack_ess,0.0,0.0
2026-09-10,서화성,22,blackmass,0.0,0.0
2026-09-10,서화성,23,pack_ev,0.0,0.0
2026-09-10,서화성,23,pack_ess,0.0,0.0
2026-09-10,서화성,23,blackmass,0.0,0.0
2026-09-10,신례원,0,pack_ev,0.0,0.0
2026-09-10,신례원,0,pack_ess,0.0,0.0
2026-09-10,신례원,0,blackmass,0.0,0.0
2026-09-10,신례원,1,pack_ev,0.0,0.0
2026-09-10,신례원,1,pack_ess,0.0,0.0
2026-09-10,신례원,1,blackmass,0.0,0.0
2026-09-10,신례원,2,pack_ev,0.0,0.0
2026-09-10,신례원,2,pack_ess,0.0,0.0
2026-09-10,신례원,2,blackmass,0.0,0.0
2026-09-10,신례원,3,pack_ev,0.0,0.0
2026-09-10,신례원,3,pack_ess,0.0,0.0
2026-09-10,신례원,3,blackmass,0.0,0.0
2026-09-10,신례원,4,pack_ev,0.0,0.0
2026-09-10,신례원,4,pack_ess,0.0,0.0
2026-09-10,신례원,4,blackmass,0.0,0.0
2026-09-10,신례원,5,pack_ev,0.0,0.0
2026-09-10,신례원,5,pack_ess,0.0,0.0
2026-09-10,신례원,5,blackmass,0.0,0.0
2026-09-10,신례원,6,pack_ev,0.0,0.0
2026-09-10,신례원,6,pack_ess,0.0,0.0
2026-09-10,신례원,6,blackmass,0.0,0.0
2026-09-10,신례원,7,pack_ev,0.0,0.0
2026-09-10,신례원,7,pack_ess,0.0,0.0
2026-09-10,신례원,7,blackmass,0.0,0.0
2026-09-10,신례원,8,pack_ev,0.0,0.0
2026-09-10,신례원,8,pack_ess,0.0,0.0
2026-09-10,신례원,8,blackmass,0.0,0.0
2026-09-10,신례원,9,pack_ev,0.0,0.0
2026-09-10,신례원,9,pack_ess,0.0,0.0
2026-09-10,신례원,9,blackmass,0.0,0.0
2026-09-10,신례원,10,pack_ev,0.0,0.0
2026-09-10,신례원,10,pack_ess,0.0,0.0
2026-09-10,신례원,10,blackmass,3.019,0.0604
2026-09-10,신례원,11,pack_ev,0.0,0.0
2026-09-10,신례원,11,pack_ess,0.0,0.0
2026-09-10,신례원,11,blackmass,3.019,0.0604
2026-09-10,신례원,12,pack_ev,0.0,0.0
2026-09-10,신례원,12,pack_ess,0.0,0.0
2026-09-10,신례원,12,blackmass,3.019,0.0604
2026-09-10,신례원,13,pack_ev,0.0,0.0
2026-09-10,신례원,13,pack_ess,0.0,0.0
2026-09-10,신례원,13,blackmass,3.019,0.0604
2026-09-10,신례원,14,pack_ev,0.0,0.0
2026-09-10,신례원,14,pack_ess,0.0,0.0
2026-09-10,신례원,14,blackmass,3.019,0.0604
2026-09-10,신례원,15,pack_ev,0.0,0.0
2026-09-10,신례원,15,pack_ess,0.0,0.0
2026-09-10,신례원,15,blackmass,3.019,0.0604
2026-09-10,신례원,16,pack_ev,0.0,0.0
2026-09-10,신례원,16,pack_ess,0.0,0.0
2026-09-10,신례원,16,blackmass,3.019,0.0604
2026-09-10,신례원,17,pack_ev,0.0,0.0
2026-09-10,신례원,17,pack_ess,0.0,0.0
2026-09-10,신례원,17,blackmass,3.019,0.0604
2026-09-10,신례원,18,pack_ev,0.0,0.0
2026-09-10,신례원,18,pack_ess,0.0,0.0
2026-09-10,신례원,18,blackmass,0.0,0.0
2026-09-10,신례원,19,pack_ev,0.0,0.0
2026-09-10,신례원,19,pack_ess,0.0,0.0
2026-09-10,신례원,19,blackmass,0.0,0.0
2026-09-10,신례원,20,pack_ev,0.0,0.0
2026-09-10,신례원,20,pack_ess,0.0,0.0
2026-09-10,신례원,20,blackmass,0.0,0.0
2026-09-10,신례원,21,pack_ev,0.0,0.0
2026-09-10,신례원,21,pack_ess,0.0,0.0
2026-09-10,신례원,21,blackmass,0.0,0.0
2026-09-10,신례원,22,pack_ev,0.0,0.0
2026-09-10,신례원,22,pack_ess,0.0,0.0
2026-09-10,신례원,22,blackmass,0.0,0.0
2026-09-10,신례원,23,pack_ev,0.0,0.0
2026-09-10,신례원,23,pack_ess,0.0,0.0
2026-09-10,신례원,23,blackmass,0.0,0.0
2026-09-10,안중,0,pack_ev,0.0,0.0
2026-09-10,안중,0,pack_ess,0.0,0.0
2026-09-10,안중,0,blackmass,0.0,0.0
2026-09-10,안중,1,pack_ev,0.0,0.0
2026-09-10,안중,1,pack_ess,0.0,0.0
2026-09-10,안중,1,blackmass,0.0,0.0
2026-09-10,안중,2,pack_ev,0.0,0.0
2026-09-10,안중,2,pack_ess,0.0,0.0
2026-09-10,안중,2,blackmass,0.0,0.0
2026-09-10,안중,3,pack_ev,0.0,0.0
2026-09-10,안중,3,pack_ess,0.0,0.0
2026-09-10,안중,3,blackmass,0.0,0.0
2026-09-10,안중,4,pack_ev,0.0,0.0
2026-09-10,안중,4,pack_ess,0.0,0.0
2026-09-10,안중,4,blackmass,0.0,0.0
2026-09-10,안중,5,pack_ev,0.0,0.0
2026-09-10,안중,5,pack_ess,0.0,0.0
2026-09-10,안중,5,blackmass,0.0,0.0
2026-09-10,안중,6,pack_ev,0.0,0.0
2026-09-10,안중,6,pack_ess,0.0,0.0
2026-09-10,안중,6,blackmass,0.0,0.0
2026-09-10,안중,7,pack_ev,0.0,0.0
2026-09-10,안중,7,pack_ess,0.0,0.0
2026-09-10,안중,7,blackmass,0.0,0.0
2026-09-10,안중,8,pack_ev,0.0,0.0
2026-09-10,안중,8,pack_ess,0.0,0.0
2026-09-10,안중,8,blackmass,0.0,0.0
2026-09-10,안중,9,pack_ev,0.0,0.0
2026-09-10,안중,9,pack_ess,0.0,0.0
2026-09-10,안중,9,blackmass,0.0,0.0
2026-09-10,안중,10,pack_ev,4.582,0.1527
2026-09-10,안중,10,pack_ess,0.0032,0.00011
2026-09-10,안중,10,blackmass,1.222,0.0244
2026-09-10,안중,11,pack_ev,4.582,0.1527
2026-09-10,안중,11,pack_ess,0.0032,0.00011
2026-09-10,안중,11,blackmass,1.222,0.0244
2026-09-10,안중,12,pack_ev,4.582,0.1527
2026-09-10,안중,12,pack_ess,0.0032,0.00011
2026-09-10,안중,12,blackmass,1.222,0.0244
2026-09-10,안중,13,pack_ev,4.582,0.1527
2026-09-10,안중,13,pack_ess,0.0032,0.00011
2026-09-10,안중,13,blackmass,1.222,0.0244
2026-09-10,안중,14,pack_ev,4.582,0.1527
2026-09-10,안중,14,pack_ess,0.0032,0.00011
2026-09-10,안중,14,blackmass,1.222,0.0244
2026-09-10,안중,15,pack_ev,4.582,0.1527
2026-09-10,안중,15,pack_ess,0.0032,0.00011
2026-09-10,안중,15,blackmass,1.222,0.0244
2026-09-10,안중,16,pack_ev,4.582,0.1527
2026-09-10,안중,16,pack_ess,0.0032,0.00011
2026-09-10,안중,16,blackmass,1.222,0.0244
2026-09-10,안중,17,pack_ev,4.582,0.1527
2026-09-10,안중,17,pack_ess,0.0032,0.00011
2026-09-10,안중,17,blackmass,1.222,0.0244
2026-09-10,안중,18,pack_ev,0.0,0.0
2026-09-10,안중,18,pack_ess,0.0,0.0
2026-09-10,안중,18,blackmass,0.0,0.0
2026-09-10,안중,19,pack_ev,0.0,0.0
2026-09-10,안중,19,pack_ess,0.0,0.0
2026-09-10,안중,19,blackmass,0.0,0.0
2026-09-10,안중,20,pack_ev,0.0,0.0
2026-09-10,안중,20,pack_ess,0.0,0.0
2026-09-10,안중,20,blackmass,0.0,0.0
2026-09-10,안중,21,pack_ev,0.0,0.0
2026-09-10,안중,21,pack_ess,0.0,0.0
2026-09-10,안중,21,blackmass,0.0,0.0
2026-09-10,안중,22,pack_ev,0.0,0.0
2026-09-10,안중,22,pack_ess,0.0,0.0
2026-09-10,안중,22,blackmass,0.0,0.0
2026-09-10,안중,23,pack_ev,0.0,0.0
2026-09-10,안중,23,pack_ess,0.0,0.0
2026-09-10,안중,23,blackmass,0.0,0.0
2026-09-10,천안,0,pack_ev,0.0,0.0
2026-09-10,천안,0,pack_ess,0.0,0.0
2026-09-10,천안,0,blackmass,0.0,0.0
2026-09-10,천안,1,pack_ev,0.0,0.0
2026-09-10,천안,1,pack_ess,0.0,0.0
2026-09-10,천안,1,blackmass,0.0,0.0
2026-09-10,천안,2,pack_ev,0.0,0.0
2026-09-10,천안,2,pack_ess,0.0,0.0
2026-09-10,천안,2,blackmass,0.0,0.0
2026-09-10,천안,3,pack_ev,0.0,0.0
2026-09-10,천안,3,pack_ess,0.0,0.0
2026-09-10,천안,3,blackmass,0.0,0.0
2026-09-10,천안,4,pack_ev,0.0,0.0
2026-09-10,천안,4,pack_ess,0.0,0.0
2026-09-10,천안,4,blackmass,0.0,0.0
2026-09-10,천안,5,pack_ev,0.0,0.0
2026-09-10,천안,5,pack_ess,0.0,0.0
2026-09-10,천안,5,blackmass,0.0,0.0
2026-09-10,천안,6,pack_ev,0.0,0.0
2026-09-10,천안,6,pack_ess,0.0,0.0
2026-09-10,천안,6,blackmass,0.0,0.0
2026-09-10,천안,7,pack_ev,0.0,0.0
2026-09-10,천안,7,pack_ess,0.0,0.0
2026-09-10,천안,7,blackmass,0.0,0.0
2026-09-10,천안,8,pack_ev,0.0,0.0
2026-09-10,천안,8,pack_ess,0.0,0.0
2026-09-10,천안,8,blackmass,0.0,0.0
2026-09-10,천안,9,pack_ev,0.0,0.0
2026-09-10,천안,9,pack_ess,0.0,0.0
2026-09-10,천안,9,blackmass,0.0,0.0
2026-09-10,천안,10,pack_ev,0.0,0.0
2026-09-10,천안,10,pack_ess,0.0,0.0
2026-09-10,천안,10,blackmass,4.529,0.0906
2026-09-10,천안,11,pack_ev,0.0,0.0
2026-09-10,천안,11,pack_ess,0.0,0.0
2026-09-10,천안,11,blackmass,4.529,0.0906
2026-09-10,천안,12,pack_ev,0.0,0.0
2026-09-10,천안,12,pack_ess,0.0,0.0
2026-09-10,천안,12,blackmass,4.529,0.0906
2026-09-10,천안,13,pack_ev,0.0,0.0
2026-09-10,천안,13,pack_ess,0.0,0.0
2026-09-10,천안,13,blackmass,4.529,0.0906
2026-09-10,천안,14,pack_ev,0.0,0.0
2026-09-10,천안,14,pack_ess,0.0,0.0
2026-09-10,천안,14,blackmass,4.529,0.0906
2026-09-10,천안,15,pack_ev,0.0,0.0
2026-09-10,천안,15,pack_ess,0.0,0.0
2026-09-10,천안,15,blackmass,4.529,0.0906
2026-09-10,천안,16,pack_ev,0.0,0.0
2026-09-10,천안,16,pack_ess,0.0,0.0
2026-09-10,천안,16,blackmass,4.529,0.0906
2026-09-10,천안,17,pack_ev,0.0,0.0
2026-09-10,천안,17,pack_ess,0.0,0.0
2026-09-10,천안,17,blackmass,4.529,0.0906
2026-09-10,천안,18,pack_ev,0.0,0.0
2026-09-10,천안,18,pack_ess,0.0,0.0
2026-09-10,천안,18,blackmass,0.0,0.0
2026-09-10,천안,19,pack_ev,0.0,0.0
2026-09-10,천안,19,pack_ess,0.0,0.0
2026-09-10,천안,19,blackmass,0.0,0.0
2026-09-10,천안,20,pack_ev,0.0,0.0
2026-09-10,천안,20,pack_ess,0.0,0.0
2026-09-10,천안,20,blackmass,0.0,0.0
2026-09-10,천안,21,pack_ev,0.0,0.0
2026-09-10,천안,21,pack_ess,0.0,0.0
2026-09-10,천안,21,blackmass,0.0,0.0
2026-09-10,천안,22,pack_ev,0.0,0.0
2026-09-10,천안,22,pack_ess,0.0,0.0
2026-09-10,천안,22,blackmass,0.0,0.0
2026-09-10,천안,23,pack_ev,0.0,0.0
2026-09-10,천안,23,pack_ess,0.0,0.0
2026-09-10,천안,23,blackmass,0.0,0.0
2026-09-11,서화성,0,pack_ev,0.0,0.0
2026-09-11,서화성,0,pack_ess,0.0,0.0
2026-09-11,서화성,0,blackmass,0.0,0.0
2026-09-11,서화성,1,pack_ev,0.0,0.0
2026-09-11,서화성,1,pack_ess,0.0,0.0
2026-09-11,서화성,1,blackmass,0.0,0.0
2026-09-11,서화성,2,pack_ev,0.0,0.0
2026-09-11,서화성,2,pack_ess,0.0,0.0
2026-09-11,서화성,2,blackmass,0.0,0.0
2026-09-11,서화성,3,pack_ev,0.0,0.0
2026-09-11,서화성,3,pack_ess,0.0,0.0
2026-09-11,서화성,3,blackmass,0.0,0.0
2026-09-11,서화성,4,pack_ev,0.0,0.0
2026-09-11,서화성,4,pack_ess,0.0,0.0
2026-09-11,서화성,4,blackmass,0.0,0.0
2026-09-11,서화성,5,pack_ev,0.0,0.0
2026-09-11,서화성,5,pack_ess,0.0,0.0
2026-09-11,서화성,5,blackmass,0.0,0.0
2026-09-11,서화성,6,pack_ev,0.0,0.0
2026-09-11,서화성,6,pack_ess,0.0,0.0
2026-09-11,서화성,6,blackmass,0.0,0.0
2026-09-11,서화성,7,pack_ev,0.0,0.0
2026-09-11,서화성,7,pack_ess,0.0,0.0
2026-09-11,서화성,7,blackmass,0.0,0.0
2026-09-11,서화성,8,pack_ev,0.0,0.0
2026-09-11,서화성,8,pack_ess,0.0,0.0
2026-09-11,서화성,8,blackmass,0.0,0.0
2026-09-11,서화성,9,pack_ev,0.0,0.0
2026-09-11,서화성,9,pack_ess,0.0,0.0
2026-09-11,서화성,9,blackmass,0.0,0.0
2026-09-11,서화성,10,pack_ev,0.0,0.0
2026-09-11,서화성,10,pack_ess,0.0,0.0
2026-09-11,서화성,10,blackmass,0.0,0.0
2026-09-11,서화성,11,pack_ev,0.0,0.0
2026-09-11,서화성,11,pack_ess,0.0,0.0
2026-09-11,서화성,11,blackmass,0.0,0.0
2026-09-11,서화성,12,pack_ev,0.0,0.0
2026-09-11,서화성,12,pack_ess,0.0,0.0
2026-09-11,서화성,12,blackmass,0.0,0.0
2026-09-11,서화성,13,pack_ev,0.0,0.0
2026-09-11,서화성,13,pack_ess,0.0,0.0
2026-09-11,서화성,13,blackmass,0.0,0.0
2026-09-11,서화성,14,pack_ev,0.0,0.0
2026-09-11,서화성,14,pack_ess,0.0,0.0
2026-09-11,서화성,14,blackmass,0.0,0.0
2026-09-11,서화성,15,pack_ev,0.0,0.0
2026-09-11,서화성,15,pack_ess,0.0,0.0
2026-09-11,서화성,15,blackmass,0.0,0.0
2026-09-11,서화성,16,pack_ev,0.0,0.0
2026-09-11,서화성,16,pack_ess,0.0,0.0
2026-09-11,서화성,16,blackmass,0.0,0.0
2026-09-11,서화성,17,pack_ev,0.0,0.0
2026-09-11,서화성,17,pack_ess,0.0,0.0
2026-09-11,서화성,17,blackmass,0.0,0.0
2026-09-11,서화성,18,pack_ev,0.0,0.0
2026-09-11,서화성,18,pack_ess,0.0,0.0
2026-09-11,서화성,18,blackmass,0.0,0.0
2026-09-11,서화성,19,pack_ev,0.0,0.0
2026-09-11,서화성,19,pack_ess,0.0,0.0
2026-09-11,서화성,19,blackmass,0.0,0.0
2026-09-11,서화성,20,pack_ev,0.0,0.0
2026-09-11,서화성,20,pack_ess,0.0,0.0
2026-09-11,서화성,20,blackmass,0.0,0.0
2026-09-11,서화성,21,pack_ev,0.0,0.0
2026-09-11,서화성,21,pack_ess,0.0,0.0
2026-09-11,서화성,21,blackmass,0.0,0.0
2026-09-11,서화성,22,pack_ev,0.0,0.0
2026-09-11,서화성,22,pack_ess,0.0,0.0
2026-09-11,서화성,22,blackmass,0.0,0.0
2026-09-11,서화성,23,pack_ev,0.0,0.0
2026-09-11,서화성,23,pack_ess,0.0,0.0
2026-09-11,서화성,23,blackmass,0.0,0.0
2026-09-11,신례원,0,pack_ev,0.0,0.0
2026-09-11,신례원,0,pack_ess,0.0,0.0
2026-09-11,신례원,0,blackmass,0.0,0.0
2026-09-11,신례원,1,pack_ev,0.0,0.0
2026-09-11,신례원,1,pack_ess,0.0,0.0
2026-09-11,신례원,1,blackmass,0.0,0.0
2026-09-11,신례원,2,pack_ev,0.0,0.0
2026-09-11,신례원,2,pack_ess,0.0,0.0
2026-09-11,신례원,2,blackmass,0.0,0.0
2026-09-11,신례원,3,pack_ev,0.0,0.0
2026-09-11,신례원,3,pack_ess,0.0,0.0
2026-09-11,신례원,3,blackmass,0.0,0.0
2026-09-11,신례원,4,pack_ev,0.0,0.0
2026-09-11,신례원,4,pack_ess,0.0,0.0
2026-09-11,신례원,4,blackmass,0.0,0.0
2026-09-11,신례원,5,pack_ev,0.0,0.0
2026-09-11,신례원,5,pack_ess,0.0,0.0
2026-09-11,신례원,5,blackmass,0.0,0.0
2026-09-11,신례원,6,pack_ev,0.0,0.0
2026-09-11,신례원,6,pack_ess,0.0,0.0
2026-09-11,신례원,6,blackmass,0.0,0.0
2026-09-11,신례원,7,pack_ev,0.0,0.0
2026-09-11,신례원,7,pack_ess,0.0,0.0
2026-09-11,신례원,7,blackmass,0.0,0.0
2026-09-11,신례원,8,pack_ev,0.0,0.0
2026-09-11,신례원,8,pack_ess,0.0,0.0
2026-09-11,신례원,8,blackmass,0.0,0.0
2026-09-11,신례원,9,pack_ev,0.0,0.0
2026-09-11,신례원,9,pack_ess,0.0,0.0
2026-09-11,신례원,9,blackmass,0.0,0.0
2026-09-11,신례원,10,pack_ev,0.0,0.0
2026-09-11,신례원,10,pack_ess,0.0,0.0
2026-09-11,신례원,10,blackmass,0.0,0.0
2026-09-11,신례원,11,pack_ev,0.0,0.0
2026-09-11,신례원,11,pack_ess,0.0,0.0
2026-09-11,신례원,11,blackmass,0.0,0.0
2026-09-11,신례원,12,pack_ev,0.0,0.0
2026-09-11,신례원,12,pack_ess,0.0,0.0
2026-09-11,신례원,12,blackmass,0.0,0.0
2026-09-11,신례원,13,pack_ev,0.0,0.0
2026-09-11,신례원,13,pack_ess,0.0,0.0
2026-09-11,신례원,13,blackmass,0.0,0.0
2026-09-11,신례원,14,pack_ev,0.0,0.0
2026-09-11,신례원,14,pack_ess,0.0,0.0
2026-09-11,신례원,14,blackmass,0.0,0.0
2026-09-11,신례원,15,pack_ev,0.0,0.0
2026-09-11,신례원,15,pack_ess,0.0,0.0
2026-09-11,신례원,15,blackmass,0.0,0.0
2026-09-11,신례원,16,pack_ev,0.0,0.0
2026-09-11,신례원,16,pack_ess,0.0,0.0
2026-09-11,신례원,16,blackmass,0.0,0.0
2026-09-11,신례원,17,pack_ev,0.0,0.0
2026-09-11,신례원,17,pack_ess,0.0,0.0
2026-09-11,신례원,17,blackmass,0.0,0.0
2026-09-11,신례원,18,pack_ev,0.0,0.0
2026-09-11,신례원,18,pack_ess,0.0,0.0
2026-09-11,신례원,18,blackmass,0.0,0.0
2026-09-11,신례원,19,pack_ev,0.0,0.0
2026-09-11,신례원,19,pack_ess,0.0,0.0
2026-09-11,신례원,19,blackmass,0.0,0.0
2026-09-11,신례원,20,pack_ev,0.0,0.0
2026-09-11,신례원,20,pack_ess,0.0,0.0
2026-09-11,신례원,20,blackmass,0.0,0.0
2026-09-11,신례원,21,pack_ev,0.0,0.0
2026-09-11,신례원,21,pack_ess,0.0,0.0
2026-09-11,신례원,21,blackmass,0.0,0.0
2026-09-11,신례원,22,pack_ev,0.0,0.0
2026-09-11,신례원,22,pack_ess,0.0,0.0
2026-09-11,신례원,22,blackmass,0.0,0.0
2026-09-11,신례원,23,pack_ev,0.0,0.0
2026-09-11,신례원,23,pack_ess,0.0,0.0
2026-09-11,신례원,23,blackmass,0.0,0.0
2026-09-11,안중,0,pack_ev,0.0,0.0
2026-09-11,안중,0,pack_ess,0.0,0.0
2026-09-11,안중,0,blackmass,0.0,0.0
2026-09-11,안중,1,pack_ev,0.0,0.0
2026-09-11,안중,1,pack_ess,0.0,0.0
2026-09-11,안중,1,blackmass,0.0,0.0
2026-09-11,안중,2,pack_ev,0.0,0.0
2026-09-11,안중,2,pack_ess,0.0,0.0
2026-09-11,안중,2,blackmass,0.0,0.0
2026-09-11,안중,3,pack_ev,0.0,0.0
2026-09-11,안중,3,pack_ess,0.0,0.0
2026-09-11,안중,3,blackmass,0.0,0.0
2026-09-11,안중,4,pack_ev,0.0,0.0
2026-09-11,안중,4,pack_ess,0.0,0.0
2026-09-11,안중,4,blackmass,0.0,0.0
2026-09-11,안중,5,pack_ev,0.0,0.0
2026-09-11,안중,5,pack_ess,0.0,0.0
2026-09-11,안중,5,blackmass,0.0,0.0
2026-09-11,안중,6,pack_ev,0.0,0.0
2026-09-11,안중,6,pack_ess,0.0,0.0
2026-09-11,안중,6,blackmass,0.0,0.0
2026-09-11,안중,7,pack_ev,0.0,0.0
2026-09-11,안중,7,pack_ess,0.0,0.0
2026-09-11,안중,7,blackmass,0.0,0.0
2026-09-11,안중,8,pack_ev,0.0,0.0
2026-09-11,안중,8,pack_ess,0.0,0.0
2026-09-11,안중,8,blackmass,0.0,0.0
2026-09-11,안중,9,pack_ev,0.0,0.0
2026-09-11,안중,9,pack_ess,0.0,0.0
2026-09-11,안중,9,blackmass,0.0,0.0
2026-09-11,안중,10,pack_ev,0.0,0.0
2026-09-11,안중,10,pack_ess,0.0,0.0
2026-09-11,안중,10,blackmass,0.0,0.0
2026-09-11,안중,11,pack_ev,0.0,0.0
2026-09-11,안중,11,pack_ess,0.0,0.0
2026-09-11,안중,11,blackmass,0.0,0.0
2026-09-11,안중,12,pack_ev,0.0,0.0
2026-09-11,안중,12,pack_ess,0.0,0.0
2026-09-11,안중,12,blackmass,0.0,0.0
2026-09-11,안중,13,pack_ev,0.0,0.0
2026-09-11,안중,13,pack_ess,0.0,0.0
2026-09-11,안중,13,blackmass,0.0,0.0
2026-09-11,안중,14,pack_ev,0.0,0.0
2026-09-11,안중,14,pack_ess,0.0,0.0
2026-09-11,안중,14,blackmass,0.0,0.0
2026-09-11,안중,15,pack_ev,0.0,0.0
2026-09-11,안중,15,pack_ess,0.0,0.0
2026-09-11,안중,15,blackmass,0.0,0.0
2026-09-11,안중,16,pack_ev,0.0,0.0
2026-09-11,안중,16,pack_ess,0.0,0.0
2026-09-11,안중,16,blackmass,0.0,0.0
2026-09-11,안중,17,pack_ev,0.0,0.0
2026-09-11,안중,17,pack_ess,0.0,0.0
2026-09-11,안중,17,blackmass,0.0,0.0
2026-09-11,안중,18,pack_ev,0.0,0.0
2026-09-11,안중,18,pack_ess,0.0,0.0
2026-09-11,안중,18,blackmass,0.0,0.0
2026-09-11,안중,19,pack_ev,0.0,0.0
2026-09-11,안중,19,pack_ess,0.0,0.0
2026-09-11,안중,19,blackmass,0.0,0.0
2026-09-11,안중,20,pack_ev,0.0,0.0
2026-09-11,안중,20,pack_ess,0.0,0.0
2026-09-11,안중,20,blackmass,0.0,0.0
2026-09-11,안중,21,pack_ev,0.0,0.0
2026-09-11,안중,21,pack_ess,0.0,0.0
2026-09-11,안중,21,blackmass,0.0,0.0
2026-09-11,안중,22,pack_ev,0.0,0.0
2026-09-11,안중,22,pack_ess,0.0,0.0
2026-09-11,안중,22,blackmass,0.0,0.0
2026-09-11,안중,23,pack_ev,0.0,0.0
2026-09-11,안중,23,pack_ess,0.0,0.0
2026-09-11,안중,23,blackmass,0.0,0.0
2026-09-11,천안,0,pack_ev,0.0,0.0
2026-09-11,천안,0,pack_ess,0.0,0.0
2026-09-11,천안,0,blackmass,0.0,0.0
2026-09-11,천안,1,pack_ev,0.0,0.0
2026-09-11,천안,1,pack_ess,0.0,0.0
2026-09-11,천안,1,blackmass,0.0,0.0
2026-09-11,천안,2,pack_ev,0.0,0.0
2026-09-11,천안,2,pack_ess,0.0,0.0
2026-09-11,천안,2,blackmass,0.0,0.0
2026-09-11,천안,3,pack_ev,0.0,0.0
2026-09-11,천안,3,pack_ess,0.0,0.0
2026-09-11,천안,3,blackmass,0.0,0.0
2026-09-11,천안,4,pack_ev,0.0,0.0
2026-09-11,천안,4,pack_ess,0.0,0.0
2026-09-11,천안,4,blackmass,0.0,0.0
2026-09-11,천안,5,pack_ev,0.0,0.0
2026-09-11,천안,5,pack_ess,0.0,0.0
2026-09-11,천안,5,blackmass,0.0,0.0
2026-09-11,천안,6,pack_ev,0.0,0.0
2026-09-11,천안,6,pack_ess,0.0,0.0
2026-09-11,천안,6,blackmass,0.0,0.0
2026-09-11,천안,7,pack_ev,0.0,0.0
2026-09-11,천안,7,pack_ess,0.0,0.0
2026-09-11,천안,7,blackmass,0.0,0.0
2026-09-11,천안,8,pack_ev,0.0,0.0
2026-09-11,천안,8,pack_ess,0.0,0.0
2026-09-11,천안,8,blackmass,0.0,0.0
2026-09-11,천안,9,pack_ev,0.0,0.0
2026-09-11,천안,9,pack_ess,0.0,0.0
2026-09-11,천안,9,blackmass,0.0,0.0
2026-09-11,천안,10,pack_ev,0.0,0.0
2026-09-11,천안,10,pack_ess,0.0,0.0
2026-09-11,천안,10,blackmass,0.0,0.0
2026-09-11,천안,11,pack_ev,0.0,0.0
2026-09-11,천안,11,pack_ess,0.0,0.0
2026-09-11,천안,11,blackmass,0.0,0.0
2026-09-11,천안,12,pack_ev,0.0,0.0
2026-09-11,천안,12,pack_ess,0.0,0.0
2026-09-11,천안,12,blackmass,0.0,0.0
2026-09-11,천안,13,pack_ev,0.0,0.0
2026-09-11,천안,13,pack_ess,0.0,0.0
2026-09-11,천안,13,blackmass,0.0,0.0
2026-09-11,천안,14,pack_ev,0.0,0.0
2026-09-11,천안,14,pack_ess,0.0,0.0
2026-09-11,천안,14,blackmass,0.0,0.0
2026-09-11,천안,15,pack_ev,0.0,0.0
2026-09-11,천안,15,pack_ess,0.0,0.0
2026-09-11,천안,15,blackmass,0.0,0.0
2026-09-11,천안,16,pack_ev,0.0,0.0
2026-09-11,천안,16,pack_ess,0.0,0.0
2026-09-11,천안,16,blackmass,0.0,0.0
2026-09-11,천안,17,pack_ev,0.0,0.0
2026-09-11,천안,17,pack_ess,0.0,0.0
2026-09-11,천안,17,blackmass,0.0,0.0
2026-09-11,천안,18,pack_ev,0.0,0.0
2026-09-11,천안,18,pack_ess,0.0,0.0
2026-09-11,천안,18,blackmass,0.0,0.0
2026-09-11,천안,19,pack_ev,0.0,0.0
2026-09-11,천안,19,pack_ess,0.0,0.0
2026-09-11,천안,19,blackmass,0.0,0.0
2026-09-11,천안,20,pack_ev,0.0,0.0
2026-09-11,천안,20,pack_ess,0.0,0.0
2026-09-11,천안,20,blackmass,0.0,0.0
2026-09-11,천안,21,pack_ev,0.0,0.0
2026-09-11,천안,21,pack_ess,0.0,0.0
2026-09-11,천안,21,blackmass,0.0,0.0
2026-09-11,천안,22,pack_ev,0.0,0.0
2026-09-11,천안,22,pack_ess,0.0,0.0
2026-09-11,천안,22,blackmass,0.0,0.0
2026-09-11,천안,23,pack_ev,0.0,0.0
2026-09-11,천안,23,pack_ess,0.0,0.0
2026-09-11,천안,23,blackmass,0.0,0.0
2026-09-12,서화성,0,pack_ev,0.0,0.0
2026-09-12,서화성,0,pack_ess,0.0,0.0
2026-09-12,서화성,0,blackmass,0.0,0.0
2026-09-12,서화성,1,pack_ev,0.0,0.0
2026-09-12,서화성,1,pack_ess,0.0,0.0
2026-09-12,서화성,1,blackmass,0.0,0.0
2026-09-12,서화성,2,pack_ev,0.0,0.0
2026-09-12,서화성,2,pack_ess,0.0,0.0
2026-09-12,서화성,2,blackmass,0.0,0.0
2026-09-12,서화성,3,pack_ev,0.0,0.0
2026-09-12,서화성,3,pack_ess,0.0,0.0
2026-09-12,서화성,3,blackmass,0.0,0.0
2026-09-12,서화성,4,pack_ev,0.0,0.0
2026-09-12,서화성,4,pack_ess,0.0,0.0
2026-09-12,서화성,4,blackmass,0.0,0.0
2026-09-12,서화성,5,pack_ev,0.0,0.0
2026-09-12,서화성,5,pack_ess,0.0,0.0
2026-09-12,서화성,5,blackmass,0.0,0.0
2026-09-12,서화성,6,pack_ev,0.0,0.0
2026-09-12,서화성,6,pack_ess,0.0,0.0
2026-09-12,서화성,6,blackmass,0.0,0.0
2026-09-12,서화성,7,pack_ev,0.0,0.0
2026-09-12,서화성,7,pack_ess,0.0,0.0
2026-09-12,서화성,7,blackmass,0.0,0.0
2026-09-12,서화성,8,pack_ev,0.0,0.0
2026-09-12,서화성,8,pack_ess,0.0,0.0
2026-09-12,서화성,8,blackmass,0.0,0.0
2026-09-12,서화성,9,pack_ev,0.0,0.0
2026-09-12,서화성,9,pack_ess,0.0,0.0
2026-09-12,서화성,9,blackmass,0.0,0.0
2026-09-12,서화성,10,pack_ev,0.0,0.0
2026-09-12,서화성,10,pack_ess,0.0,0.0
2026-09-12,서화성,10,blackmass,0.0,0.0
2026-09-12,서화성,11,pack_ev,0.0,0.0
2026-09-12,서화성,11,pack_ess,0.0,0.0
2026-09-12,서화성,11,blackmass,0.0,0.0
2026-09-12,서화성,12,pack_ev,0.0,0.0
2026-09-12,서화성,12,pack_ess,0.0,0.0
2026-09-12,서화성,12,blackmass,0.0,0.0
2026-09-12,서화성,13,pack_ev,0.0,0.0
2026-09-12,서화성,13,pack_ess,0.0,0.0
2026-09-12,서화성,13,blackmass,0.0,0.0
2026-09-12,서화성,14,pack_ev,0.0,0.0
2026-09-12,서화성,14,pack_ess,0.0,0.0
2026-09-12,서화성,14,blackmass,0.0,0.0
2026-09-12,서화성,15,pack_ev,0.0,0.0
2026-09-12,서화성,15,pack_ess,0.0,0.0
2026-09-12,서화성,15,blackmass,0.0,0.0
2026-09-12,서화성,16,pack_ev,0.0,0.0
2026-09-12,서화성,16,pack_ess,0.0,0.0
2026-09-12,서화성,16,blackmass,0.0,0.0
2026-09-12,서화성,17,pack_ev,0.0,0.0
2026-09-12,서화성,17,pack_ess,0.0,0.0
2026-09-12,서화성,17,blackmass,0.0,0.0
2026-09-12,서화성,18,pack_ev,0.0,0.0
2026-09-12,서화성,18,pack_ess,0.0,0.0
2026-09-12,서화성,18,blackmass,0.0,0.0
2026-09-12,서화성,19,pack_ev,0.0,0.0
2026-09-12,서화성,19,pack_ess,0.0,0.0
2026-09-12,서화성,19,blackmass,0.0,0.0
2026-09-12,서화성,20,pack_ev,0.0,0.0
2026-09-12,서화성,20,pack_ess,0.0,0.0
2026-09-12,서화성,20,blackmass,0.0,0.0
2026-09-12,서화성,21,pack_ev,0.0,0.0
2026-09-12,서화성,21,pack_ess,0.0,0.0
2026-09-12,서화성,21,blackmass,0.0,0.0
2026-09-12,서화성,22,pack_ev,0.0,0.0
2026-09-12,서화성,22,pack_ess,0.0,0.0
2026-09-12,서화성,22,blackmass,0.0,0.0
2026-09-12,서화성,23,pack_ev,0.0,0.0
2026-09-12,서화성,23,pack_ess,0.0,0.0
2026-09-12,서화성,23,blackmass,0.0,0.0
2026-09-12,신례원,0,pack_ev,0.0,0.0
2026-09-12,신례원,0,pack_ess,0.0,0.0
2026-09-12,신례원,0,blackmass,0.0,0.0
2026-09-12,신례원,1,pack_ev,0.0,0.0
2026-09-12,신례원,1,pack_ess,0.0,0.0
2026-09-12,신례원,1,blackmass,0.0,0.0
2026-09-12,신례원,2,pack_ev,0.0,0.0
2026-09-12,신례원,2,pack_ess,0.0,0.0
2026-09-12,신례원,2,blackmass,0.0,0.0
2026-09-12,신례원,3,pack_ev,0.0,0.0
2026-09-12,신례원,3,pack_ess,0.0,0.0
2026-09-12,신례원,3,blackmass,0.0,0.0
2026-09-12,신례원,4,pack_ev,0.0,0.0
2026-09-12,신례원,4,pack_ess,0.0,0.0
2026-09-12,신례원,4,blackmass,0.0,0.0
2026-09-12,신례원,5,pack_ev,0.0,0.0
2026-09-12,신례원,5,pack_ess,0.0,0.0
2026-09-12,신례원,5,blackmass,0.0,0.0
2026-09-12,신례원,6,pack_ev,0.0,0.0
2026-09-12,신례원,6,pack_ess,0.0,0.0
2026-09-12,신례원,6,blackmass,0.0,0.0
2026-09-12,신례원,7,pack_ev,0.0,0.0
2026-09-12,신례원,7,pack_ess,0.0,0.0
2026-09-12,신례원,7,blackmass,0.0,0.0
2026-09-12,신례원,8,pack_ev,0.0,0.0
2026-09-12,신례원,8,pack_ess,0.0,0.0
2026-09-12,신례원,8,blackmass,0.0,0.0
2026-09-12,신례원,9,pack_ev,0.0,0.0
2026-09-12,신례원,9,pack_ess,0.0,0.0
2026-09-12,신례원,9,blackmass,0.0,0.0
2026-09-12,신례원,10,pack_ev,0.0,0.0
2026-09-12,신례원,10,pack_ess,0.0,0.0
2026-09-12,신례원,10,blackmass,0.0,0.0
2026-09-12,신례원,11,pack_ev,0.0,0.0
2026-09-12,신례원,11,pack_ess,0.0,0.0
2026-09-12,신례원,11,blackmass,0.0,0.0
2026-09-12,신례원,12,pack_ev,0.0,0.0
2026-09-12,신례원,12,pack_ess,0.0,0.0
2026-09-12,신례원,12,blackmass,0.0,0.0
2026-09-12,신례원,13,pack_ev,0.0,0.0
2026-09-12,신례원,13,pack_ess,0.0,0.0
2026-09-12,신례원,13,blackmass,0.0,0.0
2026-09-12,신례원,14,pack_ev,0.0,0.0
2026-09-12,신례원,14,pack_ess,0.0,0.0
2026-09-12,신례원,14,blackmass,0.0,0.0
2026-09-12,신례원,15,pack_ev,0.0,0.0
2026-09-12,신례원,15,pack_ess,0.0,0.0
2026-09-12,신례원,15,blackmass,0.0,0.0
2026-09-12,신례원,16,pack_ev,0.0,0.0
2026-09-12,신례원,16,pack_ess,0.0,0.0
2026-09-12,신례원,16,blackmass,0.0,0.0
2026-09-12,신례원,17,pack_ev,0.0,0.0
2026-09-12,신례원,17,pack_ess,0.0,0.0
2026-09-12,신례원,17,blackmass,0.0,0.0
2026-09-12,신례원,18,pack_ev,0.0,0.0
2026-09-12,신례원,18,pack_ess,0.0,0.0
2026-09-12,신례원,18,blackmass,0.0,0.0
2026-09-12,신례원,19,pack_ev,0.0,0.0
2026-09-12,신례원,19,pack_ess,0.0,0.0
2026-09-12,신례원,19,blackmass,0.0,0.0
2026-09-12,신례원,20,pack_ev,0.0,0.0
2026-09-12,신례원,20,pack_ess,0.0,0.0
2026-09-12,신례원,20,blackmass,0.0,0.0
2026-09-12,신례원,21,pack_ev,0.0,0.0
2026-09-12,신례원,21,pack_ess,0.0,0.0
2026-09-12,신례원,21,blackmass,0.0,0.0
2026-09-12,신례원,22,pack_ev,0.0,0.0
2026-09-12,신례원,22,pack_ess,0.0,0.0
2026-09-12,신례원,22,blackmass,0.0,0.0
2026-09-12,신례원,23,pack_ev,0.0,0.0
2026-09-12,신례원,23,pack_ess,0.0,0.0
2026-09-12,신례원,23,blackmass,0.0,0.0
2026-09-12,안중,0,pack_ev,0.0,0.0
2026-09-12,안중,0,pack_ess,0.0,0.0
2026-09-12,안중,0,blackmass,0.0,0.0
2026-09-12,안중,1,pack_ev,0.0,0.0
2026-09-12,안중,1,pack_ess,0.0,0.0
2026-09-12,안중,1,blackmass,0.0,0.0
2026-09-12,안중,2,pack_ev,0.0,0.0
2026-09-12,안중,2,pack_ess,0.0,0.0
2026-09-12,안중,2,blackmass,0.0,0.0
2026-09-12,안중,3,pack_ev,0.0,0.0
2026-09-12,안중,3,pack_ess,0.0,0.0
2026-09-12,안중,3,blackmass,0.0,0.0
2026-09-12,안중,4,pack_ev,0.0,0.0
2026-09-12,안중,4,pack_ess,0.0,0.0
2026-09-12,안중,4,blackmass,0.0,0.0
2026-09-12,안중,5,pack_ev,0.0,0.0
2026-09-12,안중,5,pack_ess,0.0,0.0
2026-09-12,안중,5,blackmass,0.0,0.0
2026-09-12,안중,6,pack_ev,0.0,0.0
2026-09-12,안중,6,pack_ess,0.0,0.0
2026-09-12,안중,6,blackmass,0.0,0.0
2026-09-12,안중,7,pack_ev,0.0,0.0
2026-09-12,안중,7,pack_ess,0.0,0.0
2026-09-12,안중,7,blackmass,0.0,0.0
2026-09-12,안중,8,pack_ev,0.0,0.0
2026-09-12,안중,8,pack_ess,0.0,0.0
2026-09-12,안중,8,blackmass,0.0,0.0
2026-09-12,안중,9,pack_ev,0.0,0.0
2026-09-12,안중,9,pack_ess,0.0,0.0
2026-09-12,안중,9,blackmass,0.0,0.0
2026-09-12,안중,10,pack_ev,0.0,0.0
2026-09-12,안중,10,pack_ess,0.0,0.0
2026-09-12,안중,10,blackmass,0.0,0.0
2026-09-12,안중,11,pack_ev,0.0,0.0
2026-09-12,안중,11,pack_ess,0.0,0.0
2026-09-12,안중,11,blackmass,0.0,0.0
2026-09-12,안중,12,pack_ev,0.0,0.0
2026-09-12,안중,12,pack_ess,0.0,0.0
2026-09-12,안중,12,blackmass,0.0,0.0
2026-09-12,안중,13,pack_ev,0.0,0.0
2026-09-12,안중,13,pack_ess,0.0,0.0
2026-09-12,안중,13,blackmass,0.0,0.0
2026-09-12,안중,14,pack_ev,0.0,0.0
2026-09-12,안중,14,pack_ess,0.0,0.0
2026-09-12,안중,14,blackmass,0.0,0.0
2026-09-12,안중,15,pack_ev,0.0,0.0
2026-09-12,안중,15,pack_ess,0.0,0.0
2026-09-12,안중,15,blackmass,0.0,0.0
2026-09-12,안중,16,pack_ev,0.0,0.0
2026-09-12,안중,16,pack_ess,0.0,0.0
2026-09-12,안중,16,blackmass,0.0,0.0
2026-09-12,안중,17,pack_ev,0.0,0.0
2026-09-12,안중,17,pack_ess,0.0,0.0
2026-09-12,안중,17,blackmass,0.0,0.0
2026-09-12,안중,18,pack_ev,0.0,0.0
2026-09-12,안중,18,pack_ess,0.0,0.0
2026-09-12,안중,18,blackmass,0.0,0.0
2026-09-12,안중,19,pack_ev,0.0,0.0
2026-09-12,안중,19,pack_ess,0.0,0.0
2026-09-12,안중,19,blackmass,0.0,0.0
2026-09-12,안중,20,pack_ev,0.0,0.0
2026-09-12,안중,20,pack_ess,0.0,0.0
2026-09-12,안중,20,blackmass,0.0,0.0
2026-09-12,안중,21,pack_ev,0.0,0.0
2026-09-12,안중,21,pack_ess,0.0,0.0
2026-09-12,안중,21,blackmass,0.0,0.0
2026-09-12,안중,22,pack_ev,0.0,0.0
2026-09-12,안중,22,pack_ess,0.0,0.0
2026-09-12,안중,22,blackmass,0.0,0.0
2026-09-12,안중,23,pack_ev,0.0,0.0
2026-09-12,안중,23,pack_ess,0.0,0.0
2026-09-12,안중,23,blackmass,0.0,0.0
2026-09-12,천안,0,pack_ev,0.0,0.0
2026-09-12,천안,0,pack_ess,0.0,0.0
2026-09-12,천안,0,blackmass,0.0,0.0
2026-09-12,천안,1,pack_ev,0.0,0.0
2026-09-12,천안,1,pack_ess,0.0,0.0
2026-09-12,천안,1,blackmass,0.0,0.0
2026-09-12,천안,2,pack_ev,0.0,0.0
2026-09-12,천안,2,pack_ess,0.0,0.0
2026-09-12,천안,2,blackmass,0.0,0.0
2026-09-12,천안,3,pack_ev,0.0,0.0
2026-09-12,천안,3,pack_ess,0.0,0.0
2026-09-12,천안,3,blackmass,0.0,0.0
2026-09-12,천안,4,pack_ev,0.0,0.0
2026-09-12,천안,4,pack_ess,0.0,0.0
2026-09-12,천안,4,blackmass,0.0,0.0
2026-09-12,천안,5,pack_ev,0.0,0.0
2026-09-12,천안,5,pack_ess,0.0,0.0
2026-09-12,천안,5,blackmass,0.0,0.0
2026-09-12,천안,6,pack_ev,0.0,0.0
2026-09-12,천안,6,pack_ess,0.0,0.0
2026-09-12,천안,6,blackmass,0.0,0.0
2026-09-12,천안,7,pack_ev,0.0,0.0
2026-09-12,천안,7,pack_ess,0.0,0.0
2026-09-12,천안,7,blackmass,0.0,0.0
2026-09-12,천안,8,pack_ev,0.0,0.0
2026-09-12,천안,8,pack_ess,0.0,0.0
2026-09-12,천안,8,blackmass,0.0,0.0
2026-09-12,천안,9,pack_ev,0.0,0.0
2026-09-12,천안,9,pack_ess,0.0,0.0
2026-09-12,천안,9,blackmass,0.0,0.0
2026-09-12,천안,10,pack_ev,0.0,0.0
2026-09-12,천안,10,pack_ess,0.0,0.0
2026-09-12,천안,10,blackmass,0.0,0.0
2026-09-12,천안,11,pack_ev,0.0,0.0
2026-09-12,천안,11,pack_ess,0.0,0.0
2026-09-12,천안,11,blackmass,0.0,0.0
2026-09-12,천안,12,pack_ev,0.0,0.0
2026-09-12,천안,12,pack_ess,0.0,0.0
2026-09-12,천안,12,blackmass,0.0,0.0
2026-09-12,천안,13,pack_ev,0.0,0.0
2026-09-12,천안,13,pack_ess,0.0,0.0
2026-09-12,천안,13,blackmass,0.0,0.0
2026-09-12,천안,14,pack_ev,0.0,0.0
2026-09-12,천안,14,pack_ess,0.0,0.0
2026-09-12,천안,14,blackmass,0.0,0.0
2026-09-12,천안,15,pack_ev,0.0,0.0
2026-09-12,천안,15,pack_ess,0.0,0.0
2026-09-12,천안,15,blackmass,0.0,0.0
2026-09-12,천안,16,pack_ev,0.0,0.0
2026-09-12,천안,16,pack_ess,0.0,0.0
2026-09-12,천안,16,blackmass,0.0,0.0
2026-09-12,천안,17,pack_ev,0.0,0.0
2026-09-12,천안,17,pack_ess,0.0,0.0
2026-09-12,천안,17,blackmass,0.0,0.0
2026-09-12,천안,18,pack_ev,0.0,0.0
2026-09-12,천안,18,pack_ess,0.0,0.0
2026-09-12,천안,18,blackmass,0.0,0.0
2026-09-12,천안,19,pack_ev,0.0,0.0
2026-09-12,천안,19,pack_ess,0.0,0.0
2026-09-12,천안,19,blackmass,0.0,0.0
2026-09-12,천안,20,pack_ev,0.0,0.0
2026-09-12,천안,20,pack_ess,0.0,0.0
2026-09-12,천안,20,blackmass,0.0,0.0
2026-09-12,천안,21,pack_ev,0.0,0.0
2026-09-12,천안,21,pack_ess,0.0,0.0
2026-09-12,천안,21,blackmass,0.0,0.0
2026-09-12,천안,22,pack_ev,0.0,0.0
2026-09-12,천안,22,pack_ess,0.0,0.0
2026-09-12,천안,22,blackmass,0.0,0.0
2026-09-12,천안,23,pack_ev,0.0,0.0
2026-09-12,천안,23,pack_ess,0.0,0.0
2026-09-12,천안,23,blackmass,0.0,0.0
2026-09-13,서화성,0,pack_ev,0.0,0.0
2026-09-13,서화성,0,pack_ess,0.0,0.0
2026-09-13,서화성,0,blackmass,0.0,0.0
2026-09-13,서화성,1,pack_ev,0.0,0.0
2026-09-13,서화성,1,pack_ess,0.0,0.0
2026-09-13,서화성,1,blackmass,0.0,0.0
2026-09-13,서화성,2,pack_ev,0.0,0.0
2026-09-13,서화성,2,pack_ess,0.0,0.0
2026-09-13,서화성,2,blackmass,0.0,0.0
2026-09-13,서화성,3,pack_ev,0.0,0.0
2026-09-13,서화성,3,pack_ess,0.0,0.0
2026-09-13,서화성,3,blackmass,0.0,0.0
2026-09-13,서화성,4,pack_ev,0.0,0.0
2026-09-13,서화성,4,pack_ess,0.0,0.0
2026-09-13,서화성,4,blackmass,0.0,0.0
2026-09-13,서화성,5,pack_ev,0.0,0.0
2026-09-13,서화성,5,pack_ess,0.0,0.0
2026-09-13,서화성,5,blackmass,0.0,0.0
2026-09-13,서화성,6,pack_ev,0.0,0.0
2026-09-13,서화성,6,pack_ess,0.0,0.0
2026-09-13,서화성,6,blackmass,0.0,0.0
2026-09-13,서화성,7,pack_ev,0.0,0.0
2026-09-13,서화성,7,pack_ess,0.0,0.0
2026-09-13,서화성,7,blackmass,0.0,0.0
2026-09-13,서화성,8,pack_ev,0.0,0.0
2026-09-13,서화성,8,pack_ess,0.0,0.0
2026-09-13,서화성,8,blackmass,0.0,0.0
2026-09-13,서화성,9,pack_ev,0.0,0.0
2026-09-13,서화성,9,pack_ess,0.0,0.0
2026-09-13,서화성,9,blackmass,0.0,0.0
2026-09-13,서화성,10,pack_ev,0.0,0.0
2026-09-13,서화성,10,pack_ess,0.0,0.0
2026-09-13,서화성,10,blackmass,0.0,0.0
2026-09-13,서화성,11,pack_ev,0.0,0.0
2026-09-13,서화성,11,pack_ess,0.0,0.0
2026-09-13,서화성,11,blackmass,0.0,0.0
2026-09-13,서화성,12,pack_ev,0.0,0.0
2026-09-13,서화성,12,pack_ess,0.0,0.0
2026-09-13,서화성,12,blackmass,0.0,0.0
2026-09-13,서화성,13,pack_ev,0.0,0.0
2026-09-13,서화성,13,pack_ess,0.0,0.0
2026-09-13,서화성,13,blackmass,0.0,0.0
2026-09-13,서화성,14,pack_ev,0.0,0.0
2026-09-13,서화성,14,pack_ess,0.0,0.0
2026-09-13,서화성,14,blackmass,0.0,0.0
2026-09-13,서화성,15,pack_ev,0.0,0.0
2026-09-13,서화성,15,pack_ess,0.0,0.0
2026-09-13,서화성,15,blackmass,0.0,0.0
2026-09-13,서화성,16,pack_ev,0.0,0.0
2026-09-13,서화성,16,pack_ess,0.0,0.0
2026-09-13,서화성,16,blackmass,0.0,0.0
2026-09-13,서화성,17,pack_ev,0.0,0.0
2026-09-13,서화성,17,pack_ess,0.0,0.0
2026-09-13,서화성,17,blackmass,0.0,0.0
2026-09-13,서화성,18,pack_ev,0.0,0.0
2026-09-13,서화성,18,pack_ess,0.0,0.0
2026-09-13,서화성,18,blackmass,0.0,0.0
2026-09-13,서화성,19,pack_ev,0.0,0.0
2026-09-13,서화성,19,pack_ess,0.0,0.0
2026-09-13,서화성,19,blackmass,0.0,0.0
2026-09-13,서화성,20,pack_ev,0.0,0.0
2026-09-13,서화성,20,pack_ess,0.0,0.0
2026-09-13,서화성,20,blackmass,0.0,0.0
2026-09-13,서화성,21,pack_ev,0.0,0.0
2026-09-13,서화성,21,pack_ess,0.0,0.0
2026-09-13,서화성,21,blackmass,0.0,0.0
2026-09-13,서화성,22,pack_ev,0.0,0.0
2026-09-13,서화성,22,pack_ess,0.0,0.0
2026-09-13,서화성,22,blackmass,0.0,0.0
2026-09-13,서화성,23,pack_ev,0.0,0.0
2026-09-13,서화성,23,pack_ess,0.0,0.0
2026-09-13,서화성,23,blackmass,0.0,0.0
2026-09-13,신례원,0,pack_ev,0.0,0.0
2026-09-13,신례원,0,pack_ess,0.0,0.0
2026-09-13,신례원,0,blackmass,0.0,0.0
2026-09-13,신례원,1,pack_ev,0.0,0.0
2026-09-13,신례원,1,pack_ess,0.0,0.0
2026-09-13,신례원,1,blackmass,0.0,0.0
2026-09-13,신례원,2,pack_ev,0.0,0.0
2026-09-13,신례원,2,pack_ess,0.0,0.0
2026-09-13,신례원,2,blackmass,0.0,0.0
2026-09-13,신례원,3,pack_ev,0.0,0.0
2026-09-13,신례원,3,pack_ess,0.0,0.0
2026-09-13,신례원,3,blackmass,0.0,0.0
2026-09-13,신례원,4,pack_ev,0.0,0.0
2026-09-13,신례원,4,pack_ess,0.0,0.0
2026-09-13,신례원,4,blackmass,0.0,0.0
2026-09-13,신례원,5,pack_ev,0.0,0.0
2026-09-13,신례원,5,pack_ess,0.0,0.0
2026-09-13,신례원,5,blackmass,0.0,0.0
2026-09-13,신례원,6,pack_ev,0.0,0.0
2026-09-13,신례원,6,pack_ess,0.0,0.0
2026-09-13,신례원,6,blackmass,0.0,0.0
2026-09-13,신례원,7,pack_ev,0.0,0.0
2026-09-13,신례원,7,pack_ess,0.0,0.0
2026-09-13,신례원,7,blackmass,0.0,0.0
2026-09-13,신례원,8,pack_ev,0.0,0.0
2026-09-13,신례원,8,pack_ess,0.0,0.0
2026-09-13,신례원,8,blackmass,0.0,0.0
2026-09-13,신례원,9,pack_ev,0.0,0.0
2026-09-13,신례원,9,pack_ess,0.0,0.0
2026-09-13,신례원,9,blackmass,0.0,0.0
2026-09-13,신례원,10,pack_ev,0.0,0.0
2026-09-13,신례원,10,pack_ess,0.0,0.0
2026-09-13,신례원,10,blackmass,0.0,0.0
2026-09-13,신례원,11,pack_ev,0.0,0.0
2026-09-13,신례원,11,pack_ess,0.0,0.0
2026-09-13,신례원,11,blackmass,0.0,0.0
2026-09-13,신례원,12,pack_ev,0.0,0.0
2026-09-13,신례원,12,pack_ess,0.0,0.0
2026-09-13,신례원,12,blackmass,0.0,0.0
2026-09-13,신례원,13,pack_ev,0.0,0.0
2026-09-13,신례원,13,pack_ess,0.0,0.0
2026-09-13,신례원,13,blackmass,0.0,0.0
2026-09-13,신례원,14,pack_ev,0.0,0.0
2026-09-13,신례원,14,pack_ess,0.0,0.0
2026-09-13,신례원,14,blackmass,0.0,0.0
2026-09-13,신례원,15,pack_ev,0.0,0.0
2026-09-13,신례원,15,pack_ess,0.0,0.0
2026-09-13,신례원,15,blackmass,0.0,0.0
2026-09-13,신례원,16,pack_ev,0.0,0.0
2026-09-13,신례원,16,pack_ess,0.0,0.0
2026-09-13,신례원,16,blackmass,0.0,0.0
2026-09-13,신례원,17,pack_ev,0.0,0.0
2026-09-13,신례원,17,pack_ess,0.0,0.0
2026-09-13,신례원,17,blackmass,0.0,0.0
2026-09-13,신례원,18,pack_ev,0.0,0.0
2026-09-13,신례원,18,pack_ess,0.0,0.0
2026-09-13,신례원,18,blackmass,0.0,0.0
2026-09-13,신례원,19,pack_ev,0.0,0.0
2026-09-13,신례원,19,pack_ess,0.0,0.0
2026-09-13,신례원,19,blackmass,0.0,0.0
2026-09-13,신례원,20,pack_ev,0.0,0.0
2026-09-13,신례원,20,pack_ess,0.0,0.0
2026-09-13,신례원,20,blackmass,0.0,0.0
2026-09-13,신례원,21,pack_ev,0.0,0.0
2026-09-13,신례원,21,pack_ess,0.0,0.0
2026-09-13,신례원,21,blackmass,0.0,0.0
2026-09-13,신례원,22,pack_ev,0.0,0.0
2026-09-13,신례원,22,pack_ess,0.0,0.0
2026-09-13,신례원,22,blackmass,0.0,0.0
2026-09-13,신례원,23,pack_ev,0.0,0.0
2026-09-13,신례원,23,pack_ess,0.0,0.0
2026-09-13,신례원,23,blackmass,0.0,0.0
2026-09-13,안중,0,pack_ev,0.0,0.0
2026-09-13,안중,0,pack_ess,0.0,0.0
2026-09-13,안중,0,blackmass,0.0,0.0
2026-09-13,안중,1,pack_ev,0.0,0.0
2026-09-13,안중,1,pack_ess,0.0,0.0
2026-09-13,안중,1,blackmass,0.0,0.0
2026-09-13,안중,2,pack_ev,0.0,0.0
2026-09-13,안중,2,pack_ess,0.0,0.0
2026-09-13,안중,2,blackmass,0.0,0.0
2026-09-13,안중,3,pack_ev,0.0,0.0
2026-09-13,안중,3,pack_ess,0.0,0.0
2026-09-13,안중,3,blackmass,0.0,0.0
2026-09-13,안중,4,pack_ev,0.0,0.0
2026-09-13,안중,4,pack_ess,0.0,0.0
2026-09-13,안중,4,blackmass,0.0,0.0
2026-09-13,안중,5,pack_ev,0.0,0.0
2026-09-13,안중,5,pack_ess,0.0,0.0
2026-09-13,안중,5,blackmass,0.0,0.0
2026-09-13,안중,6,pack_ev,0.0,0.0
2026-09-13,안중,6,pack_ess,0.0,0.0
2026-09-13,안중,6,blackmass,0.0,0.0
2026-09-13,안중,7,pack_ev,0.0,0.0
2026-09-13,안중,7,pack_ess,0.0,0.0
2026-09-13,안중,7,blackmass,0.0,0.0
2026-09-13,안중,8,pack_ev,0.0,0.0
2026-09-13,안중,8,pack_ess,0.0,0.0
2026-09-13,안중,8,blackmass,0.0,0.0
2026-09-13,안중,9,pack_ev,0.0,0.0
2026-09-13,안중,9,pack_ess,0.0,0.0
2026-09-13,안중,9,blackmass,0.0,0.0
2026-09-13,안중,10,pack_ev,0.0,0.0
2026-09-13,안중,10,pack_ess,0.0,0.0
2026-09-13,안중,10,blackmass,0.0,0.0
2026-09-13,안중,11,pack_ev,0.0,0.0
2026-09-13,안중,11,pack_ess,0.0,0.0
2026-09-13,안중,11,blackmass,0.0,0.0
2026-09-13,안중,12,pack_ev,0.0,0.0
2026-09-13,안중,12,pack_ess,0.0,0.0
2026-09-13,안중,12,blackmass,0.0,0.0
2026-09-13,안중,13,pack_ev,0.0,0.0
2026-09-13,안중,13,pack_ess,0.0,0.0
2026-09-13,안중,13,blackmass,0.0,0.0
2026-09-13,안중,14,pack_ev,0.0,0.0
2026-09-13,안중,14,pack_ess,0.0,0.0
2026-09-13,안중,14,blackmass,0.0,0.0
2026-09-13,안중,15,pack_ev,0.0,0.0
2026-09-13,안중,15,pack_ess,0.0,0.0
2026-09-13,안중,15,blackmass,0.0,0.0
2026-09-13,안중,16,pack_ev,0.0,0.0
2026-09-13,안중,16,pack_ess,0.0,0.0
2026-09-13,안중,16,blackmass,0.0,0.0
2026-09-13,안중,17,pack_ev,0.0,0.0
2026-09-13,안중,17,pack_ess,0.0,0.0
2026-09-13,안중,17,blackmass,0.0,0.0
2026-09-13,안중,18,pack_ev,0.0,0.0
2026-09-13,안중,18,pack_ess,0.0,0.0
2026-09-13,안중,18,blackmass,0.0,0.0
2026-09-13,안중,19,pack_ev,0.0,0.0
2026-09-13,안중,19,pack_ess,0.0,0.0
2026-09-13,안중,19,blackmass,0.0,0.0
2026-09-13,안중,20,pack_ev,0.0,0.0
2026-09-13,안중,20,pack_ess,0.0,0.0
2026-09-13,안중,20,blackmass,0.0,0.0
2026-09-13,안중,21,pack_ev,0.0,0.0
2026-09-13,안중,21,pack_ess,0.0,0.0
2026-09-13,안중,21,blackmass,0.0,0.0
2026-09-13,안중,22,pack_ev,0.0,0.0
2026-09-13,안중,22,pack_ess,0.0,0.0
2026-09-13,안중,22,blackmass,0.0,0.0
2026-09-13,안중,23,pack_ev,0.0,0.0
2026-09-13,안중,23,pack_ess,0.0,0.0
2026-09-13,안중,23,blackmass,0.0,0.0
2026-09-13,천안,0,pack_ev,0.0,0.0
2026-09-13,천안,0,pack_ess,0.0,0.0
2026-09-13,천안,0,blackmass,0.0,0.0
2026-09-13,천안,1,pack_ev,0.0,0.0
2026-09-13,천안,1,pack_ess,0.0,0.0
2026-09-13,천안,1,blackmass,0.0,0.0
2026-09-13,천안,2,pack_ev,0.0,0.0
2026-09-13,천안,2,pack_ess,0.0,0.0
2026-09-13,천안,2,blackmass,0.0,0.0
2026-09-13,천안,3,pack_ev,0.0,0.0
2026-09-13,천안,3,pack_ess,0.0,0.0
2026-09-13,천안,3,blackmass,0.0,0.0
2026-09-13,천안,4,pack_ev,0.0,0.0
2026-09-13,천안,4,pack_ess,0.0,0.0
2026-09-13,천안,4,blackmass,0.0,0.0
2026-09-13,천안,5,pack_ev,0.0,0.0
2026-09-13,천안,5,pack_ess,0.0,0.0
2026-09-13,천안,5,blackmass,0.0,0.0
2026-09-13,천안,6,pack_ev,0.0,0.0
2026-09-13,천안,6,pack_ess,0.0,0.0
2026-09-13,천안,6,blackmass,0.0,0.0
2026-09-13,천안,7,pack_ev,0.0,0.0
2026-09-13,천안,7,pack_ess,0.0,0.0
2026-09-13,천안,7,blackmass,0.0,0.0
2026-09-13,천안,8,pack_ev,0.0,0.0
2026-09-13,천안,8,pack_ess,0.0,0.0
2026-09-13,천안,8,blackmass,0.0,0.0
2026-09-13,천안,9,pack_ev,0.0,0.0
2026-09-13,천안,9,pack_ess,0.0,0.0
2026-09-13,천안,9,blackmass,0.0,0.0
2026-09-13,천안,10,pack_ev,0.0,0.0
2026-09-13,천안,10,pack_ess,0.0,0.0
2026-09-13,천안,10,blackmass,0.0,0.0
2026-09-13,천안,11,pack_ev,0.0,0.0
2026-09-13,천안,11,pack_ess,0.0,0.0
2026-09-13,천안,11,blackmass,0.0,0.0
2026-09-13,천안,12,pack_ev,0.0,0.0
2026-09-13,천안,12,pack_ess,0.0,0.0
2026-09-13,천안,12,blackmass,0.0,0.0
2026-09-13,천안,13,pack_ev,0.0,0.0
2026-09-13,천안,13,pack_ess,0.0,0.0
2026-09-13,천안,13,blackmass,0.0,0.0
2026-09-13,천안,14,pack_ev,0.0,0.0
2026-09-13,천안,14,pack_ess,0.0,0.0
2026-09-13,천안,14,blackmass,0.0,0.0
2026-09-13,천안,15,pack_ev,0.0,0.0
2026-09-13,천안,15,pack_ess,0.0,0.0
2026-09-13,천안,15,blackmass,0.0,0.0
2026-09-13,천안,16,pack_ev,0.0,0.0
2026-09-13,천안,16,pack_ess,0.0,0.0
2026-09-13,천안,16,blackmass,0.0,0.0
2026-09-13,천안,17,pack_ev,0.0,0.0
2026-09-13,천안,17,pack_ess,0.0,0.0
2026-09-13,천안,17,blackmass,0.0,0.0
2026-09-13,천안,18,pack_ev,0.0,0.0
2026-09-13,천안,18,pack_ess,0.0,0.0
2026-09-13,천안,18,blackmass,0.0,0.0
2026-09-13,천안,19,pack_ev,0.0,0.0
2026-09-13,천안,19,pack_ess,0.0,0.0
2026-09-13,천안,19,blackmass,0.0,0.0
2026-09-13,천안,20,pack_ev,0.0,0.0
2026-09-13,천안,20,pack_ess,0.0,0.0
2026-09-13,천안,20,blackmass,0.0,0.0
2026-09-13,천안,21,pack_ev,0.0,0.0
2026-09-13,천안,21,pack_ess,0.0,0.0
2026-09-13,천안,21,blackmass,0.0,0.0
2026-09-13,천안,22,pack_ev,0.0,0.0
2026-09-13,천안,22,pack_ess,0.0,0.0
2026-09-13,천안,22,blackmass,0.0,0.0
2026-09-13,천안,23,pack_ev,0.0,0.0
2026-09-13,천안,23,pack_ess,0.0,0.0
2026-09-13,천안,23,blackmass,0.0,0.0
2026-09-14,서화성,0,pack_ev,0.0,0.0
2026-09-14,서화성,0,pack_ess,0.0,0.0
2026-09-14,서화성,0,blackmass,0.0,0.0
2026-09-14,서화성,1,pack_ev,0.0,0.0
2026-09-14,서화성,1,pack_ess,0.0,0.0
2026-09-14,서화성,1,blackmass,0.0,0.0
2026-09-14,서화성,2,pack_ev,0.0,0.0
2026-09-14,서화성,2,pack_ess,0.0,0.0
2026-09-14,서화성,2,blackmass,0.0,0.0
2026-09-14,서화성,3,pack_ev,0.0,0.0
2026-09-14,서화성,3,pack_ess,0.0,0.0
2026-09-14,서화성,3,blackmass,0.0,0.0
2026-09-14,서화성,4,pack_ev,0.0,0.0
2026-09-14,서화성,4,pack_ess,0.0,0.0
2026-09-14,서화성,4,blackmass,0.0,0.0
2026-09-14,서화성,5,pack_ev,0.0,0.0
2026-09-14,서화성,5,pack_ess,0.0,0.0
2026-09-14,서화성,5,blackmass,0.0,0.0
2026-09-14,서화성,6,pack_ev,0.0,0.0
2026-09-14,서화성,6,pack_ess,0.0,0.0
2026-09-14,서화성,6,blackmass,0.0,0.0
2026-09-14,서화성,7,pack_ev,0.0,0.0
2026-09-14,서화성,7,pack_ess,0.0,0.0
2026-09-14,서화성,7,blackmass,0.0,0.0
2026-09-14,서화성,8,pack_ev,0.0,0.0
2026-09-14,서화성,8,pack_ess,0.0,0.0
2026-09-14,서화성,8,blackmass,0.0,0.0
2026-09-14,서화성,9,pack_ev,0.0,0.0
2026-09-14,서화성,9,pack_ess,0.0,0.0
2026-09-14,서화성,9,blackmass,0.0,0.0
2026-09-14,서화성,10,pack_ev,4.582,0.1527
2026-09-14,서화성,10,pack_ess,0.0032,0.00011
2026-09-14,서화성,10,blackmass,1.222,0.0244
2026-09-14,서화성,11,pack_ev,4.582,0.1527
2026-09-14,서화성,11,pack_ess,0.0032,0.00011
2026-09-14,서화성,11,blackmass,1.222,0.0244
2026-09-14,서화성,12,pack_ev,4.582,0.1527
2026-09-14,서화성,12,pack_ess,0.0032,0.00011
2026-09-14,서화성,12,blackmass,1.222,0.0244
2026-09-14,서화성,13,pack_ev,4.582,0.1527
2026-09-14,서화성,13,pack_ess,0.0032,0.00011
2026-09-14,서화성,13,blackmass,1.222,0.0244
2026-09-14,서화성,14,pack_ev,4.582,0.1527
2026-09-14,서화성,14,pack_ess,0.0032,0.00011
2026-09-14,서화성,14,blackmass,1.222,0.0244
2026-09-14,서화성,15,pack_ev,4.582,0.1527
2026-09-14,서화성,15,pack_ess,0.0032,0.00011
2026-09-14,서화성,15,blackmass,1.222,0.0244
2026-09-14,서화성,16,pack_ev,4.582,0.1527
2026-09-14,서화성,16,pack_ess,0.0032,0.00011
2026-09-14,서화성,16,blackmass,1.222,0.0244
2026-09-14,서화성,17,pack_ev,4.582,0.1527
2026-09-14,서화성,17,pack_ess,0.0032,0.00011
2026-09-14,서화성,17,blackmass,1.222,0.0244
2026-09-14,서화성,18,pack_ev,0.0,0.0
2026-09-14,서화성,18,pack_ess,0.0,0.0
2026-09-14,서화성,18,blackmass,0.0,0.0
2026-09-14,서화성,19,pack_ev,0.0,0.0
2026-09-14,서화성,19,pack_ess,0.0,0.0
2026-09-14,서화성,19,blackmass,0.0,0.0
2026-09-14,서화성,20,pack_ev,0.0,0.0
2026-09-14,서화성,20,pack_ess,0.0,0.0
2026-09-14,서화성,20,blackmass,0.0,0.0
2026-09-14,서화성,21,pack_ev,0.0,0.0
2026-09-14,서화성,21,pack_ess,0.0,0.0
2026-09-14,서화성,21,blackmass,0.0,0.0
2026-09-14,서화성,22,pack_ev,0.0,0.0
2026-09-14,서화성,22,pack_ess,0.0,0.0
2026-09-14,서화성,22,blackmass,0.0,0.0
2026-09-14,서화성,23,pack_ev,0.0,0.0
2026-09-14,서화성,23,pack_ess,0.0,0.0
2026-09-14,서화성,23,blackmass,0.0,0.0
2026-09-14,신례원,0,pack_ev,0.0,0.0
2026-09-14,신례원,0,pack_ess,0.0,0.0
2026-09-14,신례원,0,blackmass,0.0,0.0
2026-09-14,신례원,1,pack_ev,0.0,0.0
2026-09-14,신례원,1,pack_ess,0.0,0.0
2026-09-14,신례원,1,blackmass,0.0,0.0
2026-09-14,신례원,2,pack_ev,0.0,0.0
2026-09-14,신례원,2,pack_ess,0.0,0.0
2026-09-14,신례원,2,blackmass,0.0,0.0
2026-09-14,신례원,3,pack_ev,0.0,0.0
2026-09-14,신례원,3,pack_ess,0.0,0.0
2026-09-14,신례원,3,blackmass,0.0,0.0
2026-09-14,신례원,4,pack_ev,0.0,0.0
2026-09-14,신례원,4,pack_ess,0.0,0.0
2026-09-14,신례원,4,blackmass,0.0,0.0
2026-09-14,신례원,5,pack_ev,0.0,0.0
2026-09-14,신례원,5,pack_ess,0.0,0.0
2026-09-14,신례원,5,blackmass,0.0,0.0
2026-09-14,신례원,6,pack_ev,0.0,0.0
2026-09-14,신례원,6,pack_ess,0.0,0.0
2026-09-14,신례원,6,blackmass,0.0,0.0
2026-09-14,신례원,7,pack_ev,0.0,0.0
2026-09-14,신례원,7,pack_ess,0.0,0.0
2026-09-14,신례원,7,blackmass,0.0,0.0
2026-09-14,신례원,8,pack_ev,0.0,0.0
2026-09-14,신례원,8,pack_ess,0.0,0.0
2026-09-14,신례원,8,blackmass,0.0,0.0
2026-09-14,신례원,9,pack_ev,0.0,0.0
2026-09-14,신례원,9,pack_ess,0.0,0.0
2026-09-14,신례원,9,blackmass,0.0,0.0
2026-09-14,신례원,10,pack_ev,0.0,0.0
2026-09-14,신례원,10,pack_ess,0.0,0.0
2026-09-14,신례원,10,blackmass,3.019,0.0604
2026-09-14,신례원,11,pack_ev,0.0,0.0
2026-09-14,신례원,11,pack_ess,0.0,0.0
2026-09-14,신례원,11,blackmass,3.019,0.0604
2026-09-14,신례원,12,pack_ev,0.0,0.0
2026-09-14,신례원,12,pack_ess,0.0,0.0
2026-09-14,신례원,12,blackmass,3.019,0.0604
2026-09-14,신례원,13,pack_ev,0.0,0.0
2026-09-14,신례원,13,pack_ess,0.0,0.0
2026-09-14,신례원,13,blackmass,3.019,0.0604
2026-09-14,신례원,14,pack_ev,0.0,0.0
2026-09-14,신례원,14,pack_ess,0.0,0.0
2026-09-14,신례원,14,blackmass,3.019,0.0604
2026-09-14,신례원,15,pack_ev,0.0,0.0
2026-09-14,신례원,15,pack_ess,0.0,0.0
2026-09-14,신례원,15,blackmass,3.019,0.0604
2026-09-14,신례원,16,pack_ev,0.0,0.0
2026-09-14,신례원,16,pack_ess,0.0,0.0
2026-09-14,신례원,16,blackmass,3.019,0.0604
2026-09-14,신례원,17,pack_ev,0.0,0.0
2026-09-14,신례원,17,pack_ess,0.0,0.0
2026-09-14,신례원,17,blackmass,3.019,0.0604
2026-09-14,신례원,18,pack_ev,0.0,0.0
2026-09-14,신례원,18,pack_ess,0.0,0.0
2026-09-14,신례원,18,blackmass,0.0,0.0
2026-09-14,신례원,19,pack_ev,0.0,0.0
2026-09-14,신례원,19,pack_ess,0.0,0.0
2026-09-14,신례원,19,blackmass,0.0,0.0
2026-09-14,신례원,20,pack_ev,0.0,0.0
2026-09-14,신례원,20,pack_ess,0.0,0.0
2026-09-14,신례원,20,blackmass,0.0,0.0
2026-09-14,신례원,21,pack_ev,0.0,0.0
2026-09-14,신례원,21,pack_ess,0.0,0.0
2026-09-14,신례원,21,blackmass,0.0,0.0
2026-09-14,신례원,22,pack_ev,0.0,0.0
2026-09-14,신례원,22,pack_ess,0.0,0.0
2026-09-14,신례원,22,blackmass,0.0,0.0
2026-09-14,신례원,23,pack_ev,0.0,0.0
2026-09-14,신례원,23,pack_ess,0.0,0.0
2026-09-14,신례원,23,blackmass,0.0,0.0
2026-09-14,안중,0,pack_ev,0.0,0.0
2026-09-14,안중,0,pack_ess,0.0,0.0
2026-09-14,안중,0,blackmass,0.0,0.0
2026-09-14,안중,1,pack_ev,0.0,0.0
2026-09-14,안중,1,pack_ess,0.0,0.0
2026-09-14,안중,1,blackmass,0.0,0.0
2026-09-14,안중,2,pack_ev,0.0,0.0
2026-09-14,안중,2,pack_ess,0.0,0.0
2026-09-14,안중,2,blackmass,0.0,0.0
2026-09-14,안중,3,pack_ev,0.0,0.0
2026-09-14,안중,3,pack_ess,0.0,0.0
2026-09-14,안중,3,blackmass,0.0,0.0
2026-09-14,안중,4,pack_ev,0.0,0.0
2026-09-14,안중,4,pack_ess,0.0,0.0
2026-09-14,안중,4,blackmass,0.0,0.0
2026-09-14,안중,5,pack_ev,0.0,0.0
2026-09-14,안중,5,pack_ess,0.0,0.0
2026-09-14,안중,5,blackmass,0.0,0.0
2026-09-14,안중,6,pack_ev,0.0,0.0
2026-09-14,안중,6,pack_ess,0.0,0.0
2026-09-14,안중,6,blackmass,0.0,0.0
2026-09-14,안중,7,pack_ev,0.0,0.0
2026-09-14,안중,7,pack_ess,0.0,0.0
2026-09-14,안중,7,blackmass,0.0,0.0
2026-09-14,안중,8,pack_ev,0.0,0.0
2026-09-14,안중,8,pack_ess,0.0,0.0
2026-09-14,안중,8,blackmass,0.0,0.0
2026-09-14,안중,9,pack_ev,0.0,0.0
2026-09-14,안중,9,pack_ess,0.0,0.0
2026-09-14,안중,9,blackmass,0.0,0.0
2026-09-14,안중,10,pack_ev,4.582,0.1527
2026-09-14,안중,10,pack_ess,0.0032,0.00011
2026-09-14,안중,10,blackmass,1.222,0.0244
2026-09-14,안중,11,pack_ev,4.582,0.1527
2026-09-14,안중,11,pack_ess,0.0032,0.00011
2026-09-14,안중,11,blackmass,1.222,0.0244
2026-09-14,안중,12,pack_ev,4.582,0.1527
2026-09-14,안중,12,pack_ess,0.0032,0.00011
2026-09-14,안중,12,blackmass,1.222,0.0244
2026-09-14,안중,13,pack_ev,4.582,0.1527
2026-09-14,안중,13,pack_ess,0.0032,0.00011
2026-09-14,안중,13,blackmass,1.222,0.0244
2026-09-14,안중,14,pack_ev,4.582,0.1527
2026-09-14,안중,14,pack_ess,0.0032,0.00011
2026-09-14,안중,14,blackmass,1.222,0.0244
2026-09-14,안중,15,pack_ev,4.582,0.1527
2026-09-14,안중,15,pack_ess,0.0032,0.00011
2026-09-14,안중,15,blackmass,1.222,0.0244
2026-09-14,안중,16,pack_ev,4.582,0.1527
2026-09-14,안중,16,pack_ess,0.0032,0.00011
2026-09-14,안중,16,blackmass,1.222,0.0244
2026-09-14,안중,17,pack_ev,4.582,0.1527
2026-09-14,안중,17,pack_ess,0.0032,0.00011
2026-09-14,안중,17,blackmass,1.222,0.0244
2026-09-14,안중,18,pack_ev,0.0,0.0
2026-09-14,안중,18,pack_ess,0.0,0.0
2026-09-14,안중,18,blackmass,0.0,0.0
2026-09-14,안중,19,pack_ev,0.0,0.0
2026-09-14,안중,19,pack_ess,0.0,0.0
2026-09-14,안중,19,blackmass,0.0,0.0
2026-09-14,안중,20,pack_ev,0.0,0.0
2026-09-14,안중,20,pack_ess,0.0,0.0
2026-09-14,안중,20,blackmass,0.0,0.0
2026-09-14,안중,21,pack_ev,0.0,0.0
2026-09-14,안중,21,pack_ess,0.0,0.0
2026-09-14,안중,21,blackmass,0.0,0.0
2026-09-14,안중,22,pack_ev,0.0,0.0
2026-09-14,안중,22,pack_ess,0.0,0.0
2026-09-14,안중,22,blackmass,0.0,0.0
2026-09-14,안중,23,pack_ev,0.0,0.0
2026-09-14,안중,23,pack_ess,0.0,0.0
2026-09-14,안중,23,blackmass,0.0,0.0
2026-09-14,천안,0,pack_ev,0.0,0.0
2026-09-14,천안,0,pack_ess,0.0,0.0
2026-09-14,천안,0,blackmass,0.0,0.0
2026-09-14,천안,1,pack_ev,0.0,0.0
2026-09-14,천안,1,pack_ess,0.0,0.0
2026-09-14,천안,1,blackmass,0.0,0.0
2026-09-14,천안,2,pack_ev,0.0,0.0
2026-09-14,천안,2,pack_ess,0.0,0.0
2026-09-14,천안,2,blackmass,0.0,0.0
2026-09-14,천안,3,pack_ev,0.0,0.0
2026-09-14,천안,3,pack_ess,0.0,0.0
2026-09-14,천안,3,blackmass,0.0,0.0
2026-09-14,천안,4,pack_ev,0.0,0.0
2026-09-14,천안,4,pack_ess,0.0,0.0
2026-09-14,천안,4,blackmass,0.0,0.0
2026-09-14,천안,5,pack_ev,0.0,0.0
2026-09-14,천안,5,pack_ess,0.0,0.0
2026-09-14,천안,5,blackmass,0.0,0.0
2026-09-14,천안,6,pack_ev,0.0,0.0
2026-09-14,천안,6,pack_ess,0.0,0.0
2026-09-14,천안,6,blackmass,0.0,0.0
2026-09-14,천안,7,pack_ev,0.0,0.0
2026-09-14,천안,7,pack_ess,0.0,0.0
2026-09-14,천안,7,blackmass,0.0,0.0
2026-09-14,천안,8,pack_ev,0.0,0.0
2026-09-14,천안,8,pack_ess,0.0,0.0
2026-09-14,천안,8,blackmass,0.0,0.0
2026-09-14,천안,9,pack_ev,0.0,0.0
2026-09-14,천안,9,pack_ess,0.0,0.0
2026-09-14,천안,9,blackmass,0.0,0.0
2026-09-14,천안,10,pack_ev,0.0,0.0
2026-09-14,천안,10,pack_ess,0.0,0.0
2026-09-14,천안,10,blackmass,4.529,0.0906
2026-09-14,천안,11,pack_ev,0.0,0.0
2026-09-14,천안,11,pack_ess,0.0,0.0
2026-09-14,천안,11,blackmass,4.529,0.0906
2026-09-14,천안,12,pack_ev,0.0,0.0
2026-09-14,천안,12,pack_ess,0.0,0.0
2026-09-14,천안,12,blackmass,4.529,0.0906
2026-09-14,천안,13,pack_ev,0.0,0.0
2026-09-14,천안,13,pack_ess,0.0,0.0
2026-09-14,천안,13,blackmass,4.529,0.0906
2026-09-14,천안,14,pack_ev,0.0,0.0
2026-09-14,천안,14,pack_ess,0.0,0.0
2026-09-14,천안,14,blackmass,4.529,0.0906
2026-09-14,천안,15,pack_ev,0.0,0.0
2026-09-14,천안,15,pack_ess,0.0,0.0
2026-09-14,천안,15,blackmass,4.529,0.0906
2026-09-14,천안,16,pack_ev,0.0,0.0
2026-09-14,천안,16,pack_ess,0.0,0.0
2026-09-14,천안,16,blackmass,4.529,0.0906
2026-09-14,천안,17,pack_ev,0.0,0.0
2026-09-14,천안,17,pack_ess,0.0,0.0
2026-09-14,천안,17,blackmass,4.529,0.0906
2026-09-14,천안,18,pack_ev,0.0,0.0
2026-09-14,천안,18,pack_ess,0.0,0.0
2026-09-14,천안,18,blackmass,0.0,0.0
2026-09-14,천안,19,pack_ev,0.0,0.0
2026-09-14,천안,19,pack_ess,0.0,0.0
2026-09-14,천안,19,blackmass,0.0,0.0
2026-09-14,천안,20,pack_ev,0.0,0.0
2026-09-14,천안,20,pack_ess,0.0,0.0
2026-09-14,천안,20,blackmass,0.0,0.0
2026-09-14,천안,21,pack_ev,0.0,0.0
2026-09-14,천안,21,pack_ess,0.0,0.0
2026-09-14,천안,21,blackmass,0.0,0.0
2026-09-14,천안,22,pack_ev,0.0,0.0
2026-09-14,천안,22,pack_ess,0.0,0.0
2026-09-14,천안,22,blackmass,0.0,0.0
2026-09-14,천안,23,pack_ev,0.0,0.0
2026-09-14,천안,23,pack_ess,0.0,0.0
2026-09-14,천안,23,blackmass,0.0,0.0
2026-09-15,서화성,0,pack_ev,0.0,0.0
2026-09-15,서화성,0,pack_ess,0.0,0.0
2026-09-15,서화성,0,blackmass,0.0,0.0
2026-09-15,서화성,1,pack_ev,0.0,0.0
2026-09-15,서화성,1,pack_ess,0.0,0.0
2026-09-15,서화성,1,blackmass,0.0,0.0
2026-09-15,서화성,2,pack_ev,0.0,0.0
2026-09-15,서화성,2,pack_ess,0.0,0.0
2026-09-15,서화성,2,blackmass,0.0,0.0
2026-09-15,서화성,3,pack_ev,0.0,0.0
2026-09-15,서화성,3,pack_ess,0.0,0.0
2026-09-15,서화성,3,blackmass,0.0,0.0
2026-09-15,서화성,4,pack_ev,0.0,0.0
2026-09-15,서화성,4,pack_ess,0.0,0.0
2026-09-15,서화성,4,blackmass,0.0,0.0
2026-09-15,서화성,5,pack_ev,0.0,0.0
2026-09-15,서화성,5,pack_ess,0.0,0.0
2026-09-15,서화성,5,blackmass,0.0,0.0
2026-09-15,서화성,6,pack_ev,0.0,0.0
2026-09-15,서화성,6,pack_ess,0.0,0.0
2026-09-15,서화성,6,blackmass,0.0,0.0
2026-09-15,서화성,7,pack_ev,0.0,0.0
2026-09-15,서화성,7,pack_ess,0.0,0.0
2026-09-15,서화성,7,blackmass,0.0,0.0
2026-09-15,서화성,8,pack_ev,0.0,0.0
2026-09-15,서화성,8,pack_ess,0.0,0.0
2026-09-15,서화성,8,blackmass,0.0,0.0
2026-09-15,서화성,9,pack_ev,0.0,0.0
2026-09-15,서화성,9,pack_ess,0.0,0.0
2026-09-15,서화성,9,blackmass,0.0,0.0
2026-09-15,서화성,10,pack_ev,0.0,0.0
2026-09-15,서화성,10,pack_ess,0.0,0.0
2026-09-15,서화성,10,blackmass,0.0,0.0
2026-09-15,서화성,11,pack_ev,0.0,0.0
2026-09-15,서화성,11,pack_ess,0.0,0.0
2026-09-15,서화성,11,blackmass,0.0,0.0
2026-09-15,서화성,12,pack_ev,0.0,0.0
2026-09-15,서화성,12,pack_ess,0.0,0.0
2026-09-15,서화성,12,blackmass,0.0,0.0
2026-09-15,서화성,13,pack_ev,0.0,0.0
2026-09-15,서화성,13,pack_ess,0.0,0.0
2026-09-15,서화성,13,blackmass,0.0,0.0
2026-09-15,서화성,14,pack_ev,0.0,0.0
2026-09-15,서화성,14,pack_ess,0.0,0.0
2026-09-15,서화성,14,blackmass,0.0,0.0
2026-09-15,서화성,15,pack_ev,0.0,0.0
2026-09-15,서화성,15,pack_ess,0.0,0.0
2026-09-15,서화성,15,blackmass,0.0,0.0
2026-09-15,서화성,16,pack_ev,0.0,0.0
2026-09-15,서화성,16,pack_ess,0.0,0.0
2026-09-15,서화성,16,blackmass,0.0,0.0
2026-09-15,서화성,17,pack_ev,0.0,0.0
2026-09-15,서화성,17,pack_ess,0.0,0.0
2026-09-15,서화성,17,blackmass,0.0,0.0
2026-09-15,서화성,18,pack_ev,0.0,0.0
2026-09-15,서화성,18,pack_ess,0.0,0.0
2026-09-15,서화성,18,blackmass,0.0,0.0
2026-09-15,서화성,19,pack_ev,0.0,0.0
2026-09-15,서화성,19,pack_ess,0.0,0.0
2026-09-15,서화성,19,blackmass,0.0,0.0
2026-09-15,서화성,20,pack_ev,0.0,0.0
2026-09-15,서화성,20,pack_ess,0.0,0.0
2026-09-15,서화성,20,blackmass,0.0,0.0
2026-09-15,서화성,21,pack_ev,0.0,0.0
2026-09-15,서화성,21,pack_ess,0.0,0.0
2026-09-15,서화성,21,blackmass,0.0,0.0
2026-09-15,서화성,22,pack_ev,0.0,0.0
2026-09-15,서화성,22,pack_ess,0.0,0.0
2026-09-15,서화성,22,blackmass,0.0,0.0
2026-09-15,서화성,23,pack_ev,0.0,0.0
2026-09-15,서화성,23,pack_ess,0.0,0.0
2026-09-15,서화성,23,blackmass,0.0,0.0
2026-09-15,신례원,0,pack_ev,0.0,0.0
2026-09-15,신례원,0,pack_ess,0.0,0.0
2026-09-15,신례원,0,blackmass,0.0,0.0
2026-09-15,신례원,1,pack_ev,0.0,0.0
2026-09-15,신례원,1,pack_ess,0.0,0.0
2026-09-15,신례원,1,blackmass,0.0,0.0
2026-09-15,신례원,2,pack_ev,0.0,0.0
2026-09-15,신례원,2,pack_ess,0.0,0.0
2026-09-15,신례원,2,blackmass,0.0,0.0
2026-09-15,신례원,3,pack_ev,0.0,0.0
2026-09-15,신례원,3,pack_ess,0.0,0.0
2026-09-15,신례원,3,blackmass,0.0,0.0
2026-09-15,신례원,4,pack_ev,0.0,0.0
2026-09-15,신례원,4,pack_ess,0.0,0.0
2026-09-15,신례원,4,blackmass,0.0,0.0
2026-09-15,신례원,5,pack_ev,0.0,0.0
2026-09-15,신례원,5,pack_ess,0.0,0.0
2026-09-15,신례원,5,blackmass,0.0,0.0
2026-09-15,신례원,6,pack_ev,0.0,0.0
2026-09-15,신례원,6,pack_ess,0.0,0.0
2026-09-15,신례원,6,blackmass,0.0,0.0
2026-09-15,신례원,7,pack_ev,0.0,0.0
2026-09-15,신례원,7,pack_ess,0.0,0.0
2026-09-15,신례원,7,blackmass,0.0,0.0
2026-09-15,신례원,8,pack_ev,0.0,0.0
2026-09-15,신례원,8,pack_ess,0.0,0.0
2026-09-15,신례원,8,blackmass,0.0,0.0
2026-09-15,신례원,9,pack_ev,0.0,0.0
2026-09-15,신례원,9,pack_ess,0.0,0.0
2026-09-15,신례원,9,blackmass,0.0,0.0
2026-09-15,신례원,10,pack_ev,0.0,0.0
2026-09-15,신례원,10,pack_ess,0.0,0.0
2026-09-15,신례원,10,blackmass,0.0,0.0
2026-09-15,신례원,11,pack_ev,0.0,0.0
2026-09-15,신례원,11,pack_ess,0.0,0.0
2026-09-15,신례원,11,blackmass,0.0,0.0
2026-09-15,신례원,12,pack_ev,0.0,0.0
2026-09-15,신례원,12,pack_ess,0.0,0.0
2026-09-15,신례원,12,blackmass,0.0,0.0
2026-09-15,신례원,13,pack_ev,0.0,0.0
2026-09-15,신례원,13,pack_ess,0.0,0.0
2026-09-15,신례원,13,blackmass,0.0,0.0
2026-09-15,신례원,14,pack_ev,0.0,0.0
2026-09-15,신례원,14,pack_ess,0.0,0.0
2026-09-15,신례원,14,blackmass,0.0,0.0
2026-09-15,신례원,15,pack_ev,0.0,0.0
2026-09-15,신례원,15,pack_ess,0.0,0.0
2026-09-15,신례원,15,blackmass,0.0,0.0
2026-09-15,신례원,16,pack_ev,0.0,0.0
2026-09-15,신례원,16,pack_ess,0.0,0.0
2026-09-15,신례원,16,blackmass,0.0,0.0
2026-09-15,신례원,17,pack_ev,0.0,0.0
2026-09-15,신례원,17,pack_ess,0.0,0.0
2026-09-15,신례원,17,blackmass,0.0,0.0
2026-09-15,신례원,18,pack_ev,0.0,0.0
2026-09-15,신례원,18,pack_ess,0.0,0.0
2026-09-15,신례원,18,blackmass,0.0,0.0
2026-09-15,신례원,19,pack_ev,0.0,0.0
2026-09-15,신례원,19,pack_ess,0.0,0.0
2026-09-15,신례원,19,blackmass,0.0,0.0
2026-09-15,신례원,20,pack_ev,0.0,0.0
2026-09-15,신례원,20,pack_ess,0.0,0.0
2026-09-15,신례원,20,blackmass,0.0,0.0
2026-09-15,신례원,21,pack_ev,0.0,0.0
2026-09-15,신례원,21,pack_ess,0.0,0.0
2026-09-15,신례원,21,blackmass,0.0,0.0
2026-09-15,신례원,22,pack_ev,0.0,0.0
2026-09-15,신례원,22,pack_ess,0.0,0.0
2026-09-15,신례원,22,blackmass,0.0,0.0
2026-09-15,신례원,23,pack_ev,0.0,0.0
2026-09-15,신례원,23,pack_ess,0.0,0.0
2026-09-15,신례원,23,blackmass,0.0,0.0
2026-09-15,안중,0,pack_ev,0.0,0.0
2026-09-15,안중,0,pack_ess,0.0,0.0
2026-09-15,안중,0,blackmass,0.0,0.0
2026-09-15,안중,1,pack_ev,0.0,0.0
2026-09-15,안중,1,pack_ess,0.0,0.0
2026-09-15,안중,1,blackmass,0.0,0.0
2026-09-15,안중,2,pack_ev,0.0,0.0
2026-09-15,안중,2,pack_ess,0.0,0.0
2026-09-15,안중,2,blackmass,0.0,0.0
2026-09-15,안중,3,pack_ev,0.0,0.0
2026-09-15,안중,3,pack_ess,0.0,0.0
2026-09-15,안중,3,blackmass,0.0,0.0
2026-09-15,안중,4,pack_ev,0.0,0.0
2026-09-15,안중,4,pack_ess,0.0,0.0
2026-09-15,안중,4,blackmass,0.0,0.0
2026-09-15,안중,5,pack_ev,0.0,0.0
2026-09-15,안중,5,pack_ess,0.0,0.0
2026-09-15,안중,5,blackmass,0.0,0.0
2026-09-15,안중,6,pack_ev,0.0,0.0
2026-09-15,안중,6,pack_ess,0.0,0.0
2026-09-15,안중,6,blackmass,0.0,0.0
2026-09-15,안중,7,pack_ev,0.0,0.0
2026-09-15,안중,7,pack_ess,0.0,0.0
2026-09-15,안중,7,blackmass,0.0,0.0
2026-09-15,안중,8,pack_ev,0.0,0.0
2026-09-15,안중,8,pack_ess,0.0,0.0
2026-09-15,안중,8,blackmass,0.0,0.0
2026-09-15,안중,9,pack_ev,0.0,0.0
2026-09-15,안중,9,pack_ess,0.0,0.0
2026-09-15,안중,9,blackmass,0.0,0.0
2026-09-15,안중,10,pack_ev,0.0,0.0
2026-09-15,안중,10,pack_ess,0.0,0.0
2026-09-15,안중,10,blackmass,0.0,0.0
2026-09-15,안중,11,pack_ev,0.0,0.0
2026-09-15,안중,11,pack_ess,0.0,0.0
2026-09-15,안중,11,blackmass,0.0,0.0
2026-09-15,안중,12,pack_ev,0.0,0.0
2026-09-15,안중,12,pack_ess,0.0,0.0
2026-09-15,안중,12,blackmass,0.0,0.0
2026-09-15,안중,13,pack_ev,0.0,0.0
2026-09-15,안중,13,pack_ess,0.0,0.0
2026-09-15,안중,13,blackmass,0.0,0.0
2026-09-15,안중,14,pack_ev,0.0,0.0
2026-09-15,안중,14,pack_ess,0.0,0.0
2026-09-15,안중,14,blackmass,0.0,0.0
2026-09-15,안중,15,pack_ev,0.0,0.0
2026-09-15,안중,15,pack_ess,0.0,0.0
2026-09-15,안중,15,blackmass,0.0,0.0
2026-09-15,안중,16,pack_ev,0.0,0.0
2026-09-15,안중,16,pack_ess,0.0,0.0
2026-09-15,안중,16,blackmass,0.0,0.0
2026-09-15,안중,17,pack_ev,0.0,0.0
2026-09-15,안중,17,pack_ess,0.0,0.0
2026-09-15,안중,17,blackmass,0.0,0.0
2026-09-15,안중,18,pack_ev,0.0,0.0
2026-09-15,안중,18,pack_ess,0.0,0.0
2026-09-15,안중,18,blackmass,0.0,0.0
2026-09-15,안중,19,pack_ev,0.0,0.0
2026-09-15,안중,19,pack_ess,0.0,0.0
2026-09-15,안중,19,blackmass,0.0,0.0
2026-09-15,안중,20,pack_ev,0.0,0.0
2026-09-15,안중,20,pack_ess,0.0,0.0
2026-09-15,안중,20,blackmass,0.0,0.0
2026-09-15,안중,21,pack_ev,0.0,0.0
2026-09-15,안중,21,pack_ess,0.0,0.0
2026-09-15,안중,21,blackmass,0.0,0.0
2026-09-15,안중,22,pack_ev,0.0,0.0
2026-09-15,안중,22,pack_ess,0.0,0.0
2026-09-15,안중,22,blackmass,0.0,0.0
2026-09-15,안중,23,pack_ev,0.0,0.0
2026-09-15,안중,23,pack_ess,0.0,0.0
2026-09-15,안중,23,blackmass,0.0,0.0
2026-09-15,천안,0,pack_ev,0.0,0.0
2026-09-15,천안,0,pack_ess,0.0,0.0
2026-09-15,천안,0,blackmass,0.0,0.0
2026-09-15,천안,1,pack_ev,0.0,0.0
2026-09-15,천안,1,pack_ess,0.0,0.0
2026-09-15,천안,1,blackmass,0.0,0.0
2026-09-15,천안,2,pack_ev,0.0,0.0
2026-09-15,천안,2,pack_ess,0.0,0.0
2026-09-15,천안,2,blackmass,0.0,0.0
2026-09-15,천안,3,pack_ev,0.0,0.0
2026-09-15,천안,3,pack_ess,0.0,0.0
2026-09-15,천안,3,blackmass,0.0,0.0
2026-09-15,천안,4,pack_ev,0.0,0.0
2026-09-15,천안,4,pack_ess,0.0,0.0
2026-09-15,천안,4,blackmass,0.0,0.0
2026-09-15,천안,5,pack_ev,0.0,0.0
2026-09-15,천안,5,pack_ess,0.0,0.0
2026-09-15,천안,5,blackmass,0.0,0.0
2026-09-15,천안,6,pack_ev,0.0,0.0
2026-09-15,천안,6,pack_ess,0.0,0.0
2026-09-15,천안,6,blackmass,0.0,0.0
2026-09-15,천안,7,pack_ev,0.0,0.0
2026-09-15,천안,7,pack_ess,0.0,0.0
2026-09-15,천안,7,blackmass,0.0,0.0
2026-09-15,천안,8,pack_ev,0.0,0.0
2026-09-15,천안,8,pack_ess,0.0,0.0
2026-09-15,천안,8,blackmass,0.0,0.0
2026-09-15,천안,9,pack_ev,0.0,0.0
2026-09-15,천안,9,pack_ess,0.0,0.0
2026-09-15,천안,9,blackmass,0.0,0.0
2026-09-15,천안,10,pack_ev,0.0,0.0
2026-09-15,천안,10,pack_ess,0.0,0.0
2026-09-15,천안,10,blackmass,0.0,0.0
2026-09-15,천안,11,pack_ev,0.0,0.0
2026-09-15,천안,11,pack_ess,0.0,0.0
2026-09-15,천안,11,blackmass,0.0,0.0
2026-09-15,천안,12,pack_ev,0.0,0.0
2026-09-15,천안,12,pack_ess,0.0,0.0
2026-09-15,천안,12,blackmass,0.0,0.0
2026-09-15,천안,13,pack_ev,0.0,0.0
2026-09-15,천안,13,pack_ess,0.0,0.0
2026-09-15,천안,13,blackmass,0.0,0.0
2026-09-15,천안,14,pack_ev,0.0,0.0
2026-09-15,천안,14,pack_ess,0.0,0.0
2026-09-15,천안,14,blackmass,0.0,0.0
2026-09-15,천안,15,pack_ev,0.0,0.0
2026-09-15,천안,15,pack_ess,0.0,0.0
2026-09-15,천안,15,blackmass,0.0,0.0
2026-09-15,천안,16,pack_ev,0.0,0.0
2026-09-15,천안,16,pack_ess,0.0,0.0
2026-09-15,천안,16,blackmass,0.0,0.0
2026-09-15,천안,17,pack_ev,0.0,0.0
2026-09-15,천안,17,pack_ess,0.0,0.0
2026-09-15,천안,17,blackmass,0.0,0.0
2026-09-15,천안,18,pack_ev,0.0,0.0
2026-09-15,천안,18,pack_ess,0.0,0.0
2026-09-15,천안,18,blackmass,0.0,0.0
2026-09-15,천안,19,pack_ev,0.0,0.0
2026-09-15,천안,19,pack_ess,0.0,0.0
2026-09-15,천안,19,blackmass,0.0,0.0
2026-09-15,천안,20,pack_ev,0.0,0.0
2026-09-15,천안,20,pack_ess,0.0,0.0
2026-09-15,천안,20,blackmass,0.0,0.0
2026-09-15,천안,21,pack_ev,0.0,0.0
2026-09-15,천안,21,pack_ess,0.0,0.0
2026-09-15,천안,21,blackmass,0.0,0.0
2026-09-15,천안,22,pack_ev,0.0,0.0
2026-09-15,천안,22,pack_ess,0.0,0.0
2026-09-15,천안,22,blackmass,0.0,0.0
2026-09-15,천안,23,pack_ev,0.0,0.0
2026-09-15,천안,23,pack_ess,0.0,0.0
2026-09-15,천안,23,blackmass,0.0,0.0
2026-09-16,서화성,0,pack_ev,0.0,0.0
2026-09-16,서화성,0,pack_ess,0.0,0.0
2026-09-16,서화성,0,blackmass,0.0,0.0
2026-09-16,서화성,1,pack_ev,0.0,0.0
2026-09-16,서화성,1,pack_ess,0.0,0.0
2026-09-16,서화성,1,blackmass,0.0,0.0
2026-09-16,서화성,2,pack_ev,0.0,0.0
2026-09-16,서화성,2,pack_ess,0.0,0.0
2026-09-16,서화성,2,blackmass,0.0,0.0
2026-09-16,서화성,3,pack_ev,0.0,0.0
2026-09-16,서화성,3,pack_ess,0.0,0.0
2026-09-16,서화성,3,blackmass,0.0,0.0
2026-09-16,서화성,4,pack_ev,0.0,0.0
2026-09-16,서화성,4,pack_ess,0.0,0.0
2026-09-16,서화성,4,blackmass,0.0,0.0
2026-09-16,서화성,5,pack_ev,0.0,0.0
2026-09-16,서화성,5,pack_ess,0.0,0.0
2026-09-16,서화성,5,blackmass,0.0,0.0
2026-09-16,서화성,6,pack_ev,0.0,0.0
2026-09-16,서화성,6,pack_ess,0.0,0.0
2026-09-16,서화성,6,blackmass,0.0,0.0
2026-09-16,서화성,7,pack_ev,0.0,0.0
2026-09-16,서화성,7,pack_ess,0.0,0.0
2026-09-16,서화성,7,blackmass,0.0,0.0
2026-09-16,서화성,8,pack_ev,0.0,0.0
2026-09-16,서화성,8,pack_ess,0.0,0.0
2026-09-16,서화성,8,blackmass,0.0,0.0
2026-09-16,서화성,9,pack_ev,0.0,0.0
2026-09-16,서화성,9,pack_ess,0.0,0.0
2026-09-16,서화성,9,blackmass,0.0,0.0
2026-09-16,서화성,10,pack_ev,0.0,0.0
2026-09-16,서화성,10,pack_ess,0.0,0.0
2026-09-16,서화성,10,blackmass,0.0,0.0
2026-09-16,서화성,11,pack_ev,0.0,0.0
2026-09-16,서화성,11,pack_ess,0.0,0.0
2026-09-16,서화성,11,blackmass,0.0,0.0
2026-09-16,서화성,12,pack_ev,0.0,0.0
2026-09-16,서화성,12,pack_ess,0.0,0.0
2026-09-16,서화성,12,blackmass,0.0,0.0
2026-09-16,서화성,13,pack_ev,0.0,0.0
2026-09-16,서화성,13,pack_ess,0.0,0.0
2026-09-16,서화성,13,blackmass,0.0,0.0
2026-09-16,서화성,14,pack_ev,0.0,0.0
2026-09-16,서화성,14,pack_ess,0.0,0.0
2026-09-16,서화성,14,blackmass,0.0,0.0
2026-09-16,서화성,15,pack_ev,0.0,0.0
2026-09-16,서화성,15,pack_ess,0.0,0.0
2026-09-16,서화성,15,blackmass,0.0,0.0
2026-09-16,서화성,16,pack_ev,0.0,0.0
2026-09-16,서화성,16,pack_ess,0.0,0.0
2026-09-16,서화성,16,blackmass,0.0,0.0
2026-09-16,서화성,17,pack_ev,0.0,0.0
2026-09-16,서화성,17,pack_ess,0.0,0.0
2026-09-16,서화성,17,blackmass,0.0,0.0
2026-09-16,서화성,18,pack_ev,0.0,0.0
2026-09-16,서화성,18,pack_ess,0.0,0.0
2026-09-16,서화성,18,blackmass,0.0,0.0
2026-09-16,서화성,19,pack_ev,0.0,0.0
2026-09-16,서화성,19,pack_ess,0.0,0.0
2026-09-16,서화성,19,blackmass,0.0,0.0
2026-09-16,서화성,20,pack_ev,0.0,0.0
2026-09-16,서화성,20,pack_ess,0.0,0.0
2026-09-16,서화성,20,blackmass,0.0,0.0
2026-09-16,서화성,21,pack_ev,0.0,0.0
2026-09-16,서화성,21,pack_ess,0.0,0.0
2026-09-16,서화성,21,blackmass,0.0,0.0
2026-09-16,서화성,22,pack_ev,0.0,0.0
2026-09-16,서화성,22,pack_ess,0.0,0.0
2026-09-16,서화성,22,blackmass,0.0,0.0
2026-09-16,서화성,23,pack_ev,0.0,0.0
2026-09-16,서화성,23,pack_ess,0.0,0.0
2026-09-16,서화성,23,blackmass,0.0,0.0
2026-09-16,신례원,0,pack_ev,0.0,0.0
2026-09-16,신례원,0,pack_ess,0.0,0.0
2026-09-16,신례원,0,blackmass,0.0,0.0
2026-09-16,신례원,1,pack_ev,0.0,0.0
2026-09-16,신례원,1,pack_ess,0.0,0.0
2026-09-16,신례원,1,blackmass,0.0,0.0
2026-09-16,신례원,2,pack_ev,0.0,0.0
2026-09-16,신례원,2,pack_ess,0.0,0.0
2026-09-16,신례원,2,blackmass,0.0,0.0
2026-09-16,신례원,3,pack_ev,0.0,0.0
2026-09-16,신례원,3,pack_ess,0.0,0.0
2026-09-16,신례원,3,blackmass,0.0,0.0
2026-09-16,신례원,4,pack_ev,0.0,0.0
2026-09-16,신례원,4,pack_ess,0.0,0.0
2026-09-16,신례원,4,blackmass,0.0,0.0
2026-09-16,신례원,5,pack_ev,0.0,0.0
2026-09-16,신례원,5,pack_ess,0.0,0.0
2026-09-16,신례원,5,blackmass,0.0,0.0
2026-09-16,신례원,6,pack_ev,0.0,0.0
2026-09-16,신례원,6,pack_ess,0.0,0.0
2026-09-16,신례원,6,blackmass,0.0,0.0
2026-09-16,신례원,7,pack_ev,0.0,0.0
2026-09-16,신례원,7,pack_ess,0.0,0.0
2026-09-16,신례원,7,blackmass,0.0,0.0
2026-09-16,신례원,8,pack_ev,0.0,0.0
2026-09-16,신례원,8,pack_ess,0.0,0.0
2026-09-16,신례원,8,blackmass,0.0,0.0
2026-09-16,신례원,9,pack_ev,0.0,0.0
2026-09-16,신례원,9,pack_ess,0.0,0.0
2026-09-16,신례원,9,blackmass,0.0,0.0
2026-09-16,신례원,10,pack_ev,0.0,0.0
2026-09-16,신례원,10,pack_ess,0.0,0.0
2026-09-16,신례원,10,blackmass,0.0,0.0
2026-09-16,신례원,11,pack_ev,0.0,0.0
2026-09-16,신례원,11,pack_ess,0.0,0.0
2026-09-16,신례원,11,blackmass,0.0,0.0
2026-09-16,신례원,12,pack_ev,0.0,0.0
2026-09-16,신례원,12,pack_ess,0.0,0.0
2026-09-16,신례원,12,blackmass,0.0,0.0
2026-09-16,신례원,13,pack_ev,0.0,0.0
2026-09-16,신례원,13,pack_ess,0.0,0.0
2026-09-16,신례원,13,blackmass,0.0,0.0
2026-09-16,신례원,14,pack_ev,0.0,0.0
2026-09-16,신례원,14,pack_ess,0.0,0.0
2026-09-16,신례원,14,blackmass,0.0,0.0
2026-09-16,신례원,15,pack_ev,0.0,0.0
2026-09-16,신례원,15,pack_ess,0.0,0.0
2026-09-16,신례원,15,blackmass,0.0,0.0
2026-09-16,신례원,16,pack_ev,0.0,0.0
2026-09-16,신례원,16,pack_ess,0.0,0.0
2026-09-16,신례원,16,blackmass,0.0,0.0
2026-09-16,신례원,17,pack_ev,0.0,0.0
2026-09-16,신례원,17,pack_ess,0.0,0.0
2026-09-16,신례원,17,blackmass,0.0,0.0
2026-09-16,신례원,18,pack_ev,0.0,0.0
2026-09-16,신례원,18,pack_ess,0.0,0.0
2026-09-16,신례원,18,blackmass,0.0,0.0
2026-09-16,신례원,19,pack_ev,0.0,0.0
2026-09-16,신례원,19,pack_ess,0.0,0.0
2026-09-16,신례원,19,blackmass,0.0,0.0
2026-09-16,신례원,20,pack_ev,0.0,0.0
2026-09-16,신례원,20,pack_ess,0.0,0.0
2026-09-16,신례원,20,blackmass,0.0,0.0
2026-09-16,신례원,21,pack_ev,0.0,0.0
2026-09-16,신례원,21,pack_ess,0.0,0.0
2026-09-16,신례원,21,blackmass,0.0,0.0
2026-09-16,신례원,22,pack_ev,0.0,0.0
2026-09-16,신례원,22,pack_ess,0.0,0.0
2026-09-16,신례원,22,blackmass,0.0,0.0
2026-09-16,신례원,23,pack_ev,0.0,0.0
2026-09-16,신례원,23,pack_ess,0.0,0.0
2026-09-16,신례원,23,blackmass,0.0,0.0
2026-09-16,안중,0,pack_ev,0.0,0.0
2026-09-16,안중,0,pack_ess,0.0,0.0
2026-09-16,안중,0,blackmass,0.0,0.0
2026-09-16,안중,1,pack_ev,0.0,0.0
2026-09-16,안중,1,pack_ess,0.0,0.0
2026-09-16,안중,1,blackmass,0.0,0.0
2026-09-16,안중,2,pack_ev,0.0,0.0
2026-09-16,안중,2,pack_ess,0.0,0.0
2026-09-16,안중,2,blackmass,0.0,0.0
2026-09-16,안중,3,pack_ev,0.0,0.0
2026-09-16,안중,3,pack_ess,0.0,0.0
2026-09-16,안중,3,blackmass,0.0,0.0
2026-09-16,안중,4,pack_ev,0.0,0.0
2026-09-16,안중,4,pack_ess,0.0,0.0
2026-09-16,안중,4,blackmass,0.0,0.0
2026-09-16,안중,5,pack_ev,0.0,0.0
2026-09-16,안중,5,pack_ess,0.0,0.0
2026-09-16,안중,5,blackmass,0.0,0.0
2026-09-16,안중,6,pack_ev,0.0,0.0
2026-09-16,안중,6,pack_ess,0.0,0.0
2026-09-16,안중,6,blackmass,0.0,0.0
2026-09-16,안중,7,pack_ev,0.0,0.0
2026-09-16,안중,7,pack_ess,0.0,0.0
2026-09-16,안중,7,blackmass,0.0,0.0
2026-09-16,안중,8,pack_ev,0.0,0.0
2026-09-16,안중,8,pack_ess,0.0,0.0
2026-09-16,안중,8,blackmass,0.0,0.0
2026-09-16,안중,9,pack_ev,0.0,0.0
2026-09-16,안중,9,pack_ess,0.0,0.0
2026-09-16,안중,9,blackmass,0.0,0.0
2026-09-16,안중,10,pack_ev,0.0,0.0
2026-09-16,안중,10,pack_ess,0.0,0.0
2026-09-16,안중,10,blackmass,0.0,0.0
2026-09-16,안중,11,pack_ev,0.0,0.0
2026-09-16,안중,11,pack_ess,0.0,0.0
2026-09-16,안중,11,blackmass,0.0,0.0
2026-09-16,안중,12,pack_ev,0.0,0.0
2026-09-16,안중,12,pack_ess,0.0,0.0
2026-09-16,안중,12,blackmass,0.0,0.0
2026-09-16,안중,13,pack_ev,0.0,0.0
2026-09-16,안중,13,pack_ess,0.0,0.0
2026-09-16,안중,13,blackmass,0.0,0.0
2026-09-16,안중,14,pack_ev,0.0,0.0
2026-09-16,안중,14,pack_ess,0.0,0.0
2026-09-16,안중,14,blackmass,0.0,0.0
2026-09-16,안중,15,pack_ev,0.0,0.0
2026-09-16,안중,15,pack_ess,0.0,0.0
2026-09-16,안중,15,blackmass,0.0,0.0
2026-09-16,안중,16,pack_ev,0.0,0.0
2026-09-16,안중,16,pack_ess,0.0,0.0
2026-09-16,안중,16,blackmass,0.0,0.0
2026-09-16,안중,17,pack_ev,0.0,0.0
2026-09-16,안중,17,pack_ess,0.0,0.0
2026-09-16,안중,17,blackmass,0.0,0.0
2026-09-16,안중,18,pack_ev,0.0,0.0
2026-09-16,안중,18,pack_ess,0.0,0.0
2026-09-16,안중,18,blackmass,0.0,0.0
2026-09-16,안중,19,pack_ev,0.0,0.0
2026-09-16,안중,19,pack_ess,0.0,0.0
2026-09-16,안중,19,blackmass,0.0,0.0
2026-09-16,안중,20,pack_ev,0.0,0.0
2026-09-16,안중,20,pack_ess,0.0,0.0
2026-09-16,안중,20,blackmass,0.0,0.0
2026-09-16,안중,21,pack_ev,0.0,0.0
2026-09-16,안중,21,pack_ess,0.0,0.0
2026-09-16,안중,21,blackmass,0.0,0.0
2026-09-16,안중,22,pack_ev,0.0,0.0
2026-09-16,안중,22,pack_ess,0.0,0.0
2026-09-16,안중,22,blackmass,0.0,0.0
2026-09-16,안중,23,pack_ev,0.0,0.0
2026-09-16,안중,23,pack_ess,0.0,0.0
2026-09-16,안중,23,blackmass,0.0,0.0
2026-09-16,천안,0,pack_ev,0.0,0.0
2026-09-16,천안,0,pack_ess,0.0,0.0
2026-09-16,천안,0,blackmass,0.0,0.0
2026-09-16,천안,1,pack_ev,0.0,0.0
2026-09-16,천안,1,pack_ess,0.0,0.0
2026-09-16,천안,1,blackmass,0.0,0.0
2026-09-16,천안,2,pack_ev,0.0,0.0
2026-09-16,천안,2,pack_ess,0.0,0.0
2026-09-16,천안,2,blackmass,0.0,0.0
2026-09-16,천안,3,pack_ev,0.0,0.0
2026-09-16,천안,3,pack_ess,0.0,0.0
2026-09-16,천안,3,blackmass,0.0,0.0
2026-09-16,천안,4,pack_ev,0.0,0.0
2026-09-16,천안,4,pack_ess,0.0,0.0
2026-09-16,천안,4,blackmass,0.0,0.0
2026-09-16,천안,5,pack_ev,0.0,0.0
2026-09-16,천안,5,pack_ess,0.0,0.0
2026-09-16,천안,5,blackmass,0.0,0.0
2026-09-16,천안,6,pack_ev,0.0,0.0
2026-09-16,천안,6,pack_ess,0.0,0.0
2026-09-16,천안,6,blackmass,0.0,0.0
2026-09-16,천안,7,pack_ev,0.0,0.0
2026-09-16,천안,7,pack_ess,0.0,0.0
2026-09-16,천안,7,blackmass,0.0,0.0
2026-09-16,천안,8,pack_ev,0.0,0.0
2026-09-16,천안,8,pack_ess,0.0,0.0
2026-09-16,천안,8,blackmass,0.0,0.0
2026-09-16,천안,9,pack_ev,0.0,0.0
2026-09-16,천안,9,pack_ess,0.0,0.0
2026-09-16,천안,9,blackmass,0.0,0.0
2026-09-16,천안,10,pack_ev,0.0,0.0
2026-09-16,천안,10,pack_ess,0.0,0.0
2026-09-16,천안,10,blackmass,0.0,0.0
2026-09-16,천안,11,pack_ev,0.0,0.0
2026-09-16,천안,11,pack_ess,0.0,0.0
2026-09-16,천안,11,blackmass,0.0,0.0
2026-09-16,천안,12,pack_ev,0.0,0.0
2026-09-16,천안,12,pack_ess,0.0,0.0
2026-09-16,천안,12,blackmass,0.0,0.0
2026-09-16,천안,13,pack_ev,0.0,0.0
2026-09-16,천안,13,pack_ess,0.0,0.0
2026-09-16,천안,13,blackmass,0.0,0.0
2026-09-16,천안,14,pack_ev,0.0,0.0
2026-09-16,천안,14,pack_ess,0.0,0.0
2026-09-16,천안,14,blackmass,0.0,0.0
2026-09-16,천안,15,pack_ev,0.0,0.0
2026-09-16,천안,15,pack_ess,0.0,0.0
2026-09-16,천안,15,blackmass,0.0,0.0
2026-09-16,천안,16,pack_ev,0.0,0.0
2026-09-16,천안,16,pack_ess,0.0,0.0
2026-09-16,천안,16,blackmass,0.0,0.0
2026-09-16,천안,17,pack_ev,0.0,0.0
2026-09-16,천안,17,pack_ess,0.0,0.0
2026-09-16,천안,17,blackmass,0.0,0.0
2026-09-16,천안,18,pack_ev,0.0,0.0
2026-09-16,천안,18,pack_ess,0.0,0.0
2026-09-16,천안,18,blackmass,0.0,0.0
2026-09-16,천안,19,pack_ev,0.0,0.0
2026-09-16,천안,19,pack_ess,0.0,0.0
2026-09-16,천안,19,blackmass,0.0,0.0
2026-09-16,천안,20,pack_ev,0.0,0.0
2026-09-16,천안,20,pack_ess,0.0,0.0
2026-09-16,천안,20,blackmass,0.0,0.0
2026-09-16,천안,21,pack_ev,0.0,0.0
2026-09-16,천안,21,pack_ess,0.0,0.0
2026-09-16,천안,21,blackmass,0.0,0.0
2026-09-16,천안,22,pack_ev,0.0,0.0
2026-09-16,천안,22,pack_ess,0.0,0.0
2026-09-16,천안,22,blackmass,0.0,0.0
2026-09-16,천안,23,pack_ev,0.0,0.0
2026-09-16,천안,23,pack_ess,0.0,0.0
2026-09-16,천안,23,blackmass,0.0,0.0
2026-09-17,서화성,0,pack_ev,0.0,0.0
2026-09-17,서화성,0,pack_ess,0.0,0.0
2026-09-17,서화성,0,blackmass,0.0,0.0
2026-09-17,서화성,1,pack_ev,0.0,0.0
2026-09-17,서화성,1,pack_ess,0.0,0.0
2026-09-17,서화성,1,blackmass,0.0,0.0
2026-09-17,서화성,2,pack_ev,0.0,0.0
2026-09-17,서화성,2,pack_ess,0.0,0.0
2026-09-17,서화성,2,blackmass,0.0,0.0
2026-09-17,서화성,3,pack_ev,0.0,0.0
2026-09-17,서화성,3,pack_ess,0.0,0.0
2026-09-17,서화성,3,blackmass,0.0,0.0
2026-09-17,서화성,4,pack_ev,0.0,0.0
2026-09-17,서화성,4,pack_ess,0.0,0.0
2026-09-17,서화성,4,blackmass,0.0,0.0
2026-09-17,서화성,5,pack_ev,0.0,0.0
2026-09-17,서화성,5,pack_ess,0.0,0.0
2026-09-17,서화성,5,blackmass,0.0,0.0
2026-09-17,서화성,6,pack_ev,0.0,0.0
2026-09-17,서화성,6,pack_ess,0.0,0.0
2026-09-17,서화성,6,blackmass,0.0,0.0
2026-09-17,서화성,7,pack_ev,0.0,0.0
2026-09-17,서화성,7,pack_ess,0.0,0.0
2026-09-17,서화성,7,blackmass,0.0,0.0
2026-09-17,서화성,8,pack_ev,0.0,0.0
2026-09-17,서화성,8,pack_ess,0.0,0.0
2026-09-17,서화성,8,blackmass,0.0,0.0
2026-09-17,서화성,9,pack_ev,0.0,0.0
2026-09-17,서화성,9,pack_ess,0.0,0.0
2026-09-17,서화성,9,blackmass,0.0,0.0
2026-09-17,서화성,10,pack_ev,4.582,0.1527
2026-09-17,서화성,10,pack_ess,0.0032,0.00011
2026-09-17,서화성,10,blackmass,1.222,0.0244
2026-09-17,서화성,11,pack_ev,4.582,0.1527
2026-09-17,서화성,11,pack_ess,0.0032,0.00011
2026-09-17,서화성,11,blackmass,1.222,0.0244
2026-09-17,서화성,12,pack_ev,4.582,0.1527
2026-09-17,서화성,12,pack_ess,0.0032,0.00011
2026-09-17,서화성,12,blackmass,1.222,0.0244
2026-09-17,서화성,13,pack_ev,4.582,0.1527
2026-09-17,서화성,13,pack_ess,0.0032,0.00011
2026-09-17,서화성,13,blackmass,1.222,0.0244
2026-09-17,서화성,14,pack_ev,4.582,0.1527
2026-09-17,서화성,14,pack_ess,0.0032,0.00011
2026-09-17,서화성,14,blackmass,1.222,0.0244
2026-09-17,서화성,15,pack_ev,4.582,0.1527
2026-09-17,서화성,15,pack_ess,0.0032,0.00011
2026-09-17,서화성,15,blackmass,1.222,0.0244
2026-09-17,서화성,16,pack_ev,4.582,0.1527
2026-09-17,서화성,16,pack_ess,0.0032,0.00011
2026-09-17,서화성,16,blackmass,1.222,0.0244
2026-09-17,서화성,17,pack_ev,4.582,0.1527
2026-09-17,서화성,17,pack_ess,0.0032,0.00011
2026-09-17,서화성,17,blackmass,1.222,0.0244
2026-09-17,서화성,18,pack_ev,0.0,0.0
2026-09-17,서화성,18,pack_ess,0.0,0.0
2026-09-17,서화성,18,blackmass,0.0,0.0
2026-09-17,서화성,19,pack_ev,0.0,0.0
2026-09-17,서화성,19,pack_ess,0.0,0.0
2026-09-17,서화성,19,blackmass,0.0,0.0
2026-09-17,서화성,20,pack_ev,0.0,0.0
2026-09-17,서화성,20,pack_ess,0.0,0.0
2026-09-17,서화성,20,blackmass,0.0,0.0
2026-09-17,서화성,21,pack_ev,0.0,0.0
2026-09-17,서화성,21,pack_ess,0.0,0.0
2026-09-17,서화성,21,blackmass,0.0,0.0
2026-09-17,서화성,22,pack_ev,0.0,0.0
2026-09-17,서화성,22,pack_ess,0.0,0.0
2026-09-17,서화성,22,blackmass,0.0,0.0
2026-09-17,서화성,23,pack_ev,0.0,0.0
2026-09-17,서화성,23,pack_ess,0.0,0.0
2026-09-17,서화성,23,blackmass,0.0,0.0
2026-09-17,신례원,0,pack_ev,0.0,0.0
2026-09-17,신례원,0,pack_ess,0.0,0.0
2026-09-17,신례원,0,blackmass,0.0,0.0
2026-09-17,신례원,1,pack_ev,0.0,0.0
2026-09-17,신례원,1,pack_ess,0.0,0.0
2026-09-17,신례원,1,blackmass,0.0,0.0
2026-09-17,신례원,2,pack_ev,0.0,0.0
2026-09-17,신례원,2,pack_ess,0.0,0.0
2026-09-17,신례원,2,blackmass,0.0,0.0
2026-09-17,신례원,3,pack_ev,0.0,0.0
2026-09-17,신례원,3,pack_ess,0.0,0.0
2026-09-17,신례원,3,blackmass,0.0,0.0
2026-09-17,신례원,4,pack_ev,0.0,0.0
2026-09-17,신례원,4,pack_ess,0.0,0.0
2026-09-17,신례원,4,blackmass,0.0,0.0
2026-09-17,신례원,5,pack_ev,0.0,0.0
2026-09-17,신례원,5,pack_ess,0.0,0.0
2026-09-17,신례원,5,blackmass,0.0,0.0
2026-09-17,신례원,6,pack_ev,0.0,0.0
2026-09-17,신례원,6,pack_ess,0.0,0.0
2026-09-17,신례원,6,blackmass,0.0,0.0
2026-09-17,신례원,7,pack_ev,0.0,0.0
2026-09-17,신례원,7,pack_ess,0.0,0.0
2026-09-17,신례원,7,blackmass,0.0,0.0
2026-09-17,신례원,8,pack_ev,0.0,0.0
2026-09-17,신례원,8,pack_ess,0.0,0.0
2026-09-17,신례원,8,blackmass,0.0,0.0
2026-09-17,신례원,9,pack_ev,0.0,0.0
2026-09-17,신례원,9,pack_ess,0.0,0.0
2026-09-17,신례원,9,blackmass,0.0,0.0
2026-09-17,신례원,10,pack_ev,0.0,0.0
2026-09-17,신례원,10,pack_ess,0.0,0.0
2026-09-17,신례원,10,blackmass,3.019,0.0604
2026-09-17,신례원,11,pack_ev,0.0,0.0
2026-09-17,신례원,11,pack_ess,0.0,0.0
2026-09-17,신례원,11,blackmass,3.019,0.0604
2026-09-17,신례원,12,pack_ev,0.0,0.0
2026-09-17,신례원,12,pack_ess,0.0,0.0
2026-09-17,신례원,12,blackmass,3.019,0.0604
2026-09-17,신례원,13,pack_ev,0.0,0.0
2026-09-17,신례원,13,pack_ess,0.0,0.0
2026-09-17,신례원,13,blackmass,3.019,0.0604
2026-09-17,신례원,14,pack_ev,0.0,0.0
2026-09-17,신례원,14,pack_ess,0.0,0.0
2026-09-17,신례원,14,blackmass,3.019,0.0604
2026-09-17,신례원,15,pack_ev,0.0,0.0
2026-09-17,신례원,15,pack_ess,0.0,0.0
2026-09-17,신례원,15,blackmass,3.019,0.0604
2026-09-17,신례원,16,pack_ev,0.0,0.0
2026-09-17,신례원,16,pack_ess,0.0,0.0
2026-09-17,신례원,16,blackmass,3.019,0.0604
2026-09-17,신례원,17,pack_ev,0.0,0.0
2026-09-17,신례원,17,pack_ess,0.0,0.0
2026-09-17,신례원,17,blackmass,3.019,0.0604
2026-09-17,신례원,18,pack_ev,0.0,0.0
2026-09-17,신례원,18,pack_ess,0.0,0.0
2026-09-17,신례원,18,blackmass,0.0,0.0
2026-09-17,신례원,19,pack_ev,0.0,0.0
2026-09-17,신례원,19,pack_ess,0.0,0.0
2026-09-17,신례원,19,blackmass,0.0,0.0
2026-09-17,신례원,20,pack_ev,0.0,0.0
2026-09-17,신례원,20,pack_ess,0.0,0.0
2026-09-17,신례원,20,blackmass,0.0,0.0
2026-09-17,신례원,21,pack_ev,0.0,0.0
2026-09-17,신례원,21,pack_ess,0.0,0.0
2026-09-17,신례원,21,blackmass,0.0,0.0
2026-09-17,신례원,22,pack_ev,0.0,0.0
2026-09-17,신례원,22,pack_ess,0.0,0.0
2026-09-17,신례원,22,blackmass,0.0,0.0
2026-09-17,신례원,23,pack_ev,0.0,0.0
2026-09-17,신례원,23,pack_ess,0.0,0.0
2026-09-17,신례원,23,blackmass,0.0,0.0
2026-09-17,안중,0,pack_ev,0.0,0.0
2026-09-17,안중,0,pack_ess,0.0,0.0
2026-09-17,안중,0,blackmass,0.0,0.0
2026-09-17,안중,1,pack_ev,0.0,0.0
2026-09-17,안중,1,pack_ess,0.0,0.0
2026-09-17,안중,1,blackmass,0.0,0.0
2026-09-17,안중,2,pack_ev,0.0,0.0
2026-09-17,안중,2,pack_ess,0.0,0.0
2026-09-17,안중,2,blackmass,0.0,0.0
2026-09-17,안중,3,pack_ev,0.0,0.0
2026-09-17,안중,3,pack_ess,0.0,0.0
2026-09-17,안중,3,blackmass,0.0,0.0
2026-09-17,안중,4,pack_ev,0.0,0.0
2026-09-17,안중,4,pack_ess,0.0,0.0
2026-09-17,안중,4,blackmass,0.0,0.0
2026-09-17,안중,5,pack_ev,0.0,0.0
2026-09-17,안중,5,pack_ess,0.0,0.0
2026-09-17,안중,5,blackmass,0.0,0.0
2026-09-17,안중,6,pack_ev,0.0,0.0
2026-09-17,안중,6,pack_ess,0.0,0.0
2026-09-17,안중,6,blackmass,0.0,0.0
2026-09-17,안중,7,pack_ev,0.0,0.0
2026-09-17,안중,7,pack_ess,0.0,0.0
2026-09-17,안중,7,blackmass,0.0,0.0
2026-09-17,안중,8,pack_ev,0.0,0.0
2026-09-17,안중,8,pack_ess,0.0,0.0
2026-09-17,안중,8,blackmass,0.0,0.0
2026-09-17,안중,9,pack_ev,0.0,0.0
2026-09-17,안중,9,pack_ess,0.0,0.0
2026-09-17,안중,9,blackmass,0.0,0.0
2026-09-17,안중,10,pack_ev,4.582,0.1527
2026-09-17,안중,10,pack_ess,0.0032,0.00011
2026-09-17,안중,10,blackmass,1.222,0.0244
2026-09-17,안중,11,pack_ev,4.582,0.1527
2026-09-17,안중,11,pack_ess,0.0032,0.00011
2026-09-17,안중,11,blackmass,1.222,0.0244
2026-09-17,안중,12,pack_ev,4.582,0.1527
2026-09-17,안중,12,pack_ess,0.0032,0.00011
2026-09-17,안중,12,blackmass,1.222,0.0244
2026-09-17,안중,13,pack_ev,4.582,0.1527
2026-09-17,안중,13,pack_ess,0.0032,0.00011
2026-09-17,안중,13,blackmass,1.222,0.0244
2026-09-17,안중,14,pack_ev,4.582,0.1527
2026-09-17,안중,14,pack_ess,0.0032,0.00011
2026-09-17,안중,14,blackmass,1.222,0.0244
2026-09-17,안중,15,pack_ev,4.582,0.1527
2026-09-17,안중,15,pack_ess,0.0032,0.00011
2026-09-17,안중,15,blackmass,1.222,0.0244
2026-09-17,안중,16,pack_ev,4.582,0.1527
2026-09-17,안중,16,pack_ess,0.0032,0.00011
2026-09-17,안중,16,blackmass,1.222,0.0244
2026-09-17,안중,17,pack_ev,4.582,0.1527
2026-09-17,안중,17,pack_ess,0.0032,0.00011
2026-09-17,안중,17,blackmass,1.222,0.0244
2026-09-17,안중,18,pack_ev,0.0,0.0
2026-09-17,안중,18,pack_ess,0.0,0.0
2026-09-17,안중,18,blackmass,0.0,0.0
2026-09-17,안중,19,pack_ev,0.0,0.0
2026-09-17,안중,19,pack_ess,0.0,0.0
2026-09-17,안중,19,blackmass,0.0,0.0
2026-09-17,안중,20,pack_ev,0.0,0.0
2026-09-17,안중,20,pack_ess,0.0,0.0
2026-09-17,안중,20,blackmass,0.0,0.0
2026-09-17,안중,21,pack_ev,0.0,0.0
2026-09-17,안중,21,pack_ess,0.0,0.0
2026-09-17,안중,21,blackmass,0.0,0.0
2026-09-17,안중,22,pack_ev,0.0,0.0
2026-09-17,안중,22,pack_ess,0.0,0.0
2026-09-17,안중,22,blackmass,0.0,0.0
2026-09-17,안중,23,pack_ev,0.0,0.0
2026-09-17,안중,23,pack_ess,0.0,0.0
2026-09-17,안중,23,blackmass,0.0,0.0
2026-09-17,천안,0,pack_ev,0.0,0.0
2026-09-17,천안,0,pack_ess,0.0,0.0
2026-09-17,천안,0,blackmass,0.0,0.0
2026-09-17,천안,1,pack_ev,0.0,0.0
2026-09-17,천안,1,pack_ess,0.0,0.0
2026-09-17,천안,1,blackmass,0.0,0.0
2026-09-17,천안,2,pack_ev,0.0,0.0
2026-09-17,천안,2,pack_ess,0.0,0.0
2026-09-17,천안,2,blackmass,0.0,0.0
2026-09-17,천안,3,pack_ev,0.0,0.0
2026-09-17,천안,3,pack_ess,0.0,0.0
2026-09-17,천안,3,blackmass,0.0,0.0
2026-09-17,천안,4,pack_ev,0.0,0.0
2026-09-17,천안,4,pack_ess,0.0,0.0
2026-09-17,천안,4,blackmass,0.0,0.0
2026-09-17,천안,5,pack_ev,0.0,0.0
2026-09-17,천안,5,pack_ess,0.0,0.0
2026-09-17,천안,5,blackmass,0.0,0.0
2026-09-17,천안,6,pack_ev,0.0,0.0
2026-09-17,천안,6,pack_ess,0.0,0.0
2026-09-17,천안,6,blackmass,0.0,0.0
2026-09-17,천안,7,pack_ev,0.0,0.0
2026-09-17,천안,7,pack_ess,0.0,0.0
2026-09-17,천안,7,blackmass,0.0,0.0
2026-09-17,천안,8,pack_ev,0.0,0.0
2026-09-17,천안,8,pack_ess,0.0,0.0
2026-09-17,천안,8,blackmass,0.0,0.0
2026-09-17,천안,9,pack_ev,0.0,0.0
2026-09-17,천안,9,pack_ess,0.0,0.0
2026-09-17,천안,9,blackmass,0.0,0.0
2026-09-17,천안,10,pack_ev,0.0,0.0
2026-09-17,천안,10,pack_ess,0.0,0.0
2026-09-17,천안,10,blackmass,4.529,0.0906
2026-09-17,천안,11,pack_ev,0.0,0.0
2026-09-17,천안,11,pack_ess,0.0,0.0
2026-09-17,천안,11,blackmass,4.529,0.0906
2026-09-17,천안,12,pack_ev,0.0,0.0
2026-09-17,천안,12,pack_ess,0.0,0.0
2026-09-17,천안,12,blackmass,4.529,0.0906
2026-09-17,천안,13,pack_ev,0.0,0.0
2026-09-17,천안,13,pack_ess,0.0,0.0
2026-09-17,천안,13,blackmass,4.529,0.0906
2026-09-17,천안,14,pack_ev,0.0,0.0
2026-09-17,천안,14,pack_ess,0.0,0.0
2026-09-17,천안,14,blackmass,4.529,0.0906
2026-09-17,천안,15,pack_ev,0.0,0.0
2026-09-17,천안,15,pack_ess,0.0,0.0
2026-09-17,천안,15,blackmass,4.529,0.0906
2026-09-17,천안,16,pack_ev,0.0,0.0
2026-09-17,천안,16,pack_ess,0.0,0.0
2026-09-17,천안,16,blackmass,4.529,0.0906
2026-09-17,천안,17,pack_ev,0.0,0.0
2026-09-17,천안,17,pack_ess,0.0,0.0
2026-09-17,천안,17,blackmass,4.529,0.0906
2026-09-17,천안,18,pack_ev,0.0,0.0
2026-09-17,천안,18,pack_ess,0.0,0.0
2026-09-17,천안,18,blackmass,0.0,0.0
2026-09-17,천안,19,pack_ev,0.0,0.0
2026-09-17,천안,19,pack_ess,0.0,0.0
2026-09-17,천안,19,blackmass,0.0,0.0
2026-09-17,천안,20,pack_ev,0.0,0.0
2026-09-17,천안,20,pack_ess,0.0,0.0
2026-09-17,천안,20,blackmass,0.0,0.0
2026-09-17,천안,21,pack_ev,0.0,0.0
2026-09-17,천안,21,pack_ess,0.0,0.0
2026-09-17,천안,21,blackmass,0.0,0.0
2026-09-17,천안,22,pack_ev,0.0,0.0
2026-09-17,천안,22,pack_ess,0.0,0.0
2026-09-17,천안,22,blackmass,0.0,0.0
2026-09-17,천안,23,pack_ev,0.0,0.0
2026-09-17,천안,23,pack_ess,0.0,0.0
2026-09-17,천안,23,blackmass,0.0,0.0
2026-09-18,서화성,0,pack_ev,0.0,0.0
2026-09-18,서화성,0,pack_ess,0.0,0.0
2026-09-18,서화성,0,blackmass,0.0,0.0
2026-09-18,서화성,1,pack_ev,0.0,0.0
2026-09-18,서화성,1,pack_ess,0.0,0.0
2026-09-18,서화성,1,blackmass,0.0,0.0
2026-09-18,서화성,2,pack_ev,0.0,0.0
2026-09-18,서화성,2,pack_ess,0.0,0.0
2026-09-18,서화성,2,blackmass,0.0,0.0
2026-09-18,서화성,3,pack_ev,0.0,0.0
2026-09-18,서화성,3,pack_ess,0.0,0.0
2026-09-18,서화성,3,blackmass,0.0,0.0
2026-09-18,서화성,4,pack_ev,0.0,0.0
2026-09-18,서화성,4,pack_ess,0.0,0.0
2026-09-18,서화성,4,blackmass,0.0,0.0
2026-09-18,서화성,5,pack_ev,0.0,0.0
2026-09-18,서화성,5,pack_ess,0.0,0.0
2026-09-18,서화성,5,blackmass,0.0,0.0
2026-09-18,서화성,6,pack_ev,0.0,0.0
2026-09-18,서화성,6,pack_ess,0.0,0.0
2026-09-18,서화성,6,blackmass,0.0,0.0
2026-09-18,서화성,7,pack_ev,0.0,0.0
2026-09-18,서화성,7,pack_ess,0.0,0.0
2026-09-18,서화성,7,blackmass,0.0,0.0
2026-09-18,서화성,8,pack_ev,0.0,0.0
2026-09-18,서화성,8,pack_ess,0.0,0.0
2026-09-18,서화성,8,blackmass,0.0,0.0
2026-09-18,서화성,9,pack_ev,0.0,0.0
2026-09-18,서화성,9,pack_ess,0.0,0.0
2026-09-18,서화성,9,blackmass,0.0,0.0
2026-09-18,서화성,10,pack_ev,0.0,0.0
2026-09-18,서화성,10,pack_ess,0.0,0.0
2026-09-18,서화성,10,blackmass,0.0,0.0
2026-09-18,서화성,11,pack_ev,0.0,0.0
2026-09-18,서화성,11,pack_ess,0.0,0.0
2026-09-18,서화성,11,blackmass,0.0,0.0
2026-09-18,서화성,12,pack_ev,0.0,0.0
2026-09-18,서화성,12,pack_ess,0.0,0.0
2026-09-18,서화성,12,blackmass,0.0,0.0
2026-09-18,서화성,13,pack_ev,0.0,0.0
2026-09-18,서화성,13,pack_ess,0.0,0.0
2026-09-18,서화성,13,blackmass,0.0,0.0
2026-09-18,서화성,14,pack_ev,0.0,0.0
2026-09-18,서화성,14,pack_ess,0.0,0.0
2026-09-18,서화성,14,blackmass,0.0,0.0
2026-09-18,서화성,15,pack_ev,0.0,0.0
2026-09-18,서화성,15,pack_ess,0.0,0.0
2026-09-18,서화성,15,blackmass,0.0,0.0
2026-09-18,서화성,16,pack_ev,0.0,0.0
2026-09-18,서화성,16,pack_ess,0.0,0.0
2026-09-18,서화성,16,blackmass,0.0,0.0
2026-09-18,서화성,17,pack_ev,0.0,0.0
2026-09-18,서화성,17,pack_ess,0.0,0.0
2026-09-18,서화성,17,blackmass,0.0,0.0
2026-09-18,서화성,18,pack_ev,0.0,0.0
2026-09-18,서화성,18,pack_ess,0.0,0.0
2026-09-18,서화성,18,blackmass,0.0,0.0
2026-09-18,서화성,19,pack_ev,0.0,0.0
2026-09-18,서화성,19,pack_ess,0.0,0.0
2026-09-18,서화성,19,blackmass,0.0,0.0
2026-09-18,서화성,20,pack_ev,0.0,0.0
2026-09-18,서화성,20,pack_ess,0.0,0.0
2026-09-18,서화성,20,blackmass,0.0,0.0
2026-09-18,서화성,21,pack_ev,0.0,0.0
2026-09-18,서화성,21,pack_ess,0.0,0.0
2026-09-18,서화성,21,blackmass,0.0,0.0
2026-09-18,서화성,22,pack_ev,0.0,0.0
2026-09-18,서화성,22,pack_ess,0.0,0.0
2026-09-18,서화성,22,blackmass,0.0,0.0
2026-09-18,서화성,23,pack_ev,0.0,0.0
2026-09-18,서화성,23,pack_ess,0.0,0.0
2026-09-18,서화성,23,blackmass,0.0,0.0
2026-09-18,신례원,0,pack_ev,0.0,0.0
2026-09-18,신례원,0,pack_ess,0.0,0.0
2026-09-18,신례원,0,blackmass,0.0,0.0
2026-09-18,신례원,1,pack_ev,0.0,0.0
2026-09-18,신례원,1,pack_ess,0.0,0.0
2026-09-18,신례원,1,blackmass,0.0,0.0
2026-09-18,신례원,2,pack_ev,0.0,0.0
2026-09-18,신례원,2,pack_ess,0.0,0.0
2026-09-18,신례원,2,blackmass,0.0,0.0
2026-09-18,신례원,3,pack_ev,0.0,0.0
2026-09-18,신례원,3,pack_ess,0.0,0.0
2026-09-18,신례원,3,blackmass,0.0,0.0
2026-09-18,신례원,4,pack_ev,0.0,0.0
2026-09-18,신례원,4,pack_ess,0.0,0.0
2026-09-18,신례원,4,blackmass,0.0,0.0
2026-09-18,신례원,5,pack_ev,0.0,0.0
2026-09-18,신례원,5,pack_ess,0.0,0.0
2026-09-18,신례원,5,blackmass,0.0,0.0
2026-09-18,신례원,6,pack_ev,0.0,0.0
2026-09-18,신례원,6,pack_ess,0.0,0.0
2026-09-18,신례원,6,blackmass,0.0,0.0
2026-09-18,신례원,7,pack_ev,0.0,0.0
2026-09-18,신례원,7,pack_ess,0.0,0.0
2026-09-18,신례원,7,blackmass,0.0,0.0
2026-09-18,신례원,8,pack_ev,0.0,0.0
2026-09-18,신례원,8,pack_ess,0.0,0.0
2026-09-18,신례원,8,blackmass,0.0,0.0
2026-09-18,신례원,9,pack_ev,0.0,0.0
2026-09-18,신례원,9,pack_ess,0.0,0.0
2026-09-18,신례원,9,blackmass,0.0,0.0
2026-09-18,신례원,10,pack_ev,0.0,0.0
2026-09-18,신례원,10,pack_ess,0.0,0.0
2026-09-18,신례원,10,blackmass,0.0,0.0
2026-09-18,신례원,11,pack_ev,0.0,0.0
2026-09-18,신례원,11,pack_ess,0.0,0.0
2026-09-18,신례원,11,blackmass,0.0,0.0
2026-09-18,신례원,12,pack_ev,0.0,0.0
2026-09-18,신례원,12,pack_ess,0.0,0.0
2026-09-18,신례원,12,blackmass,0.0,0.0
2026-09-18,신례원,13,pack_ev,0.0,0.0
2026-09-18,신례원,13,pack_ess,0.0,0.0
2026-09-18,신례원,13,blackmass,0.0,0.0
2026-09-18,신례원,14,pack_ev,0.0,0.0
2026-09-18,신례원,14,pack_ess,0.0,0.0
2026-09-18,신례원,14,blackmass,0.0,0.0
2026-09-18,신례원,15,pack_ev,0.0,0.0
2026-09-18,신례원,15,pack_ess,0.0,0.0
2026-09-18,신례원,15,blackmass,0.0,0.0
2026-09-18,신례원,16,pack_ev,0.0,0.0
2026-09-18,신례원,16,pack_ess,0.0,0.0
2026-09-18,신례원,16,blackmass,0.0,0.0
2026-09-18,신례원,17,pack_ev,0.0,0.0
2026-09-18,신례원,17,pack_ess,0.0,0.0
2026-09-18,신례원,17,blackmass,0.0,0.0
2026-09-18,신례원,18,pack_ev,0.0,0.0
2026-09-18,신례원,18,pack_ess,0.0,0.0
2026-09-18,신례원,18,blackmass,0.0,0.0
2026-09-18,신례원,19,pack_ev,0.0,0.0
2026-09-18,신례원,19,pack_ess,0.0,0.0
2026-09-18,신례원,19,blackmass,0.0,0.0
2026-09-18,신례원,20,pack_ev,0.0,0.0
2026-09-18,신례원,20,pack_ess,0.0,0.0
2026-09-18,신례원,20,blackmass,0.0,0.0
2026-09-18,신례원,21,pack_ev,0.0,0.0
2026-09-18,신례원,21,pack_ess,0.0,0.0
2026-09-18,신례원,21,blackmass,0.0,0.0
2026-09-18,신례원,22,pack_ev,0.0,0.0
2026-09-18,신례원,22,pack_ess,0.0,0.0
2026-09-18,신례원,22,blackmass,0.0,0.0
2026-09-18,신례원,23,pack_ev,0.0,0.0
2026-09-18,신례원,23,pack_ess,0.0,0.0
2026-09-18,신례원,23,blackmass,0.0,0.0
2026-09-18,안중,0,pack_ev,0.0,0.0
2026-09-18,안중,0,pack_ess,0.0,0.0
2026-09-18,안중,0,blackmass,0.0,0.0
2026-09-18,안중,1,pack_ev,0.0,0.0
2026-09-18,안중,1,pack_ess,0.0,0.0
2026-09-18,안중,1,blackmass,0.0,0.0
2026-09-18,안중,2,pack_ev,0.0,0.0
2026-09-18,안중,2,pack_ess,0.0,0.0
2026-09-18,안중,2,blackmass,0.0,0.0
2026-09-18,안중,3,pack_ev,0.0,0.0
2026-09-18,안중,3,pack_ess,0.0,0.0
2026-09-18,안중,3,blackmass,0.0,0.0
2026-09-18,안중,4,pack_ev,0.0,0.0
2026-09-18,안중,4,pack_ess,0.0,0.0
2026-09-18,안중,4,blackmass,0.0,0.0
2026-09-18,안중,5,pack_ev,0.0,0.0
2026-09-18,안중,5,pack_ess,0.0,0.0
2026-09-18,안중,5,blackmass,0.0,0.0
2026-09-18,안중,6,pack_ev,0.0,0.0
2026-09-18,안중,6,pack_ess,0.0,0.0
2026-09-18,안중,6,blackmass,0.0,0.0
2026-09-18,안중,7,pack_ev,0.0,0.0
2026-09-18,안중,7,pack_ess,0.0,0.0
2026-09-18,안중,7,blackmass,0.0,0.0
2026-09-18,안중,8,pack_ev,0.0,0.0
2026-09-18,안중,8,pack_ess,0.0,0.0
2026-09-18,안중,8,blackmass,0.0,0.0
2026-09-18,안중,9,pack_ev,0.0,0.0
2026-09-18,안중,9,pack_ess,0.0,0.0
2026-09-18,안중,9,blackmass,0.0,0.0
2026-09-18,안중,10,pack_ev,0.0,0.0
2026-09-18,안중,10,pack_ess,0.0,0.0
2026-09-18,안중,10,blackmass,0.0,0.0
2026-09-18,안중,11,pack_ev,0.0,0.0
2026-09-18,안중,11,pack_ess,0.0,0.0
2026-09-18,안중,11,blackmass,0.0,0.0
2026-09-18,안중,12,pack_ev,0.0,0.0
2026-09-18,안중,12,pack_ess,0.0,0.0
2026-09-18,안중,12,blackmass,0.0,0.0
2026-09-18,안중,13,pack_ev,0.0,0.0
2026-09-18,안중,13,pack_ess,0.0,0.0
2026-09-18,안중,13,blackmass,0.0,0.0
2026-09-18,안중,14,pack_ev,0.0,0.0
2026-09-18,안중,14,pack_ess,0.0,0.0
2026-09-18,안중,14,blackmass,0.0,0.0
2026-09-18,안중,15,pack_ev,0.0,0.0
2026-09-18,안중,15,pack_ess,0.0,0.0
2026-09-18,안중,15,blackmass,0.0,0.0
2026-09-18,안중,16,pack_ev,0.0,0.0
2026-09-18,안중,16,pack_ess,0.0,0.0
2026-09-18,안중,16,blackmass,0.0,0.0
2026-09-18,안중,17,pack_ev,0.0,0.0
2026-09-18,안중,17,pack_ess,0.0,0.0
2026-09-18,안중,17,blackmass,0.0,0.0
2026-09-18,안중,18,pack_ev,0.0,0.0
2026-09-18,안중,18,pack_ess,0.0,0.0
2026-09-18,안중,18,blackmass,0.0,0.0
2026-09-18,안중,19,pack_ev,0.0,0.0
2026-09-18,안중,19,pack_ess,0.0,0.0
2026-09-18,안중,19,blackmass,0.0,0.0
2026-09-18,안중,20,pack_ev,0.0,0.0
2026-09-18,안중,20,pack_ess,0.0,0.0
2026-09-18,안중,20,blackmass,0.0,0.0
2026-09-18,안중,21,pack_ev,0.0,0.0
2026-09-18,안중,21,pack_ess,0.0,0.0
2026-09-18,안중,21,blackmass,0.0,0.0
2026-09-18,안중,22,pack_ev,0.0,0.0
2026-09-18,안중,22,pack_ess,0.0,0.0
2026-09-18,안중,22,blackmass,0.0,0.0
2026-09-18,안중,23,pack_ev,0.0,0.0
2026-09-18,안중,23,pack_ess,0.0,0.0
2026-09-18,안중,23,blackmass,0.0,0.0
2026-09-18,천안,0,pack_ev,0.0,0.0
2026-09-18,천안,0,pack_ess,0.0,0.0
2026-09-18,천안,0,blackmass,0.0,0.0
2026-09-18,천안,1,pack_ev,0.0,0.0
2026-09-18,천안,1,pack_ess,0.0,0.0
2026-09-18,천안,1,blackmass,0.0,0.0
2026-09-18,천안,2,pack_ev,0.0,0.0
2026-09-18,천안,2,pack_ess,0.0,0.0
2026-09-18,천안,2,blackmass,0.0,0.0
2026-09-18,천안,3,pack_ev,0.0,0.0
2026-09-18,천안,3,pack_ess,0.0,0.0
2026-09-18,천안,3,blackmass,0.0,0.0
2026-09-18,천안,4,pack_ev,0.0,0.0
2026-09-18,천안,4,pack_ess,0.0,0.0
2026-09-18,천안,4,blackmass,0.0,0.0
2026-09-18,천안,5,pack_ev,0.0,0.0
2026-09-18,천안,5,pack_ess,0.0,0.0
2026-09-18,천안,5,blackmass,0.0,0.0
2026-09-18,천안,6,pack_ev,0.0,0.0
2026-09-18,천안,6,pack_ess,0.0,0.0
2026-09-18,천안,6,blackmass,0.0,0.0
2026-09-18,천안,7,pack_ev,0.0,0.0
2026-09-18,천안,7,pack_ess,0.0,0.0
2026-09-18,천안,7,blackmass,0.0,0.0
2026-09-18,천안,8,pack_ev,0.0,0.0
2026-09-18,천안,8,pack_ess,0.0,0.0
2026-09-18,천안,8,blackmass,0.0,0.0
2026-09-18,천안,9,pack_ev,0.0,0.0
2026-09-18,천안,9,pack_ess,0.0,0.0
2026-09-18,천안,9,blackmass,0.0,0.0
2026-09-18,천안,10,pack_ev,0.0,0.0
2026-09-18,천안,10,pack_ess,0.0,0.0
2026-09-18,천안,10,blackmass,0.0,0.0
2026-09-18,천안,11,pack_ev,0.0,0.0
2026-09-18,천안,11,pack_ess,0.0,0.0
2026-09-18,천안,11,blackmass,0.0,0.0
2026-09-18,천안,12,pack_ev,0.0,0.0
2026-09-18,천안,12,pack_ess,0.0,0.0
2026-09-18,천안,12,blackmass,0.0,0.0
2026-09-18,천안,13,pack_ev,0.0,0.0
2026-09-18,천안,13,pack_ess,0.0,0.0
2026-09-18,천안,13,blackmass,0.0,0.0
2026-09-18,천안,14,pack_ev,0.0,0.0
2026-09-18,천안,14,pack_ess,0.0,0.0
2026-09-18,천안,14,blackmass,0.0,0.0
2026-09-18,천안,15,pack_ev,0.0,0.0
2026-09-18,천안,15,pack_ess,0.0,0.0
2026-09-18,천안,15,blackmass,0.0,0.0
2026-09-18,천안,16,pack_ev,0.0,0.0
2026-09-18,천안,16,pack_ess,0.0,0.0
2026-09-18,천안,16,blackmass,0.0,0.0
2026-09-18,천안,17,pack_ev,0.0,0.0
2026-09-18,천안,17,pack_ess,0.0,0.0
2026-09-18,천안,17,blackmass,0.0,0.0
2026-09-18,천안,18,pack_ev,0.0,0.0
2026-09-18,천안,18,pack_ess,0.0,0.0
2026-09-18,천안,18,blackmass,0.0,0.0
2026-09-18,천안,19,pack_ev,0.0,0.0
2026-09-18,천안,19,pack_ess,0.0,0.0
2026-09-18,천안,19,blackmass,0.0,0.0
2026-09-18,천안,20,pack_ev,0.0,0.0
2026-09-18,천안,20,pack_ess,0.0,0.0
2026-09-18,천안,20,blackmass,0.0,0.0
2026-09-18,천안,21,pack_ev,0.0,0.0
2026-09-18,천안,21,pack_ess,0.0,0.0
2026-09-18,천안,21,blackmass,0.0,0.0
2026-09-18,천안,22,pack_ev,0.0,0.0
2026-09-18,천안,22,pack_ess,0.0,0.0
2026-09-18,천안,22,blackmass,0.0,0.0
2026-09-18,천안,23,pack_ev,0.0,0.0
2026-09-18,천안,23,pack_ess,0.0,0.0
2026-09-18,천안,23,blackmass,0.0,0.0
2026-09-19,서화성,0,pack_ev,0.0,0.0
2026-09-19,서화성,0,pack_ess,0.0,0.0
2026-09-19,서화성,0,blackmass,0.0,0.0
2026-09-19,서화성,1,pack_ev,0.0,0.0
2026-09-19,서화성,1,pack_ess,0.0,0.0
2026-09-19,서화성,1,blackmass,0.0,0.0
2026-09-19,서화성,2,pack_ev,0.0,0.0
2026-09-19,서화성,2,pack_ess,0.0,0.0
2026-09-19,서화성,2,blackmass,0.0,0.0
2026-09-19,서화성,3,pack_ev,0.0,0.0
2026-09-19,서화성,3,pack_ess,0.0,0.0
2026-09-19,서화성,3,blackmass,0.0,0.0
2026-09-19,서화성,4,pack_ev,0.0,0.0
2026-09-19,서화성,4,pack_ess,0.0,0.0
2026-09-19,서화성,4,blackmass,0.0,0.0
2026-09-19,서화성,5,pack_ev,0.0,0.0
2026-09-19,서화성,5,pack_ess,0.0,0.0
2026-09-19,서화성,5,blackmass,0.0,0.0
2026-09-19,서화성,6,pack_ev,0.0,0.0
2026-09-19,서화성,6,pack_ess,0.0,0.0
2026-09-19,서화성,6,blackmass,0.0,0.0
2026-09-19,서화성,7,pack_ev,0.0,0.0
2026-09-19,서화성,7,pack_ess,0.0,0.0
2026-09-19,서화성,7,blackmass,0.0,0.0
2026-09-19,서화성,8,pack_ev,0.0,0.0
2026-09-19,서화성,8,pack_ess,0.0,0.0
2026-09-19,서화성,8,blackmass,0.0,0.0
2026-09-19,서화성,9,pack_ev,0.0,0.0
2026-09-19,서화성,9,pack_ess,0.0,0.0
2026-09-19,서화성,9,blackmass,0.0,0.0
2026-09-19,서화성,10,pack_ev,0.0,0.0
2026-09-19,서화성,10,pack_ess,0.0,0.0
2026-09-19,서화성,10,blackmass,0.0,0.0
2026-09-19,서화성,11,pack_ev,0.0,0.0
2026-09-19,서화성,11,pack_ess,0.0,0.0
2026-09-19,서화성,11,blackmass,0.0,0.0
2026-09-19,서화성,12,pack_ev,0.0,0.0
2026-09-19,서화성,12,pack_ess,0.0,0.0
2026-09-19,서화성,12,blackmass,0.0,0.0
2026-09-19,서화성,13,pack_ev,0.0,0.0
2026-09-19,서화성,13,pack_ess,0.0,0.0
2026-09-19,서화성,13,blackmass,0.0,0.0
2026-09-19,서화성,14,pack_ev,0.0,0.0
2026-09-19,서화성,14,pack_ess,0.0,0.0
2026-09-19,서화성,14,blackmass,0.0,0.0
2026-09-19,서화성,15,pack_ev,0.0,0.0
2026-09-19,서화성,15,pack_ess,0.0,0.0
2026-09-19,서화성,15,blackmass,0.0,0.0
2026-09-19,서화성,16,pack_ev,0.0,0.0
2026-09-19,서화성,16,pack_ess,0.0,0.0
2026-09-19,서화성,16,blackmass,0.0,0.0
2026-09-19,서화성,17,pack_ev,0.0,0.0
2026-09-19,서화성,17,pack_ess,0.0,0.0
2026-09-19,서화성,17,blackmass,0.0,0.0
2026-09-19,서화성,18,pack_ev,0.0,0.0
2026-09-19,서화성,18,pack_ess,0.0,0.0
2026-09-19,서화성,18,blackmass,0.0,0.0
2026-09-19,서화성,19,pack_ev,0.0,0.0
2026-09-19,서화성,19,pack_ess,0.0,0.0
2026-09-19,서화성,19,blackmass,0.0,0.0
2026-09-19,서화성,20,pack_ev,0.0,0.0
2026-09-19,서화성,20,pack_ess,0.0,0.0
2026-09-19,서화성,20,blackmass,0.0,0.0
2026-09-19,서화성,21,pack_ev,0.0,0.0
2026-09-19,서화성,21,pack_ess,0.0,0.0
2026-09-19,서화성,21,blackmass,0.0,0.0
2026-09-19,서화성,22,pack_ev,0.0,0.0
2026-09-19,서화성,22,pack_ess,0.0,0.0
2026-09-19,서화성,22,blackmass,0.0,0.0
2026-09-19,서화성,23,pack_ev,0.0,0.0
2026-09-19,서화성,23,pack_ess,0.0,0.0
2026-09-19,서화성,23,blackmass,0.0,0.0
2026-09-19,신례원,0,pack_ev,0.0,0.0
2026-09-19,신례원,0,pack_ess,0.0,0.0
2026-09-19,신례원,0,blackmass,0.0,0.0
2026-09-19,신례원,1,pack_ev,0.0,0.0
2026-09-19,신례원,1,pack_ess,0.0,0.0
2026-09-19,신례원,1,blackmass,0.0,0.0
2026-09-19,신례원,2,pack_ev,0.0,0.0
2026-09-19,신례원,2,pack_ess,0.0,0.0
2026-09-19,신례원,2,blackmass,0.0,0.0
2026-09-19,신례원,3,pack_ev,0.0,0.0
2026-09-19,신례원,3,pack_ess,0.0,0.0
2026-09-19,신례원,3,blackmass,0.0,0.0
2026-09-19,신례원,4,pack_ev,0.0,0.0
2026-09-19,신례원,4,pack_ess,0.0,0.0
2026-09-19,신례원,4,blackmass,0.0,0.0
2026-09-19,신례원,5,pack_ev,0.0,0.0
2026-09-19,신례원,5,pack_ess,0.0,0.0
2026-09-19,신례원,5,blackmass,0.0,0.0
2026-09-19,신례원,6,pack_ev,0.0,0.0
2026-09-19,신례원,6,pack_ess,0.0,0.0
2026-09-19,신례원,6,blackmass,0.0,0.0
2026-09-19,신례원,7,pack_ev,0.0,0.0
2026-09-19,신례원,7,pack_ess,0.0,0.0
2026-09-19,신례원,7,blackmass,0.0,0.0
2026-09-19,신례원,8,pack_ev,0.0,0.0
2026-09-19,신례원,8,pack_ess,0.0,0.0
2026-09-19,신례원,8,blackmass,0.0,0.0
2026-09-19,신례원,9,pack_ev,0.0,0.0
2026-09-19,신례원,9,pack_ess,0.0,0.0
2026-09-19,신례원,9,blackmass,0.0,0.0
2026-09-19,신례원,10,pack_ev,0.0,0.0
2026-09-19,신례원,10,pack_ess,0.0,0.0
2026-09-19,신례원,10,blackmass,0.0,0.0
2026-09-19,신례원,11,pack_ev,0.0,0.0
2026-09-19,신례원,11,pack_ess,0.0,0.0
2026-09-19,신례원,11,blackmass,0.0,0.0
2026-09-19,신례원,12,pack_ev,0.0,0.0
2026-09-19,신례원,12,pack_ess,0.0,0.0
2026-09-19,신례원,12,blackmass,0.0,0.0
2026-09-19,신례원,13,pack_ev,0.0,0.0
2026-09-19,신례원,13,pack_ess,0.0,0.0
2026-09-19,신례원,13,blackmass,0.0,0.0
2026-09-19,신례원,14,pack_ev,0.0,0.0
2026-09-19,신례원,14,pack_ess,0.0,0.0
2026-09-19,신례원,14,blackmass,0.0,0.0
2026-09-19,신례원,15,pack_ev,0.0,0.0
2026-09-19,신례원,15,pack_ess,0.0,0.0
2026-09-19,신례원,15,blackmass,0.0,0.0
2026-09-19,신례원,16,pack_ev,0.0,0.0
2026-09-19,신례원,16,pack_ess,0.0,0.0
2026-09-19,신례원,16,blackmass,0.0,0.0
2026-09-19,신례원,17,pack_ev,0.0,0.0
2026-09-19,신례원,17,pack_ess,0.0,0.0
2026-09-19,신례원,17,blackmass,0.0,0.0
2026-09-19,신례원,18,pack_ev,0.0,0.0
2026-09-19,신례원,18,pack_ess,0.0,0.0
2026-09-19,신례원,18,blackmass,0.0,0.0
2026-09-19,신례원,19,pack_ev,0.0,0.0
2026-09-19,신례원,19,pack_ess,0.0,0.0
2026-09-19,신례원,19,blackmass,0.0,0.0
2026-09-19,신례원,20,pack_ev,0.0,0.0
2026-09-19,신례원,20,pack_ess,0.0,0.0
2026-09-19,신례원,20,blackmass,0.0,0.0
2026-09-19,신례원,21,pack_ev,0.0,0.0
2026-09-19,신례원,21,pack_ess,0.0,0.0
2026-09-19,신례원,21,blackmass,0.0,0.0
2026-09-19,신례원,22,pack_ev,0.0,0.0
2026-09-19,신례원,22,pack_ess,0.0,0.0
2026-09-19,신례원,22,blackmass,0.0,0.0
2026-09-19,신례원,23,pack_ev,0.0,0.0
2026-09-19,신례원,23,pack_ess,0.0,0.0
2026-09-19,신례원,23,blackmass,0.0,0.0
2026-09-19,안중,0,pack_ev,0.0,0.0
2026-09-19,안중,0,pack_ess,0.0,0.0
2026-09-19,안중,0,blackmass,0.0,0.0
2026-09-19,안중,1,pack_ev,0.0,0.0
2026-09-19,안중,1,pack_ess,0.0,0.0
2026-09-19,안중,1,blackmass,0.0,0.0
2026-09-19,안중,2,pack_ev,0.0,0.0
2026-09-19,안중,2,pack_ess,0.0,0.0
2026-09-19,안중,2,blackmass,0.0,0.0
2026-09-19,안중,3,pack_ev,0.0,0.0
2026-09-19,안중,3,pack_ess,0.0,0.0
2026-09-19,안중,3,blackmass,0.0,0.0
2026-09-19,안중,4,pack_ev,0.0,0.0
2026-09-19,안중,4,pack_ess,0.0,0.0
2026-09-19,안중,4,blackmass,0.0,0.0
2026-09-19,안중,5,pack_ev,0.0,0.0
2026-09-19,안중,5,pack_ess,0.0,0.0
2026-09-19,안중,5,blackmass,0.0,0.0
2026-09-19,안중,6,pack_ev,0.0,0.0
2026-09-19,안중,6,pack_ess,0.0,0.0
2026-09-19,안중,6,blackmass,0.0,0.0
2026-09-19,안중,7,pack_ev,0.0,0.0
2026-09-19,안중,7,pack_ess,0.0,0.0
2026-09-19,안중,7,blackmass,0.0,0.0
2026-09-19,안중,8,pack_ev,0.0,0.0
2026-09-19,안중,8,pack_ess,0.0,0.0
2026-09-19,안중,8,blackmass,0.0,0.0
2026-09-19,안중,9,pack_ev,0.0,0.0
2026-09-19,안중,9,pack_ess,0.0,0.0
2026-09-19,안중,9,blackmass,0.0,0.0
2026-09-19,안중,10,pack_ev,0.0,0.0
2026-09-19,안중,10,pack_ess,0.0,0.0
2026-09-19,안중,10,blackmass,0.0,0.0
2026-09-19,안중,11,pack_ev,0.0,0.0
2026-09-19,안중,11,pack_ess,0.0,0.0
2026-09-19,안중,11,blackmass,0.0,0.0
2026-09-19,안중,12,pack_ev,0.0,0.0
2026-09-19,안중,12,pack_ess,0.0,0.0
2026-09-19,안중,12,blackmass,0.0,0.0
2026-09-19,안중,13,pack_ev,0.0,0.0
2026-09-19,안중,13,pack_ess,0.0,0.0
2026-09-19,안중,13,blackmass,0.0,0.0
2026-09-19,안중,14,pack_ev,0.0,0.0
2026-09-19,안중,14,pack_ess,0.0,0.0
2026-09-19,안중,14,blackmass,0.0,0.0
2026-09-19,안중,15,pack_ev,0.0,0.0
2026-09-19,안중,15,pack_ess,0.0,0.0
2026-09-19,안중,15,blackmass,0.0,0.0
2026-09-19,안중,16,pack_ev,0.0,0.0
2026-09-19,안중,16,pack_ess,0.0,0.0
2026-09-19,안중,16,blackmass,0.0,0.0
2026-09-19,안중,17,pack_ev,0.0,0.0
2026-09-19,안중,17,pack_ess,0.0,0.0
2026-09-19,안중,17,blackmass,0.0,0.0
2026-09-19,안중,18,pack_ev,0.0,0.0
2026-09-19,안중,18,pack_ess,0.0,0.0
2026-09-19,안중,18,blackmass,0.0,0.0
2026-09-19,안중,19,pack_ev,0.0,0.0
2026-09-19,안중,19,pack_ess,0.0,0.0
2026-09-19,안중,19,blackmass,0.0,0.0
2026-09-19,안중,20,pack_ev,0.0,0.0
2026-09-19,안중,20,pack_ess,0.0,0.0
2026-09-19,안중,20,blackmass,0.0,0.0
2026-09-19,안중,21,pack_ev,0.0,0.0
2026-09-19,안중,21,pack_ess,0.0,0.0
2026-09-19,안중,21,blackmass,0.0,0.0
2026-09-19,안중,22,pack_ev,0.0,0.0
2026-09-19,안중,22,pack_ess,0.0,0.0
2026-09-19,안중,22,blackmass,0.0,0.0
2026-09-19,안중,23,pack_ev,0.0,0.0
2026-09-19,안중,23,pack_ess,0.0,0.0
2026-09-19,안중,23,blackmass,0.0,0.0
2026-09-19,천안,0,pack_ev,0.0,0.0
2026-09-19,천안,0,pack_ess,0.0,0.0
2026-09-19,천안,0,blackmass,0.0,0.0
2026-09-19,천안,1,pack_ev,0.0,0.0
2026-09-19,천안,1,pack_ess,0.0,0.0
2026-09-19,천안,1,blackmass,0.0,0.0
2026-09-19,천안,2,pack_ev,0.0,0.0
2026-09-19,천안,2,pack_ess,0.0,0.0
2026-09-19,천안,2,blackmass,0.0,0.0
2026-09-19,천안,3,pack_ev,0.0,0.0
2026-09-19,천안,3,pack_ess,0.0,0.0
2026-09-19,천안,3,blackmass,0.0,0.0
2026-09-19,천안,4,pack_ev,0.0,0.0
2026-09-19,천안,4,pack_ess,0.0,0.0
2026-09-19,천안,4,blackmass,0.0,0.0
2026-09-19,천안,5,pack_ev,0.0,0.0
2026-09-19,천안,5,pack_ess,0.0,0.0
2026-09-19,천안,5,blackmass,0.0,0.0
2026-09-19,천안,6,pack_ev,0.0,0.0
2026-09-19,천안,6,pack_ess,0.0,0.0
2026-09-19,천안,6,blackmass,0.0,0.0
2026-09-19,천안,7,pack_ev,0.0,0.0
2026-09-19,천안,7,pack_ess,0.0,0.0
2026-09-19,천안,7,blackmass,0.0,0.0
2026-09-19,천안,8,pack_ev,0.0,0.0
2026-09-19,천안,8,pack_ess,0.0,0.0
2026-09-19,천안,8,blackmass,0.0,0.0
2026-09-19,천안,9,pack_ev,0.0,0.0
2026-09-19,천안,9,pack_ess,0.0,0.0
2026-09-19,천안,9,blackmass,0.0,0.0
2026-09-19,천안,10,pack_ev,0.0,0.0
2026-09-19,천안,10,pack_ess,0.0,0.0
2026-09-19,천안,10,blackmass,0.0,0.0
2026-09-19,천안,11,pack_ev,0.0,0.0
2026-09-19,천안,11,pack_ess,0.0,0.0
2026-09-19,천안,11,blackmass,0.0,0.0
2026-09-19,천안,12,pack_ev,0.0,0.0
2026-09-19,천안,12,pack_ess,0.0,0.0
2026-09-19,천안,12,blackmass,0.0,0.0
2026-09-19,천안,13,pack_ev,0.0,0.0
2026-09-19,천안,13,pack_ess,0.0,0.0
2026-09-19,천안,13,blackmass,0.0,0.0
2026-09-19,천안,14,pack_ev,0.0,0.0
2026-09-19,천안,14,pack_ess,0.0,0.0
2026-09-19,천안,14,blackmass,0.0,0.0
2026-09-19,천안,15,pack_ev,0.0,0.0
2026-09-19,천안,15,pack_ess,0.0,0.0
2026-09-19,천안,15,blackmass,0.0,0.0
2026-09-19,천안,16,pack_ev,0.0,0.0
2026-09-19,천안,16,pack_ess,0.0,0.0
2026-09-19,천안,16,blackmass,0.0,0.0
2026-09-19,천안,17,pack_ev,0.0,0.0
2026-09-19,천안,17,pack_ess,0.0,0.0
2026-09-19,천안,17,blackmass,0.0,0.0
2026-09-19,천안,18,pack_ev,0.0,0.0
2026-09-19,천안,18,pack_ess,0.0,0.0
2026-09-19,천안,18,blackmass,0.0,0.0
2026-09-19,천안,19,pack_ev,0.0,0.0
2026-09-19,천안,19,pack_ess,0.0,0.0
2026-09-19,천안,19,blackmass,0.0,0.0
2026-09-19,천안,20,pack_ev,0.0,0.0
2026-09-19,천안,20,pack_ess,0.0,0.0
2026-09-19,천안,20,blackmass,0.0,0.0
2026-09-19,천안,21,pack_ev,0.0,0.0
2026-09-19,천안,21,pack_ess,0.0,0.0
2026-09-19,천안,21,blackmass,0.0,0.0
2026-09-19,천안,22,pack_ev,0.0,0.0
2026-09-19,천안,22,pack_ess,0.0,0.0
2026-09-19,천안,22,blackmass,0.0,0.0
2026-09-19,천안,23,pack_ev,0.0,0.0
2026-09-19,천안,23,pack_ess,0.0,0.0
2026-09-19,천안,23,blackmass,0.0,0.0
2026-09-20,서화성,0,pack_ev,0.0,0.0
2026-09-20,서화성,0,pack_ess,0.0,0.0
2026-09-20,서화성,0,blackmass,0.0,0.0
2026-09-20,서화성,1,pack_ev,0.0,0.0
2026-09-20,서화성,1,pack_ess,0.0,0.0
2026-09-20,서화성,1,blackmass,0.0,0.0
2026-09-20,서화성,2,pack_ev,0.0,0.0
2026-09-20,서화성,2,pack_ess,0.0,0.0
2026-09-20,서화성,2,blackmass,0.0,0.0
2026-09-20,서화성,3,pack_ev,0.0,0.0
2026-09-20,서화성,3,pack_ess,0.0,0.0
2026-09-20,서화성,3,blackmass,0.0,0.0
2026-09-20,서화성,4,pack_ev,0.0,0.0
2026-09-20,서화성,4,pack_ess,0.0,0.0
2026-09-20,서화성,4,blackmass,0.0,0.0
2026-09-20,서화성,5,pack_ev,0.0,0.0
2026-09-20,서화성,5,pack_ess,0.0,0.0
2026-09-20,서화성,5,blackmass,0.0,0.0
2026-09-20,서화성,6,pack_ev,0.0,0.0
2026-09-20,서화성,6,pack_ess,0.0,0.0
2026-09-20,서화성,6,blackmass,0.0,0.0
2026-09-20,서화성,7,pack_ev,0.0,0.0
2026-09-20,서화성,7,pack_ess,0.0,0.0
2026-09-20,서화성,7,blackmass,0.0,0.0
2026-09-20,서화성,8,pack_ev,0.0,0.0
2026-09-20,서화성,8,pack_ess,0.0,0.0
2026-09-20,서화성,8,blackmass,0.0,0.0
2026-09-20,서화성,9,pack_ev,0.0,0.0
2026-09-20,서화성,9,pack_ess,0.0,0.0
2026-09-20,서화성,9,blackmass,0.0,0.0
2026-09-20,서화성,10,pack_ev,0.0,0.0
2026-09-20,서화성,10,pack_ess,0.0,0.0
2026-09-20,서화성,10,blackmass,0.0,0.0
2026-09-20,서화성,11,pack_ev,0.0,0.0
2026-09-20,서화성,11,pack_ess,0.0,0.0
2026-09-20,서화성,11,blackmass,0.0,0.0
2026-09-20,서화성,12,pack_ev,0.0,0.0
2026-09-20,서화성,12,pack_ess,0.0,0.0
2026-09-20,서화성,12,blackmass,0.0,0.0
2026-09-20,서화성,13,pack_ev,0.0,0.0
2026-09-20,서화성,13,pack_ess,0.0,0.0
2026-09-20,서화성,13,blackmass,0.0,0.0
2026-09-20,서화성,14,pack_ev,0.0,0.0
2026-09-20,서화성,14,pack_ess,0.0,0.0
2026-09-20,서화성,14,blackmass,0.0,0.0
2026-09-20,서화성,15,pack_ev,0.0,0.0
2026-09-20,서화성,15,pack_ess,0.0,0.0
2026-09-20,서화성,15,blackmass,0.0,0.0
2026-09-20,서화성,16,pack_ev,0.0,0.0
2026-09-20,서화성,16,pack_ess,0.0,0.0
2026-09-20,서화성,16,blackmass,0.0,0.0
2026-09-20,서화성,17,pack_ev,0.0,0.0
2026-09-20,서화성,17,pack_ess,0.0,0.0
2026-09-20,서화성,17,blackmass,0.0,0.0
2026-09-20,서화성,18,pack_ev,0.0,0.0
2026-09-20,서화성,18,pack_ess,0.0,0.0
2026-09-20,서화성,18,blackmass,0.0,0.0
2026-09-20,서화성,19,pack_ev,0.0,0.0
2026-09-20,서화성,19,pack_ess,0.0,0.0
2026-09-20,서화성,19,blackmass,0.0,0.0
2026-09-20,서화성,20,pack_ev,0.0,0.0
2026-09-20,서화성,20,pack_ess,0.0,0.0
2026-09-20,서화성,20,blackmass,0.0,0.0
2026-09-20,서화성,21,pack_ev,0.0,0.0
2026-09-20,서화성,21,pack_ess,0.0,0.0
2026-09-20,서화성,21,blackmass,0.0,0.0
2026-09-20,서화성,22,pack_ev,0.0,0.0
2026-09-20,서화성,22,pack_ess,0.0,0.0
2026-09-20,서화성,22,blackmass,0.0,0.0
2026-09-20,서화성,23,pack_ev,0.0,0.0
2026-09-20,서화성,23,pack_ess,0.0,0.0
2026-09-20,서화성,23,blackmass,0.0,0.0
2026-09-20,신례원,0,pack_ev,0.0,0.0
2026-09-20,신례원,0,pack_ess,0.0,0.0
2026-09-20,신례원,0,blackmass,0.0,0.0
2026-09-20,신례원,1,pack_ev,0.0,0.0
2026-09-20,신례원,1,pack_ess,0.0,0.0
2026-09-20,신례원,1,blackmass,0.0,0.0
2026-09-20,신례원,2,pack_ev,0.0,0.0
2026-09-20,신례원,2,pack_ess,0.0,0.0
2026-09-20,신례원,2,blackmass,0.0,0.0
2026-09-20,신례원,3,pack_ev,0.0,0.0
2026-09-20,신례원,3,pack_ess,0.0,0.0
2026-09-20,신례원,3,blackmass,0.0,0.0
2026-09-20,신례원,4,pack_ev,0.0,0.0
2026-09-20,신례원,4,pack_ess,0.0,0.0
2026-09-20,신례원,4,blackmass,0.0,0.0
2026-09-20,신례원,5,pack_ev,0.0,0.0
2026-09-20,신례원,5,pack_ess,0.0,0.0
2026-09-20,신례원,5,blackmass,0.0,0.0
2026-09-20,신례원,6,pack_ev,0.0,0.0
2026-09-20,신례원,6,pack_ess,0.0,0.0
2026-09-20,신례원,6,blackmass,0.0,0.0
2026-09-20,신례원,7,pack_ev,0.0,0.0
2026-09-20,신례원,7,pack_ess,0.0,0.0
2026-09-20,신례원,7,blackmass,0.0,0.0
2026-09-20,신례원,8,pack_ev,0.0,0.0
2026-09-20,신례원,8,pack_ess,0.0,0.0
2026-09-20,신례원,8,blackmass,0.0,0.0
2026-09-20,신례원,9,pack_ev,0.0,0.0
2026-09-20,신례원,9,pack_ess,0.0,0.0
2026-09-20,신례원,9,blackmass,0.0,0.0
2026-09-20,신례원,10,pack_ev,0.0,0.0
2026-09-20,신례원,10,pack_ess,0.0,0.0
2026-09-20,신례원,10,blackmass,0.0,0.0
2026-09-20,신례원,11,pack_ev,0.0,0.0
2026-09-20,신례원,11,pack_ess,0.0,0.0
2026-09-20,신례원,11,blackmass,0.0,0.0
2026-09-20,신례원,12,pack_ev,0.0,0.0
2026-09-20,신례원,12,pack_ess,0.0,0.0
2026-09-20,신례원,12,blackmass,0.0,0.0
2026-09-20,신례원,13,pack_ev,0.0,0.0
2026-09-20,신례원,13,pack_ess,0.0,0.0
2026-09-20,신례원,13,blackmass,0.0,0.0
2026-09-20,신례원,14,pack_ev,0.0,0.0
2026-09-20,신례원,14,pack_ess,0.0,0.0
2026-09-20,신례원,14,blackmass,0.0,0.0
2026-09-20,신례원,15,pack_ev,0.0,0.0
2026-09-20,신례원,15,pack_ess,0.0,0.0
2026-09-20,신례원,15,blackmass,0.0,0.0
2026-09-20,신례원,16,pack_ev,0.0,0.0
2026-09-20,신례원,16,pack_ess,0.0,0.0
2026-09-20,신례원,16,blackmass,0.0,0.0
2026-09-20,신례원,17,pack_ev,0.0,0.0
2026-09-20,신례원,17,pack_ess,0.0,0.0
2026-09-20,신례원,17,blackmass,0.0,0.0
2026-09-20,신례원,18,pack_ev,0.0,0.0
2026-09-20,신례원,18,pack_ess,0.0,0.0
2026-09-20,신례원,18,blackmass,0.0,0.0
2026-09-20,신례원,19,pack_ev,0.0,0.0
2026-09-20,신례원,19,pack_ess,0.0,0.0
2026-09-20,신례원,19,blackmass,0.0,0.0
2026-09-20,신례원,20,pack_ev,0.0,0.0
2026-09-20,신례원,20,pack_ess,0.0,0.0
2026-09-20,신례원,20,blackmass,0.0,0.0
2026-09-20,신례원,21,pack_ev,0.0,0.0
2026-09-20,신례원,21,pack_ess,0.0,0.0
2026-09-20,신례원,21,blackmass,0.0,0.0
2026-09-20,신례원,22,pack_ev,0.0,0.0
2026-09-20,신례원,22,pack_ess,0.0,0.0
2026-09-20,신례원,22,blackmass,0.0,0.0
2026-09-20,신례원,23,pack_ev,0.0,0.0
2026-09-20,신례원,23,pack_ess,0.0,0.0
2026-09-20,신례원,23,blackmass,0.0,0.0
2026-09-20,안중,0,pack_ev,0.0,0.0
2026-09-20,안중,0,pack_ess,0.0,0.0
2026-09-20,안중,0,blackmass,0.0,0.0
2026-09-20,안중,1,pack_ev,0.0,0.0
2026-09-20,안중,1,pack_ess,0.0,0.0
2026-09-20,안중,1,blackmass,0.0,0.0
2026-09-20,안중,2,pack_ev,0.0,0.0
2026-09-20,안중,2,pack_ess,0.0,0.0
2026-09-20,안중,2,blackmass,0.0,0.0
2026-09-20,안중,3,pack_ev,0.0,0.0
2026-09-20,안중,3,pack_ess,0.0,0.0
2026-09-20,안중,3,blackmass,0.0,0.0
2026-09-20,안중,4,pack_ev,0.0,0.0
2026-09-20,안중,4,pack_ess,0.0,0.0
2026-09-20,안중,4,blackmass,0.0,0.0
2026-09-20,안중,5,pack_ev,0.0,0.0
2026-09-20,안중,5,pack_ess,0.0,0.0
2026-09-20,안중,5,blackmass,0.0,0.0
2026-09-20,안중,6,pack_ev,0.0,0.0
2026-09-20,안중,6,pack_ess,0.0,0.0
2026-09-20,안중,6,blackmass,0.0,0.0
2026-09-20,안중,7,pack_ev,0.0,0.0
2026-09-20,안중,7,pack_ess,0.0,0.0
2026-09-20,안중,7,blackmass,0.0,0.0
2026-09-20,안중,8,pack_ev,0.0,0.0
2026-09-20,안중,8,pack_ess,0.0,0.0
2026-09-20,안중,8,blackmass,0.0,0.0
2026-09-20,안중,9,pack_ev,0.0,0.0
2026-09-20,안중,9,pack_ess,0.0,0.0
2026-09-20,안중,9,blackmass,0.0,0.0
2026-09-20,안중,10,pack_ev,0.0,0.0
2026-09-20,안중,10,pack_ess,0.0,0.0
2026-09-20,안중,10,blackmass,0.0,0.0
2026-09-20,안중,11,pack_ev,0.0,0.0
2026-09-20,안중,11,pack_ess,0.0,0.0
2026-09-20,안중,11,blackmass,0.0,0.0
2026-09-20,안중,12,pack_ev,0.0,0.0
2026-09-20,안중,12,pack_ess,0.0,0.0
2026-09-20,안중,12,blackmass,0.0,0.0
2026-09-20,안중,13,pack_ev,0.0,0.0
2026-09-20,안중,13,pack_ess,0.0,0.0
2026-09-20,안중,13,blackmass,0.0,0.0
2026-09-20,안중,14,pack_ev,0.0,0.0
2026-09-20,안중,14,pack_ess,0.0,0.0
2026-09-20,안중,14,blackmass,0.0,0.0
2026-09-20,안중,15,pack_ev,0.0,0.0
2026-09-20,안중,15,pack_ess,0.0,0.0
2026-09-20,안중,15,blackmass,0.0,0.0
2026-09-20,안중,16,pack_ev,0.0,0.0
2026-09-20,안중,16,pack_ess,0.0,0.0
2026-09-20,안중,16,blackmass,0.0,0.0
2026-09-20,안중,17,pack_ev,0.0,0.0
2026-09-20,안중,17,pack_ess,0.0,0.0
2026-09-20,안중,17,blackmass,0.0,0.0
2026-09-20,안중,18,pack_ev,0.0,0.0
2026-09-20,안중,18,pack_ess,0.0,0.0
2026-09-20,안중,18,blackmass,0.0,0.0
2026-09-20,안중,19,pack_ev,0.0,0.0
2026-09-20,안중,19,pack_ess,0.0,0.0
2026-09-20,안중,19,blackmass,0.0,0.0
2026-09-20,안중,20,pack_ev,0.0,0.0
2026-09-20,안중,20,pack_ess,0.0,0.0
2026-09-20,안중,20,blackmass,0.0,0.0
2026-09-20,안중,21,pack_ev,0.0,0.0
2026-09-20,안중,21,pack_ess,0.0,0.0
2026-09-20,안중,21,blackmass,0.0,0.0
2026-09-20,안중,22,pack_ev,0.0,0.0
2026-09-20,안중,22,pack_ess,0.0,0.0
2026-09-20,안중,22,blackmass,0.0,0.0
2026-09-20,안중,23,pack_ev,0.0,0.0
2026-09-20,안중,23,pack_ess,0.0,0.0
2026-09-20,안중,23,blackmass,0.0,0.0
2026-09-20,천안,0,pack_ev,0.0,0.0
2026-09-20,천안,0,pack_ess,0.0,0.0
2026-09-20,천안,0,blackmass,0.0,0.0
2026-09-20,천안,1,pack_ev,0.0,0.0
2026-09-20,천안,1,pack_ess,0.0,0.0
2026-09-20,천안,1,blackmass,0.0,0.0
2026-09-20,천안,2,pack_ev,0.0,0.0
2026-09-20,천안,2,pack_ess,0.0,0.0
2026-09-20,천안,2,blackmass,0.0,0.0
2026-09-20,천안,3,pack_ev,0.0,0.0
2026-09-20,천안,3,pack_ess,0.0,0.0
2026-09-20,천안,3,blackmass,0.0,0.0
2026-09-20,천안,4,pack_ev,0.0,0.0
2026-09-20,천안,4,pack_ess,0.0,0.0
2026-09-20,천안,4,blackmass,0.0,0.0
2026-09-20,천안,5,pack_ev,0.0,0.0
2026-09-20,천안,5,pack_ess,0.0,0.0
2026-09-20,천안,5,blackmass,0.0,0.0
2026-09-20,천안,6,pack_ev,0.0,0.0
2026-09-20,천안,6,pack_ess,0.0,0.0
2026-09-20,천안,6,blackmass,0.0,0.0
2026-09-20,천안,7,pack_ev,0.0,0.0
2026-09-20,천안,7,pack_ess,0.0,0.0
2026-09-20,천안,7,blackmass,0.0,0.0
2026-09-20,천안,8,pack_ev,0.0,0.0
2026-09-20,천안,8,pack_ess,0.0,0.0
2026-09-20,천안,8,blackmass,0.0,0.0
2026-09-20,천안,9,pack_ev,0.0,0.0
2026-09-20,천안,9,pack_ess,0.0,0.0
2026-09-20,천안,9,blackmass,0.0,0.0
2026-09-20,천안,10,pack_ev,0.0,0.0
2026-09-20,천안,10,pack_ess,0.0,0.0
2026-09-20,천안,10,blackmass,0.0,0.0
2026-09-20,천안,11,pack_ev,0.0,0.0
2026-09-20,천안,11,pack_ess,0.0,0.0
2026-09-20,천안,11,blackmass,0.0,0.0
2026-09-20,천안,12,pack_ev,0.0,0.0
2026-09-20,천안,12,pack_ess,0.0,0.0
2026-09-20,천안,12,blackmass,0.0,0.0
2026-09-20,천안,13,pack_ev,0.0,0.0
2026-09-20,천안,13,pack_ess,0.0,0.0
2026-09-20,천안,13,blackmass,0.0,0.0
2026-09-20,천안,14,pack_ev,0.0,0.0
2026-09-20,천안,14,pack_ess,0.0,0.0
2026-09-20,천안,14,blackmass,0.0,0.0
2026-09-20,천안,15,pack_ev,0.0,0.0
2026-09-20,천안,15,pack_ess,0.0,0.0
2026-09-20,천안,15,blackmass,0.0,0.0
2026-09-20,천안,16,pack_ev,0.0,0.0
2026-09-20,천안,16,pack_ess,0.0,0.0
2026-09-20,천안,16,blackmass,0.0,0.0
2026-09-20,천안,17,pack_ev,0.0,0.0
2026-09-20,천안,17,pack_ess,0.0,0.0
2026-09-20,천안,17,blackmass,0.0,0.0
2026-09-20,천안,18,pack_ev,0.0,0.0
2026-09-20,천안,18,pack_ess,0.0,0.0
2026-09-20,천안,18,blackmass,0.0,0.0
2026-09-20,천안,19,pack_ev,0.0,0.0
2026-09-20,천안,19,pack_ess,0.0,0.0
2026-09-20,천안,19,blackmass,0.0,0.0
2026-09-20,천안,20,pack_ev,0.0,0.0
2026-09-20,천안,20,pack_ess,0.0,0.0
2026-09-20,천안,20,blackmass,0.0,0.0
2026-09-20,천안,21,pack_ev,0.0,0.0
2026-09-20,천안,21,pack_ess,0.0,0.0
2026-09-20,천안,21,blackmass,0.0,0.0
2026-09-20,천안,22,pack_ev,0.0,0.0
2026-09-20,천안,22,pack_ess,0.0,0.0
2026-09-20,천안,22,blackmass,0.0,0.0
2026-09-20,천안,23,pack_ev,0.0,0.0
2026-09-20,천안,23,pack_ess,0.0,0.0
2026-09-20,천안,23,blackmass,0.0,0.0
2026-09-21,서화성,0,pack_ev,0.0,0.0
2026-09-21,서화성,0,pack_ess,0.0,0.0
2026-09-21,서화성,0,blackmass,0.0,0.0
2026-09-21,서화성,1,pack_ev,0.0,0.0
2026-09-21,서화성,1,pack_ess,0.0,0.0
2026-09-21,서화성,1,blackmass,0.0,0.0
2026-09-21,서화성,2,pack_ev,0.0,0.0
2026-09-21,서화성,2,pack_ess,0.0,0.0
2026-09-21,서화성,2,blackmass,0.0,0.0
2026-09-21,서화성,3,pack_ev,0.0,0.0
2026-09-21,서화성,3,pack_ess,0.0,0.0
2026-09-21,서화성,3,blackmass,0.0,0.0
2026-09-21,서화성,4,pack_ev,0.0,0.0
2026-09-21,서화성,4,pack_ess,0.0,0.0
2026-09-21,서화성,4,blackmass,0.0,0.0
2026-09-21,서화성,5,pack_ev,0.0,0.0
2026-09-21,서화성,5,pack_ess,0.0,0.0
2026-09-21,서화성,5,blackmass,0.0,0.0
2026-09-21,서화성,6,pack_ev,0.0,0.0
2026-09-21,서화성,6,pack_ess,0.0,0.0
2026-09-21,서화성,6,blackmass,0.0,0.0
2026-09-21,서화성,7,pack_ev,0.0,0.0
2026-09-21,서화성,7,pack_ess,0.0,0.0
2026-09-21,서화성,7,blackmass,0.0,0.0
2026-09-21,서화성,8,pack_ev,0.0,0.0
2026-09-21,서화성,8,pack_ess,0.0,0.0
2026-09-21,서화성,8,blackmass,0.0,0.0
2026-09-21,서화성,9,pack_ev,0.0,0.0
2026-09-21,서화성,9,pack_ess,0.0,0.0
2026-09-21,서화성,9,blackmass,0.0,0.0
2026-09-21,서화성,10,pack_ev,4.582,0.1527
2026-09-21,서화성,10,pack_ess,0.0032,0.00011
2026-09-21,서화성,10,blackmass,1.222,0.0244
2026-09-21,서화성,11,pack_ev,4.582,0.1527
2026-09-21,서화성,11,pack_ess,0.0032,0.00011
2026-09-21,서화성,11,blackmass,1.222,0.0244
2026-09-21,서화성,12,pack_ev,4.582,0.1527
2026-09-21,서화성,12,pack_ess,0.0032,0.00011
2026-09-21,서화성,12,blackmass,1.222,0.0244
2026-09-21,서화성,13,pack_ev,4.582,0.1527
2026-09-21,서화성,13,pack_ess,0.0032,0.00011
2026-09-21,서화성,13,blackmass,1.222,0.0244
2026-09-21,서화성,14,pack_ev,4.582,0.1527
2026-09-21,서화성,14,pack_ess,0.0032,0.00011
2026-09-21,서화성,14,blackmass,1.222,0.0244
2026-09-21,서화성,15,pack_ev,4.582,0.1527
2026-09-21,서화성,15,pack_ess,0.0032,0.00011
2026-09-21,서화성,15,blackmass,1.222,0.0244
2026-09-21,서화성,16,pack_ev,4.582,0.1527
2026-09-21,서화성,16,pack_ess,0.0032,0.00011
2026-09-21,서화성,16,blackmass,1.222,0.0244
2026-09-21,서화성,17,pack_ev,4.582,0.1527
2026-09-21,서화성,17,pack_ess,0.0032,0.00011
2026-09-21,서화성,17,blackmass,1.222,0.0244
2026-09-21,서화성,18,pack_ev,0.0,0.0
2026-09-21,서화성,18,pack_ess,0.0,0.0
2026-09-21,서화성,18,blackmass,0.0,0.0
2026-09-21,서화성,19,pack_ev,0.0,0.0
2026-09-21,서화성,19,pack_ess,0.0,0.0
2026-09-21,서화성,19,blackmass,0.0,0.0
2026-09-21,서화성,20,pack_ev,0.0,0.0
2026-09-21,서화성,20,pack_ess,0.0,0.0
2026-09-21,서화성,20,blackmass,0.0,0.0
2026-09-21,서화성,21,pack_ev,0.0,0.0
2026-09-21,서화성,21,pack_ess,0.0,0.0
2026-09-21,서화성,21,blackmass,0.0,0.0
2026-09-21,서화성,22,pack_ev,0.0,0.0
2026-09-21,서화성,22,pack_ess,0.0,0.0
2026-09-21,서화성,22,blackmass,0.0,0.0
2026-09-21,서화성,23,pack_ev,0.0,0.0
2026-09-21,서화성,23,pack_ess,0.0,0.0
2026-09-21,서화성,23,blackmass,0.0,0.0
2026-09-21,신례원,0,pack_ev,0.0,0.0
2026-09-21,신례원,0,pack_ess,0.0,0.0
2026-09-21,신례원,0,blackmass,0.0,0.0
2026-09-21,신례원,1,pack_ev,0.0,0.0
2026-09-21,신례원,1,pack_ess,0.0,0.0
2026-09-21,신례원,1,blackmass,0.0,0.0
2026-09-21,신례원,2,pack_ev,0.0,0.0
2026-09-21,신례원,2,pack_ess,0.0,0.0
2026-09-21,신례원,2,blackmass,0.0,0.0
2026-09-21,신례원,3,pack_ev,0.0,0.0
2026-09-21,신례원,3,pack_ess,0.0,0.0
2026-09-21,신례원,3,blackmass,0.0,0.0
2026-09-21,신례원,4,pack_ev,0.0,0.0
2026-09-21,신례원,4,pack_ess,0.0,0.0
2026-09-21,신례원,4,blackmass,0.0,0.0
2026-09-21,신례원,5,pack_ev,0.0,0.0
2026-09-21,신례원,5,pack_ess,0.0,0.0
2026-09-21,신례원,5,blackmass,0.0,0.0
2026-09-21,신례원,6,pack_ev,0.0,0.0
2026-09-21,신례원,6,pack_ess,0.0,0.0
2026-09-21,신례원,6,blackmass,0.0,0.0
2026-09-21,신례원,7,pack_ev,0.0,0.0
2026-09-21,신례원,7,pack_ess,0.0,0.0
2026-09-21,신례원,7,blackmass,0.0,0.0
2026-09-21,신례원,8,pack_ev,0.0,0.0
2026-09-21,신례원,8,pack_ess,0.0,0.0
2026-09-21,신례원,8,blackmass,0.0,0.0
2026-09-21,신례원,9,pack_ev,0.0,0.0
2026-09-21,신례원,9,pack_ess,0.0,0.0
2026-09-21,신례원,9,blackmass,0.0,0.0
2026-09-21,신례원,10,pack_ev,0.0,0.0
2026-09-21,신례원,10,pack_ess,0.0,0.0
2026-09-21,신례원,10,blackmass,3.019,0.0604
2026-09-21,신례원,11,pack_ev,0.0,0.0
2026-09-21,신례원,11,pack_ess,0.0,0.0
2026-09-21,신례원,11,blackmass,3.019,0.0604
2026-09-21,신례원,12,pack_ev,0.0,0.0
2026-09-21,신례원,12,pack_ess,0.0,0.0
2026-09-21,신례원,12,blackmass,3.019,0.0604
2026-09-21,신례원,13,pack_ev,0.0,0.0
2026-09-21,신례원,13,pack_ess,0.0,0.0
2026-09-21,신례원,13,blackmass,3.019,0.0604
2026-09-21,신례원,14,pack_ev,0.0,0.0
2026-09-21,신례원,14,pack_ess,0.0,0.0
2026-09-21,신례원,14,blackmass,3.019,0.0604
2026-09-21,신례원,15,pack_ev,0.0,0.0
2026-09-21,신례원,15,pack_ess,0.0,0.0
2026-09-21,신례원,15,blackmass,3.019,0.0604
2026-09-21,신례원,16,pack_ev,0.0,0.0
2026-09-21,신례원,16,pack_ess,0.0,0.0
2026-09-21,신례원,16,blackmass,3.019,0.0604
2026-09-21,신례원,17,pack_ev,0.0,0.0
2026-09-21,신례원,17,pack_ess,0.0,0.0
2026-09-21,신례원,17,blackmass,3.019,0.0604
2026-09-21,신례원,18,pack_ev,0.0,0.0
2026-09-21,신례원,18,pack_ess,0.0,0.0
2026-09-21,신례원,18,blackmass,0.0,0.0
2026-09-21,신례원,19,pack_ev,0.0,0.0
2026-09-21,신례원,19,pack_ess,0.0,0.0
2026-09-21,신례원,19,blackmass,0.0,0.0
2026-09-21,신례원,20,pack_ev,0.0,0.0
2026-09-21,신례원,20,pack_ess,0.0,0.0
2026-09-21,신례원,20,blackmass,0.0,0.0
2026-09-21,신례원,21,pack_ev,0.0,0.0
2026-09-21,신례원,21,pack_ess,0.0,0.0
2026-09-21,신례원,21,blackmass,0.0,0.0
2026-09-21,신례원,22,pack_ev,0.0,0.0
2026-09-21,신례원,22,pack_ess,0.0,0.0
2026-09-21,신례원,22,blackmass,0.0,0.0
2026-09-21,신례원,23,pack_ev,0.0,0.0
2026-09-21,신례원,23,pack_ess,0.0,0.0
2026-09-21,신례원,23,blackmass,0.0,0.0
2026-09-21,안중,0,pack_ev,0.0,0.0
2026-09-21,안중,0,pack_ess,0.0,0.0
2026-09-21,안중,0,blackmass,0.0,0.0
2026-09-21,안중,1,pack_ev,0.0,0.0
2026-09-21,안중,1,pack_ess,0.0,0.0
2026-09-21,안중,1,blackmass,0.0,0.0
2026-09-21,안중,2,pack_ev,0.0,0.0
2026-09-21,안중,2,pack_ess,0.0,0.0
2026-09-21,안중,2,blackmass,0.0,0.0
2026-09-21,안중,3,pack_ev,0.0,0.0
2026-09-21,안중,3,pack_ess,0.0,0.0
2026-09-21,안중,3,blackmass,0.0,0.0
2026-09-21,안중,4,pack_ev,0.0,0.0
2026-09-21,안중,4,pack_ess,0.0,0.0
2026-09-21,안중,4,blackmass,0.0,0.0
2026-09-21,안중,5,pack_ev,0.0,0.0
2026-09-21,안중,5,pack_ess,0.0,0.0
2026-09-21,안중,5,blackmass,0.0,0.0
2026-09-21,안중,6,pack_ev,0.0,0.0
2026-09-21,안중,6,pack_ess,0.0,0.0
2026-09-21,안중,6,blackmass,0.0,0.0
2026-09-21,안중,7,pack_ev,0.0,0.0
2026-09-21,안중,7,pack_ess,0.0,0.0
2026-09-21,안중,7,blackmass,0.0,0.0
2026-09-21,안중,8,pack_ev,0.0,0.0
2026-09-21,안중,8,pack_ess,0.0,0.0
2026-09-21,안중,8,blackmass,0.0,0.0
2026-09-21,안중,9,pack_ev,0.0,0.0
2026-09-21,안중,9,pack_ess,0.0,0.0
2026-09-21,안중,9,blackmass,0.0,0.0
2026-09-21,안중,10,pack_ev,4.582,0.1527
2026-09-21,안중,10,pack_ess,0.0032,0.00011
2026-09-21,안중,10,blackmass,1.222,0.0244
2026-09-21,안중,11,pack_ev,4.582,0.1527
2026-09-21,안중,11,pack_ess,0.0032,0.00011
2026-09-21,안중,11,blackmass,1.222,0.0244
2026-09-21,안중,12,pack_ev,4.582,0.1527
2026-09-21,안중,12,pack_ess,0.0032,0.00011
2026-09-21,안중,12,blackmass,1.222,0.0244
2026-09-21,안중,13,pack_ev,4.582,0.1527
2026-09-21,안중,13,pack_ess,0.0032,0.00011
2026-09-21,안중,13,blackmass,1.222,0.0244
2026-09-21,안중,14,pack_ev,4.582,0.1527
2026-09-21,안중,14,pack_ess,0.0032,0.00011
2026-09-21,안중,14,blackmass,1.222,0.0244
2026-09-21,안중,15,pack_ev,4.582,0.1527
2026-09-21,안중,15,pack_ess,0.0032,0.00011
2026-09-21,안중,15,blackmass,1.222,0.0244
2026-09-21,안중,16,pack_ev,4.582,0.1527
2026-09-21,안중,16,pack_ess,0.0032,0.00011
2026-09-21,안중,16,blackmass,1.222,0.0244
2026-09-21,안중,17,pack_ev,4.582,0.1527
2026-09-21,안중,17,pack_ess,0.0032,0.00011
2026-09-21,안중,17,blackmass,1.222,0.0244
2026-09-21,안중,18,pack_ev,0.0,0.0
2026-09-21,안중,18,pack_ess,0.0,0.0
2026-09-21,안중,18,blackmass,0.0,0.0
2026-09-21,안중,19,pack_ev,0.0,0.0
2026-09-21,안중,19,pack_ess,0.0,0.0
2026-09-21,안중,19,blackmass,0.0,0.0
2026-09-21,안중,20,pack_ev,0.0,0.0
2026-09-21,안중,20,pack_ess,0.0,0.0
2026-09-21,안중,20,blackmass,0.0,0.0
2026-09-21,안중,21,pack_ev,0.0,0.0
2026-09-21,안중,21,pack_ess,0.0,0.0
2026-09-21,안중,21,blackmass,0.0,0.0
2026-09-21,안중,22,pack_ev,0.0,0.0
2026-09-21,안중,22,pack_ess,0.0,0.0
2026-09-21,안중,22,blackmass,0.0,0.0
2026-09-21,안중,23,pack_ev,0.0,0.0
2026-09-21,안중,23,pack_ess,0.0,0.0
2026-09-21,안중,23,blackmass,0.0,0.0
2026-09-21,천안,0,pack_ev,0.0,0.0
2026-09-21,천안,0,pack_ess,0.0,0.0
2026-09-21,천안,0,blackmass,0.0,0.0
2026-09-21,천안,1,pack_ev,0.0,0.0
2026-09-21,천안,1,pack_ess,0.0,0.0
2026-09-21,천안,1,blackmass,0.0,0.0
2026-09-21,천안,2,pack_ev,0.0,0.0
2026-09-21,천안,2,pack_ess,0.0,0.0
2026-09-21,천안,2,blackmass,0.0,0.0
2026-09-21,천안,3,pack_ev,0.0,0.0
2026-09-21,천안,3,pack_ess,0.0,0.0
2026-09-21,천안,3,blackmass,0.0,0.0
2026-09-21,천안,4,pack_ev,0.0,0.0
2026-09-21,천안,4,pack_ess,0.0,0.0
2026-09-21,천안,4,blackmass,0.0,0.0
2026-09-21,천안,5,pack_ev,0.0,0.0
2026-09-21,천안,5,pack_ess,0.0,0.0
2026-09-21,천안,5,blackmass,0.0,0.0
2026-09-21,천안,6,pack_ev,0.0,0.0
2026-09-21,천안,6,pack_ess,0.0,0.0
2026-09-21,천안,6,blackmass,0.0,0.0
2026-09-21,천안,7,pack_ev,0.0,0.0
2026-09-21,천안,7,pack_ess,0.0,0.0
2026-09-21,천안,7,blackmass,0.0,0.0
2026-09-21,천안,8,pack_ev,0.0,0.0
2026-09-21,천안,8,pack_ess,0.0,0.0
2026-09-21,천안,8,blackmass,0.0,0.0
2026-09-21,천안,9,pack_ev,0.0,0.0
2026-09-21,천안,9,pack_ess,0.0,0.0
2026-09-21,천안,9,blackmass,0.0,0.0
2026-09-21,천안,10,pack_ev,0.0,0.0
2026-09-21,천안,10,pack_ess,0.0,0.0
2026-09-21,천안,10,blackmass,4.529,0.0906
2026-09-21,천안,11,pack_ev,0.0,0.0
2026-09-21,천안,11,pack_ess,0.0,0.0
2026-09-21,천안,11,blackmass,4.529,0.0906
2026-09-21,천안,12,pack_ev,0.0,0.0
2026-09-21,천안,12,pack_ess,0.0,0.0
2026-09-21,천안,12,blackmass,4.529,0.0906
2026-09-21,천안,13,pack_ev,0.0,0.0
2026-09-21,천안,13,pack_ess,0.0,0.0
2026-09-21,천안,13,blackmass,4.529,0.0906
2026-09-21,천안,14,pack_ev,0.0,0.0
2026-09-21,천안,14,pack_ess,0.0,0.0
2026-09-21,천안,14,blackmass,4.529,0.0906
2026-09-21,천안,15,pack_ev,0.0,0.0
2026-09-21,천안,15,pack_ess,0.0,0.0
2026-09-21,천안,15,blackmass,4.529,0.0906
2026-09-21,천안,16,pack_ev,0.0,0.0
2026-09-21,천안,16,pack_ess,0.0,0.0
2026-09-21,천안,16,blackmass,4.529,0.0906
2026-09-21,천안,17,pack_ev,0.0,0.0
2026-09-21,천안,17,pack_ess,0.0,0.0
2026-09-21,천안,17,blackmass,4.529,0.0906
2026-09-21,천안,18,pack_ev,0.0,0.0
2026-09-21,천안,18,pack_ess,0.0,0.0
2026-09-21,천안,18,blackmass,0.0,0.0
2026-09-21,천안,19,pack_ev,0.0,0.0
2026-09-21,천안,19,pack_ess,0.0,0.0
2026-09-21,천안,19,blackmass,0.0,0.0
2026-09-21,천안,20,pack_ev,0.0,0.0
2026-09-21,천안,20,pack_ess,0.0,0.0
2026-09-21,천안,20,blackmass,0.0,0.0
2026-09-21,천안,21,pack_ev,0.0,0.0
2026-09-21,천안,21,pack_ess,0.0,0.0
2026-09-21,천안,21,blackmass,0.0,0.0
2026-09-21,천안,22,pack_ev,0.0,0.0
2026-09-21,천안,22,pack_ess,0.0,0.0
2026-09-21,천안,22,blackmass,0.0,0.0
2026-09-21,천안,23,pack_ev,0.0,0.0
2026-09-21,천안,23,pack_ess,0.0,0.0
2026-09-21,천안,23,blackmass,0.0,0.0
2026-09-22,서화성,0,pack_ev,0.0,0.0
2026-09-22,서화성,0,pack_ess,0.0,0.0
2026-09-22,서화성,0,blackmass,0.0,0.0
2026-09-22,서화성,1,pack_ev,0.0,0.0
2026-09-22,서화성,1,pack_ess,0.0,0.0
2026-09-22,서화성,1,blackmass,0.0,0.0
2026-09-22,서화성,2,pack_ev,0.0,0.0
2026-09-22,서화성,2,pack_ess,0.0,0.0
2026-09-22,서화성,2,blackmass,0.0,0.0
2026-09-22,서화성,3,pack_ev,0.0,0.0
2026-09-22,서화성,3,pack_ess,0.0,0.0
2026-09-22,서화성,3,blackmass,0.0,0.0
2026-09-22,서화성,4,pack_ev,0.0,0.0
2026-09-22,서화성,4,pack_ess,0.0,0.0
2026-09-22,서화성,4,blackmass,0.0,0.0
2026-09-22,서화성,5,pack_ev,0.0,0.0
2026-09-22,서화성,5,pack_ess,0.0,0.0
2026-09-22,서화성,5,blackmass,0.0,0.0
2026-09-22,서화성,6,pack_ev,0.0,0.0
2026-09-22,서화성,6,pack_ess,0.0,0.0
2026-09-22,서화성,6,blackmass,0.0,0.0
2026-09-22,서화성,7,pack_ev,0.0,0.0
2026-09-22,서화성,7,pack_ess,0.0,0.0
2026-09-22,서화성,7,blackmass,0.0,0.0
2026-09-22,서화성,8,pack_ev,0.0,0.0
2026-09-22,서화성,8,pack_ess,0.0,0.0
2026-09-22,서화성,8,blackmass,0.0,0.0
2026-09-22,서화성,9,pack_ev,0.0,0.0
2026-09-22,서화성,9,pack_ess,0.0,0.0
2026-09-22,서화성,9,blackmass,0.0,0.0
2026-09-22,서화성,10,pack_ev,0.0,0.0
2026-09-22,서화성,10,pack_ess,0.0,0.0
2026-09-22,서화성,10,blackmass,0.0,0.0
2026-09-22,서화성,11,pack_ev,0.0,0.0
2026-09-22,서화성,11,pack_ess,0.0,0.0
2026-09-22,서화성,11,blackmass,0.0,0.0
2026-09-22,서화성,12,pack_ev,0.0,0.0
2026-09-22,서화성,12,pack_ess,0.0,0.0
2026-09-22,서화성,12,blackmass,0.0,0.0
2026-09-22,서화성,13,pack_ev,0.0,0.0
2026-09-22,서화성,13,pack_ess,0.0,0.0
2026-09-22,서화성,13,blackmass,0.0,0.0
2026-09-22,서화성,14,pack_ev,0.0,0.0
2026-09-22,서화성,14,pack_ess,0.0,0.0
2026-09-22,서화성,14,blackmass,0.0,0.0
2026-09-22,서화성,15,pack_ev,0.0,0.0
2026-09-22,서화성,15,pack_ess,0.0,0.0
2026-09-22,서화성,15,blackmass,0.0,0.0
2026-09-22,서화성,16,pack_ev,0.0,0.0
2026-09-22,서화성,16,pack_ess,0.0,0.0
2026-09-22,서화성,16,blackmass,0.0,0.0
2026-09-22,서화성,17,pack_ev,0.0,0.0
2026-09-22,서화성,17,pack_ess,0.0,0.0
2026-09-22,서화성,17,blackmass,0.0,0.0
2026-09-22,서화성,18,pack_ev,0.0,0.0
2026-09-22,서화성,18,pack_ess,0.0,0.0
2026-09-22,서화성,18,blackmass,0.0,0.0
2026-09-22,서화성,19,pack_ev,0.0,0.0
2026-09-22,서화성,19,pack_ess,0.0,0.0
2026-09-22,서화성,19,blackmass,0.0,0.0
2026-09-22,서화성,20,pack_ev,0.0,0.0
2026-09-22,서화성,20,pack_ess,0.0,0.0
2026-09-22,서화성,20,blackmass,0.0,0.0
2026-09-22,서화성,21,pack_ev,0.0,0.0
2026-09-22,서화성,21,pack_ess,0.0,0.0
2026-09-22,서화성,21,blackmass,0.0,0.0
2026-09-22,서화성,22,pack_ev,0.0,0.0
2026-09-22,서화성,22,pack_ess,0.0,0.0
2026-09-22,서화성,22,blackmass,0.0,0.0
2026-09-22,서화성,23,pack_ev,0.0,0.0
2026-09-22,서화성,23,pack_ess,0.0,0.0
2026-09-22,서화성,23,blackmass,0.0,0.0
2026-09-22,신례원,0,pack_ev,0.0,0.0
2026-09-22,신례원,0,pack_ess,0.0,0.0
2026-09-22,신례원,0,blackmass,0.0,0.0
2026-09-22,신례원,1,pack_ev,0.0,0.0
2026-09-22,신례원,1,pack_ess,0.0,0.0
2026-09-22,신례원,1,blackmass,0.0,0.0
2026-09-22,신례원,2,pack_ev,0.0,0.0
2026-09-22,신례원,2,pack_ess,0.0,0.0
2026-09-22,신례원,2,blackmass,0.0,0.0
2026-09-22,신례원,3,pack_ev,0.0,0.0
2026-09-22,신례원,3,pack_ess,0.0,0.0
2026-09-22,신례원,3,blackmass,0.0,0.0
2026-09-22,신례원,4,pack_ev,0.0,0.0
2026-09-22,신례원,4,pack_ess,0.0,0.0
2026-09-22,신례원,4,blackmass,0.0,0.0
2026-09-22,신례원,5,pack_ev,0.0,0.0
2026-09-22,신례원,5,pack_ess,0.0,0.0
2026-09-22,신례원,5,blackmass,0.0,0.0
2026-09-22,신례원,6,pack_ev,0.0,0.0
2026-09-22,신례원,6,pack_ess,0.0,0.0
2026-09-22,신례원,6,blackmass,0.0,0.0
2026-09-22,신례원,7,pack_ev,0.0,0.0
2026-09-22,신례원,7,pack_ess,0.0,0.0
2026-09-22,신례원,7,blackmass,0.0,0.0
2026-09-22,신례원,8,pack_ev,0.0,0.0
2026-09-22,신례원,8,pack_ess,0.0,0.0
2026-09-22,신례원,8,blackmass,0.0,0.0
2026-09-22,신례원,9,pack_ev,0.0,0.0
2026-09-22,신례원,9,pack_ess,0.0,0.0
2026-09-22,신례원,9,blackmass,0.0,0.0
2026-09-22,신례원,10,pack_ev,0.0,0.0
2026-09-22,신례원,10,pack_ess,0.0,0.0
2026-09-22,신례원,10,blackmass,0.0,0.0
2026-09-22,신례원,11,pack_ev,0.0,0.0
2026-09-22,신례원,11,pack_ess,0.0,0.0
2026-09-22,신례원,11,blackmass,0.0,0.0
2026-09-22,신례원,12,pack_ev,0.0,0.0
2026-09-22,신례원,12,pack_ess,0.0,0.0
2026-09-22,신례원,12,blackmass,0.0,0.0
2026-09-22,신례원,13,pack_ev,0.0,0.0
2026-09-22,신례원,13,pack_ess,0.0,0.0
2026-09-22,신례원,13,blackmass,0.0,0.0
2026-09-22,신례원,14,pack_ev,0.0,0.0
2026-09-22,신례원,14,pack_ess,0.0,0.0
2026-09-22,신례원,14,blackmass,0.0,0.0
2026-09-22,신례원,15,pack_ev,0.0,0.0
2026-09-22,신례원,15,pack_ess,0.0,0.0
2026-09-22,신례원,15,blackmass,0.0,0.0
2026-09-22,신례원,16,pack_ev,0.0,0.0
2026-09-22,신례원,16,pack_ess,0.0,0.0
2026-09-22,신례원,16,blackmass,0.0,0.0
2026-09-22,신례원,17,pack_ev,0.0,0.0
2026-09-22,신례원,17,pack_ess,0.0,0.0
2026-09-22,신례원,17,blackmass,0.0,0.0
2026-09-22,신례원,18,pack_ev,0.0,0.0
2026-09-22,신례원,18,pack_ess,0.0,0.0
2026-09-22,신례원,18,blackmass,0.0,0.0
2026-09-22,신례원,19,pack_ev,0.0,0.0
2026-09-22,신례원,19,pack_ess,0.0,0.0
2026-09-22,신례원,19,blackmass,0.0,0.0
2026-09-22,신례원,20,pack_ev,0.0,0.0
2026-09-22,신례원,20,pack_ess,0.0,0.0
2026-09-22,신례원,20,blackmass,0.0,0.0
2026-09-22,신례원,21,pack_ev,0.0,0.0
2026-09-22,신례원,21,pack_ess,0.0,0.0
2026-09-22,신례원,21,blackmass,0.0,0.0
2026-09-22,신례원,22,pack_ev,0.0,0.0
2026-09-22,신례원,22,pack_ess,0.0,0.0
2026-09-22,신례원,22,blackmass,0.0,0.0
2026-09-22,신례원,23,pack_ev,0.0,0.0
2026-09-22,신례원,23,pack_ess,0.0,0.0
2026-09-22,신례원,23,blackmass,0.0,0.0
2026-09-22,안중,0,pack_ev,0.0,0.0
2026-09-22,안중,0,pack_ess,0.0,0.0
2026-09-22,안중,0,blackmass,0.0,0.0
2026-09-22,안중,1,pack_ev,0.0,0.0
2026-09-22,안중,1,pack_ess,0.0,0.0
2026-09-22,안중,1,blackmass,0.0,0.0
2026-09-22,안중,2,pack_ev,0.0,0.0
2026-09-22,안중,2,pack_ess,0.0,0.0
2026-09-22,안중,2,blackmass,0.0,0.0
2026-09-22,안중,3,pack_ev,0.0,0.0
2026-09-22,안중,3,pack_ess,0.0,0.0
2026-09-22,안중,3,blackmass,0.0,0.0
2026-09-22,안중,4,pack_ev,0.0,0.0
2026-09-22,안중,4,pack_ess,0.0,0.0
2026-09-22,안중,4,blackmass,0.0,0.0
2026-09-22,안중,5,pack_ev,0.0,0.0
2026-09-22,안중,5,pack_ess,0.0,0.0
2026-09-22,안중,5,blackmass,0.0,0.0
2026-09-22,안중,6,pack_ev,0.0,0.0
2026-09-22,안중,6,pack_ess,0.0,0.0
2026-09-22,안중,6,blackmass,0.0,0.0
2026-09-22,안중,7,pack_ev,0.0,0.0
2026-09-22,안중,7,pack_ess,0.0,0.0
2026-09-22,안중,7,blackmass,0.0,0.0
2026-09-22,안중,8,pack_ev,0.0,0.0
2026-09-22,안중,8,pack_ess,0.0,0.0
2026-09-22,안중,8,blackmass,0.0,0.0
2026-09-22,안중,9,pack_ev,0.0,0.0
2026-09-22,안중,9,pack_ess,0.0,0.0
2026-09-22,안중,9,blackmass,0.0,0.0
2026-09-22,안중,10,pack_ev,0.0,0.0
2026-09-22,안중,10,pack_ess,0.0,0.0
2026-09-22,안중,10,blackmass,0.0,0.0
2026-09-22,안중,11,pack_ev,0.0,0.0
2026-09-22,안중,11,pack_ess,0.0,0.0
2026-09-22,안중,11,blackmass,0.0,0.0
2026-09-22,안중,12,pack_ev,0.0,0.0
2026-09-22,안중,12,pack_ess,0.0,0.0
2026-09-22,안중,12,blackmass,0.0,0.0
2026-09-22,안중,13,pack_ev,0.0,0.0
2026-09-22,안중,13,pack_ess,0.0,0.0
2026-09-22,안중,13,blackmass,0.0,0.0
2026-09-22,안중,14,pack_ev,0.0,0.0
2026-09-22,안중,14,pack_ess,0.0,0.0
2026-09-22,안중,14,blackmass,0.0,0.0
2026-09-22,안중,15,pack_ev,0.0,0.0
2026-09-22,안중,15,pack_ess,0.0,0.0
2026-09-22,안중,15,blackmass,0.0,0.0
2026-09-22,안중,16,pack_ev,0.0,0.0
2026-09-22,안중,16,pack_ess,0.0,0.0
2026-09-22,안중,16,blackmass,0.0,0.0
2026-09-22,안중,17,pack_ev,0.0,0.0
2026-09-22,안중,17,pack_ess,0.0,0.0
2026-09-22,안중,17,blackmass,0.0,0.0
2026-09-22,안중,18,pack_ev,0.0,0.0
2026-09-22,안중,18,pack_ess,0.0,0.0
2026-09-22,안중,18,blackmass,0.0,0.0
2026-09-22,안중,19,pack_ev,0.0,0.0
2026-09-22,안중,19,pack_ess,0.0,0.0
2026-09-22,안중,19,blackmass,0.0,0.0
2026-09-22,안중,20,pack_ev,0.0,0.0
2026-09-22,안중,20,pack_ess,0.0,0.0
2026-09-22,안중,20,blackmass,0.0,0.0
2026-09-22,안중,21,pack_ev,0.0,0.0
2026-09-22,안중,21,pack_ess,0.0,0.0
2026-09-22,안중,21,blackmass,0.0,0.0
2026-09-22,안중,22,pack_ev,0.0,0.0
2026-09-22,안중,22,pack_ess,0.0,0.0
2026-09-22,안중,22,blackmass,0.0,0.0
2026-09-22,안중,23,pack_ev,0.0,0.0
2026-09-22,안중,23,pack_ess,0.0,0.0
2026-09-22,안중,23,blackmass,0.0,0.0
2026-09-22,천안,0,pack_ev,0.0,0.0
2026-09-22,천안,0,pack_ess,0.0,0.0
2026-09-22,천안,0,blackmass,0.0,0.0
2026-09-22,천안,1,pack_ev,0.0,0.0
2026-09-22,천안,1,pack_ess,0.0,0.0
2026-09-22,천안,1,blackmass,0.0,0.0
2026-09-22,천안,2,pack_ev,0.0,0.0
2026-09-22,천안,2,pack_ess,0.0,0.0
2026-09-22,천안,2,blackmass,0.0,0.0
2026-09-22,천안,3,pack_ev,0.0,0.0
2026-09-22,천안,3,pack_ess,0.0,0.0
2026-09-22,천안,3,blackmass,0.0,0.0
2026-09-22,천안,4,pack_ev,0.0,0.0
2026-09-22,천안,4,pack_ess,0.0,0.0
2026-09-22,천안,4,blackmass,0.0,0.0
2026-09-22,천안,5,pack_ev,0.0,0.0
2026-09-22,천안,5,pack_ess,0.0,0.0
2026-09-22,천안,5,blackmass,0.0,0.0
2026-09-22,천안,6,pack_ev,0.0,0.0
2026-09-22,천안,6,pack_ess,0.0,0.0
2026-09-22,천안,6,blackmass,0.0,0.0
2026-09-22,천안,7,pack_ev,0.0,0.0
2026-09-22,천안,7,pack_ess,0.0,0.0
2026-09-22,천안,7,blackmass,0.0,0.0
2026-09-22,천안,8,pack_ev,0.0,0.0
2026-09-22,천안,8,pack_ess,0.0,0.0
2026-09-22,천안,8,blackmass,0.0,0.0
2026-09-22,천안,9,pack_ev,0.0,0.0
2026-09-22,천안,9,pack_ess,0.0,0.0
2026-09-22,천안,9,blackmass,0.0,0.0
2026-09-22,천안,10,pack_ev,0.0,0.0
2026-09-22,천안,10,pack_ess,0.0,0.0
2026-09-22,천안,10,blackmass,0.0,0.0
2026-09-22,천안,11,pack_ev,0.0,0.0
2026-09-22,천안,11,pack_ess,0.0,0.0
2026-09-22,천안,11,blackmass,0.0,0.0
2026-09-22,천안,12,pack_ev,0.0,0.0
2026-09-22,천안,12,pack_ess,0.0,0.0
2026-09-22,천안,12,blackmass,0.0,0.0
2026-09-22,천안,13,pack_ev,0.0,0.0
2026-09-22,천안,13,pack_ess,0.0,0.0
2026-09-22,천안,13,blackmass,0.0,0.0
2026-09-22,천안,14,pack_ev,0.0,0.0
2026-09-22,천안,14,pack_ess,0.0,0.0
2026-09-22,천안,14,blackmass,0.0,0.0
2026-09-22,천안,15,pack_ev,0.0,0.0
2026-09-22,천안,15,pack_ess,0.0,0.0
2026-09-22,천안,15,blackmass,0.0,0.0
2026-09-22,천안,16,pack_ev,0.0,0.0
2026-09-22,천안,16,pack_ess,0.0,0.0
2026-09-22,천안,16,blackmass,0.0,0.0
2026-09-22,천안,17,pack_ev,0.0,0.0
2026-09-22,천안,17,pack_ess,0.0,0.0
2026-09-22,천안,17,blackmass,0.0,0.0
2026-09-22,천안,18,pack_ev,0.0,0.0
2026-09-22,천안,18,pack_ess,0.0,0.0
2026-09-22,천안,18,blackmass,0.0,0.0
2026-09-22,천안,19,pack_ev,0.0,0.0
2026-09-22,천안,19,pack_ess,0.0,0.0
2026-09-22,천안,19,blackmass,0.0,0.0
2026-09-22,천안,20,pack_ev,0.0,0.0
2026-09-22,천안,20,pack_ess,0.0,0.0
2026-09-22,천안,20,blackmass,0.0,0.0
2026-09-22,천안,21,pack_ev,0.0,0.0
2026-09-22,천안,21,pack_ess,0.0,0.0
2026-09-22,천안,21,blackmass,0.0,0.0
2026-09-22,천안,22,pack_ev,0.0,0.0
2026-09-22,천안,22,pack_ess,0.0,0.0
2026-09-22,천안,22,blackmass,0.0,0.0
2026-09-22,천안,23,pack_ev,0.0,0.0
2026-09-22,천안,23,pack_ess,0.0,0.0
2026-09-22,천안,23,blackmass,0.0,0.0
2026-09-23,서화성,0,pack_ev,0.0,0.0
2026-09-23,서화성,0,pack_ess,0.0,0.0
2026-09-23,서화성,0,blackmass,0.0,0.0
2026-09-23,서화성,1,pack_ev,0.0,0.0
2026-09-23,서화성,1,pack_ess,0.0,0.0
2026-09-23,서화성,1,blackmass,0.0,0.0
2026-09-23,서화성,2,pack_ev,0.0,0.0
2026-09-23,서화성,2,pack_ess,0.0,0.0
2026-09-23,서화성,2,blackmass,0.0,0.0
2026-09-23,서화성,3,pack_ev,0.0,0.0
2026-09-23,서화성,3,pack_ess,0.0,0.0
2026-09-23,서화성,3,blackmass,0.0,0.0
2026-09-23,서화성,4,pack_ev,0.0,0.0
2026-09-23,서화성,4,pack_ess,0.0,0.0
2026-09-23,서화성,4,blackmass,0.0,0.0
2026-09-23,서화성,5,pack_ev,0.0,0.0
2026-09-23,서화성,5,pack_ess,0.0,0.0
2026-09-23,서화성,5,blackmass,0.0,0.0
2026-09-23,서화성,6,pack_ev,0.0,0.0
2026-09-23,서화성,6,pack_ess,0.0,0.0
2026-09-23,서화성,6,blackmass,0.0,0.0
2026-09-23,서화성,7,pack_ev,0.0,0.0
2026-09-23,서화성,7,pack_ess,0.0,0.0
2026-09-23,서화성,7,blackmass,0.0,0.0
2026-09-23,서화성,8,pack_ev,0.0,0.0
2026-09-23,서화성,8,pack_ess,0.0,0.0
2026-09-23,서화성,8,blackmass,0.0,0.0
2026-09-23,서화성,9,pack_ev,0.0,0.0
2026-09-23,서화성,9,pack_ess,0.0,0.0
2026-09-23,서화성,9,blackmass,0.0,0.0
2026-09-23,서화성,10,pack_ev,0.0,0.0
2026-09-23,서화성,10,pack_ess,0.0,0.0
2026-09-23,서화성,10,blackmass,0.0,0.0
2026-09-23,서화성,11,pack_ev,0.0,0.0
2026-09-23,서화성,11,pack_ess,0.0,0.0
2026-09-23,서화성,11,blackmass,0.0,0.0
2026-09-23,서화성,12,pack_ev,0.0,0.0
2026-09-23,서화성,12,pack_ess,0.0,0.0
2026-09-23,서화성,12,blackmass,0.0,0.0
2026-09-23,서화성,13,pack_ev,0.0,0.0
2026-09-23,서화성,13,pack_ess,0.0,0.0
2026-09-23,서화성,13,blackmass,0.0,0.0
2026-09-23,서화성,14,pack_ev,0.0,0.0
2026-09-23,서화성,14,pack_ess,0.0,0.0
2026-09-23,서화성,14,blackmass,0.0,0.0
2026-09-23,서화성,15,pack_ev,0.0,0.0
2026-09-23,서화성,15,pack_ess,0.0,0.0
2026-09-23,서화성,15,blackmass,0.0,0.0
2026-09-23,서화성,16,pack_ev,0.0,0.0
2026-09-23,서화성,16,pack_ess,0.0,0.0
2026-09-23,서화성,16,blackmass,0.0,0.0
2026-09-23,서화성,17,pack_ev,0.0,0.0
2026-09-23,서화성,17,pack_ess,0.0,0.0
2026-09-23,서화성,17,blackmass,0.0,0.0
2026-09-23,서화성,18,pack_ev,0.0,0.0
2026-09-23,서화성,18,pack_ess,0.0,0.0
2026-09-23,서화성,18,blackmass,0.0,0.0
2026-09-23,서화성,19,pack_ev,0.0,0.0
2026-09-23,서화성,19,pack_ess,0.0,0.0
2026-09-23,서화성,19,blackmass,0.0,0.0
2026-09-23,서화성,20,pack_ev,0.0,0.0
2026-09-23,서화성,20,pack_ess,0.0,0.0
2026-09-23,서화성,20,blackmass,0.0,0.0
2026-09-23,서화성,21,pack_ev,0.0,0.0
2026-09-23,서화성,21,pack_ess,0.0,0.0
2026-09-23,서화성,21,blackmass,0.0,0.0
2026-09-23,서화성,22,pack_ev,0.0,0.0
2026-09-23,서화성,22,pack_ess,0.0,0.0
2026-09-23,서화성,22,blackmass,0.0,0.0
2026-09-23,서화성,23,pack_ev,0.0,0.0
2026-09-23,서화성,23,pack_ess,0.0,0.0
2026-09-23,서화성,23,blackmass,0.0,0.0
2026-09-23,신례원,0,pack_ev,0.0,0.0
2026-09-23,신례원,0,pack_ess,0.0,0.0
2026-09-23,신례원,0,blackmass,0.0,0.0
2026-09-23,신례원,1,pack_ev,0.0,0.0
2026-09-23,신례원,1,pack_ess,0.0,0.0
2026-09-23,신례원,1,blackmass,0.0,0.0
2026-09-23,신례원,2,pack_ev,0.0,0.0
2026-09-23,신례원,2,pack_ess,0.0,0.0
2026-09-23,신례원,2,blackmass,0.0,0.0
2026-09-23,신례원,3,pack_ev,0.0,0.0
2026-09-23,신례원,3,pack_ess,0.0,0.0
2026-09-23,신례원,3,blackmass,0.0,0.0
2026-09-23,신례원,4,pack_ev,0.0,0.0
2026-09-23,신례원,4,pack_ess,0.0,0.0
2026-09-23,신례원,4,blackmass,0.0,0.0
2026-09-23,신례원,5,pack_ev,0.0,0.0
2026-09-23,신례원,5,pack_ess,0.0,0.0
2026-09-23,신례원,5,blackmass,0.0,0.0
2026-09-23,신례원,6,pack_ev,0.0,0.0
2026-09-23,신례원,6,pack_ess,0.0,0.0
2026-09-23,신례원,6,blackmass,0.0,0.0
2026-09-23,신례원,7,pack_ev,0.0,0.0
2026-09-23,신례원,7,pack_ess,0.0,0.0
2026-09-23,신례원,7,blackmass,0.0,0.0
2026-09-23,신례원,8,pack_ev,0.0,0.0
2026-09-23,신례원,8,pack_ess,0.0,0.0
2026-09-23,신례원,8,blackmass,0.0,0.0
2026-09-23,신례원,9,pack_ev,0.0,0.0
2026-09-23,신례원,9,pack_ess,0.0,0.0
2026-09-23,신례원,9,blackmass,0.0,0.0
2026-09-23,신례원,10,pack_ev,0.0,0.0
2026-09-23,신례원,10,pack_ess,0.0,0.0
2026-09-23,신례원,10,blackmass,0.0,0.0
2026-09-23,신례원,11,pack_ev,0.0,0.0
2026-09-23,신례원,11,pack_ess,0.0,0.0
2026-09-23,신례원,11,blackmass,0.0,0.0
2026-09-23,신례원,12,pack_ev,0.0,0.0
2026-09-23,신례원,12,pack_ess,0.0,0.0
2026-09-23,신례원,12,blackmass,0.0,0.0
2026-09-23,신례원,13,pack_ev,0.0,0.0
2026-09-23,신례원,13,pack_ess,0.0,0.0
2026-09-23,신례원,13,blackmass,0.0,0.0
2026-09-23,신례원,14,pack_ev,0.0,0.0
2026-09-23,신례원,14,pack_ess,0.0,0.0
2026-09-23,신례원,14,blackmass,0.0,0.0
2026-09-23,신례원,15,pack_ev,0.0,0.0
2026-09-23,신례원,15,pack_ess,0.0,0.0
2026-09-23,신례원,15,blackmass,0.0,0.0
2026-09-23,신례원,16,pack_ev,0.0,0.0
2026-09-23,신례원,16,pack_ess,0.0,0.0
2026-09-23,신례원,16,blackmass,0.0,0.0
2026-09-23,신례원,17,pack_ev,0.0,0.0
2026-09-23,신례원,17,pack_ess,0.0,0.0
2026-09-23,신례원,17,blackmass,0.0,0.0
2026-09-23,신례원,18,pack_ev,0.0,0.0
2026-09-23,신례원,18,pack_ess,0.0,0.0
2026-09-23,신례원,18,blackmass,0.0,0.0
2026-09-23,신례원,19,pack_ev,0.0,0.0
2026-09-23,신례원,19,pack_ess,0.0,0.0
2026-09-23,신례원,19,blackmass,0.0,0.0
2026-09-23,신례원,20,pack_ev,0.0,0.0
2026-09-23,신례원,20,pack_ess,0.0,0.0
2026-09-23,신례원,20,blackmass,0.0,0.0
2026-09-23,신례원,21,pack_ev,0.0,0.0
2026-09-23,신례원,21,pack_ess,0.0,0.0
2026-09-23,신례원,21,blackmass,0.0,0.0
2026-09-23,신례원,22,pack_ev,0.0,0.0
2026-09-23,신례원,22,pack_ess,0.0,0.0
2026-09-23,신례원,22,blackmass,0.0,0.0
2026-09-23,신례원,23,pack_ev,0.0,0.0
2026-09-23,신례원,23,pack_ess,0.0,0.0
2026-09-23,신례원,23,blackmass,0.0,0.0
2026-09-23,안중,0,pack_ev,0.0,0.0
2026-09-23,안중,0,pack_ess,0.0,0.0
2026-09-23,안중,0,blackmass,0.0,0.0
2026-09-23,안중,1,pack_ev,0.0,0.0
2026-09-23,안중,1,pack_ess,0.0,0.0
2026-09-23,안중,1,blackmass,0.0,0.0
2026-09-23,안중,2,pack_ev,0.0,0.0
2026-09-23,안중,2,pack_ess,0.0,0.0
2026-09-23,안중,2,blackmass,0.0,0.0
2026-09-23,안중,3,pack_ev,0.0,0.0
2026-09-23,안중,3,pack_ess,0.0,0.0
2026-09-23,안중,3,blackmass,0.0,0.0
2026-09-23,안중,4,pack_ev,0.0,0.0
2026-09-23,안중,4,pack_ess,0.0,0.0
2026-09-23,안중,4,blackmass,0.0,0.0
2026-09-23,안중,5,pack_ev,0.0,0.0
2026-09-23,안중,5,pack_ess,0.0,0.0
2026-09-23,안중,5,blackmass,0.0,0.0
2026-09-23,안중,6,pack_ev,0.0,0.0
2026-09-23,안중,6,pack_ess,0.0,0.0
2026-09-23,안중,6,blackmass,0.0,0.0
2026-09-23,안중,7,pack_ev,0.0,0.0
2026-09-23,안중,7,pack_ess,0.0,0.0
2026-09-23,안중,7,blackmass,0.0,0.0
2026-09-23,안중,8,pack_ev,0.0,0.0
2026-09-23,안중,8,pack_ess,0.0,0.0
2026-09-23,안중,8,blackmass,0.0,0.0
2026-09-23,안중,9,pack_ev,0.0,0.0
2026-09-23,안중,9,pack_ess,0.0,0.0
2026-09-23,안중,9,blackmass,0.0,0.0
2026-09-23,안중,10,pack_ev,0.0,0.0
2026-09-23,안중,10,pack_ess,0.0,0.0
2026-09-23,안중,10,blackmass,0.0,0.0
2026-09-23,안중,11,pack_ev,0.0,0.0
2026-09-23,안중,11,pack_ess,0.0,0.0
2026-09-23,안중,11,blackmass,0.0,0.0
2026-09-23,안중,12,pack_ev,0.0,0.0
2026-09-23,안중,12,pack_ess,0.0,0.0
2026-09-23,안중,12,blackmass,0.0,0.0
2026-09-23,안중,13,pack_ev,0.0,0.0
2026-09-23,안중,13,pack_ess,0.0,0.0
2026-09-23,안중,13,blackmass,0.0,0.0
2026-09-23,안중,14,pack_ev,0.0,0.0
2026-09-23,안중,14,pack_ess,0.0,0.0
2026-09-23,안중,14,blackmass,0.0,0.0
2026-09-23,안중,15,pack_ev,0.0,0.0
2026-09-23,안중,15,pack_ess,0.0,0.0
2026-09-23,안중,15,blackmass,0.0,0.0
2026-09-23,안중,16,pack_ev,0.0,0.0
2026-09-23,안중,16,pack_ess,0.0,0.0
2026-09-23,안중,16,blackmass,0.0,0.0
2026-09-23,안중,17,pack_ev,0.0,0.0
2026-09-23,안중,17,pack_ess,0.0,0.0
2026-09-23,안중,17,blackmass,0.0,0.0
2026-09-23,안중,18,pack_ev,0.0,0.0
2026-09-23,안중,18,pack_ess,0.0,0.0
2026-09-23,안중,18,blackmass,0.0,0.0
2026-09-23,안중,19,pack_ev,0.0,0.0
2026-09-23,안중,19,pack_ess,0.0,0.0
2026-09-23,안중,19,blackmass,0.0,0.0
2026-09-23,안중,20,pack_ev,0.0,0.0
2026-09-23,안중,20,pack_ess,0.0,0.0
2026-09-23,안중,20,blackmass,0.0,0.0
2026-09-23,안중,21,pack_ev,0.0,0.0
2026-09-23,안중,21,pack_ess,0.0,0.0
2026-09-23,안중,21,blackmass,0.0,0.0
2026-09-23,안중,22,pack_ev,0.0,0.0
2026-09-23,안중,22,pack_ess,0.0,0.0
2026-09-23,안중,22,blackmass,0.0,0.0
2026-09-23,안중,23,pack_ev,0.0,0.0
2026-09-23,안중,23,pack_ess,0.0,0.0
2026-09-23,안중,23,blackmass,0.0,0.0
2026-09-23,천안,0,pack_ev,0.0,0.0
2026-09-23,천안,0,pack_ess,0.0,0.0
2026-09-23,천안,0,blackmass,0.0,0.0
2026-09-23,천안,1,pack_ev,0.0,0.0
2026-09-23,천안,1,pack_ess,0.0,0.0
2026-09-23,천안,1,blackmass,0.0,0.0
2026-09-23,천안,2,pack_ev,0.0,0.0
2026-09-23,천안,2,pack_ess,0.0,0.0
2026-09-23,천안,2,blackmass,0.0,0.0
2026-09-23,천안,3,pack_ev,0.0,0.0
2026-09-23,천안,3,pack_ess,0.0,0.0
2026-09-23,천안,3,blackmass,0.0,0.0
2026-09-23,천안,4,pack_ev,0.0,0.0
2026-09-23,천안,4,pack_ess,0.0,0.0
2026-09-23,천안,4,blackmass,0.0,0.0
2026-09-23,천안,5,pack_ev,0.0,0.0
2026-09-23,천안,5,pack_ess,0.0,0.0
2026-09-23,천안,5,blackmass,0.0,0.0
2026-09-23,천안,6,pack_ev,0.0,0.0
2026-09-23,천안,6,pack_ess,0.0,0.0
2026-09-23,천안,6,blackmass,0.0,0.0
2026-09-23,천안,7,pack_ev,0.0,0.0
2026-09-23,천안,7,pack_ess,0.0,0.0
2026-09-23,천안,7,blackmass,0.0,0.0
2026-09-23,천안,8,pack_ev,0.0,0.0
2026-09-23,천안,8,pack_ess,0.0,0.0
2026-09-23,천안,8,blackmass,0.0,0.0
2026-09-23,천안,9,pack_ev,0.0,0.0
2026-09-23,천안,9,pack_ess,0.0,0.0
2026-09-23,천안,9,blackmass,0.0,0.0
2026-09-23,천안,10,pack_ev,0.0,0.0
2026-09-23,천안,10,pack_ess,0.0,0.0
2026-09-23,천안,10,blackmass,0.0,0.0
2026-09-23,천안,11,pack_ev,0.0,0.0
2026-09-23,천안,11,pack_ess,0.0,0.0
2026-09-23,천안,11,blackmass,0.0,0.0
2026-09-23,천안,12,pack_ev,0.0,0.0
2026-09-23,천안,12,pack_ess,0.0,0.0
2026-09-23,천안,12,blackmass,0.0,0.0
2026-09-23,천안,13,pack_ev,0.0,0.0
2026-09-23,천안,13,pack_ess,0.0,0.0
2026-09-23,천안,13,blackmass,0.0,0.0
2026-09-23,천안,14,pack_ev,0.0,0.0
2026-09-23,천안,14,pack_ess,0.0,0.0
2026-09-23,천안,14,blackmass,0.0,0.0
2026-09-23,천안,15,pack_ev,0.0,0.0
2026-09-23,천안,15,pack_ess,0.0,0.0
2026-09-23,천안,15,blackmass,0.0,0.0
2026-09-23,천안,16,pack_ev,0.0,0.0
2026-09-23,천안,16,pack_ess,0.0,0.0
2026-09-23,천안,16,blackmass,0.0,0.0
2026-09-23,천안,17,pack_ev,0.0,0.0
2026-09-23,천안,17,pack_ess,0.0,0.0
2026-09-23,천안,17,blackmass,0.0,0.0
2026-09-23,천안,18,pack_ev,0.0,0.0
2026-09-23,천안,18,pack_ess,0.0,0.0
2026-09-23,천안,18,blackmass,0.0,0.0
2026-09-23,천안,19,pack_ev,0.0,0.0
2026-09-23,천안,19,pack_ess,0.0,0.0
2026-09-23,천안,19,blackmass,0.0,0.0
2026-09-23,천안,20,pack_ev,0.0,0.0
2026-09-23,천안,20,pack_ess,0.0,0.0
2026-09-23,천안,20,blackmass,0.0,0.0
2026-09-23,천안,21,pack_ev,0.0,0.0
2026-09-23,천안,21,pack_ess,0.0,0.0
2026-09-23,천안,21,blackmass,0.0,0.0
2026-09-23,천안,22,pack_ev,0.0,0.0
2026-09-23,천안,22,pack_ess,0.0,0.0
2026-09-23,천안,22,blackmass,0.0,0.0
2026-09-23,천안,23,pack_ev,0.0,0.0
2026-09-23,천안,23,pack_ess,0.0,0.0
2026-09-23,천안,23,blackmass,0.0,0.0
2026-09-24,서화성,0,pack_ev,0.0,0.0
2026-09-24,서화성,0,pack_ess,0.0,0.0
2026-09-24,서화성,0,blackmass,0.0,0.0
2026-09-24,서화성,1,pack_ev,0.0,0.0
2026-09-24,서화성,1,pack_ess,0.0,0.0
2026-09-24,서화성,1,blackmass,0.0,0.0
2026-09-24,서화성,2,pack_ev,0.0,0.0
2026-09-24,서화성,2,pack_ess,0.0,0.0
2026-09-24,서화성,2,blackmass,0.0,0.0
2026-09-24,서화성,3,pack_ev,0.0,0.0
2026-09-24,서화성,3,pack_ess,0.0,0.0
2026-09-24,서화성,3,blackmass,0.0,0.0
2026-09-24,서화성,4,pack_ev,0.0,0.0
2026-09-24,서화성,4,pack_ess,0.0,0.0
2026-09-24,서화성,4,blackmass,0.0,0.0
2026-09-24,서화성,5,pack_ev,0.0,0.0
2026-09-24,서화성,5,pack_ess,0.0,0.0
2026-09-24,서화성,5,blackmass,0.0,0.0
2026-09-24,서화성,6,pack_ev,0.0,0.0
2026-09-24,서화성,6,pack_ess,0.0,0.0
2026-09-24,서화성,6,blackmass,0.0,0.0
2026-09-24,서화성,7,pack_ev,0.0,0.0
2026-09-24,서화성,7,pack_ess,0.0,0.0
2026-09-24,서화성,7,blackmass,0.0,0.0
2026-09-24,서화성,8,pack_ev,0.0,0.0
2026-09-24,서화성,8,pack_ess,0.0,0.0
2026-09-24,서화성,8,blackmass,0.0,0.0
2026-09-24,서화성,9,pack_ev,0.0,0.0
2026-09-24,서화성,9,pack_ess,0.0,0.0
2026-09-24,서화성,9,blackmass,0.0,0.0
2026-09-24,서화성,10,pack_ev,4.582,0.1527
2026-09-24,서화성,10,pack_ess,0.0032,0.00011
2026-09-24,서화성,10,blackmass,1.222,0.0244
2026-09-24,서화성,11,pack_ev,4.582,0.1527
2026-09-24,서화성,11,pack_ess,0.0032,0.00011
2026-09-24,서화성,11,blackmass,1.222,0.0244
2026-09-24,서화성,12,pack_ev,4.582,0.1527
2026-09-24,서화성,12,pack_ess,0.0032,0.00011
2026-09-24,서화성,12,blackmass,1.222,0.0244
2026-09-24,서화성,13,pack_ev,4.582,0.1527
2026-09-24,서화성,13,pack_ess,0.0032,0.00011
2026-09-24,서화성,13,blackmass,1.222,0.0244
2026-09-24,서화성,14,pack_ev,4.582,0.1527
2026-09-24,서화성,14,pack_ess,0.0032,0.00011
2026-09-24,서화성,14,blackmass,1.222,0.0244
2026-09-24,서화성,15,pack_ev,4.582,0.1527
2026-09-24,서화성,15,pack_ess,0.0032,0.00011
2026-09-24,서화성,15,blackmass,1.222,0.0244
2026-09-24,서화성,16,pack_ev,4.582,0.1527
2026-09-24,서화성,16,pack_ess,0.0032,0.00011
2026-09-24,서화성,16,blackmass,1.222,0.0244
2026-09-24,서화성,17,pack_ev,4.582,0.1527
2026-09-24,서화성,17,pack_ess,0.0032,0.00011
2026-09-24,서화성,17,blackmass,1.222,0.0244
2026-09-24,서화성,18,pack_ev,0.0,0.0
2026-09-24,서화성,18,pack_ess,0.0,0.0
2026-09-24,서화성,18,blackmass,0.0,0.0
2026-09-24,서화성,19,pack_ev,0.0,0.0
2026-09-24,서화성,19,pack_ess,0.0,0.0
2026-09-24,서화성,19,blackmass,0.0,0.0
2026-09-24,서화성,20,pack_ev,0.0,0.0
2026-09-24,서화성,20,pack_ess,0.0,0.0
2026-09-24,서화성,20,blackmass,0.0,0.0
2026-09-24,서화성,21,pack_ev,0.0,0.0
2026-09-24,서화성,21,pack_ess,0.0,0.0
2026-09-24,서화성,21,blackmass,0.0,0.0
2026-09-24,서화성,22,pack_ev,0.0,0.0
2026-09-24,서화성,22,pack_ess,0.0,0.0
2026-09-24,서화성,22,blackmass,0.0,0.0
2026-09-24,서화성,23,pack_ev,0.0,0.0
2026-09-24,서화성,23,pack_ess,0.0,0.0
2026-09-24,서화성,23,blackmass,0.0,0.0
2026-09-24,신례원,0,pack_ev,0.0,0.0
2026-09-24,신례원,0,pack_ess,0.0,0.0
2026-09-24,신례원,0,blackmass,0.0,0.0
2026-09-24,신례원,1,pack_ev,0.0,0.0
2026-09-24,신례원,1,pack_ess,0.0,0.0
2026-09-24,신례원,1,blackmass,0.0,0.0
2026-09-24,신례원,2,pack_ev,0.0,0.0
2026-09-24,신례원,2,pack_ess,0.0,0.0
2026-09-24,신례원,2,blackmass,0.0,0.0
2026-09-24,신례원,3,pack_ev,0.0,0.0
2026-09-24,신례원,3,pack_ess,0.0,0.0
2026-09-24,신례원,3,blackmass,0.0,0.0
2026-09-24,신례원,4,pack_ev,0.0,0.0
2026-09-24,신례원,4,pack_ess,0.0,0.0
2026-09-24,신례원,4,blackmass,0.0,0.0
2026-09-24,신례원,5,pack_ev,0.0,0.0
2026-09-24,신례원,5,pack_ess,0.0,0.0
2026-09-24,신례원,5,blackmass,0.0,0.0
2026-09-24,신례원,6,pack_ev,0.0,0.0
2026-09-24,신례원,6,pack_ess,0.0,0.0
2026-09-24,신례원,6,blackmass,0.0,0.0
2026-09-24,신례원,7,pack_ev,0.0,0.0
2026-09-24,신례원,7,pack_ess,0.0,0.0
2026-09-24,신례원,7,blackmass,0.0,0.0
2026-09-24,신례원,8,pack_ev,0.0,0.0
2026-09-24,신례원,8,pack_ess,0.0,0.0
2026-09-24,신례원,8,blackmass,0.0,0.0
2026-09-24,신례원,9,pack_ev,0.0,0.0
2026-09-24,신례원,9,pack_ess,0.0,0.0
2026-09-24,신례원,9,blackmass,0.0,0.0
2026-09-24,신례원,10,pack_ev,0.0,0.0
2026-09-24,신례원,10,pack_ess,0.0,0.0
2026-09-24,신례원,10,blackmass,3.019,0.0604
2026-09-24,신례원,11,pack_ev,0.0,0.0
2026-09-24,신례원,11,pack_ess,0.0,0.0
2026-09-24,신례원,11,blackmass,3.019,0.0604
2026-09-24,신례원,12,pack_ev,0.0,0.0
2026-09-24,신례원,12,pack_ess,0.0,0.0
2026-09-24,신례원,12,blackmass,3.019,0.0604
2026-09-24,신례원,13,pack_ev,0.0,0.0
2026-09-24,신례원,13,pack_ess,0.0,0.0
2026-09-24,신례원,13,blackmass,3.019,0.0604
2026-09-24,신례원,14,pack_ev,0.0,0.0
2026-09-24,신례원,14,pack_ess,0.0,0.0
2026-09-24,신례원,14,blackmass,3.019,0.0604
2026-09-24,신례원,15,pack_ev,0.0,0.0
2026-09-24,신례원,15,pack_ess,0.0,0.0
2026-09-24,신례원,15,blackmass,3.019,0.0604
2026-09-24,신례원,16,pack_ev,0.0,0.0
2026-09-24,신례원,16,pack_ess,0.0,0.0
2026-09-24,신례원,16,blackmass,3.019,0.0604
2026-09-24,신례원,17,pack_ev,0.0,0.0
2026-09-24,신례원,17,pack_ess,0.0,0.0
2026-09-24,신례원,17,blackmass,3.019,0.0604
2026-09-24,신례원,18,pack_ev,0.0,0.0
2026-09-24,신례원,18,pack_ess,0.0,0.0
2026-09-24,신례원,18,blackmass,0.0,0.0
2026-09-24,신례원,19,pack_ev,0.0,0.0
2026-09-24,신례원,19,pack_ess,0.0,0.0
2026-09-24,신례원,19,blackmass,0.0,0.0
2026-09-24,신례원,20,pack_ev,0.0,0.0
2026-09-24,신례원,20,pack_ess,0.0,0.0
2026-09-24,신례원,20,blackmass,0.0,0.0
2026-09-24,신례원,21,pack_ev,0.0,0.0
2026-09-24,신례원,21,pack_ess,0.0,0.0
2026-09-24,신례원,21,blackmass,0.0,0.0
2026-09-24,신례원,22,pack_ev,0.0,0.0
2026-09-24,신례원,22,pack_ess,0.0,0.0
2026-09-24,신례원,22,blackmass,0.0,0.0
2026-09-24,신례원,23,pack_ev,0.0,0.0
2026-09-24,신례원,23,pack_ess,0.0,0.0
2026-09-24,신례원,23,blackmass,0.0,0.0
2026-09-24,안중,0,pack_ev,0.0,0.0
2026-09-24,안중,0,pack_ess,0.0,0.0
2026-09-24,안중,0,blackmass,0.0,0.0
2026-09-24,안중,1,pack_ev,0.0,0.0
2026-09-24,안중,1,pack_ess,0.0,0.0
2026-09-24,안중,1,blackmass,0.0,0.0
2026-09-24,안중,2,pack_ev,0.0,0.0
2026-09-24,안중,2,pack_ess,0.0,0.0
2026-09-24,안중,2,blackmass,0.0,0.0
2026-09-24,안중,3,pack_ev,0.0,0.0
2026-09-24,안중,3,pack_ess,0.0,0.0
2026-09-24,안중,3,blackmass,0.0,0.0
2026-09-24,안중,4,pack_ev,0.0,0.0
2026-09-24,안중,4,pack_ess,0.0,0.0
2026-09-24,안중,4,blackmass,0.0,0.0
2026-09-24,안중,5,pack_ev,0.0,0.0
2026-09-24,안중,5,pack_ess,0.0,0.0
2026-09-24,안중,5,blackmass,0.0,0.0
2026-09-24,안중,6,pack_ev,0.0,0.0
2026-09-24,안중,6,pack_ess,0.0,0.0
2026-09-24,안중,6,blackmass,0.0,0.0
2026-09-24,안중,7,pack_ev,0.0,0.0
2026-09-24,안중,7,pack_ess,0.0,0.0
2026-09-24,안중,7,blackmass,0.0,0.0
2026-09-24,안중,8,pack_ev,0.0,0.0
2026-09-24,안중,8,pack_ess,0.0,0.0
2026-09-24,안중,8,blackmass,0.0,0.0
2026-09-24,안중,9,pack_ev,0.0,0.0
2026-09-24,안중,9,pack_ess,0.0,0.0
2026-09-24,안중,9,blackmass,0.0,0.0
2026-09-24,안중,10,pack_ev,4.582,0.1527
2026-09-24,안중,10,pack_ess,0.0032,0.00011
2026-09-24,안중,10,blackmass,1.222,0.0244
2026-09-24,안중,11,pack_ev,4.582,0.1527
2026-09-24,안중,11,pack_ess,0.0032,0.00011
2026-09-24,안중,11,blackmass,1.222,0.0244
2026-09-24,안중,12,pack_ev,4.582,0.1527
2026-09-24,안중,12,pack_ess,0.0032,0.00011
2026-09-24,안중,12,blackmass,1.222,0.0244
2026-09-24,안중,13,pack_ev,4.582,0.1527
2026-09-24,안중,13,pack_ess,0.0032,0.00011
2026-09-24,안중,13,blackmass,1.222,0.0244
2026-09-24,안중,14,pack_ev,4.582,0.1527
2026-09-24,안중,14,pack_ess,0.0032,0.00011
2026-09-24,안중,14,blackmass,1.222,0.0244
2026-09-24,안중,15,pack_ev,4.582,0.1527
2026-09-24,안중,15,pack_ess,0.0032,0.00011
2026-09-24,안중,15,blackmass,1.222,0.0244
2026-09-24,안중,16,pack_ev,4.582,0.1527
2026-09-24,안중,16,pack_ess,0.0032,0.00011
2026-09-24,안중,16,blackmass,1.222,0.0244
2026-09-24,안중,17,pack_ev,4.582,0.1527
2026-09-24,안중,17,pack_ess,0.0032,0.00011
2026-09-24,안중,17,blackmass,1.222,0.0244
2026-09-24,안중,18,pack_ev,0.0,0.0
2026-09-24,안중,18,pack_ess,0.0,0.0
2026-09-24,안중,18,blackmass,0.0,0.0
2026-09-24,안중,19,pack_ev,0.0,0.0
2026-09-24,안중,19,pack_ess,0.0,0.0
2026-09-24,안중,19,blackmass,0.0,0.0
2026-09-24,안중,20,pack_ev,0.0,0.0
2026-09-24,안중,20,pack_ess,0.0,0.0
2026-09-24,안중,20,blackmass,0.0,0.0
2026-09-24,안중,21,pack_ev,0.0,0.0
2026-09-24,안중,21,pack_ess,0.0,0.0
2026-09-24,안중,21,blackmass,0.0,0.0
2026-09-24,안중,22,pack_ev,0.0,0.0
2026-09-24,안중,22,pack_ess,0.0,0.0
2026-09-24,안중,22,blackmass,0.0,0.0
2026-09-24,안중,23,pack_ev,0.0,0.0
2026-09-24,안중,23,pack_ess,0.0,0.0
2026-09-24,안중,23,blackmass,0.0,0.0
2026-09-24,천안,0,pack_ev,0.0,0.0
2026-09-24,천안,0,pack_ess,0.0,0.0
2026-09-24,천안,0,blackmass,0.0,0.0
2026-09-24,천안,1,pack_ev,0.0,0.0
2026-09-24,천안,1,pack_ess,0.0,0.0
2026-09-24,천안,1,blackmass,0.0,0.0
2026-09-24,천안,2,pack_ev,0.0,0.0
2026-09-24,천안,2,pack_ess,0.0,0.0
2026-09-24,천안,2,blackmass,0.0,0.0
2026-09-24,천안,3,pack_ev,0.0,0.0
2026-09-24,천안,3,pack_ess,0.0,0.0
2026-09-24,천안,3,blackmass,0.0,0.0
2026-09-24,천안,4,pack_ev,0.0,0.0
2026-09-24,천안,4,pack_ess,0.0,0.0
2026-09-24,천안,4,blackmass,0.0,0.0
2026-09-24,천안,5,pack_ev,0.0,0.0
2026-09-24,천안,5,pack_ess,0.0,0.0
2026-09-24,천안,5,blackmass,0.0,0.0
2026-09-24,천안,6,pack_ev,0.0,0.0
2026-09-24,천안,6,pack_ess,0.0,0.0
2026-09-24,천안,6,blackmass,0.0,0.0
2026-09-24,천안,7,pack_ev,0.0,0.0
2026-09-24,천안,7,pack_ess,0.0,0.0
2026-09-24,천안,7,blackmass,0.0,0.0
2026-09-24,천안,8,pack_ev,0.0,0.0
2026-09-24,천안,8,pack_ess,0.0,0.0
2026-09-24,천안,8,blackmass,0.0,0.0
2026-09-24,천안,9,pack_ev,0.0,0.0
2026-09-24,천안,9,pack_ess,0.0,0.0
2026-09-24,천안,9,blackmass,0.0,0.0
2026-09-24,천안,10,pack_ev,0.0,0.0
2026-09-24,천안,10,pack_ess,0.0,0.0
2026-09-24,천안,10,blackmass,4.529,0.0906
2026-09-24,천안,11,pack_ev,0.0,0.0
2026-09-24,천안,11,pack_ess,0.0,0.0
2026-09-24,천안,11,blackmass,4.529,0.0906
2026-09-24,천안,12,pack_ev,0.0,0.0
2026-09-24,천안,12,pack_ess,0.0,0.0
2026-09-24,천안,12,blackmass,4.529,0.0906
2026-09-24,천안,13,pack_ev,0.0,0.0
2026-09-24,천안,13,pack_ess,0.0,0.0
2026-09-24,천안,13,blackmass,4.529,0.0906
2026-09-24,천안,14,pack_ev,0.0,0.0
2026-09-24,천안,14,pack_ess,0.0,0.0
2026-09-24,천안,14,blackmass,4.529,0.0906
2026-09-24,천안,15,pack_ev,0.0,0.0
2026-09-24,천안,15,pack_ess,0.0,0.0
2026-09-24,천안,15,blackmass,4.529,0.0906
2026-09-24,천안,16,pack_ev,0.0,0.0
2026-09-24,천안,16,pack_ess,0.0,0.0
2026-09-24,천안,16,blackmass,4.529,0.0906
2026-09-24,천안,17,pack_ev,0.0,0.0
2026-09-24,천안,17,pack_ess,0.0,0.0
2026-09-24,천안,17,blackmass,4.529,0.0906
2026-09-24,천안,18,pack_ev,0.0,0.0
2026-09-24,천안,18,pack_ess,0.0,0.0
2026-09-24,천안,18,blackmass,0.0,0.0
2026-09-24,천안,19,pack_ev,0.0,0.0
2026-09-24,천안,19,pack_ess,0.0,0.0
2026-09-24,천안,19,blackmass,0.0,0.0
2026-09-24,천안,20,pack_ev,0.0,0.0
2026-09-24,천안,20,pack_ess,0.0,0.0
2026-09-24,천안,20,blackmass,0.0,0.0
2026-09-24,천안,21,pack_ev,0.0,0.0
2026-09-24,천안,21,pack_ess,0.0,0.0
2026-09-24,천안,21,blackmass,0.0,0.0
2026-09-24,천안,22,pack_ev,0.0,0.0
2026-09-24,천안,22,pack_ess,0.0,0.0
2026-09-24,천안,22,blackmass,0.0,0.0
2026-09-24,천안,23,pack_ev,0.0,0.0
2026-09-24,천안,23,pack_ess,0.0,0.0
2026-09-24,천안,23,blackmass,0.0,0.0
2026-09-25,서화성,0,pack_ev,0.0,0.0
2026-09-25,서화성,0,pack_ess,0.0,0.0
2026-09-25,서화성,0,blackmass,0.0,0.0
2026-09-25,서화성,1,pack_ev,0.0,0.0
2026-09-25,서화성,1,pack_ess,0.0,0.0
2026-09-25,서화성,1,blackmass,0.0,0.0
2026-09-25,서화성,2,pack_ev,0.0,0.0
2026-09-25,서화성,2,pack_ess,0.0,0.0
2026-09-25,서화성,2,blackmass,0.0,0.0
2026-09-25,서화성,3,pack_ev,0.0,0.0
2026-09-25,서화성,3,pack_ess,0.0,0.0
2026-09-25,서화성,3,blackmass,0.0,0.0
2026-09-25,서화성,4,pack_ev,0.0,0.0
2026-09-25,서화성,4,pack_ess,0.0,0.0
2026-09-25,서화성,4,blackmass,0.0,0.0
2026-09-25,서화성,5,pack_ev,0.0,0.0
2026-09-25,서화성,5,pack_ess,0.0,0.0
2026-09-25,서화성,5,blackmass,0.0,0.0
2026-09-25,서화성,6,pack_ev,0.0,0.0
2026-09-25,서화성,6,pack_ess,0.0,0.0
2026-09-25,서화성,6,blackmass,0.0,0.0
2026-09-25,서화성,7,pack_ev,0.0,0.0
2026-09-25,서화성,7,pack_ess,0.0,0.0
2026-09-25,서화성,7,blackmass,0.0,0.0
2026-09-25,서화성,8,pack_ev,0.0,0.0
2026-09-25,서화성,8,pack_ess,0.0,0.0
2026-09-25,서화성,8,blackmass,0.0,0.0
2026-09-25,서화성,9,pack_ev,0.0,0.0
2026-09-25,서화성,9,pack_ess,0.0,0.0
2026-09-25,서화성,9,blackmass,0.0,0.0
2026-09-25,서화성,10,pack_ev,0.0,0.0
2026-09-25,서화성,10,pack_ess,0.0,0.0
2026-09-25,서화성,10,blackmass,0.0,0.0
2026-09-25,서화성,11,pack_ev,0.0,0.0
2026-09-25,서화성,11,pack_ess,0.0,0.0
2026-09-25,서화성,11,blackmass,0.0,0.0
2026-09-25,서화성,12,pack_ev,0.0,0.0
2026-09-25,서화성,12,pack_ess,0.0,0.0
2026-09-25,서화성,12,blackmass,0.0,0.0
2026-09-25,서화성,13,pack_ev,0.0,0.0
2026-09-25,서화성,13,pack_ess,0.0,0.0
2026-09-25,서화성,13,blackmass,0.0,0.0
2026-09-25,서화성,14,pack_ev,0.0,0.0
2026-09-25,서화성,14,pack_ess,0.0,0.0
2026-09-25,서화성,14,blackmass,0.0,0.0
2026-09-25,서화성,15,pack_ev,0.0,0.0
2026-09-25,서화성,15,pack_ess,0.0,0.0
2026-09-25,서화성,15,blackmass,0.0,0.0
2026-09-25,서화성,16,pack_ev,0.0,0.0
2026-09-25,서화성,16,pack_ess,0.0,0.0
2026-09-25,서화성,16,blackmass,0.0,0.0
2026-09-25,서화성,17,pack_ev,0.0,0.0
2026-09-25,서화성,17,pack_ess,0.0,0.0
2026-09-25,서화성,17,blackmass,0.0,0.0
2026-09-25,서화성,18,pack_ev,0.0,0.0
2026-09-25,서화성,18,pack_ess,0.0,0.0
2026-09-25,서화성,18,blackmass,0.0,0.0
2026-09-25,서화성,19,pack_ev,0.0,0.0
2026-09-25,서화성,19,pack_ess,0.0,0.0
2026-09-25,서화성,19,blackmass,0.0,0.0
2026-09-25,서화성,20,pack_ev,0.0,0.0
2026-09-25,서화성,20,pack_ess,0.0,0.0
2026-09-25,서화성,20,blackmass,0.0,0.0
2026-09-25,서화성,21,pack_ev,0.0,0.0
2026-09-25,서화성,21,pack_ess,0.0,0.0
2026-09-25,서화성,21,blackmass,0.0,0.0
2026-09-25,서화성,22,pack_ev,0.0,0.0
2026-09-25,서화성,22,pack_ess,0.0,0.0
2026-09-25,서화성,22,blackmass,0.0,0.0
2026-09-25,서화성,23,pack_ev,0.0,0.0
2026-09-25,서화성,23,pack_ess,0.0,0.0
2026-09-25,서화성,23,blackmass,0.0,0.0
2026-09-25,신례원,0,pack_ev,0.0,0.0
2026-09-25,신례원,0,pack_ess,0.0,0.0
2026-09-25,신례원,0,blackmass,0.0,0.0
2026-09-25,신례원,1,pack_ev,0.0,0.0
2026-09-25,신례원,1,pack_ess,0.0,0.0
2026-09-25,신례원,1,blackmass,0.0,0.0
2026-09-25,신례원,2,pack_ev,0.0,0.0
2026-09-25,신례원,2,pack_ess,0.0,0.0
2026-09-25,신례원,2,blackmass,0.0,0.0
2026-09-25,신례원,3,pack_ev,0.0,0.0
2026-09-25,신례원,3,pack_ess,0.0,0.0
2026-09-25,신례원,3,blackmass,0.0,0.0
2026-09-25,신례원,4,pack_ev,0.0,0.0
2026-09-25,신례원,4,pack_ess,0.0,0.0
2026-09-25,신례원,4,blackmass,0.0,0.0
2026-09-25,신례원,5,pack_ev,0.0,0.0
2026-09-25,신례원,5,pack_ess,0.0,0.0
2026-09-25,신례원,5,blackmass,0.0,0.0
2026-09-25,신례원,6,pack_ev,0.0,0.0
2026-09-25,신례원,6,pack_ess,0.0,0.0
2026-09-25,신례원,6,blackmass,0.0,0.0
2026-09-25,신례원,7,pack_ev,0.0,0.0
2026-09-25,신례원,7,pack_ess,0.0,0.0
2026-09-25,신례원,7,blackmass,0.0,0.0
2026-09-25,신례원,8,pack_ev,0.0,0.0
2026-09-25,신례원,8,pack_ess,0.0,0.0
2026-09-25,신례원,8,blackmass,0.0,0.0
2026-09-25,신례원,9,pack_ev,0.0,0.0
2026-09-25,신례원,9,pack_ess,0.0,0.0
2026-09-25,신례원,9,blackmass,0.0,0.0
2026-09-25,신례원,10,pack_ev,0.0,0.0
2026-09-25,신례원,10,pack_ess,0.0,0.0
2026-09-25,신례원,10,blackmass,0.0,0.0
2026-09-25,신례원,11,pack_ev,0.0,0.0
2026-09-25,신례원,11,pack_ess,0.0,0.0
2026-09-25,신례원,11,blackmass,0.0,0.0
2026-09-25,신례원,12,pack_ev,0.0,0.0
2026-09-25,신례원,12,pack_ess,0.0,0.0
2026-09-25,신례원,12,blackmass,0.0,0.0
2026-09-25,신례원,13,pack_ev,0.0,0.0
2026-09-25,신례원,13,pack_ess,0.0,0.0
2026-09-25,신례원,13,blackmass,0.0,0.0
2026-09-25,신례원,14,pack_ev,0.0,0.0
2026-09-25,신례원,14,pack_ess,0.0,0.0
2026-09-25,신례원,14,blackmass,0.0,0.0
2026-09-25,신례원,15,pack_ev,0.0,0.0
2026-09-25,신례원,15,pack_ess,0.0,0.0
2026-09-25,신례원,15,blackmass,0.0,0.0
2026-09-25,신례원,16,pack_ev,0.0,0.0
2026-09-25,신례원,16,pack_ess,0.0,0.0
2026-09-25,신례원,16,blackmass,0.0,0.0
2026-09-25,신례원,17,pack_ev,0.0,0.0
2026-09-25,신례원,17,pack_ess,0.0,0.0
2026-09-25,신례원,17,blackmass,0.0,0.0
2026-09-25,신례원,18,pack_ev,0.0,0.0
2026-09-25,신례원,18,pack_ess,0.0,0.0
2026-09-25,신례원,18,blackmass,0.0,0.0
2026-09-25,신례원,19,pack_ev,0.0,0.0
2026-09-25,신례원,19,pack_ess,0.0,0.0
2026-09-25,신례원,19,blackmass,0.0,0.0
2026-09-25,신례원,20,pack_ev,0.0,0.0
2026-09-25,신례원,20,pack_ess,0.0,0.0
2026-09-25,신례원,20,blackmass,0.0,0.0
2026-09-25,신례원,21,pack_ev,0.0,0.0
2026-09-25,신례원,21,pack_ess,0.0,0.0
2026-09-25,신례원,21,blackmass,0.0,0.0
2026-09-25,신례원,22,pack_ev,0.0,0.0
2026-09-25,신례원,22,pack_ess,0.0,0.0
2026-09-25,신례원,22,blackmass,0.0,0.0
2026-09-25,신례원,23,pack_ev,0.0,0.0
2026-09-25,신례원,23,pack_ess,0.0,0.0
2026-09-25,신례원,23,blackmass,0.0,0.0
2026-09-25,안중,0,pack_ev,0.0,0.0
2026-09-25,안중,0,pack_ess,0.0,0.0
2026-09-25,안중,0,blackmass,0.0,0.0
2026-09-25,안중,1,pack_ev,0.0,0.0
2026-09-25,안중,1,pack_ess,0.0,0.0
2026-09-25,안중,1,blackmass,0.0,0.0
2026-09-25,안중,2,pack_ev,0.0,0.0
2026-09-25,안중,2,pack_ess,0.0,0.0
2026-09-25,안중,2,blackmass,0.0,0.0
2026-09-25,안중,3,pack_ev,0.0,0.0
2026-09-25,안중,3,pack_ess,0.0,0.0
2026-09-25,안중,3,blackmass,0.0,0.0
2026-09-25,안중,4,pack_ev,0.0,0.0
2026-09-25,안중,4,pack_ess,0.0,0.0
2026-09-25,안중,4,blackmass,0.0,0.0
2026-09-25,안중,5,pack_ev,0.0,0.0
2026-09-25,안중,5,pack_ess,0.0,0.0
2026-09-25,안중,5,blackmass,0.0,0.0
2026-09-25,안중,6,pack_ev,0.0,0.0
2026-09-25,안중,6,pack_ess,0.0,0.0
2026-09-25,안중,6,blackmass,0.0,0.0
2026-09-25,안중,7,pack_ev,0.0,0.0
2026-09-25,안중,7,pack_ess,0.0,0.0
2026-09-25,안중,7,blackmass,0.0,0.0
2026-09-25,안중,8,pack_ev,0.0,0.0
2026-09-25,안중,8,pack_ess,0.0,0.0
2026-09-25,안중,8,blackmass,0.0,0.0
2026-09-25,안중,9,pack_ev,0.0,0.0
2026-09-25,안중,9,pack_ess,0.0,0.0
2026-09-25,안중,9,blackmass,0.0,0.0
2026-09-25,안중,10,pack_ev,0.0,0.0
2026-09-25,안중,10,pack_ess,0.0,0.0
2026-09-25,안중,10,blackmass,0.0,0.0
2026-09-25,안중,11,pack_ev,0.0,0.0
2026-09-25,안중,11,pack_ess,0.0,0.0
2026-09-25,안중,11,blackmass,0.0,0.0
2026-09-25,안중,12,pack_ev,0.0,0.0
2026-09-25,안중,12,pack_ess,0.0,0.0
2026-09-25,안중,12,blackmass,0.0,0.0
2026-09-25,안중,13,pack_ev,0.0,0.0
2026-09-25,안중,13,pack_ess,0.0,0.0
2026-09-25,안중,13,blackmass,0.0,0.0
2026-09-25,안중,14,pack_ev,0.0,0.0
2026-09-25,안중,14,pack_ess,0.0,0.0
2026-09-25,안중,14,blackmass,0.0,0.0
2026-09-25,안중,15,pack_ev,0.0,0.0
2026-09-25,안중,15,pack_ess,0.0,0.0
2026-09-25,안중,15,blackmass,0.0,0.0
2026-09-25,안중,16,pack_ev,0.0,0.0
2026-09-25,안중,16,pack_ess,0.0,0.0
2026-09-25,안중,16,blackmass,0.0,0.0
2026-09-25,안중,17,pack_ev,0.0,0.0
2026-09-25,안중,17,pack_ess,0.0,0.0
2026-09-25,안중,17,blackmass,0.0,0.0
2026-09-25,안중,18,pack_ev,0.0,0.0
2026-09-25,안중,18,pack_ess,0.0,0.0
2026-09-25,안중,18,blackmass,0.0,0.0
2026-09-25,안중,19,pack_ev,0.0,0.0
2026-09-25,안중,19,pack_ess,0.0,0.0
2026-09-25,안중,19,blackmass,0.0,0.0
2026-09-25,안중,20,pack_ev,0.0,0.0
2026-09-25,안중,20,pack_ess,0.0,0.0
2026-09-25,안중,20,blackmass,0.0,0.0
2026-09-25,안중,21,pack_ev,0.0,0.0
2026-09-25,안중,21,pack_ess,0.0,0.0
2026-09-25,안중,21,blackmass,0.0,0.0
2026-09-25,안중,22,pack_ev,0.0,0.0
2026-09-25,안중,22,pack_ess,0.0,0.0
2026-09-25,안중,22,blackmass,0.0,0.0
2026-09-25,안중,23,pack_ev,0.0,0.0
2026-09-25,안중,23,pack_ess,0.0,0.0
2026-09-25,안중,23,blackmass,0.0,0.0
2026-09-25,천안,0,pack_ev,0.0,0.0
2026-09-25,천안,0,pack_ess,0.0,0.0
2026-09-25,천안,0,blackmass,0.0,0.0
2026-09-25,천안,1,pack_ev,0.0,0.0
2026-09-25,천안,1,pack_ess,0.0,0.0
2026-09-25,천안,1,blackmass,0.0,0.0
2026-09-25,천안,2,pack_ev,0.0,0.0
2026-09-25,천안,2,pack_ess,0.0,0.0
2026-09-25,천안,2,blackmass,0.0,0.0
2026-09-25,천안,3,pack_ev,0.0,0.0
2026-09-25,천안,3,pack_ess,0.0,0.0
2026-09-25,천안,3,blackmass,0.0,0.0
2026-09-25,천안,4,pack_ev,0.0,0.0
2026-09-25,천안,4,pack_ess,0.0,0.0
2026-09-25,천안,4,blackmass,0.0,0.0
2026-09-25,천안,5,pack_ev,0.0,0.0
2026-09-25,천안,5,pack_ess,0.0,0.0
2026-09-25,천안,5,blackmass,0.0,0.0
2026-09-25,천안,6,pack_ev,0.0,0.0
2026-09-25,천안,6,pack_ess,0.0,0.0
2026-09-25,천안,6,blackmass,0.0,0.0
2026-09-25,천안,7,pack_ev,0.0,0.0
2026-09-25,천안,7,pack_ess,0.0,0.0
2026-09-25,천안,7,blackmass,0.0,0.0
2026-09-25,천안,8,pack_ev,0.0,0.0
2026-09-25,천안,8,pack_ess,0.0,0.0
2026-09-25,천안,8,blackmass,0.0,0.0
2026-09-25,천안,9,pack_ev,0.0,0.0
2026-09-25,천안,9,pack_ess,0.0,0.0
2026-09-25,천안,9,blackmass,0.0,0.0
2026-09-25,천안,10,pack_ev,0.0,0.0
2026-09-25,천안,10,pack_ess,0.0,0.0
2026-09-25,천안,10,blackmass,0.0,0.0
2026-09-25,천안,11,pack_ev,0.0,0.0
2026-09-25,천안,11,pack_ess,0.0,0.0
2026-09-25,천안,11,blackmass,0.0,0.0
2026-09-25,천안,12,pack_ev,0.0,0.0
2026-09-25,천안,12,pack_ess,0.0,0.0
2026-09-25,천안,12,blackmass,0.0,0.0
2026-09-25,천안,13,pack_ev,0.0,0.0
2026-09-25,천안,13,pack_ess,0.0,0.0
2026-09-25,천안,13,blackmass,0.0,0.0
2026-09-25,천안,14,pack_ev,0.0,0.0
2026-09-25,천안,14,pack_ess,0.0,0.0
2026-09-25,천안,14,blackmass,0.0,0.0
2026-09-25,천안,15,pack_ev,0.0,0.0
2026-09-25,천안,15,pack_ess,0.0,0.0
2026-09-25,천안,15,blackmass,0.0,0.0
2026-09-25,천안,16,pack_ev,0.0,0.0
2026-09-25,천안,16,pack_ess,0.0,0.0
2026-09-25,천안,16,blackmass,0.0,0.0
2026-09-25,천안,17,pack_ev,0.0,0.0
2026-09-25,천안,17,pack_ess,0.0,0.0
2026-09-25,천안,17,blackmass,0.0,0.0
2026-09-25,천안,18,pack_ev,0.0,0.0
2026-09-25,천안,18,pack_ess,0.0,0.0
2026-09-25,천안,18,blackmass,0.0,0.0
2026-09-25,천안,19,pack_ev,0.0,0.0
2026-09-25,천안,19,pack_ess,0.0,0.0
2026-09-25,천안,19,blackmass,0.0,0.0
2026-09-25,천안,20,pack_ev,0.0,0.0
2026-09-25,천안,20,pack_ess,0.0,0.0
2026-09-25,천안,20,blackmass,0.0,0.0
2026-09-25,천안,21,pack_ev,0.0,0.0
2026-09-25,천안,21,pack_ess,0.0,0.0
2026-09-25,천안,21,blackmass,0.0,0.0
2026-09-25,천안,22,pack_ev,0.0,0.0
2026-09-25,천안,22,pack_ess,0.0,0.0
2026-09-25,천안,22,blackmass,0.0,0.0
2026-09-25,천안,23,pack_ev,0.0,0.0
2026-09-25,천안,23,pack_ess,0.0,0.0
2026-09-25,천안,23,blackmass,0.0,0.0
2026-09-26,서화성,0,pack_ev,0.0,0.0
2026-09-26,서화성,0,pack_ess,0.0,0.0
2026-09-26,서화성,0,blackmass,0.0,0.0
2026-09-26,서화성,1,pack_ev,0.0,0.0
2026-09-26,서화성,1,pack_ess,0.0,0.0
2026-09-26,서화성,1,blackmass,0.0,0.0
2026-09-26,서화성,2,pack_ev,0.0,0.0
2026-09-26,서화성,2,pack_ess,0.0,0.0
2026-09-26,서화성,2,blackmass,0.0,0.0
2026-09-26,서화성,3,pack_ev,0.0,0.0
2026-09-26,서화성,3,pack_ess,0.0,0.0
2026-09-26,서화성,3,blackmass,0.0,0.0
2026-09-26,서화성,4,pack_ev,0.0,0.0
2026-09-26,서화성,4,pack_ess,0.0,0.0
2026-09-26,서화성,4,blackmass,0.0,0.0
2026-09-26,서화성,5,pack_ev,0.0,0.0
2026-09-26,서화성,5,pack_ess,0.0,0.0
2026-09-26,서화성,5,blackmass,0.0,0.0
2026-09-26,서화성,6,pack_ev,0.0,0.0
2026-09-26,서화성,6,pack_ess,0.0,0.0
2026-09-26,서화성,6,blackmass,0.0,0.0
2026-09-26,서화성,7,pack_ev,0.0,0.0
2026-09-26,서화성,7,pack_ess,0.0,0.0
2026-09-26,서화성,7,blackmass,0.0,0.0
2026-09-26,서화성,8,pack_ev,0.0,0.0
2026-09-26,서화성,8,pack_ess,0.0,0.0
2026-09-26,서화성,8,blackmass,0.0,0.0
2026-09-26,서화성,9,pack_ev,0.0,0.0
2026-09-26,서화성,9,pack_ess,0.0,0.0
2026-09-26,서화성,9,blackmass,0.0,0.0
2026-09-26,서화성,10,pack_ev,0.0,0.0
2026-09-26,서화성,10,pack_ess,0.0,0.0
2026-09-26,서화성,10,blackmass,0.0,0.0
2026-09-26,서화성,11,pack_ev,0.0,0.0
2026-09-26,서화성,11,pack_ess,0.0,0.0
2026-09-26,서화성,11,blackmass,0.0,0.0
2026-09-26,서화성,12,pack_ev,0.0,0.0
2026-09-26,서화성,12,pack_ess,0.0,0.0
2026-09-26,서화성,12,blackmass,0.0,0.0
2026-09-26,서화성,13,pack_ev,0.0,0.0
2026-09-26,서화성,13,pack_ess,0.0,0.0
2026-09-26,서화성,13,blackmass,0.0,0.0
2026-09-26,서화성,14,pack_ev,0.0,0.0
2026-09-26,서화성,14,pack_ess,0.0,0.0
2026-09-26,서화성,14,blackmass,0.0,0.0
2026-09-26,서화성,15,pack_ev,0.0,0.0
2026-09-26,서화성,15,pack_ess,0.0,0.0
2026-09-26,서화성,15,blackmass,0.0,0.0
2026-09-26,서화성,16,pack_ev,0.0,0.0
2026-09-26,서화성,16,pack_ess,0.0,0.0
2026-09-26,서화성,16,blackmass,0.0,0.0
2026-09-26,서화성,17,pack_ev,0.0,0.0
2026-09-26,서화성,17,pack_ess,0.0,0.0
2026-09-26,서화성,17,blackmass,0.0,0.0
2026-09-26,서화성,18,pack_ev,0.0,0.0
2026-09-26,서화성,18,pack_ess,0.0,0.0
2026-09-26,서화성,18,blackmass,0.0,0.0
2026-09-26,서화성,19,pack_ev,0.0,0.0
2026-09-26,서화성,19,pack_ess,0.0,0.0
2026-09-26,서화성,19,blackmass,0.0,0.0
2026-09-26,서화성,20,pack_ev,0.0,0.0
2026-09-26,서화성,20,pack_ess,0.0,0.0
2026-09-26,서화성,20,blackmass,0.0,0.0
2026-09-26,서화성,21,pack_ev,0.0,0.0
2026-09-26,서화성,21,pack_ess,0.0,0.0
2026-09-26,서화성,21,blackmass,0.0,0.0
2026-09-26,서화성,22,pack_ev,0.0,0.0
2026-09-26,서화성,22,pack_ess,0.0,0.0
2026-09-26,서화성,22,blackmass,0.0,0.0
2026-09-26,서화성,23,pack_ev,0.0,0.0
2026-09-26,서화성,23,pack_ess,0.0,0.0
2026-09-26,서화성,23,blackmass,0.0,0.0
2026-09-26,신례원,0,pack_ev,0.0,0.0
2026-09-26,신례원,0,pack_ess,0.0,0.0
2026-09-26,신례원,0,blackmass,0.0,0.0
2026-09-26,신례원,1,pack_ev,0.0,0.0
2026-09-26,신례원,1,pack_ess,0.0,0.0
2026-09-26,신례원,1,blackmass,0.0,0.0
2026-09-26,신례원,2,pack_ev,0.0,0.0
2026-09-26,신례원,2,pack_ess,0.0,0.0
2026-09-26,신례원,2,blackmass,0.0,0.0
2026-09-26,신례원,3,pack_ev,0.0,0.0
2026-09-26,신례원,3,pack_ess,0.0,0.0
2026-09-26,신례원,3,blackmass,0.0,0.0
2026-09-26,신례원,4,pack_ev,0.0,0.0
2026-09-26,신례원,4,pack_ess,0.0,0.0
2026-09-26,신례원,4,blackmass,0.0,0.0
2026-09-26,신례원,5,pack_ev,0.0,0.0
2026-09-26,신례원,5,pack_ess,0.0,0.0
2026-09-26,신례원,5,blackmass,0.0,0.0
2026-09-26,신례원,6,pack_ev,0.0,0.0
2026-09-26,신례원,6,pack_ess,0.0,0.0
2026-09-26,신례원,6,blackmass,0.0,0.0
2026-09-26,신례원,7,pack_ev,0.0,0.0
2026-09-26,신례원,7,pack_ess,0.0,0.0
2026-09-26,신례원,7,blackmass,0.0,0.0
2026-09-26,신례원,8,pack_ev,0.0,0.0
2026-09-26,신례원,8,pack_ess,0.0,0.0
2026-09-26,신례원,8,blackmass,0.0,0.0
2026-09-26,신례원,9,pack_ev,0.0,0.0
2026-09-26,신례원,9,pack_ess,0.0,0.0
2026-09-26,신례원,9,blackmass,0.0,0.0
2026-09-26,신례원,10,pack_ev,0.0,0.0
2026-09-26,신례원,10,pack_ess,0.0,0.0
2026-09-26,신례원,10,blackmass,0.0,0.0
2026-09-26,신례원,11,pack_ev,0.0,0.0
2026-09-26,신례원,11,pack_ess,0.0,0.0
2026-09-26,신례원,11,blackmass,0.0,0.0
2026-09-26,신례원,12,pack_ev,0.0,0.0
2026-09-26,신례원,12,pack_ess,0.0,0.0
2026-09-26,신례원,12,blackmass,0.0,0.0
2026-09-26,신례원,13,pack_ev,0.0,0.0
2026-09-26,신례원,13,pack_ess,0.0,0.0
2026-09-26,신례원,13,blackmass,0.0,0.0
2026-09-26,신례원,14,pack_ev,0.0,0.0
2026-09-26,신례원,14,pack_ess,0.0,0.0
2026-09-26,신례원,14,blackmass,0.0,0.0
2026-09-26,신례원,15,pack_ev,0.0,0.0
2026-09-26,신례원,15,pack_ess,0.0,0.0
2026-09-26,신례원,15,blackmass,0.0,0.0
2026-09-26,신례원,16,pack_ev,0.0,0.0
2026-09-26,신례원,16,pack_ess,0.0,0.0
2026-09-26,신례원,16,blackmass,0.0,0.0
2026-09-26,신례원,17,pack_ev,0.0,0.0
2026-09-26,신례원,17,pack_ess,0.0,0.0
2026-09-26,신례원,17,blackmass,0.0,0.0
2026-09-26,신례원,18,pack_ev,0.0,0.0
2026-09-26,신례원,18,pack_ess,0.0,0.0
2026-09-26,신례원,18,blackmass,0.0,0.0
2026-09-26,신례원,19,pack_ev,0.0,0.0
2026-09-26,신례원,19,pack_ess,0.0,0.0
2026-09-26,신례원,19,blackmass,0.0,0.0
2026-09-26,신례원,20,pack_ev,0.0,0.0
2026-09-26,신례원,20,pack_ess,0.0,0.0
2026-09-26,신례원,20,blackmass,0.0,0.0
2026-09-26,신례원,21,pack_ev,0.0,0.0
2026-09-26,신례원,21,pack_ess,0.0,0.0
2026-09-26,신례원,21,blackmass,0.0,0.0
2026-09-26,신례원,22,pack_ev,0.0,0.0
2026-09-26,신례원,22,pack_ess,0.0,0.0
2026-09-26,신례원,22,blackmass,0.0,0.0
2026-09-26,신례원,23,pack_ev,0.0,0.0
2026-09-26,신례원,23,pack_ess,0.0,0.0
2026-09-26,신례원,23,blackmass,0.0,0.0
2026-09-26,안중,0,pack_ev,0.0,0.0
2026-09-26,안중,0,pack_ess,0.0,0.0
2026-09-26,안중,0,blackmass,0.0,0.0
2026-09-26,안중,1,pack_ev,0.0,0.0
2026-09-26,안중,1,pack_ess,0.0,0.0
2026-09-26,안중,1,blackmass,0.0,0.0
2026-09-26,안중,2,pack_ev,0.0,0.0
2026-09-26,안중,2,pack_ess,0.0,0.0
2026-09-26,안중,2,blackmass,0.0,0.0
2026-09-26,안중,3,pack_ev,0.0,0.0
2026-09-26,안중,3,pack_ess,0.0,0.0
2026-09-26,안중,3,blackmass,0.0,0.0
2026-09-26,안중,4,pack_ev,0.0,0.0
2026-09-26,안중,4,pack_ess,0.0,0.0
2026-09-26,안중,4,blackmass,0.0,0.0
2026-09-26,안중,5,pack_ev,0.0,0.0
2026-09-26,안중,5,pack_ess,0.0,0.0
2026-09-26,안중,5,blackmass,0.0,0.0
2026-09-26,안중,6,pack_ev,0.0,0.0
2026-09-26,안중,6,pack_ess,0.0,0.0
2026-09-26,안중,6,blackmass,0.0,0.0
2026-09-26,안중,7,pack_ev,0.0,0.0
2026-09-26,안중,7,pack_ess,0.0,0.0
2026-09-26,안중,7,blackmass,0.0,0.0
2026-09-26,안중,8,pack_ev,0.0,0.0
2026-09-26,안중,8,pack_ess,0.0,0.0
2026-09-26,안중,8,blackmass,0.0,0.0
2026-09-26,안중,9,pack_ev,0.0,0.0
2026-09-26,안중,9,pack_ess,0.0,0.0
2026-09-26,안중,9,blackmass,0.0,0.0
2026-09-26,안중,10,pack_ev,0.0,0.0
2026-09-26,안중,10,pack_ess,0.0,0.0
2026-09-26,안중,10,blackmass,0.0,0.0
2026-09-26,안중,11,pack_ev,0.0,0.0
2026-09-26,안중,11,pack_ess,0.0,0.0
2026-09-26,안중,11,blackmass,0.0,0.0
2026-09-26,안중,12,pack_ev,0.0,0.0
2026-09-26,안중,12,pack_ess,0.0,0.0
2026-09-26,안중,12,blackmass,0.0,0.0
2026-09-26,안중,13,pack_ev,0.0,0.0
2026-09-26,안중,13,pack_ess,0.0,0.0
2026-09-26,안중,13,blackmass,0.0,0.0
2026-09-26,안중,14,pack_ev,0.0,0.0
2026-09-26,안중,14,pack_ess,0.0,0.0
2026-09-26,안중,14,blackmass,0.0,0.0
2026-09-26,안중,15,pack_ev,0.0,0.0
2026-09-26,안중,15,pack_ess,0.0,0.0
2026-09-26,안중,15,blackmass,0.0,0.0
2026-09-26,안중,16,pack_ev,0.0,0.0
2026-09-26,안중,16,pack_ess,0.0,0.0
2026-09-26,안중,16,blackmass,0.0,0.0
2026-09-26,안중,17,pack_ev,0.0,0.0
2026-09-26,안중,17,pack_ess,0.0,0.0
2026-09-26,안중,17,blackmass,0.0,0.0
2026-09-26,안중,18,pack_ev,0.0,0.0
2026-09-26,안중,18,pack_ess,0.0,0.0
2026-09-26,안중,18,blackmass,0.0,0.0
2026-09-26,안중,19,pack_ev,0.0,0.0
2026-09-26,안중,19,pack_ess,0.0,0.0
2026-09-26,안중,19,blackmass,0.0,0.0
2026-09-26,안중,20,pack_ev,0.0,0.0
2026-09-26,안중,20,pack_ess,0.0,0.0
2026-09-26,안중,20,blackmass,0.0,0.0
2026-09-26,안중,21,pack_ev,0.0,0.0
2026-09-26,안중,21,pack_ess,0.0,0.0
2026-09-26,안중,21,blackmass,0.0,0.0
2026-09-26,안중,22,pack_ev,0.0,0.0
2026-09-26,안중,22,pack_ess,0.0,0.0
2026-09-26,안중,22,blackmass,0.0,0.0
2026-09-26,안중,23,pack_ev,0.0,0.0
2026-09-26,안중,23,pack_ess,0.0,0.0
2026-09-26,안중,23,blackmass,0.0,0.0
2026-09-26,천안,0,pack_ev,0.0,0.0
2026-09-26,천안,0,pack_ess,0.0,0.0
2026-09-26,천안,0,blackmass,0.0,0.0
2026-09-26,천안,1,pack_ev,0.0,0.0
2026-09-26,천안,1,pack_ess,0.0,0.0
2026-09-26,천안,1,blackmass,0.0,0.0
2026-09-26,천안,2,pack_ev,0.0,0.0
2026-09-26,천안,2,pack_ess,0.0,0.0
2026-09-26,천안,2,blackmass,0.0,0.0
2026-09-26,천안,3,pack_ev,0.0,0.0
2026-09-26,천안,3,pack_ess,0.0,0.0
2026-09-26,천안,3,blackmass,0.0,0.0
2026-09-26,천안,4,pack_ev,0.0,0.0
2026-09-26,천안,4,pack_ess,0.0,0.0
2026-09-26,천안,4,blackmass,0.0,0.0
2026-09-26,천안,5,pack_ev,0.0,0.0
2026-09-26,천안,5,pack_ess,0.0,0.0
2026-09-26,천안,5,blackmass,0.0,0.0
2026-09-26,천안,6,pack_ev,0.0,0.0
2026-09-26,천안,6,pack_ess,0.0,0.0
2026-09-26,천안,6,blackmass,0.0,0.0
2026-09-26,천안,7,pack_ev,0.0,0.0
2026-09-26,천안,7,pack_ess,0.0,0.0
2026-09-26,천안,7,blackmass,0.0,0.0
2026-09-26,천안,8,pack_ev,0.0,0.0
2026-09-26,천안,8,pack_ess,0.0,0.0
2026-09-26,천안,8,blackmass,0.0,0.0
2026-09-26,천안,9,pack_ev,0.0,0.0
2026-09-26,천안,9,pack_ess,0.0,0.0
2026-09-26,천안,9,blackmass,0.0,0.0
2026-09-26,천안,10,pack_ev,0.0,0.0
2026-09-26,천안,10,pack_ess,0.0,0.0
2026-09-26,천안,10,blackmass,0.0,0.0
2026-09-26,천안,11,pack_ev,0.0,0.0
2026-09-26,천안,11,pack_ess,0.0,0.0
2026-09-26,천안,11,blackmass,0.0,0.0
2026-09-26,천안,12,pack_ev,0.0,0.0
2026-09-26,천안,12,pack_ess,0.0,0.0
2026-09-26,천안,12,blackmass,0.0,0.0
2026-09-26,천안,13,pack_ev,0.0,0.0
2026-09-26,천안,13,pack_ess,0.0,0.0
2026-09-26,천안,13,blackmass,0.0,0.0
2026-09-26,천안,14,pack_ev,0.0,0.0
2026-09-26,천안,14,pack_ess,0.0,0.0
2026-09-26,천안,14,blackmass,0.0,0.0
2026-09-26,천안,15,pack_ev,0.0,0.0
2026-09-26,천안,15,pack_ess,0.0,0.0
2026-09-26,천안,15,blackmass,0.0,0.0
2026-09-26,천안,16,pack_ev,0.0,0.0
2026-09-26,천안,16,pack_ess,0.0,0.0
2026-09-26,천안,16,blackmass,0.0,0.0
2026-09-26,천안,17,pack_ev,0.0,0.0
2026-09-26,천안,17,pack_ess,0.0,0.0
2026-09-26,천안,17,blackmass,0.0,0.0
2026-09-26,천안,18,pack_ev,0.0,0.0
2026-09-26,천안,18,pack_ess,0.0,0.0
2026-09-26,천안,18,blackmass,0.0,0.0
2026-09-26,천안,19,pack_ev,0.0,0.0
2026-09-26,천안,19,pack_ess,0.0,0.0
2026-09-26,천안,19,blackmass,0.0,0.0
2026-09-26,천안,20,pack_ev,0.0,0.0
2026-09-26,천안,20,pack_ess,0.0,0.0
2026-09-26,천안,20,blackmass,0.0,0.0
2026-09-26,천안,21,pack_ev,0.0,0.0
2026-09-26,천안,21,pack_ess,0.0,0.0
2026-09-26,천안,21,blackmass,0.0,0.0
2026-09-26,천안,22,pack_ev,0.0,0.0
2026-09-26,천안,22,pack_ess,0.0,0.0
2026-09-26,천안,22,blackmass,0.0,0.0
2026-09-26,천안,23,pack_ev,0.0,0.0
2026-09-26,천안,23,pack_ess,0.0,0.0
2026-09-26,천안,23,blackmass,0.0,0.0
2026-09-27,서화성,0,pack_ev,0.0,0.0
2026-09-27,서화성,0,pack_ess,0.0,0.0
2026-09-27,서화성,0,blackmass,0.0,0.0
2026-09-27,서화성,1,pack_ev,0.0,0.0
2026-09-27,서화성,1,pack_ess,0.0,0.0
2026-09-27,서화성,1,blackmass,0.0,0.0
2026-09-27,서화성,2,pack_ev,0.0,0.0
2026-09-27,서화성,2,pack_ess,0.0,0.0
2026-09-27,서화성,2,blackmass,0.0,0.0
2026-09-27,서화성,3,pack_ev,0.0,0.0
2026-09-27,서화성,3,pack_ess,0.0,0.0
2026-09-27,서화성,3,blackmass,0.0,0.0
2026-09-27,서화성,4,pack_ev,0.0,0.0
2026-09-27,서화성,4,pack_ess,0.0,0.0
2026-09-27,서화성,4,blackmass,0.0,0.0
2026-09-27,서화성,5,pack_ev,0.0,0.0
2026-09-27,서화성,5,pack_ess,0.0,0.0
2026-09-27,서화성,5,blackmass,0.0,0.0
2026-09-27,서화성,6,pack_ev,0.0,0.0
2026-09-27,서화성,6,pack_ess,0.0,0.0
2026-09-27,서화성,6,blackmass,0.0,0.0
2026-09-27,서화성,7,pack_ev,0.0,0.0
2026-09-27,서화성,7,pack_ess,0.0,0.0
2026-09-27,서화성,7,blackmass,0.0,0.0
2026-09-27,서화성,8,pack_ev,0.0,0.0
2026-09-27,서화성,8,pack_ess,0.0,0.0
2026-09-27,서화성,8,blackmass,0.0,0.0
2026-09-27,서화성,9,pack_ev,0.0,0.0
2026-09-27,서화성,9,pack_ess,0.0,0.0
2026-09-27,서화성,9,blackmass,0.0,0.0
2026-09-27,서화성,10,pack_ev,0.0,0.0
2026-09-27,서화성,10,pack_ess,0.0,0.0
2026-09-27,서화성,10,blackmass,0.0,0.0
2026-09-27,서화성,11,pack_ev,0.0,0.0
2026-09-27,서화성,11,pack_ess,0.0,0.0
2026-09-27,서화성,11,blackmass,0.0,0.0
2026-09-27,서화성,12,pack_ev,0.0,0.0
2026-09-27,서화성,12,pack_ess,0.0,0.0
2026-09-27,서화성,12,blackmass,0.0,0.0
2026-09-27,서화성,13,pack_ev,0.0,0.0
2026-09-27,서화성,13,pack_ess,0.0,0.0
2026-09-27,서화성,13,blackmass,0.0,0.0
2026-09-27,서화성,14,pack_ev,0.0,0.0
2026-09-27,서화성,14,pack_ess,0.0,0.0
2026-09-27,서화성,14,blackmass,0.0,0.0
2026-09-27,서화성,15,pack_ev,0.0,0.0
2026-09-27,서화성,15,pack_ess,0.0,0.0
2026-09-27,서화성,15,blackmass,0.0,0.0
2026-09-27,서화성,16,pack_ev,0.0,0.0
2026-09-27,서화성,16,pack_ess,0.0,0.0
2026-09-27,서화성,16,blackmass,0.0,0.0
2026-09-27,서화성,17,pack_ev,0.0,0.0
2026-09-27,서화성,17,pack_ess,0.0,0.0
2026-09-27,서화성,17,blackmass,0.0,0.0
2026-09-27,서화성,18,pack_ev,0.0,0.0
2026-09-27,서화성,18,pack_ess,0.0,0.0
2026-09-27,서화성,18,blackmass,0.0,0.0
2026-09-27,서화성,19,pack_ev,0.0,0.0
2026-09-27,서화성,19,pack_ess,0.0,0.0
2026-09-27,서화성,19,blackmass,0.0,0.0
2026-09-27,서화성,20,pack_ev,0.0,0.0
2026-09-27,서화성,20,pack_ess,0.0,0.0
2026-09-27,서화성,20,blackmass,0.0,0.0
2026-09-27,서화성,21,pack_ev,0.0,0.0
2026-09-27,서화성,21,pack_ess,0.0,0.0
2026-09-27,서화성,21,blackmass,0.0,0.0
2026-09-27,서화성,22,pack_ev,0.0,0.0
2026-09-27,서화성,22,pack_ess,0.0,0.0
2026-09-27,서화성,22,blackmass,0.0,0.0
2026-09-27,서화성,23,pack_ev,0.0,0.0
2026-09-27,서화성,23,pack_ess,0.0,0.0
2026-09-27,서화성,23,blackmass,0.0,0.0
2026-09-27,신례원,0,pack_ev,0.0,0.0
2026-09-27,신례원,0,pack_ess,0.0,0.0
2026-09-27,신례원,0,blackmass,0.0,0.0
2026-09-27,신례원,1,pack_ev,0.0,0.0
2026-09-27,신례원,1,pack_ess,0.0,0.0
2026-09-27,신례원,1,blackmass,0.0,0.0
2026-09-27,신례원,2,pack_ev,0.0,0.0
2026-09-27,신례원,2,pack_ess,0.0,0.0
2026-09-27,신례원,2,blackmass,0.0,0.0
2026-09-27,신례원,3,pack_ev,0.0,0.0
2026-09-27,신례원,3,pack_ess,0.0,0.0
2026-09-27,신례원,3,blackmass,0.0,0.0
2026-09-27,신례원,4,pack_ev,0.0,0.0
2026-09-27,신례원,4,pack_ess,0.0,0.0
2026-09-27,신례원,4,blackmass,0.0,0.0
2026-09-27,신례원,5,pack_ev,0.0,0.0
2026-09-27,신례원,5,pack_ess,0.0,0.0
2026-09-27,신례원,5,blackmass,0.0,0.0
2026-09-27,신례원,6,pack_ev,0.0,0.0
2026-09-27,신례원,6,pack_ess,0.0,0.0
2026-09-27,신례원,6,blackmass,0.0,0.0
2026-09-27,신례원,7,pack_ev,0.0,0.0
2026-09-27,신례원,7,pack_ess,0.0,0.0
2026-09-27,신례원,7,blackmass,0.0,0.0
2026-09-27,신례원,8,pack_ev,0.0,0.0
2026-09-27,신례원,8,pack_ess,0.0,0.0
2026-09-27,신례원,8,blackmass,0.0,0.0
2026-09-27,신례원,9,pack_ev,0.0,0.0
2026-09-27,신례원,9,pack_ess,0.0,0.0
2026-09-27,신례원,9,blackmass,0.0,0.0
2026-09-27,신례원,10,pack_ev,0.0,0.0
2026-09-27,신례원,10,pack_ess,0.0,0.0
2026-09-27,신례원,10,blackmass,0.0,0.0
2026-09-27,신례원,11,pack_ev,0.0,0.0
2026-09-27,신례원,11,pack_ess,0.0,0.0
2026-09-27,신례원,11,blackmass,0.0,0.0
2026-09-27,신례원,12,pack_ev,0.0,0.0
2026-09-27,신례원,12,pack_ess,0.0,0.0
2026-09-27,신례원,12,blackmass,0.0,0.0
2026-09-27,신례원,13,pack_ev,0.0,0.0
2026-09-27,신례원,13,pack_ess,0.0,0.0
2026-09-27,신례원,13,blackmass,0.0,0.0
2026-09-27,신례원,14,pack_ev,0.0,0.0
2026-09-27,신례원,14,pack_ess,0.0,0.0
2026-09-27,신례원,14,blackmass,0.0,0.0
2026-09-27,신례원,15,pack_ev,0.0,0.0
2026-09-27,신례원,15,pack_ess,0.0,0.0
2026-09-27,신례원,15,blackmass,0.0,0.0
2026-09-27,신례원,16,pack_ev,0.0,0.0
2026-09-27,신례원,16,pack_ess,0.0,0.0
2026-09-27,신례원,16,blackmass,0.0,0.0
2026-09-27,신례원,17,pack_ev,0.0,0.0
2026-09-27,신례원,17,pack_ess,0.0,0.0
2026-09-27,신례원,17,blackmass,0.0,0.0
2026-09-27,신례원,18,pack_ev,0.0,0.0
2026-09-27,신례원,18,pack_ess,0.0,0.0
2026-09-27,신례원,18,blackmass,0.0,0.0
2026-09-27,신례원,19,pack_ev,0.0,0.0
2026-09-27,신례원,19,pack_ess,0.0,0.0
2026-09-27,신례원,19,blackmass,0.0,0.0
2026-09-27,신례원,20,pack_ev,0.0,0.0
2026-09-27,신례원,20,pack_ess,0.0,0.0
2026-09-27,신례원,20,blackmass,0.0,0.0
2026-09-27,신례원,21,pack_ev,0.0,0.0
2026-09-27,신례원,21,pack_ess,0.0,0.0
2026-09-27,신례원,21,blackmass,0.0,0.0
2026-09-27,신례원,22,pack_ev,0.0,0.0
2026-09-27,신례원,22,pack_ess,0.0,0.0
2026-09-27,신례원,22,blackmass,0.0,0.0
2026-09-27,신례원,23,pack_ev,0.0,0.0
2026-09-27,신례원,23,pack_ess,0.0,0.0
2026-09-27,신례원,23,blackmass,0.0,0.0
2026-09-27,안중,0,pack_ev,0.0,0.0
2026-09-27,안중,0,pack_ess,0.0,0.0
2026-09-27,안중,0,blackmass,0.0,0.0
2026-09-27,안중,1,pack_ev,0.0,0.0
2026-09-27,안중,1,pack_ess,0.0,0.0
2026-09-27,안중,1,blackmass,0.0,0.0
2026-09-27,안중,2,pack_ev,0.0,0.0
2026-09-27,안중,2,pack_ess,0.0,0.0
2026-09-27,안중,2,blackmass,0.0,0.0
2026-09-27,안중,3,pack_ev,0.0,0.0
2026-09-27,안중,3,pack_ess,0.0,0.0
2026-09-27,안중,3,blackmass,0.0,0.0
2026-09-27,안중,4,pack_ev,0.0,0.0
2026-09-27,안중,4,pack_ess,0.0,0.0
2026-09-27,안중,4,blackmass,0.0,0.0
2026-09-27,안중,5,pack_ev,0.0,0.0
2026-09-27,안중,5,pack_ess,0.0,0.0
2026-09-27,안중,5,blackmass,0.0,0.0
2026-09-27,안중,6,pack_ev,0.0,0.0
2026-09-27,안중,6,pack_ess,0.0,0.0
2026-09-27,안중,6,blackmass,0.0,0.0
2026-09-27,안중,7,pack_ev,0.0,0.0
2026-09-27,안중,7,pack_ess,0.0,0.0
2026-09-27,안중,7,blackmass,0.0,0.0
2026-09-27,안중,8,pack_ev,0.0,0.0
2026-09-27,안중,8,pack_ess,0.0,0.0
2026-09-27,안중,8,blackmass,0.0,0.0
2026-09-27,안중,9,pack_ev,0.0,0.0
2026-09-27,안중,9,pack_ess,0.0,0.0
2026-09-27,안중,9,blackmass,0.0,0.0
2026-09-27,안중,10,pack_ev,0.0,0.0
2026-09-27,안중,10,pack_ess,0.0,0.0
2026-09-27,안중,10,blackmass,0.0,0.0
2026-09-27,안중,11,pack_ev,0.0,0.0
2026-09-27,안중,11,pack_ess,0.0,0.0
2026-09-27,안중,11,blackmass,0.0,0.0
2026-09-27,안중,12,pack_ev,0.0,0.0
2026-09-27,안중,12,pack_ess,0.0,0.0
2026-09-27,안중,12,blackmass,0.0,0.0
2026-09-27,안중,13,pack_ev,0.0,0.0
2026-09-27,안중,13,pack_ess,0.0,0.0
2026-09-27,안중,13,blackmass,0.0,0.0
2026-09-27,안중,14,pack_ev,0.0,0.0
2026-09-27,안중,14,pack_ess,0.0,0.0
2026-09-27,안중,14,blackmass,0.0,0.0
2026-09-27,안중,15,pack_ev,0.0,0.0
2026-09-27,안중,15,pack_ess,0.0,0.0
2026-09-27,안중,15,blackmass,0.0,0.0
2026-09-27,안중,16,pack_ev,0.0,0.0
2026-09-27,안중,16,pack_ess,0.0,0.0
2026-09-27,안중,16,blackmass,0.0,0.0
2026-09-27,안중,17,pack_ev,0.0,0.0
2026-09-27,안중,17,pack_ess,0.0,0.0
2026-09-27,안중,17,blackmass,0.0,0.0
2026-09-27,안중,18,pack_ev,0.0,0.0
2026-09-27,안중,18,pack_ess,0.0,0.0
2026-09-27,안중,18,blackmass,0.0,0.0
2026-09-27,안중,19,pack_ev,0.0,0.0
2026-09-27,안중,19,pack_ess,0.0,0.0
2026-09-27,안중,19,blackmass,0.0,0.0
2026-09-27,안중,20,pack_ev,0.0,0.0
2026-09-27,안중,20,pack_ess,0.0,0.0
2026-09-27,안중,20,blackmass,0.0,0.0
2026-09-27,안중,21,pack_ev,0.0,0.0
2026-09-27,안중,21,pack_ess,0.0,0.0
2026-09-27,안중,21,blackmass,0.0,0.0
2026-09-27,안중,22,pack_ev,0.0,0.0
2026-09-27,안중,22,pack_ess,0.0,0.0
2026-09-27,안중,22,blackmass,0.0,0.0
2026-09-27,안중,23,pack_ev,0.0,0.0
2026-09-27,안중,23,pack_ess,0.0,0.0
2026-09-27,안중,23,blackmass,0.0,0.0
2026-09-27,천안,0,pack_ev,0.0,0.0
2026-09-27,천안,0,pack_ess,0.0,0.0
2026-09-27,천안,0,blackmass,0.0,0.0
2026-09-27,천안,1,pack_ev,0.0,0.0
2026-09-27,천안,1,pack_ess,0.0,0.0
2026-09-27,천안,1,blackmass,0.0,0.0
2026-09-27,천안,2,pack_ev,0.0,0.0
2026-09-27,천안,2,pack_ess,0.0,0.0
2026-09-27,천안,2,blackmass,0.0,0.0
2026-09-27,천안,3,pack_ev,0.0,0.0
2026-09-27,천안,3,pack_ess,0.0,0.0
2026-09-27,천안,3,blackmass,0.0,0.0
2026-09-27,천안,4,pack_ev,0.0,0.0
2026-09-27,천안,4,pack_ess,0.0,0.0
2026-09-27,천안,4,blackmass,0.0,0.0
2026-09-27,천안,5,pack_ev,0.0,0.0
2026-09-27,천안,5,pack_ess,0.0,0.0
2026-09-27,천안,5,blackmass,0.0,0.0
2026-09-27,천안,6,pack_ev,0.0,0.0
2026-09-27,천안,6,pack_ess,0.0,0.0
2026-09-27,천안,6,blackmass,0.0,0.0
2026-09-27,천안,7,pack_ev,0.0,0.0
2026-09-27,천안,7,pack_ess,0.0,0.0
2026-09-27,천안,7,blackmass,0.0,0.0
2026-09-27,천안,8,pack_ev,0.0,0.0
2026-09-27,천안,8,pack_ess,0.0,0.0
2026-09-27,천안,8,blackmass,0.0,0.0
2026-09-27,천안,9,pack_ev,0.0,0.0
2026-09-27,천안,9,pack_ess,0.0,0.0
2026-09-27,천안,9,blackmass,0.0,0.0
2026-09-27,천안,10,pack_ev,0.0,0.0
2026-09-27,천안,10,pack_ess,0.0,0.0
2026-09-27,천안,10,blackmass,0.0,0.0
2026-09-27,천안,11,pack_ev,0.0,0.0
2026-09-27,천안,11,pack_ess,0.0,0.0
2026-09-27,천안,11,blackmass,0.0,0.0
2026-09-27,천안,12,pack_ev,0.0,0.0
2026-09-27,천안,12,pack_ess,0.0,0.0
2026-09-27,천안,12,blackmass,0.0,0.0
2026-09-27,천안,13,pack_ev,0.0,0.0
2026-09-27,천안,13,pack_ess,0.0,0.0
2026-09-27,천안,13,blackmass,0.0,0.0
2026-09-27,천안,14,pack_ev,0.0,0.0
2026-09-27,천안,14,pack_ess,0.0,0.0
2026-09-27,천안,14,blackmass,0.0,0.0
2026-09-27,천안,15,pack_ev,0.0,0.0
2026-09-27,천안,15,pack_ess,0.0,0.0
2026-09-27,천안,15,blackmass,0.0,0.0
2026-09-27,천안,16,pack_ev,0.0,0.0
2026-09-27,천안,16,pack_ess,0.0,0.0
2026-09-27,천안,16,blackmass,0.0,0.0
2026-09-27,천안,17,pack_ev,0.0,0.0
2026-09-27,천안,17,pack_ess,0.0,0.0
2026-09-27,천안,17,blackmass,0.0,0.0
2026-09-27,천안,18,pack_ev,0.0,0.0
2026-09-27,천안,18,pack_ess,0.0,0.0
2026-09-27,천안,18,blackmass,0.0,0.0
2026-09-27,천안,19,pack_ev,0.0,0.0
2026-09-27,천안,19,pack_ess,0.0,0.0
2026-09-27,천안,19,blackmass,0.0,0.0
2026-09-27,천안,20,pack_ev,0.0,0.0
2026-09-27,천안,20,pack_ess,0.0,0.0
2026-09-27,천안,20,blackmass,0.0,0.0
2026-09-27,천안,21,pack_ev,0.0,0.0
2026-09-27,천안,21,pack_ess,0.0,0.0
2026-09-27,천안,21,blackmass,0.0,0.0
2026-09-27,천안,22,pack_ev,0.0,0.0
2026-09-27,천안,22,pack_ess,0.0,0.0
2026-09-27,천안,22,blackmass,0.0,0.0
2026-09-27,천안,23,pack_ev,0.0,0.0
2026-09-27,천안,23,pack_ess,0.0,0.0
2026-09-27,천안,23,blackmass,0.0,0.0
2026-09-28,서화성,0,pack_ev,0.0,0.0
2026-09-28,서화성,0,pack_ess,0.0,0.0
2026-09-28,서화성,0,blackmass,0.0,0.0
2026-09-28,서화성,1,pack_ev,0.0,0.0
2026-09-28,서화성,1,pack_ess,0.0,0.0
2026-09-28,서화성,1,blackmass,0.0,0.0
2026-09-28,서화성,2,pack_ev,0.0,0.0
2026-09-28,서화성,2,pack_ess,0.0,0.0
2026-09-28,서화성,2,blackmass,0.0,0.0
2026-09-28,서화성,3,pack_ev,0.0,0.0
2026-09-28,서화성,3,pack_ess,0.0,0.0
2026-09-28,서화성,3,blackmass,0.0,0.0
2026-09-28,서화성,4,pack_ev,0.0,0.0
2026-09-28,서화성,4,pack_ess,0.0,0.0
2026-09-28,서화성,4,blackmass,0.0,0.0
2026-09-28,서화성,5,pack_ev,0.0,0.0
2026-09-28,서화성,5,pack_ess,0.0,0.0
2026-09-28,서화성,5,blackmass,0.0,0.0
2026-09-28,서화성,6,pack_ev,0.0,0.0
2026-09-28,서화성,6,pack_ess,0.0,0.0
2026-09-28,서화성,6,blackmass,0.0,0.0
2026-09-28,서화성,7,pack_ev,0.0,0.0
2026-09-28,서화성,7,pack_ess,0.0,0.0
2026-09-28,서화성,7,blackmass,0.0,0.0
2026-09-28,서화성,8,pack_ev,0.0,0.0
2026-09-28,서화성,8,pack_ess,0.0,0.0
2026-09-28,서화성,8,blackmass,0.0,0.0
2026-09-28,서화성,9,pack_ev,0.0,0.0
2026-09-28,서화성,9,pack_ess,0.0,0.0
2026-09-28,서화성,9,blackmass,0.0,0.0
2026-09-28,서화성,10,pack_ev,4.582,0.1527
2026-09-28,서화성,10,pack_ess,0.0032,0.00011
2026-09-28,서화성,10,blackmass,1.222,0.0244
2026-09-28,서화성,11,pack_ev,4.582,0.1527
2026-09-28,서화성,11,pack_ess,0.0032,0.00011
2026-09-28,서화성,11,blackmass,1.222,0.0244
2026-09-28,서화성,12,pack_ev,4.582,0.1527
2026-09-28,서화성,12,pack_ess,0.0032,0.00011
2026-09-28,서화성,12,blackmass,1.222,0.0244
2026-09-28,서화성,13,pack_ev,4.582,0.1527
2026-09-28,서화성,13,pack_ess,0.0032,0.00011
2026-09-28,서화성,13,blackmass,1.222,0.0244
2026-09-28,서화성,14,pack_ev,4.582,0.1527
2026-09-28,서화성,14,pack_ess,0.0032,0.00011
2026-09-28,서화성,14,blackmass,1.222,0.0244
2026-09-28,서화성,15,pack_ev,4.582,0.1527
2026-09-28,서화성,15,pack_ess,0.0032,0.00011
2026-09-28,서화성,15,blackmass,1.222,0.0244
2026-09-28,서화성,16,pack_ev,4.582,0.1527
2026-09-28,서화성,16,pack_ess,0.0032,0.00011
2026-09-28,서화성,16,blackmass,1.222,0.0244
2026-09-28,서화성,17,pack_ev,4.582,0.1527
2026-09-28,서화성,17,pack_ess,0.0032,0.00011
2026-09-28,서화성,17,blackmass,1.222,0.0244
2026-09-28,서화성,18,pack_ev,0.0,0.0
2026-09-28,서화성,18,pack_ess,0.0,0.0
2026-09-28,서화성,18,blackmass,0.0,0.0
2026-09-28,서화성,19,pack_ev,0.0,0.0
2026-09-28,서화성,19,pack_ess,0.0,0.0
2026-09-28,서화성,19,blackmass,0.0,0.0
2026-09-28,서화성,20,pack_ev,0.0,0.0
2026-09-28,서화성,20,pack_ess,0.0,0.0
2026-09-28,서화성,20,blackmass,0.0,0.0
2026-09-28,서화성,21,pack_ev,0.0,0.0
2026-09-28,서화성,21,pack_ess,0.0,0.0
2026-09-28,서화성,21,blackmass,0.0,0.0
2026-09-28,서화성,22,pack_ev,0.0,0.0
2026-09-28,서화성,22,pack_ess,0.0,0.0
2026-09-28,서화성,22,blackmass,0.0,0.0
2026-09-28,서화성,23,pack_ev,0.0,0.0
2026-09-28,서화성,23,pack_ess,0.0,0.0
2026-09-28,서화성,23,blackmass,0.0,0.0
2026-09-28,신례원,0,pack_ev,0.0,0.0
2026-09-28,신례원,0,pack_ess,0.0,0.0
2026-09-28,신례원,0,blackmass,0.0,0.0
2026-09-28,신례원,1,pack_ev,0.0,0.0
2026-09-28,신례원,1,pack_ess,0.0,0.0
2026-09-28,신례원,1,blackmass,0.0,0.0
2026-09-28,신례원,2,pack_ev,0.0,0.0
2026-09-28,신례원,2,pack_ess,0.0,0.0
2026-09-28,신례원,2,blackmass,0.0,0.0
2026-09-28,신례원,3,pack_ev,0.0,0.0
2026-09-28,신례원,3,pack_ess,0.0,0.0
2026-09-28,신례원,3,blackmass,0.0,0.0
2026-09-28,신례원,4,pack_ev,0.0,0.0
2026-09-28,신례원,4,pack_ess,0.0,0.0
2026-09-28,신례원,4,blackmass,0.0,0.0
2026-09-28,신례원,5,pack_ev,0.0,0.0
2026-09-28,신례원,5,pack_ess,0.0,0.0
2026-09-28,신례원,5,blackmass,0.0,0.0
2026-09-28,신례원,6,pack_ev,0.0,0.0
2026-09-28,신례원,6,pack_ess,0.0,0.0
2026-09-28,신례원,6,blackmass,0.0,0.0
2026-09-28,신례원,7,pack_ev,0.0,0.0
2026-09-28,신례원,7,pack_ess,0.0,0.0
2026-09-28,신례원,7,blackmass,0.0,0.0
2026-09-28,신례원,8,pack_ev,0.0,0.0
2026-09-28,신례원,8,pack_ess,0.0,0.0
2026-09-28,신례원,8,blackmass,0.0,0.0
2026-09-28,신례원,9,pack_ev,0.0,0.0
2026-09-28,신례원,9,pack_ess,0.0,0.0
2026-09-28,신례원,9,blackmass,0.0,0.0
2026-09-28,신례원,10,pack_ev,0.0,0.0
2026-09-28,신례원,10,pack_ess,0.0,0.0
2026-09-28,신례원,10,blackmass,3.019,0.0604
2026-09-28,신례원,11,pack_ev,0.0,0.0
2026-09-28,신례원,11,pack_ess,0.0,0.0
2026-09-28,신례원,11,blackmass,3.019,0.0604
2026-09-28,신례원,12,pack_ev,0.0,0.0
2026-09-28,신례원,12,pack_ess,0.0,0.0
2026-09-28,신례원,12,blackmass,3.019,0.0604
2026-09-28,신례원,13,pack_ev,0.0,0.0
2026-09-28,신례원,13,pack_ess,0.0,0.0
2026-09-28,신례원,13,blackmass,3.019,0.0604
2026-09-28,신례원,14,pack_ev,0.0,0.0
2026-09-28,신례원,14,pack_ess,0.0,0.0
2026-09-28,신례원,14,blackmass,3.019,0.0604
2026-09-28,신례원,15,pack_ev,0.0,0.0
2026-09-28,신례원,15,pack_ess,0.0,0.0
2026-09-28,신례원,15,blackmass,3.019,0.0604
2026-09-28,신례원,16,pack_ev,0.0,0.0
2026-09-28,신례원,16,pack_ess,0.0,0.0
2026-09-28,신례원,16,blackmass,3.019,0.0604
2026-09-28,신례원,17,pack_ev,0.0,0.0
2026-09-28,신례원,17,pack_ess,0.0,0.0
2026-09-28,신례원,17,blackmass,3.019,0.0604
2026-09-28,신례원,18,pack_ev,0.0,0.0
2026-09-28,신례원,18,pack_ess,0.0,0.0
2026-09-28,신례원,18,blackmass,0.0,0.0
2026-09-28,신례원,19,pack_ev,0.0,0.0
2026-09-28,신례원,19,pack_ess,0.0,0.0
2026-09-28,신례원,19,blackmass,0.0,0.0
2026-09-28,신례원,20,pack_ev,0.0,0.0
2026-09-28,신례원,20,pack_ess,0.0,0.0
2026-09-28,신례원,20,blackmass,0.0,0.0
2026-09-28,신례원,21,pack_ev,0.0,0.0
2026-09-28,신례원,21,pack_ess,0.0,0.0
2026-09-28,신례원,21,blackmass,0.0,0.0
2026-09-28,신례원,22,pack_ev,0.0,0.0
2026-09-28,신례원,22,pack_ess,0.0,0.0
2026-09-28,신례원,22,blackmass,0.0,0.0
2026-09-28,신례원,23,pack_ev,0.0,0.0
2026-09-28,신례원,23,pack_ess,0.0,0.0
2026-09-28,신례원,23,blackmass,0.0,0.0
2026-09-28,안중,0,pack_ev,0.0,0.0
2026-09-28,안중,0,pack_ess,0.0,0.0
2026-09-28,안중,0,blackmass,0.0,0.0
2026-09-28,안중,1,pack_ev,0.0,0.0
2026-09-28,안중,1,pack_ess,0.0,0.0
2026-09-28,안중,1,blackmass,0.0,0.0
2026-09-28,안중,2,pack_ev,0.0,0.0
2026-09-28,안중,2,pack_ess,0.0,0.0
2026-09-28,안중,2,blackmass,0.0,0.0
2026-09-28,안중,3,pack_ev,0.0,0.0
2026-09-28,안중,3,pack_ess,0.0,0.0
2026-09-28,안중,3,blackmass,0.0,0.0
2026-09-28,안중,4,pack_ev,0.0,0.0
2026-09-28,안중,4,pack_ess,0.0,0.0
2026-09-28,안중,4,blackmass,0.0,0.0
2026-09-28,안중,5,pack_ev,0.0,0.0
2026-09-28,안중,5,pack_ess,0.0,0.0
2026-09-28,안중,5,blackmass,0.0,0.0
2026-09-28,안중,6,pack_ev,0.0,0.0
2026-09-28,안중,6,pack_ess,0.0,0.0
2026-09-28,안중,6,blackmass,0.0,0.0
2026-09-28,안중,7,pack_ev,0.0,0.0
2026-09-28,안중,7,pack_ess,0.0,0.0
2026-09-28,안중,7,blackmass,0.0,0.0
2026-09-28,안중,8,pack_ev,0.0,0.0
2026-09-28,안중,8,pack_ess,0.0,0.0
2026-09-28,안중,8,blackmass,0.0,0.0
2026-09-28,안중,9,pack_ev,0.0,0.0
2026-09-28,안중,9,pack_ess,0.0,0.0
2026-09-28,안중,9,blackmass,0.0,0.0
2026-09-28,안중,10,pack_ev,4.582,0.1527
2026-09-28,안중,10,pack_ess,0.0032,0.00011
2026-09-28,안중,10,blackmass,1.222,0.0244
2026-09-28,안중,11,pack_ev,4.582,0.1527
2026-09-28,안중,11,pack_ess,0.0032,0.00011
2026-09-28,안중,11,blackmass,1.222,0.0244
2026-09-28,안중,12,pack_ev,4.582,0.1527
2026-09-28,안중,12,pack_ess,0.0032,0.00011
2026-09-28,안중,12,blackmass,1.222,0.0244
2026-09-28,안중,13,pack_ev,4.582,0.1527
2026-09-28,안중,13,pack_ess,0.0032,0.00011
2026-09-28,안중,13,blackmass,1.222,0.0244
2026-09-28,안중,14,pack_ev,4.582,0.1527
2026-09-28,안중,14,pack_ess,0.0032,0.00011
2026-09-28,안중,14,blackmass,1.222,0.0244
2026-09-28,안중,15,pack_ev,4.582,0.1527
2026-09-28,안중,15,pack_ess,0.0032,0.00011
2026-09-28,안중,15,blackmass,1.222,0.0244
2026-09-28,안중,16,pack_ev,4.582,0.1527
2026-09-28,안중,16,pack_ess,0.0032,0.00011
2026-09-28,안중,16,blackmass,1.222,0.0244
2026-09-28,안중,17,pack_ev,4.582,0.1527
2026-09-28,안중,17,pack_ess,0.0032,0.00011
2026-09-28,안중,17,blackmass,1.222,0.0244
2026-09-28,안중,18,pack_ev,0.0,0.0
2026-09-28,안중,18,pack_ess,0.0,0.0
2026-09-28,안중,18,blackmass,0.0,0.0
2026-09-28,안중,19,pack_ev,0.0,0.0
2026-09-28,안중,19,pack_ess,0.0,0.0
2026-09-28,안중,19,blackmass,0.0,0.0
2026-09-28,안중,20,pack_ev,0.0,0.0
2026-09-28,안중,20,pack_ess,0.0,0.0
2026-09-28,안중,20,blackmass,0.0,0.0
2026-09-28,안중,21,pack_ev,0.0,0.0
2026-09-28,안중,21,pack_ess,0.0,0.0
2026-09-28,안중,21,blackmass,0.0,0.0
2026-09-28,안중,22,pack_ev,0.0,0.0
2026-09-28,안중,22,pack_ess,0.0,0.0
2026-09-28,안중,22,blackmass,0.0,0.0
2026-09-28,안중,23,pack_ev,0.0,0.0
2026-09-28,안중,23,pack_ess,0.0,0.0
2026-09-28,안중,23,blackmass,0.0,0.0
2026-09-28,천안,0,pack_ev,0.0,0.0
2026-09-28,천안,0,pack_ess,0.0,0.0
2026-09-28,천안,0,blackmass,0.0,0.0
2026-09-28,천안,1,pack_ev,0.0,0.0
2026-09-28,천안,1,pack_ess,0.0,0.0
2026-09-28,천안,1,blackmass,0.0,0.0
2026-09-28,천안,2,pack_ev,0.0,0.0
2026-09-28,천안,2,pack_ess,0.0,0.0
2026-09-28,천안,2,blackmass,0.0,0.0
2026-09-28,천안,3,pack_ev,0.0,0.0
2026-09-28,천안,3,pack_ess,0.0,0.0
2026-09-28,천안,3,blackmass,0.0,0.0
2026-09-28,천안,4,pack_ev,0.0,0.0
2026-09-28,천안,4,pack_ess,0.0,0.0
2026-09-28,천안,4,blackmass,0.0,0.0
2026-09-28,천안,5,pack_ev,0.0,0.0
2026-09-28,천안,5,pack_ess,0.0,0.0
2026-09-28,천안,5,blackmass,0.0,0.0
2026-09-28,천안,6,pack_ev,0.0,0.0
2026-09-28,천안,6,pack_ess,0.0,0.0
2026-09-28,천안,6,blackmass,0.0,0.0
2026-09-28,천안,7,pack_ev,0.0,0.0
2026-09-28,천안,7,pack_ess,0.0,0.0
2026-09-28,천안,7,blackmass,0.0,0.0
2026-09-28,천안,8,pack_ev,0.0,0.0
2026-09-28,천안,8,pack_ess,0.0,0.0
2026-09-28,천안,8,blackmass,0.0,0.0
2026-09-28,천안,9,pack_ev,0.0,0.0
2026-09-28,천안,9,pack_ess,0.0,0.0
2026-09-28,천안,9,blackmass,0.0,0.0
2026-09-28,천안,10,pack_ev,0.0,0.0
2026-09-28,천안,10,pack_ess,0.0,0.0
2026-09-28,천안,10,blackmass,4.529,0.0906
2026-09-28,천안,11,pack_ev,0.0,0.0
2026-09-28,천안,11,pack_ess,0.0,0.0
2026-09-28,천안,11,blackmass,4.529,0.0906
2026-09-28,천안,12,pack_ev,0.0,0.0
2026-09-28,천안,12,pack_ess,0.0,0.0
2026-09-28,천안,12,blackmass,4.529,0.0906
2026-09-28,천안,13,pack_ev,0.0,0.0
2026-09-28,천안,13,pack_ess,0.0,0.0
2026-09-28,천안,13,blackmass,4.529,0.0906
2026-09-28,천안,14,pack_ev,0.0,0.0
2026-09-28,천안,14,pack_ess,0.0,0.0
2026-09-28,천안,14,blackmass,4.529,0.0906
2026-09-28,천안,15,pack_ev,0.0,0.0
2026-09-28,천안,15,pack_ess,0.0,0.0
2026-09-28,천안,15,blackmass,4.529,0.0906
2026-09-28,천안,16,pack_ev,0.0,0.0
2026-09-28,천안,16,pack_ess,0.0,0.0
2026-09-28,천안,16,blackmass,4.529,0.0906
2026-09-28,천안,17,pack_ev,0.0,0.0
2026-09-28,천안,17,pack_ess,0.0,0.0
2026-09-28,천안,17,blackmass,4.529,0.0906
2026-09-28,천안,18,pack_ev,0.0,0.0
2026-09-28,천안,18,pack_ess,0.0,0.0
2026-09-28,천안,18,blackmass,0.0,0.0
2026-09-28,천안,19,pack_ev,0.0,0.0
2026-09-28,천안,19,pack_ess,0.0,0.0
2026-09-28,천안,19,blackmass,0.0,0.0
2026-09-28,천안,20,pack_ev,0.0,0.0
2026-09-28,천안,20,pack_ess,0.0,0.0
2026-09-28,천안,20,blackmass,0.0,0.0
2026-09-28,천안,21,pack_ev,0.0,0.0
2026-09-28,천안,21,pack_ess,0.0,0.0
2026-09-28,천안,21,blackmass,0.0,0.0
2026-09-28,천안,22,pack_ev,0.0,0.0
2026-09-28,천안,22,pack_ess,0.0,0.0
2026-09-28,천안,22,blackmass,0.0,0.0
2026-09-28,천안,23,pack_ev,0.0,0.0
2026-09-28,천안,23,pack_ess,0.0,0.0
2026-09-28,천안,23,blackmass,0.0,0.0
2026-09-29,서화성,0,pack_ev,0.0,0.0
2026-09-29,서화성,0,pack_ess,0.0,0.0
2026-09-29,서화성,0,blackmass,0.0,0.0
2026-09-29,서화성,1,pack_ev,0.0,0.0
2026-09-29,서화성,1,pack_ess,0.0,0.0
2026-09-29,서화성,1,blackmass,0.0,0.0
2026-09-29,서화성,2,pack_ev,0.0,0.0
2026-09-29,서화성,2,pack_ess,0.0,0.0
2026-09-29,서화성,2,blackmass,0.0,0.0
2026-09-29,서화성,3,pack_ev,0.0,0.0
2026-09-29,서화성,3,pack_ess,0.0,0.0
2026-09-29,서화성,3,blackmass,0.0,0.0
2026-09-29,서화성,4,pack_ev,0.0,0.0
2026-09-29,서화성,4,pack_ess,0.0,0.0
2026-09-29,서화성,4,blackmass,0.0,0.0
2026-09-29,서화성,5,pack_ev,0.0,0.0
2026-09-29,서화성,5,pack_ess,0.0,0.0
2026-09-29,서화성,5,blackmass,0.0,0.0
2026-09-29,서화성,6,pack_ev,0.0,0.0
2026-09-29,서화성,6,pack_ess,0.0,0.0
2026-09-29,서화성,6,blackmass,0.0,0.0
2026-09-29,서화성,7,pack_ev,0.0,0.0
2026-09-29,서화성,7,pack_ess,0.0,0.0
2026-09-29,서화성,7,blackmass,0.0,0.0
2026-09-29,서화성,8,pack_ev,0.0,0.0
2026-09-29,서화성,8,pack_ess,0.0,0.0
2026-09-29,서화성,8,blackmass,0.0,0.0
2026-09-29,서화성,9,pack_ev,0.0,0.0
2026-09-29,서화성,9,pack_ess,0.0,0.0
2026-09-29,서화성,9,blackmass,0.0,0.0
2026-09-29,서화성,10,pack_ev,0.0,0.0
2026-09-29,서화성,10,pack_ess,0.0,0.0
2026-09-29,서화성,10,blackmass,0.0,0.0
2026-09-29,서화성,11,pack_ev,0.0,0.0
2026-09-29,서화성,11,pack_ess,0.0,0.0
2026-09-29,서화성,11,blackmass,0.0,0.0
2026-09-29,서화성,12,pack_ev,0.0,0.0
2026-09-29,서화성,12,pack_ess,0.0,0.0
2026-09-29,서화성,12,blackmass,0.0,0.0
2026-09-29,서화성,13,pack_ev,0.0,0.0
2026-09-29,서화성,13,pack_ess,0.0,0.0
2026-09-29,서화성,13,blackmass,0.0,0.0
2026-09-29,서화성,14,pack_ev,0.0,0.0
2026-09-29,서화성,14,pack_ess,0.0,0.0
2026-09-29,서화성,14,blackmass,0.0,0.0
2026-09-29,서화성,15,pack_ev,0.0,0.0
2026-09-29,서화성,15,pack_ess,0.0,0.0
2026-09-29,서화성,15,blackmass,0.0,0.0
2026-09-29,서화성,16,pack_ev,0.0,0.0
2026-09-29,서화성,16,pack_ess,0.0,0.0
2026-09-29,서화성,16,blackmass,0.0,0.0
2026-09-29,서화성,17,pack_ev,0.0,0.0
2026-09-29,서화성,17,pack_ess,0.0,0.0
2026-09-29,서화성,17,blackmass,0.0,0.0
2026-09-29,서화성,18,pack_ev,0.0,0.0
2026-09-29,서화성,18,pack_ess,0.0,0.0
2026-09-29,서화성,18,blackmass,0.0,0.0
2026-09-29,서화성,19,pack_ev,0.0,0.0
2026-09-29,서화성,19,pack_ess,0.0,0.0
2026-09-29,서화성,19,blackmass,0.0,0.0
2026-09-29,서화성,20,pack_ev,0.0,0.0
2026-09-29,서화성,20,pack_ess,0.0,0.0
2026-09-29,서화성,20,blackmass,0.0,0.0
2026-09-29,서화성,21,pack_ev,0.0,0.0
2026-09-29,서화성,21,pack_ess,0.0,0.0
2026-09-29,서화성,21,blackmass,0.0,0.0
2026-09-29,서화성,22,pack_ev,0.0,0.0
2026-09-29,서화성,22,pack_ess,0.0,0.0
2026-09-29,서화성,22,blackmass,0.0,0.0
2026-09-29,서화성,23,pack_ev,0.0,0.0
2026-09-29,서화성,23,pack_ess,0.0,0.0
2026-09-29,서화성,23,blackmass,0.0,0.0
2026-09-29,신례원,0,pack_ev,0.0,0.0
2026-09-29,신례원,0,pack_ess,0.0,0.0
2026-09-29,신례원,0,blackmass,0.0,0.0
2026-09-29,신례원,1,pack_ev,0.0,0.0
2026-09-29,신례원,1,pack_ess,0.0,0.0
2026-09-29,신례원,1,blackmass,0.0,0.0
2026-09-29,신례원,2,pack_ev,0.0,0.0
2026-09-29,신례원,2,pack_ess,0.0,0.0
2026-09-29,신례원,2,blackmass,0.0,0.0
2026-09-29,신례원,3,pack_ev,0.0,0.0
2026-09-29,신례원,3,pack_ess,0.0,0.0
2026-09-29,신례원,3,blackmass,0.0,0.0
2026-09-29,신례원,4,pack_ev,0.0,0.0
2026-09-29,신례원,4,pack_ess,0.0,0.0
2026-09-29,신례원,4,blackmass,0.0,0.0
2026-09-29,신례원,5,pack_ev,0.0,0.0
2026-09-29,신례원,5,pack_ess,0.0,0.0
2026-09-29,신례원,5,blackmass,0.0,0.0
2026-09-29,신례원,6,pack_ev,0.0,0.0
2026-09-29,신례원,6,pack_ess,0.0,0.0
2026-09-29,신례원,6,blackmass,0.0,0.0
2026-09-29,신례원,7,pack_ev,0.0,0.0
2026-09-29,신례원,7,pack_ess,0.0,0.0
2026-09-29,신례원,7,blackmass,0.0,0.0
2026-09-29,신례원,8,pack_ev,0.0,0.0
2026-09-29,신례원,8,pack_ess,0.0,0.0
2026-09-29,신례원,8,blackmass,0.0,0.0
2026-09-29,신례원,9,pack_ev,0.0,0.0
2026-09-29,신례원,9,pack_ess,0.0,0.0
2026-09-29,신례원,9,blackmass,0.0,0.0
2026-09-29,신례원,10,pack_ev,0.0,0.0
2026-09-29,신례원,10,pack_ess,0.0,0.0
2026-09-29,신례원,10,blackmass,0.0,0.0
2026-09-29,신례원,11,pack_ev,0.0,0.0
2026-09-29,신례원,11,pack_ess,0.0,0.0
2026-09-29,신례원,11,blackmass,0.0,0.0
2026-09-29,신례원,12,pack_ev,0.0,0.0
2026-09-29,신례원,12,pack_ess,0.0,0.0
2026-09-29,신례원,12,blackmass,0.0,0.0
2026-09-29,신례원,13,pack_ev,0.0,0.0
2026-09-29,신례원,13,pack_ess,0.0,0.0
2026-09-29,신례원,13,blackmass,0.0,0.0
2026-09-29,신례원,14,pack_ev,0.0,0.0
2026-09-29,신례원,14,pack_ess,0.0,0.0
2026-09-29,신례원,14,blackmass,0.0,0.0
2026-09-29,신례원,15,pack_ev,0.0,0.0
2026-09-29,신례원,15,pack_ess,0.0,0.0
2026-09-29,신례원,15,blackmass,0.0,0.0
2026-09-29,신례원,16,pack_ev,0.0,0.0
2026-09-29,신례원,16,pack_ess,0.0,0.0
2026-09-29,신례원,16,blackmass,0.0,0.0
2026-09-29,신례원,17,pack_ev,0.0,0.0
2026-09-29,신례원,17,pack_ess,0.0,0.0
2026-09-29,신례원,17,blackmass,0.0,0.0
2026-09-29,신례원,18,pack_ev,0.0,0.0
2026-09-29,신례원,18,pack_ess,0.0,0.0
2026-09-29,신례원,18,blackmass,0.0,0.0
2026-09-29,신례원,19,pack_ev,0.0,0.0
2026-09-29,신례원,19,pack_ess,0.0,0.0
2026-09-29,신례원,19,blackmass,0.0,0.0
2026-09-29,신례원,20,pack_ev,0.0,0.0
2026-09-29,신례원,20,pack_ess,0.0,0.0
2026-09-29,신례원,20,blackmass,0.0,0.0
2026-09-29,신례원,21,pack_ev,0.0,0.0
2026-09-29,신례원,21,pack_ess,0.0,0.0
2026-09-29,신례원,21,blackmass,0.0,0.0
2026-09-29,신례원,22,pack_ev,0.0,0.0
2026-09-29,신례원,22,pack_ess,0.0,0.0
2026-09-29,신례원,22,blackmass,0.0,0.0
2026-09-29,신례원,23,pack_ev,0.0,0.0
2026-09-29,신례원,23,pack_ess,0.0,0.0
2026-09-29,신례원,23,blackmass,0.0,0.0
2026-09-29,안중,0,pack_ev,0.0,0.0
2026-09-29,안중,0,pack_ess,0.0,0.0
2026-09-29,안중,0,blackmass,0.0,0.0
2026-09-29,안중,1,pack_ev,0.0,0.0
2026-09-29,안중,1,pack_ess,0.0,0.0
2026-09-29,안중,1,blackmass,0.0,0.0
2026-09-29,안중,2,pack_ev,0.0,0.0
2026-09-29,안중,2,pack_ess,0.0,0.0
2026-09-29,안중,2,blackmass,0.0,0.0
2026-09-29,안중,3,pack_ev,0.0,0.0
2026-09-29,안중,3,pack_ess,0.0,0.0
2026-09-29,안중,3,blackmass,0.0,0.0
2026-09-29,안중,4,pack_ev,0.0,0.0
2026-09-29,안중,4,pack_ess,0.0,0.0
2026-09-29,안중,4,blackmass,0.0,0.0
2026-09-29,안중,5,pack_ev,0.0,0.0
2026-09-29,안중,5,pack_ess,0.0,0.0
2026-09-29,안중,5,blackmass,0.0,0.0
2026-09-29,안중,6,pack_ev,0.0,0.0
2026-09-29,안중,6,pack_ess,0.0,0.0
2026-09-29,안중,6,blackmass,0.0,0.0
2026-09-29,안중,7,pack_ev,0.0,0.0
2026-09-29,안중,7,pack_ess,0.0,0.0
2026-09-29,안중,7,blackmass,0.0,0.0
2026-09-29,안중,8,pack_ev,0.0,0.0
2026-09-29,안중,8,pack_ess,0.0,0.0
2026-09-29,안중,8,blackmass,0.0,0.0
2026-09-29,안중,9,pack_ev,0.0,0.0
2026-09-29,안중,9,pack_ess,0.0,0.0
2026-09-29,안중,9,blackmass,0.0,0.0
2026-09-29,안중,10,pack_ev,0.0,0.0
2026-09-29,안중,10,pack_ess,0.0,0.0
2026-09-29,안중,10,blackmass,0.0,0.0
2026-09-29,안중,11,pack_ev,0.0,0.0
2026-09-29,안중,11,pack_ess,0.0,0.0
2026-09-29,안중,11,blackmass,0.0,0.0
2026-09-29,안중,12,pack_ev,0.0,0.0
2026-09-29,안중,12,pack_ess,0.0,0.0
2026-09-29,안중,12,blackmass,0.0,0.0
2026-09-29,안중,13,pack_ev,0.0,0.0
2026-09-29,안중,13,pack_ess,0.0,0.0
2026-09-29,안중,13,blackmass,0.0,0.0
2026-09-29,안중,14,pack_ev,0.0,0.0
2026-09-29,안중,14,pack_ess,0.0,0.0
2026-09-29,안중,14,blackmass,0.0,0.0
2026-09-29,안중,15,pack_ev,0.0,0.0
2026-09-29,안중,15,pack_ess,0.0,0.0
2026-09-29,안중,15,blackmass,0.0,0.0
2026-09-29,안중,16,pack_ev,0.0,0.0
2026-09-29,안중,16,pack_ess,0.0,0.0
2026-09-29,안중,16,blackmass,0.0,0.0
2026-09-29,안중,17,pack_ev,0.0,0.0
2026-09-29,안중,17,pack_ess,0.0,0.0
2026-09-29,안중,17,blackmass,0.0,0.0
2026-09-29,안중,18,pack_ev,0.0,0.0
2026-09-29,안중,18,pack_ess,0.0,0.0
2026-09-29,안중,18,blackmass,0.0,0.0
2026-09-29,안중,19,pack_ev,0.0,0.0
2026-09-29,안중,19,pack_ess,0.0,0.0
2026-09-29,안중,19,blackmass,0.0,0.0
2026-09-29,안중,20,pack_ev,0.0,0.0
2026-09-29,안중,20,pack_ess,0.0,0.0
2026-09-29,안중,20,blackmass,0.0,0.0
2026-09-29,안중,21,pack_ev,0.0,0.0
2026-09-29,안중,21,pack_ess,0.0,0.0
2026-09-29,안중,21,blackmass,0.0,0.0
2026-09-29,안중,22,pack_ev,0.0,0.0
2026-09-29,안중,22,pack_ess,0.0,0.0
2026-09-29,안중,22,blackmass,0.0,0.0
2026-09-29,안중,23,pack_ev,0.0,0.0
2026-09-29,안중,23,pack_ess,0.0,0.0
2026-09-29,안중,23,blackmass,0.0,0.0
2026-09-29,천안,0,pack_ev,0.0,0.0
2026-09-29,천안,0,pack_ess,0.0,0.0
2026-09-29,천안,0,blackmass,0.0,0.0
2026-09-29,천안,1,pack_ev,0.0,0.0
2026-09-29,천안,1,pack_ess,0.0,0.0
2026-09-29,천안,1,blackmass,0.0,0.0
2026-09-29,천안,2,pack_ev,0.0,0.0
2026-09-29,천안,2,pack_ess,0.0,0.0
2026-09-29,천안,2,blackmass,0.0,0.0
2026-09-29,천안,3,pack_ev,0.0,0.0
2026-09-29,천안,3,pack_ess,0.0,0.0
2026-09-29,천안,3,blackmass,0.0,0.0
2026-09-29,천안,4,pack_ev,0.0,0.0
2026-09-29,천안,4,pack_ess,0.0,0.0
2026-09-29,천안,4,blackmass,0.0,0.0
2026-09-29,천안,5,pack_ev,0.0,0.0
2026-09-29,천안,5,pack_ess,0.0,0.0
2026-09-29,천안,5,blackmass,0.0,0.0
2026-09-29,천안,6,pack_ev,0.0,0.0
2026-09-29,천안,6,pack_ess,0.0,0.0
2026-09-29,천안,6,blackmass,0.0,0.0
2026-09-29,천안,7,pack_ev,0.0,0.0
2026-09-29,천안,7,pack_ess,0.0,0.0
2026-09-29,천안,7,blackmass,0.0,0.0
2026-09-29,천안,8,pack_ev,0.0,0.0
2026-09-29,천안,8,pack_ess,0.0,0.0
2026-09-29,천안,8,blackmass,0.0,0.0
2026-09-29,천안,9,pack_ev,0.0,0.0
2026-09-29,천안,9,pack_ess,0.0,0.0
2026-09-29,천안,9,blackmass,0.0,0.0
2026-09-29,천안,10,pack_ev,0.0,0.0
2026-09-29,천안,10,pack_ess,0.0,0.0
2026-09-29,천안,10,blackmass,0.0,0.0
2026-09-29,천안,11,pack_ev,0.0,0.0
2026-09-29,천안,11,pack_ess,0.0,0.0
2026-09-29,천안,11,blackmass,0.0,0.0
2026-09-29,천안,12,pack_ev,0.0,0.0
2026-09-29,천안,12,pack_ess,0.0,0.0
2026-09-29,천안,12,blackmass,0.0,0.0
2026-09-29,천안,13,pack_ev,0.0,0.0
2026-09-29,천안,13,pack_ess,0.0,0.0
2026-09-29,천안,13,blackmass,0.0,0.0
2026-09-29,천안,14,pack_ev,0.0,0.0
2026-09-29,천안,14,pack_ess,0.0,0.0
2026-09-29,천안,14,blackmass,0.0,0.0
2026-09-29,천안,15,pack_ev,0.0,0.0
2026-09-29,천안,15,pack_ess,0.0,0.0
2026-09-29,천안,15,blackmass,0.0,0.0
2026-09-29,천안,16,pack_ev,0.0,0.0
2026-09-29,천안,16,pack_ess,0.0,0.0
2026-09-29,천안,16,blackmass,0.0,0.0
2026-09-29,천안,17,pack_ev,0.0,0.0
2026-09-29,천안,17,pack_ess,0.0,0.0
2026-09-29,천안,17,blackmass,0.0,0.0
2026-09-29,천안,18,pack_ev,0.0,0.0
2026-09-29,천안,18,pack_ess,0.0,0.0
2026-09-29,천안,18,blackmass,0.0,0.0
2026-09-29,천안,19,pack_ev,0.0,0.0
2026-09-29,천안,19,pack_ess,0.0,0.0
2026-09-29,천안,19,blackmass,0.0,0.0
2026-09-29,천안,20,pack_ev,0.0,0.0
2026-09-29,천안,20,pack_ess,0.0,0.0
2026-09-29,천안,20,blackmass,0.0,0.0
2026-09-29,천안,21,pack_ev,0.0,0.0
2026-09-29,천안,21,pack_ess,0.0,0.0
2026-09-29,천안,21,blackmass,0.0,0.0
2026-09-29,천안,22,pack_ev,0.0,0.0
2026-09-29,천안,22,pack_ess,0.0,0.0
2026-09-29,천안,22,blackmass,0.0,0.0
2026-09-29,천안,23,pack_ev,0.0,0.0
2026-09-29,천안,23,pack_ess,0.0,0.0
2026-09-29,천안,23,blackmass,0.0,0.0
2026-09-30,서화성,0,pack_ev,0.0,0.0
2026-09-30,서화성,0,pack_ess,0.0,0.0
2026-09-30,서화성,0,blackmass,0.0,0.0
2026-09-30,서화성,1,pack_ev,0.0,0.0
2026-09-30,서화성,1,pack_ess,0.0,0.0
2026-09-30,서화성,1,blackmass,0.0,0.0
2026-09-30,서화성,2,pack_ev,0.0,0.0
2026-09-30,서화성,2,pack_ess,0.0,0.0
2026-09-30,서화성,2,blackmass,0.0,0.0
2026-09-30,서화성,3,pack_ev,0.0,0.0
2026-09-30,서화성,3,pack_ess,0.0,0.0
2026-09-30,서화성,3,blackmass,0.0,0.0
2026-09-30,서화성,4,pack_ev,0.0,0.0
2026-09-30,서화성,4,pack_ess,0.0,0.0
2026-09-30,서화성,4,blackmass,0.0,0.0
2026-09-30,서화성,5,pack_ev,0.0,0.0
2026-09-30,서화성,5,pack_ess,0.0,0.0
2026-09-30,서화성,5,blackmass,0.0,0.0
2026-09-30,서화성,6,pack_ev,0.0,0.0
2026-09-30,서화성,6,pack_ess,0.0,0.0
2026-09-30,서화성,6,blackmass,0.0,0.0
2026-09-30,서화성,7,pack_ev,0.0,0.0
2026-09-30,서화성,7,pack_ess,0.0,0.0
2026-09-30,서화성,7,blackmass,0.0,0.0
2026-09-30,서화성,8,pack_ev,0.0,0.0
2026-09-30,서화성,8,pack_ess,0.0,0.0
2026-09-30,서화성,8,blackmass,0.0,0.0
2026-09-30,서화성,9,pack_ev,0.0,0.0
2026-09-30,서화성,9,pack_ess,0.0,0.0
2026-09-30,서화성,9,blackmass,0.0,0.0
2026-09-30,서화성,10,pack_ev,0.0,0.0
2026-09-30,서화성,10,pack_ess,0.0,0.0
2026-09-30,서화성,10,blackmass,0.0,0.0
2026-09-30,서화성,11,pack_ev,0.0,0.0
2026-09-30,서화성,11,pack_ess,0.0,0.0
2026-09-30,서화성,11,blackmass,0.0,0.0
2026-09-30,서화성,12,pack_ev,0.0,0.0
2026-09-30,서화성,12,pack_ess,0.0,0.0
2026-09-30,서화성,12,blackmass,0.0,0.0
2026-09-30,서화성,13,pack_ev,0.0,0.0
2026-09-30,서화성,13,pack_ess,0.0,0.0
2026-09-30,서화성,13,blackmass,0.0,0.0
2026-09-30,서화성,14,pack_ev,0.0,0.0
2026-09-30,서화성,14,pack_ess,0.0,0.0
2026-09-30,서화성,14,blackmass,0.0,0.0
2026-09-30,서화성,15,pack_ev,0.0,0.0
2026-09-30,서화성,15,pack_ess,0.0,0.0
2026-09-30,서화성,15,blackmass,0.0,0.0
2026-09-30,서화성,16,pack_ev,0.0,0.0
2026-09-30,서화성,16,pack_ess,0.0,0.0
2026-09-30,서화성,16,blackmass,0.0,0.0
2026-09-30,서화성,17,pack_ev,0.0,0.0
2026-09-30,서화성,17,pack_ess,0.0,0.0
2026-09-30,서화성,17,blackmass,0.0,0.0
2026-09-30,서화성,18,pack_ev,0.0,0.0
2026-09-30,서화성,18,pack_ess,0.0,0.0
2026-09-30,서화성,18,blackmass,0.0,0.0
2026-09-30,서화성,19,pack_ev,0.0,0.0
2026-09-30,서화성,19,pack_ess,0.0,0.0
2026-09-30,서화성,19,blackmass,0.0,0.0
2026-09-30,서화성,20,pack_ev,0.0,0.0
2026-09-30,서화성,20,pack_ess,0.0,0.0
2026-09-30,서화성,20,blackmass,0.0,0.0
2026-09-30,서화성,21,pack_ev,0.0,0.0
2026-09-30,서화성,21,pack_ess,0.0,0.0
2026-09-30,서화성,21,blackmass,0.0,0.0
2026-09-30,서화성,22,pack_ev,0.0,0.0
2026-09-30,서화성,22,pack_ess,0.0,0.0
2026-09-30,서화성,22,blackmass,0.0,0.0
2026-09-30,서화성,23,pack_ev,0.0,0.0
2026-09-30,서화성,23,pack_ess,0.0,0.0
2026-09-30,서화성,23,blackmass,0.0,0.0
2026-09-30,신례원,0,pack_ev,0.0,0.0
2026-09-30,신례원,0,pack_ess,0.0,0.0
2026-09-30,신례원,0,blackmass,0.0,0.0
2026-09-30,신례원,1,pack_ev,0.0,0.0
2026-09-30,신례원,1,pack_ess,0.0,0.0
2026-09-30,신례원,1,blackmass,0.0,0.0
2026-09-30,신례원,2,pack_ev,0.0,0.0
2026-09-30,신례원,2,pack_ess,0.0,0.0
2026-09-30,신례원,2,blackmass,0.0,0.0
2026-09-30,신례원,3,pack_ev,0.0,0.0
2026-09-30,신례원,3,pack_ess,0.0,0.0
2026-09-30,신례원,3,blackmass,0.0,0.0
2026-09-30,신례원,4,pack_ev,0.0,0.0
2026-09-30,신례원,4,pack_ess,0.0,0.0
2026-09-30,신례원,4,blackmass,0.0,0.0
2026-09-30,신례원,5,pack_ev,0.0,0.0
2026-09-30,신례원,5,pack_ess,0.0,0.0
2026-09-30,신례원,5,blackmass,0.0,0.0
2026-09-30,신례원,6,pack_ev,0.0,0.0
2026-09-30,신례원,6,pack_ess,0.0,0.0
2026-09-30,신례원,6,blackmass,0.0,0.0
2026-09-30,신례원,7,pack_ev,0.0,0.0
2026-09-30,신례원,7,pack_ess,0.0,0.0
2026-09-30,신례원,7,blackmass,0.0,0.0
2026-09-30,신례원,8,pack_ev,0.0,0.0
2026-09-30,신례원,8,pack_ess,0.0,0.0
2026-09-30,신례원,8,blackmass,0.0,0.0
2026-09-30,신례원,9,pack_ev,0.0,0.0
2026-09-30,신례원,9,pack_ess,0.0,0.0
2026-09-30,신례원,9,blackmass,0.0,0.0
2026-09-30,신례원,10,pack_ev,0.0,0.0
2026-09-30,신례원,10,pack_ess,0.0,0.0
2026-09-30,신례원,10,blackmass,0.0,0.0
2026-09-30,신례원,11,pack_ev,0.0,0.0
2026-09-30,신례원,11,pack_ess,0.0,0.0
2026-09-30,신례원,11,blackmass,0.0,0.0
2026-09-30,신례원,12,pack_ev,0.0,0.0
2026-09-30,신례원,12,pack_ess,0.0,0.0
2026-09-30,신례원,12,blackmass,0.0,0.0
2026-09-30,신례원,13,pack_ev,0.0,0.0
2026-09-30,신례원,13,pack_ess,0.0,0.0
2026-09-30,신례원,13,blackmass,0.0,0.0
2026-09-30,신례원,14,pack_ev,0.0,0.0
2026-09-30,신례원,14,pack_ess,0.0,0.0
2026-09-30,신례원,14,blackmass,0.0,0.0
2026-09-30,신례원,15,pack_ev,0.0,0.0
2026-09-30,신례원,15,pack_ess,0.0,0.0
2026-09-30,신례원,15,blackmass,0.0,0.0
2026-09-30,신례원,16,pack_ev,0.0,0.0
2026-09-30,신례원,16,pack_ess,0.0,0.0
2026-09-30,신례원,16,blackmass,0.0,0.0
2026-09-30,신례원,17,pack_ev,0.0,0.0
2026-09-30,신례원,17,pack_ess,0.0,0.0
2026-09-30,신례원,17,blackmass,0.0,0.0
2026-09-30,신례원,18,pack_ev,0.0,0.0
2026-09-30,신례원,18,pack_ess,0.0,0.0
2026-09-30,신례원,18,blackmass,0.0,0.0
2026-09-30,신례원,19,pack_ev,0.0,0.0
2026-09-30,신례원,19,pack_ess,0.0,0.0
2026-09-30,신례원,19,blackmass,0.0,0.0
2026-09-30,신례원,20,pack_ev,0.0,0.0
2026-09-30,신례원,20,pack_ess,0.0,0.0
2026-09-30,신례원,20,blackmass,0.0,0.0
2026-09-30,신례원,21,pack_ev,0.0,0.0
2026-09-30,신례원,21,pack_ess,0.0,0.0
2026-09-30,신례원,21,blackmass,0.0,0.0
2026-09-30,신례원,22,pack_ev,0.0,0.0
2026-09-30,신례원,22,pack_ess,0.0,0.0
2026-09-30,신례원,22,blackmass,0.0,0.0
2026-09-30,신례원,23,pack_ev,0.0,0.0
2026-09-30,신례원,23,pack_ess,0.0,0.0
2026-09-30,신례원,23,blackmass,0.0,0.0
2026-09-30,안중,0,pack_ev,0.0,0.0
2026-09-30,안중,0,pack_ess,0.0,0.0
2026-09-30,안중,0,blackmass,0.0,0.0
2026-09-30,안중,1,pack_ev,0.0,0.0
2026-09-30,안중,1,pack_ess,0.0,0.0
2026-09-30,안중,1,blackmass,0.0,0.0
2026-09-30,안중,2,pack_ev,0.0,0.0
2026-09-30,안중,2,pack_ess,0.0,0.0
2026-09-30,안중,2,blackmass,0.0,0.0
2026-09-30,안중,3,pack_ev,0.0,0.0
2026-09-30,안중,3,pack_ess,0.0,0.0
2026-09-30,안중,3,blackmass,0.0,0.0
2026-09-30,안중,4,pack_ev,0.0,0.0
2026-09-30,안중,4,pack_ess,0.0,0.0
2026-09-30,안중,4,blackmass,0.0,0.0
2026-09-30,안중,5,pack_ev,0.0,0.0
2026-09-30,안중,5,pack_ess,0.0,0.0
2026-09-30,안중,5,blackmass,0.0,0.0
2026-09-30,안중,6,pack_ev,0.0,0.0
2026-09-30,안중,6,pack_ess,0.0,0.0
2026-09-30,안중,6,blackmass,0.0,0.0
2026-09-30,안중,7,pack_ev,0.0,0.0
2026-09-30,안중,7,pack_ess,0.0,0.0
2026-09-30,안중,7,blackmass,0.0,0.0
2026-09-30,안중,8,pack_ev,0.0,0.0
2026-09-30,안중,8,pack_ess,0.0,0.0
2026-09-30,안중,8,blackmass,0.0,0.0
2026-09-30,안중,9,pack_ev,0.0,0.0
2026-09-30,안중,9,pack_ess,0.0,0.0
2026-09-30,안중,9,blackmass,0.0,0.0
2026-09-30,안중,10,pack_ev,0.0,0.0
2026-09-30,안중,10,pack_ess,0.0,0.0
2026-09-30,안중,10,blackmass,0.0,0.0
2026-09-30,안중,11,pack_ev,0.0,0.0
2026-09-30,안중,11,pack_ess,0.0,0.0
2026-09-30,안중,11,blackmass,0.0,0.0
2026-09-30,안중,12,pack_ev,0.0,0.0
2026-09-30,안중,12,pack_ess,0.0,0.0
2026-09-30,안중,12,blackmass,0.0,0.0
2026-09-30,안중,13,pack_ev,0.0,0.0
2026-09-30,안중,13,pack_ess,0.0,0.0
2026-09-30,안중,13,blackmass,0.0,0.0
2026-09-30,안중,14,pack_ev,0.0,0.0
2026-09-30,안중,14,pack_ess,0.0,0.0
2026-09-30,안중,14,blackmass,0.0,0.0
2026-09-30,안중,15,pack_ev,0.0,0.0
2026-09-30,안중,15,pack_ess,0.0,0.0
2026-09-30,안중,15,blackmass,0.0,0.0
2026-09-30,안중,16,pack_ev,0.0,0.0
2026-09-30,안중,16,pack_ess,0.0,0.0
2026-09-30,안중,16,blackmass,0.0,0.0
2026-09-30,안중,17,pack_ev,0.0,0.0
2026-09-30,안중,17,pack_ess,0.0,0.0
2026-09-30,안중,17,blackmass,0.0,0.0
2026-09-30,안중,18,pack_ev,0.0,0.0
2026-09-30,안중,18,pack_ess,0.0,0.0
2026-09-30,안중,18,blackmass,0.0,0.0
2026-09-30,안중,19,pack_ev,0.0,0.0
2026-09-30,안중,19,pack_ess,0.0,0.0
2026-09-30,안중,19,blackmass,0.0,0.0
2026-09-30,안중,20,pack_ev,0.0,0.0
2026-09-30,안중,20,pack_ess,0.0,0.0
2026-09-30,안중,20,blackmass,0.0,0.0
2026-09-30,안중,21,pack_ev,0.0,0.0
2026-09-30,안중,21,pack_ess,0.0,0.0
2026-09-30,안중,21,blackmass,0.0,0.0
2026-09-30,안중,22,pack_ev,0.0,0.0
2026-09-30,안중,22,pack_ess,0.0,0.0
2026-09-30,안중,22,blackmass,0.0,0.0
2026-09-30,안중,23,pack_ev,0.0,0.0
2026-09-30,안중,23,pack_ess,0.0,0.0
2026-09-30,안중,23,blackmass,0.0,0.0
2026-09-30,천안,0,pack_ev,0.0,0.0
2026-09-30,천안,0,pack_ess,0.0,0.0
2026-09-30,천안,0,blackmass,0.0,0.0
2026-09-30,천안,1,pack_ev,0.0,0.0
2026-09-30,천안,1,pack_ess,0.0,0.0
2026-09-30,천안,1,blackmass,0.0,0.0
2026-09-30,천안,2,pack_ev,0.0,0.0
2026-09-30,천안,2,pack_ess,0.0,0.0
2026-09-30,천안,2,blackmass,0.0,0.0
2026-09-30,천안,3,pack_ev,0.0,0.0
2026-09-30,천안,3,pack_ess,0.0,0.0
2026-09-30,천안,3,blackmass,0.0,0.0
2026-09-30,천안,4,pack_ev,0.0,0.0
2026-09-30,천안,4,pack_ess,0.0,0.0
2026-09-30,천안,4,blackmass,0.0,0.0
2026-09-30,천안,5,pack_ev,0.0,0.0
2026-09-30,천안,5,pack_ess,0.0,0.0
2026-09-30,천안,5,blackmass,0.0,0.0
2026-09-30,천안,6,pack_ev,0.0,0.0
2026-09-30,천안,6,pack_ess,0.0,0.0
2026-09-30,천안,6,blackmass,0.0,0.0
2026-09-30,천안,7,pack_ev,0.0,0.0
2026-09-30,천안,7,pack_ess,0.0,0.0
2026-09-30,천안,7,blackmass,0.0,0.0
2026-09-30,천안,8,pack_ev,0.0,0.0
2026-09-30,천안,8,pack_ess,0.0,0.0
2026-09-30,천안,8,blackmass,0.0,0.0
2026-09-30,천안,9,pack_ev,0.0,0.0
2026-09-30,천안,9,pack_ess,0.0,0.0
2026-09-30,천안,9,blackmass,0.0,0.0
2026-09-30,천안,10,pack_ev,0.0,0.0
2026-09-30,천안,10,pack_ess,0.0,0.0
2026-09-30,천안,10,blackmass,0.0,0.0
2026-09-30,천안,11,pack_ev,0.0,0.0
2026-09-30,천안,11,pack_ess,0.0,0.0
2026-09-30,천안,11,blackmass,0.0,0.0
2026-09-30,천안,12,pack_ev,0.0,0.0
2026-09-30,천안,12,pack_ess,0.0,0.0
2026-09-30,천안,12,blackmass,0.0,0.0
2026-09-30,천안,13,pack_ev,0.0,0.0
2026-09-30,천안,13,pack_ess,0.0,0.0
2026-09-30,천안,13,blackmass,0.0,0.0
2026-09-30,천안,14,pack_ev,0.0,0.0
2026-09-30,천안,14,pack_ess,0.0,0.0
2026-09-30,천안,14,blackmass,0.0,0.0
2026-09-30,천안,15,pack_ev,0.0,0.0
2026-09-30,천안,15,pack_ess,0.0,0.0
2026-09-30,천안,15,blackmass,0.0,0.0
2026-09-30,천안,16,pack_ev,0.0,0.0
2026-09-30,천안,16,pack_ess,0.0,0.0
2026-09-30,천안,16,blackmass,0.0,0.0
2026-09-30,천안,17,pack_ev,0.0,0.0
2026-09-30,천안,17,pack_ess,0.0,0.0
2026-09-30,천안,17,blackmass,0.0,0.0
2026-09-30,천안,18,pack_ev,0.0,0.0
2026-09-30,천안,18,pack_ess,0.0,0.0
2026-09-30,천안,18,blackmass,0.0,0.0
2026-09-30,천안,19,pack_ev,0.0,0.0
2026-09-30,천안,19,pack_ess,0.0,0.0
2026-09-30,천안,19,blackmass,0.0,0.0
2026-09-30,천안,20,pack_ev,0.0,0.0
2026-09-30,천안,20,pack_ess,0.0,0.0
2026-09-30,천안,20,blackmass,0.0,0.0
2026-09-30,천안,21,pack_ev,0.0,0.0
2026-09-30,천안,21,pack_ess,0.0,0.0
2026-09-30,천안,21,blackmass,0.0,0.0
2026-09-30,천안,22,pack_ev,0.0,0.0
2026-09-30,천안,22,pack_ess,0.0,0.0
2026-09-30,천안,22,blackmass,0.0,0.0
2026-09-30,천안,23,pack_ev,0.0,0.0
2026-09-30,천안,23,pack_ess,0.0,0.0
2026-09-30,천안,23,blackmass,0.0,0.0
2026-10-01,서화성,0,pack_ev,0.0,0.0
2026-10-01,서화성,0,pack_ess,0.0,0.0
2026-10-01,서화성,0,blackmass,0.0,0.0
2026-10-01,서화성,1,pack_ev,0.0,0.0
2026-10-01,서화성,1,pack_ess,0.0,0.0
2026-10-01,서화성,1,blackmass,0.0,0.0
2026-10-01,서화성,2,pack_ev,0.0,0.0
2026-10-01,서화성,2,pack_ess,0.0,0.0
2026-10-01,서화성,2,blackmass,0.0,0.0
2026-10-01,서화성,3,pack_ev,0.0,0.0
2026-10-01,서화성,3,pack_ess,0.0,0.0
2026-10-01,서화성,3,blackmass,0.0,0.0
2026-10-01,서화성,4,pack_ev,0.0,0.0
2026-10-01,서화성,4,pack_ess,0.0,0.0
2026-10-01,서화성,4,blackmass,0.0,0.0
2026-10-01,서화성,5,pack_ev,0.0,0.0
2026-10-01,서화성,5,pack_ess,0.0,0.0
2026-10-01,서화성,5,blackmass,0.0,0.0
2026-10-01,서화성,6,pack_ev,0.0,0.0
2026-10-01,서화성,6,pack_ess,0.0,0.0
2026-10-01,서화성,6,blackmass,0.0,0.0
2026-10-01,서화성,7,pack_ev,0.0,0.0
2026-10-01,서화성,7,pack_ess,0.0,0.0
2026-10-01,서화성,7,blackmass,0.0,0.0
2026-10-01,서화성,8,pack_ev,0.0,0.0
2026-10-01,서화성,8,pack_ess,0.0,0.0
2026-10-01,서화성,8,blackmass,0.0,0.0
2026-10-01,서화성,9,pack_ev,0.0,0.0
2026-10-01,서화성,9,pack_ess,0.0,0.0
2026-10-01,서화성,9,blackmass,0.0,0.0
2026-10-01,서화성,10,pack_ev,4.582,0.1527
2026-10-01,서화성,10,pack_ess,0.0032,0.00011
2026-10-01,서화성,10,blackmass,1.222,0.0244
2026-10-01,서화성,11,pack_ev,4.582,0.1527
2026-10-01,서화성,11,pack_ess,0.0032,0.00011
2026-10-01,서화성,11,blackmass,1.222,0.0244
2026-10-01,서화성,12,pack_ev,4.582,0.1527
2026-10-01,서화성,12,pack_ess,0.0032,0.00011
2026-10-01,서화성,12,blackmass,1.222,0.0244
2026-10-01,서화성,13,pack_ev,4.582,0.1527
2026-10-01,서화성,13,pack_ess,0.0032,0.00011
2026-10-01,서화성,13,blackmass,1.222,0.0244
2026-10-01,서화성,14,pack_ev,4.582,0.1527
2026-10-01,서화성,14,pack_ess,0.0032,0.00011
2026-10-01,서화성,14,blackmass,1.222,0.0244
2026-10-01,서화성,15,pack_ev,4.582,0.1527
2026-10-01,서화성,15,pack_ess,0.0032,0.00011
2026-10-01,서화성,15,blackmass,1.222,0.0244
2026-10-01,서화성,16,pack_ev,4.582,0.1527
2026-10-01,서화성,16,pack_ess,0.0032,0.00011
2026-10-01,서화성,16,blackmass,1.222,0.0244
2026-10-01,서화성,17,pack_ev,4.582,0.1527
2026-10-01,서화성,17,pack_ess,0.0032,0.00011
2026-10-01,서화성,17,blackmass,1.222,0.0244
2026-10-01,서화성,18,pack_ev,0.0,0.0
2026-10-01,서화성,18,pack_ess,0.0,0.0
2026-10-01,서화성,18,blackmass,0.0,0.0
2026-10-01,서화성,19,pack_ev,0.0,0.0
2026-10-01,서화성,19,pack_ess,0.0,0.0
2026-10-01,서화성,19,blackmass,0.0,0.0
2026-10-01,서화성,20,pack_ev,0.0,0.0
2026-10-01,서화성,20,pack_ess,0.0,0.0
2026-10-01,서화성,20,blackmass,0.0,0.0
2026-10-01,서화성,21,pack_ev,0.0,0.0
2026-10-01,서화성,21,pack_ess,0.0,0.0
2026-10-01,서화성,21,blackmass,0.0,0.0
2026-10-01,서화성,22,pack_ev,0.0,0.0
2026-10-01,서화성,22,pack_ess,0.0,0.0
2026-10-01,서화성,22,blackmass,0.0,0.0
2026-10-01,서화성,23,pack_ev,0.0,0.0
2026-10-01,서화성,23,pack_ess,0.0,0.0
2026-10-01,서화성,23,blackmass,0.0,0.0
2026-10-01,신례원,0,pack_ev,0.0,0.0
2026-10-01,신례원,0,pack_ess,0.0,0.0
2026-10-01,신례원,0,blackmass,0.0,0.0
2026-10-01,신례원,1,pack_ev,0.0,0.0
2026-10-01,신례원,1,pack_ess,0.0,0.0
2026-10-01,신례원,1,blackmass,0.0,0.0
2026-10-01,신례원,2,pack_ev,0.0,0.0
2026-10-01,신례원,2,pack_ess,0.0,0.0
2026-10-01,신례원,2,blackmass,0.0,0.0
2026-10-01,신례원,3,pack_ev,0.0,0.0
2026-10-01,신례원,3,pack_ess,0.0,0.0
2026-10-01,신례원,3,blackmass,0.0,0.0
2026-10-01,신례원,4,pack_ev,0.0,0.0
2026-10-01,신례원,4,pack_ess,0.0,0.0
2026-10-01,신례원,4,blackmass,0.0,0.0
2026-10-01,신례원,5,pack_ev,0.0,0.0
2026-10-01,신례원,5,pack_ess,0.0,0.0
2026-10-01,신례원,5,blackmass,0.0,0.0
2026-10-01,신례원,6,pack_ev,0.0,0.0
2026-10-01,신례원,6,pack_ess,0.0,0.0
2026-10-01,신례원,6,blackmass,0.0,0.0
2026-10-01,신례원,7,pack_ev,0.0,0.0
2026-10-01,신례원,7,pack_ess,0.0,0.0
2026-10-01,신례원,7,blackmass,0.0,0.0
2026-10-01,신례원,8,pack_ev,0.0,0.0
2026-10-01,신례원,8,pack_ess,0.0,0.0
2026-10-01,신례원,8,blackmass,0.0,0.0
2026-10-01,신례원,9,pack_ev,0.0,0.0
2026-10-01,신례원,9,pack_ess,0.0,0.0
2026-10-01,신례원,9,blackmass,0.0,0.0
2026-10-01,신례원,10,pack_ev,0.0,0.0
2026-10-01,신례원,10,pack_ess,0.0,0.0
2026-10-01,신례원,10,blackmass,3.019,0.0604
2026-10-01,신례원,11,pack_ev,0.0,0.0
2026-10-01,신례원,11,pack_ess,0.0,0.0
2026-10-01,신례원,11,blackmass,3.019,0.0604
2026-10-01,신례원,12,pack_ev,0.0,0.0
2026-10-01,신례원,12,pack_ess,0.0,0.0
2026-10-01,신례원,12,blackmass,3.019,0.0604
2026-10-01,신례원,13,pack_ev,0.0,0.0
2026-10-01,신례원,13,pack_ess,0.0,0.0
2026-10-01,신례원,13,blackmass,3.019,0.0604
2026-10-01,신례원,14,pack_ev,0.0,0.0
2026-10-01,신례원,14,pack_ess,0.0,0.0
2026-10-01,신례원,14,blackmass,3.019,0.0604
2026-10-01,신례원,15,pack_ev,0.0,0.0
2026-10-01,신례원,15,pack_ess,0.0,0.0
2026-10-01,신례원,15,blackmass,3.019,0.0604
2026-10-01,신례원,16,pack_ev,0.0,0.0
2026-10-01,신례원,16,pack_ess,0.0,0.0
2026-10-01,신례원,16,blackmass,3.019,0.0604
2026-10-01,신례원,17,pack_ev,0.0,0.0
2026-10-01,신례원,17,pack_ess,0.0,0.0
2026-10-01,신례원,17,blackmass,3.019,0.0604
2026-10-01,신례원,18,pack_ev,0.0,0.0
2026-10-01,신례원,18,pack_ess,0.0,0.0
2026-10-01,신례원,18,blackmass,0.0,0.0
2026-10-01,신례원,19,pack_ev,0.0,0.0
2026-10-01,신례원,19,pack_ess,0.0,0.0
2026-10-01,신례원,19,blackmass,0.0,0.0
2026-10-01,신례원,20,pack_ev,0.0,0.0
2026-10-01,신례원,20,pack_ess,0.0,0.0
2026-10-01,신례원,20,blackmass,0.0,0.0
2026-10-01,신례원,21,pack_ev,0.0,0.0
2026-10-01,신례원,21,pack_ess,0.0,0.0
2026-10-01,신례원,21,blackmass,0.0,0.0
2026-10-01,신례원,22,pack_ev,0.0,0.0
2026-10-01,신례원,22,pack_ess,0.0,0.0
2026-10-01,신례원,22,blackmass,0.0,0.0
2026-10-01,신례원,23,pack_ev,0.0,0.0
2026-10-01,신례원,23,pack_ess,0.0,0.0
2026-10-01,신례원,23,blackmass,0.0,0.0
2026-10-01,안중,0,pack_ev,0.0,0.0
2026-10-01,안중,0,pack_ess,0.0,0.0
2026-10-01,안중,0,blackmass,0.0,0.0
2026-10-01,안중,1,pack_ev,0.0,0.0
2026-10-01,안중,1,pack_ess,0.0,0.0
2026-10-01,안중,1,blackmass,0.0,0.0
2026-10-01,안중,2,pack_ev,0.0,0.0
2026-10-01,안중,2,pack_ess,0.0,0.0
2026-10-01,안중,2,blackmass,0.0,0.0
2026-10-01,안중,3,pack_ev,0.0,0.0
2026-10-01,안중,3,pack_ess,0.0,0.0
2026-10-01,안중,3,blackmass,0.0,0.0
2026-10-01,안중,4,pack_ev,0.0,0.0
2026-10-01,안중,4,pack_ess,0.0,0.0
2026-10-01,안중,4,blackmass,0.0,0.0
2026-10-01,안중,5,pack_ev,0.0,0.0
2026-10-01,안중,5,pack_ess,0.0,0.0
2026-10-01,안중,5,blackmass,0.0,0.0
2026-10-01,안중,6,pack_ev,0.0,0.0
2026-10-01,안중,6,pack_ess,0.0,0.0
2026-10-01,안중,6,blackmass,0.0,0.0
2026-10-01,안중,7,pack_ev,0.0,0.0
2026-10-01,안중,7,pack_ess,0.0,0.0
2026-10-01,안중,7,blackmass,0.0,0.0
2026-10-01,안중,8,pack_ev,0.0,0.0
2026-10-01,안중,8,pack_ess,0.0,0.0
2026-10-01,안중,8,blackmass,0.0,0.0
2026-10-01,안중,9,pack_ev,0.0,0.0
2026-10-01,안중,9,pack_ess,0.0,0.0
2026-10-01,안중,9,blackmass,0.0,0.0
2026-10-01,안중,10,pack_ev,4.582,0.1527
2026-10-01,안중,10,pack_ess,0.0032,0.00011
2026-10-01,안중,10,blackmass,1.222,0.0244
2026-10-01,안중,11,pack_ev,4.582,0.1527
2026-10-01,안중,11,pack_ess,0.0032,0.00011
2026-10-01,안중,11,blackmass,1.222,0.0244
2026-10-01,안중,12,pack_ev,4.582,0.1527
2026-10-01,안중,12,pack_ess,0.0032,0.00011
2026-10-01,안중,12,blackmass,1.222,0.0244
2026-10-01,안중,13,pack_ev,4.582,0.1527
2026-10-01,안중,13,pack_ess,0.0032,0.00011
2026-10-01,안중,13,blackmass,1.222,0.0244
2026-10-01,안중,14,pack_ev,4.582,0.1527
2026-10-01,안중,14,pack_ess,0.0032,0.00011
2026-10-01,안중,14,blackmass,1.222,0.0244
2026-10-01,안중,15,pack_ev,4.582,0.1527
2026-10-01,안중,15,pack_ess,0.0032,0.00011
2026-10-01,안중,15,blackmass,1.222,0.0244
2026-10-01,안중,16,pack_ev,4.582,0.1527
2026-10-01,안중,16,pack_ess,0.0032,0.00011
2026-10-01,안중,16,blackmass,1.222,0.0244
2026-10-01,안중,17,pack_ev,4.582,0.1527
2026-10-01,안중,17,pack_ess,0.0032,0.00011
2026-10-01,안중,17,blackmass,1.222,0.0244
2026-10-01,안중,18,pack_ev,0.0,0.0
2026-10-01,안중,18,pack_ess,0.0,0.0
2026-10-01,안중,18,blackmass,0.0,0.0
2026-10-01,안중,19,pack_ev,0.0,0.0
2026-10-01,안중,19,pack_ess,0.0,0.0
2026-10-01,안중,19,blackmass,0.0,0.0
2026-10-01,안중,20,pack_ev,0.0,0.0
2026-10-01,안중,20,pack_ess,0.0,0.0
2026-10-01,안중,20,blackmass,0.0,0.0
2026-10-01,안중,21,pack_ev,0.0,0.0
2026-10-01,안중,21,pack_ess,0.0,0.0
2026-10-01,안중,21,blackmass,0.0,0.0
2026-10-01,안중,22,pack_ev,0.0,0.0
2026-10-01,안중,22,pack_ess,0.0,0.0
2026-10-01,안중,22,blackmass,0.0,0.0
2026-10-01,안중,23,pack_ev,0.0,0.0
2026-10-01,안중,23,pack_ess,0.0,0.0
2026-10-01,안중,23,blackmass,0.0,0.0
2026-10-01,천안,0,pack_ev,0.0,0.0
2026-10-01,천안,0,pack_ess,0.0,0.0
2026-10-01,천안,0,blackmass,0.0,0.0
2026-10-01,천안,1,pack_ev,0.0,0.0
2026-10-01,천안,1,pack_ess,0.0,0.0
2026-10-01,천안,1,blackmass,0.0,0.0
2026-10-01,천안,2,pack_ev,0.0,0.0
2026-10-01,천안,2,pack_ess,0.0,0.0
2026-10-01,천안,2,blackmass,0.0,0.0
2026-10-01,천안,3,pack_ev,0.0,0.0
2026-10-01,천안,3,pack_ess,0.0,0.0
2026-10-01,천안,3,blackmass,0.0,0.0
2026-10-01,천안,4,pack_ev,0.0,0.0
2026-10-01,천안,4,pack_ess,0.0,0.0
2026-10-01,천안,4,blackmass,0.0,0.0
2026-10-01,천안,5,pack_ev,0.0,0.0
2026-10-01,천안,5,pack_ess,0.0,0.0
2026-10-01,천안,5,blackmass,0.0,0.0
2026-10-01,천안,6,pack_ev,0.0,0.0
2026-10-01,천안,6,pack_ess,0.0,0.0
2026-10-01,천안,6,blackmass,0.0,0.0
2026-10-01,천안,7,pack_ev,0.0,0.0
2026-10-01,천안,7,pack_ess,0.0,0.0
2026-10-01,천안,7,blackmass,0.0,0.0
2026-10-01,천안,8,pack_ev,0.0,0.0
2026-10-01,천안,8,pack_ess,0.0,0.0
2026-10-01,천안,8,blackmass,0.0,0.0
2026-10-01,천안,9,pack_ev,0.0,0.0
2026-10-01,천안,9,pack_ess,0.0,0.0
2026-10-01,천안,9,blackmass,0.0,0.0
2026-10-01,천안,10,pack_ev,0.0,0.0
2026-10-01,천안,10,pack_ess,0.0,0.0
2026-10-01,천안,10,blackmass,4.529,0.0906
2026-10-01,천안,11,pack_ev,0.0,0.0
2026-10-01,천안,11,pack_ess,0.0,0.0
2026-10-01,천안,11,blackmass,4.529,0.0906
2026-10-01,천안,12,pack_ev,0.0,0.0
2026-10-01,천안,12,pack_ess,0.0,0.0
2026-10-01,천안,12,blackmass,4.529,0.0906
2026-10-01,천안,13,pack_ev,0.0,0.0
2026-10-01,천안,13,pack_ess,0.0,0.0
2026-10-01,천안,13,blackmass,4.529,0.0906
2026-10-01,천안,14,pack_ev,0.0,0.0
2026-10-01,천안,14,pack_ess,0.0,0.0
2026-10-01,천안,14,blackmass,4.529,0.0906
2026-10-01,천안,15,pack_ev,0.0,0.0
2026-10-01,천안,15,pack_ess,0.0,0.0
2026-10-01,천안,15,blackmass,4.529,0.0906
2026-10-01,천안,16,pack_ev,0.0,0.0
2026-10-01,천안,16,pack_ess,0.0,0.0
2026-10-01,천안,16,blackmass,4.529,0.0906
2026-10-01,천안,17,pack_ev,0.0,0.0
2026-10-01,천안,17,pack_ess,0.0,0.0
2026-10-01,천안,17,blackmass,4.529,0.0906
2026-10-01,천안,18,pack_ev,0.0,0.0
2026-10-01,천안,18,pack_ess,0.0,0.0
2026-10-01,천안,18,blackmass,0.0,0.0
2026-10-01,천안,19,pack_ev,0.0,0.0
2026-10-01,천안,19,pack_ess,0.0,0.0
2026-10-01,천안,19,blackmass,0.0,0.0
2026-10-01,천안,20,pack_ev,0.0,0.0
2026-10-01,천안,20,pack_ess,0.0,0.0
2026-10-01,천안,20,blackmass,0.0,0.0
2026-10-01,천안,21,pack_ev,0.0,0.0
2026-10-01,천안,21,pack_ess,0.0,0.0
2026-10-01,천안,21,blackmass,0.0,0.0
2026-10-01,천안,22,pack_ev,0.0,0.0
2026-10-01,천안,22,pack_ess,0.0,0.0
2026-10-01,천안,22,blackmass,0.0,0.0
2026-10-01,천안,23,pack_ev,0.0,0.0
2026-10-01,천안,23,pack_ess,0.0,0.0
2026-10-01,천안,23,blackmass,0.0,0.0
2026-10-02,서화성,0,pack_ev,0.0,0.0
2026-10-02,서화성,0,pack_ess,0.0,0.0
2026-10-02,서화성,0,blackmass,0.0,0.0
2026-10-02,서화성,1,pack_ev,0.0,0.0
2026-10-02,서화성,1,pack_ess,0.0,0.0
2026-10-02,서화성,1,blackmass,0.0,0.0
2026-10-02,서화성,2,pack_ev,0.0,0.0
2026-10-02,서화성,2,pack_ess,0.0,0.0
2026-10-02,서화성,2,blackmass,0.0,0.0
2026-10-02,서화성,3,pack_ev,0.0,0.0
2026-10-02,서화성,3,pack_ess,0.0,0.0
2026-10-02,서화성,3,blackmass,0.0,0.0
2026-10-02,서화성,4,pack_ev,0.0,0.0
2026-10-02,서화성,4,pack_ess,0.0,0.0
2026-10-02,서화성,4,blackmass,0.0,0.0
2026-10-02,서화성,5,pack_ev,0.0,0.0
2026-10-02,서화성,5,pack_ess,0.0,0.0
2026-10-02,서화성,5,blackmass,0.0,0.0
2026-10-02,서화성,6,pack_ev,0.0,0.0
2026-10-02,서화성,6,pack_ess,0.0,0.0
2026-10-02,서화성,6,blackmass,0.0,0.0
2026-10-02,서화성,7,pack_ev,0.0,0.0
2026-10-02,서화성,7,pack_ess,0.0,0.0
2026-10-02,서화성,7,blackmass,0.0,0.0
2026-10-02,서화성,8,pack_ev,0.0,0.0
2026-10-02,서화성,8,pack_ess,0.0,0.0
2026-10-02,서화성,8,blackmass,0.0,0.0
2026-10-02,서화성,9,pack_ev,0.0,0.0
2026-10-02,서화성,9,pack_ess,0.0,0.0
2026-10-02,서화성,9,blackmass,0.0,0.0
2026-10-02,서화성,10,pack_ev,0.0,0.0
2026-10-02,서화성,10,pack_ess,0.0,0.0
2026-10-02,서화성,10,blackmass,0.0,0.0
2026-10-02,서화성,11,pack_ev,0.0,0.0
2026-10-02,서화성,11,pack_ess,0.0,0.0
2026-10-02,서화성,11,blackmass,0.0,0.0
2026-10-02,서화성,12,pack_ev,0.0,0.0
2026-10-02,서화성,12,pack_ess,0.0,0.0
2026-10-02,서화성,12,blackmass,0.0,0.0
2026-10-02,서화성,13,pack_ev,0.0,0.0
2026-10-02,서화성,13,pack_ess,0.0,0.0
2026-10-02,서화성,13,blackmass,0.0,0.0
2026-10-02,서화성,14,pack_ev,0.0,0.0
2026-10-02,서화성,14,pack_ess,0.0,0.0
2026-10-02,서화성,14,blackmass,0.0,0.0
2026-10-02,서화성,15,pack_ev,0.0,0.0
2026-10-02,서화성,15,pack_ess,0.0,0.0
2026-10-02,서화성,15,blackmass,0.0,0.0
2026-10-02,서화성,16,pack_ev,0.0,0.0
2026-10-02,서화성,16,pack_ess,0.0,0.0
2026-10-02,서화성,16,blackmass,0.0,0.0
2026-10-02,서화성,17,pack_ev,0.0,0.0
2026-10-02,서화성,17,pack_ess,0.0,0.0
2026-10-02,서화성,17,blackmass,0.0,0.0
2026-10-02,서화성,18,pack_ev,0.0,0.0
2026-10-02,서화성,18,pack_ess,0.0,0.0
2026-10-02,서화성,18,blackmass,0.0,0.0
2026-10-02,서화성,19,pack_ev,0.0,0.0
2026-10-02,서화성,19,pack_ess,0.0,0.0
2026-10-02,서화성,19,blackmass,0.0,0.0
2026-10-02,서화성,20,pack_ev,0.0,0.0
2026-10-02,서화성,20,pack_ess,0.0,0.0
2026-10-02,서화성,20,blackmass,0.0,0.0
2026-10-02,서화성,21,pack_ev,0.0,0.0
2026-10-02,서화성,21,pack_ess,0.0,0.0
2026-10-02,서화성,21,blackmass,0.0,0.0
2026-10-02,서화성,22,pack_ev,0.0,0.0
2026-10-02,서화성,22,pack_ess,0.0,0.0
2026-10-02,서화성,22,blackmass,0.0,0.0
2026-10-02,서화성,23,pack_ev,0.0,0.0
2026-10-02,서화성,23,pack_ess,0.0,0.0
2026-10-02,서화성,23,blackmass,0.0,0.0
2026-10-02,신례원,0,pack_ev,0.0,0.0
2026-10-02,신례원,0,pack_ess,0.0,0.0
2026-10-02,신례원,0,blackmass,0.0,0.0
2026-10-02,신례원,1,pack_ev,0.0,0.0
2026-10-02,신례원,1,pack_ess,0.0,0.0
2026-10-02,신례원,1,blackmass,0.0,0.0
2026-10-02,신례원,2,pack_ev,0.0,0.0
2026-10-02,신례원,2,pack_ess,0.0,0.0
2026-10-02,신례원,2,blackmass,0.0,0.0
2026-10-02,신례원,3,pack_ev,0.0,0.0
2026-10-02,신례원,3,pack_ess,0.0,0.0
2026-10-02,신례원,3,blackmass,0.0,0.0
2026-10-02,신례원,4,pack_ev,0.0,0.0
2026-10-02,신례원,4,pack_ess,0.0,0.0
2026-10-02,신례원,4,blackmass,0.0,0.0
2026-10-02,신례원,5,pack_ev,0.0,0.0
2026-10-02,신례원,5,pack_ess,0.0,0.0
2026-10-02,신례원,5,blackmass,0.0,0.0
2026-10-02,신례원,6,pack_ev,0.0,0.0
2026-10-02,신례원,6,pack_ess,0.0,0.0
2026-10-02,신례원,6,blackmass,0.0,0.0
2026-10-02,신례원,7,pack_ev,0.0,0.0
2026-10-02,신례원,7,pack_ess,0.0,0.0
2026-10-02,신례원,7,blackmass,0.0,0.0
2026-10-02,신례원,8,pack_ev,0.0,0.0
2026-10-02,신례원,8,pack_ess,0.0,0.0
2026-10-02,신례원,8,blackmass,0.0,0.0
2026-10-02,신례원,9,pack_ev,0.0,0.0
2026-10-02,신례원,9,pack_ess,0.0,0.0
2026-10-02,신례원,9,blackmass,0.0,0.0
2026-10-02,신례원,10,pack_ev,0.0,0.0
2026-10-02,신례원,10,pack_ess,0.0,0.0
2026-10-02,신례원,10,blackmass,0.0,0.0
2026-10-02,신례원,11,pack_ev,0.0,0.0
2026-10-02,신례원,11,pack_ess,0.0,0.0
2026-10-02,신례원,11,blackmass,0.0,0.0
2026-10-02,신례원,12,pack_ev,0.0,0.0
2026-10-02,신례원,12,pack_ess,0.0,0.0
2026-10-02,신례원,12,blackmass,0.0,0.0
2026-10-02,신례원,13,pack_ev,0.0,0.0
2026-10-02,신례원,13,pack_ess,0.0,0.0
2026-10-02,신례원,13,blackmass,0.0,0.0
2026-10-02,신례원,14,pack_ev,0.0,0.0
2026-10-02,신례원,14,pack_ess,0.0,0.0
2026-10-02,신례원,14,blackmass,0.0,0.0
2026-10-02,신례원,15,pack_ev,0.0,0.0
2026-10-02,신례원,15,pack_ess,0.0,0.0
2026-10-02,신례원,15,blackmass,0.0,0.0
2026-10-02,신례원,16,pack_ev,0.0,0.0
2026-10-02,신례원,16,pack_ess,0.0,0.0
2026-10-02,신례원,16,blackmass,0.0,0.0
2026-10-02,신례원,17,pack_ev,0.0,0.0
2026-10-02,신례원,17,pack_ess,0.0,0.0
2026-10-02,신례원,17,blackmass,0.0,0.0
2026-10-02,신례원,18,pack_ev,0.0,0.0
2026-10-02,신례원,18,pack_ess,0.0,0.0
2026-10-02,신례원,18,blackmass,0.0,0.0
2026-10-02,신례원,19,pack_ev,0.0,0.0
2026-10-02,신례원,19,pack_ess,0.0,0.0
2026-10-02,신례원,19,blackmass,0.0,0.0
2026-10-02,신례원,20,pack_ev,0.0,0.0
2026-10-02,신례원,20,pack_ess,0.0,0.0
2026-10-02,신례원,20,blackmass,0.0,0.0
2026-10-02,신례원,21,pack_ev,0.0,0.0
2026-10-02,신례원,21,pack_ess,0.0,0.0
2026-10-02,신례원,21,blackmass,0.0,0.0
2026-10-02,신례원,22,pack_ev,0.0,0.0
2026-10-02,신례원,22,pack_ess,0.0,0.0
2026-10-02,신례원,22,blackmass,0.0,0.0
2026-10-02,신례원,23,pack_ev,0.0,0.0
2026-10-02,신례원,23,pack_ess,0.0,0.0
2026-10-02,신례원,23,blackmass,0.0,0.0
2026-10-02,안중,0,pack_ev,0.0,0.0
2026-10-02,안중,0,pack_ess,0.0,0.0
2026-10-02,안중,0,blackmass,0.0,0.0
2026-10-02,안중,1,pack_ev,0.0,0.0
2026-10-02,안중,1,pack_ess,0.0,0.0
2026-10-02,안중,1,blackmass,0.0,0.0
2026-10-02,안중,2,pack_ev,0.0,0.0
2026-10-02,안중,2,pack_ess,0.0,0.0
2026-10-02,안중,2,blackmass,0.0,0.0
2026-10-02,안중,3,pack_ev,0.0,0.0
2026-10-02,안중,3,pack_ess,0.0,0.0
2026-10-02,안중,3,blackmass,0.0,0.0
2026-10-02,안중,4,pack_ev,0.0,0.0
2026-10-02,안중,4,pack_ess,0.0,0.0
2026-10-02,안중,4,blackmass,0.0,0.0
2026-10-02,안중,5,pack_ev,0.0,0.0
2026-10-02,안중,5,pack_ess,0.0,0.0
2026-10-02,안중,5,blackmass,0.0,0.0
2026-10-02,안중,6,pack_ev,0.0,0.0
2026-10-02,안중,6,pack_ess,0.0,0.0
2026-10-02,안중,6,blackmass,0.0,0.0
2026-10-02,안중,7,pack_ev,0.0,0.0
2026-10-02,안중,7,pack_ess,0.0,0.0
2026-10-02,안중,7,blackmass,0.0,0.0
2026-10-02,안중,8,pack_ev,0.0,0.0
2026-10-02,안중,8,pack_ess,0.0,0.0
2026-10-02,안중,8,blackmass,0.0,0.0
2026-10-02,안중,9,pack_ev,0.0,0.0
2026-10-02,안중,9,pack_ess,0.0,0.0
2026-10-02,안중,9,blackmass,0.0,0.0
2026-10-02,안중,10,pack_ev,0.0,0.0
2026-10-02,안중,10,pack_ess,0.0,0.0
2026-10-02,안중,10,blackmass,0.0,0.0
2026-10-02,안중,11,pack_ev,0.0,0.0
2026-10-02,안중,11,pack_ess,0.0,0.0
2026-10-02,안중,11,blackmass,0.0,0.0
2026-10-02,안중,12,pack_ev,0.0,0.0
2026-10-02,안중,12,pack_ess,0.0,0.0
2026-10-02,안중,12,blackmass,0.0,0.0
2026-10-02,안중,13,pack_ev,0.0,0.0
2026-10-02,안중,13,pack_ess,0.0,0.0
2026-10-02,안중,13,blackmass,0.0,0.0
2026-10-02,안중,14,pack_ev,0.0,0.0
2026-10-02,안중,14,pack_ess,0.0,0.0
2026-10-02,안중,14,blackmass,0.0,0.0
2026-10-02,안중,15,pack_ev,0.0,0.0
2026-10-02,안중,15,pack_ess,0.0,0.0
2026-10-02,안중,15,blackmass,0.0,0.0
2026-10-02,안중,16,pack_ev,0.0,0.0
2026-10-02,안중,16,pack_ess,0.0,0.0
2026-10-02,안중,16,blackmass,0.0,0.0
2026-10-02,안중,17,pack_ev,0.0,0.0
2026-10-02,안중,17,pack_ess,0.0,0.0
2026-10-02,안중,17,blackmass,0.0,0.0
2026-10-02,안중,18,pack_ev,0.0,0.0
2026-10-02,안중,18,pack_ess,0.0,0.0
2026-10-02,안중,18,blackmass,0.0,0.0
2026-10-02,안중,19,pack_ev,0.0,0.0
2026-10-02,안중,19,pack_ess,0.0,0.0
2026-10-02,안중,19,blackmass,0.0,0.0
2026-10-02,안중,20,pack_ev,0.0,0.0
2026-10-02,안중,20,pack_ess,0.0,0.0
2026-10-02,안중,20,blackmass,0.0,0.0
2026-10-02,안중,21,pack_ev,0.0,0.0
2026-10-02,안중,21,pack_ess,0.0,0.0
2026-10-02,안중,21,blackmass,0.0,0.0
2026-10-02,안중,22,pack_ev,0.0,0.0
2026-10-02,안중,22,pack_ess,0.0,0.0
2026-10-02,안중,22,blackmass,0.0,0.0
2026-10-02,안중,23,pack_ev,0.0,0.0
2026-10-02,안중,23,pack_ess,0.0,0.0
2026-10-02,안중,23,blackmass,0.0,0.0
2026-10-02,천안,0,pack_ev,0.0,0.0
2026-10-02,천안,0,pack_ess,0.0,0.0
2026-10-02,천안,0,blackmass,0.0,0.0
2026-10-02,천안,1,pack_ev,0.0,0.0
2026-10-02,천안,1,pack_ess,0.0,0.0
2026-10-02,천안,1,blackmass,0.0,0.0
2026-10-02,천안,2,pack_ev,0.0,0.0
2026-10-02,천안,2,pack_ess,0.0,0.0
2026-10-02,천안,2,blackmass,0.0,0.0
2026-10-02,천안,3,pack_ev,0.0,0.0
2026-10-02,천안,3,pack_ess,0.0,0.0
2026-10-02,천안,3,blackmass,0.0,0.0
2026-10-02,천안,4,pack_ev,0.0,0.0
2026-10-02,천안,4,pack_ess,0.0,0.0
2026-10-02,천안,4,blackmass,0.0,0.0
2026-10-02,천안,5,pack_ev,0.0,0.0
2026-10-02,천안,5,pack_ess,0.0,0.0
2026-10-02,천안,5,blackmass,0.0,0.0
2026-10-02,천안,6,pack_ev,0.0,0.0
2026-10-02,천안,6,pack_ess,0.0,0.0
2026-10-02,천안,6,blackmass,0.0,0.0
2026-10-02,천안,7,pack_ev,0.0,0.0
2026-10-02,천안,7,pack_ess,0.0,0.0
2026-10-02,천안,7,blackmass,0.0,0.0
2026-10-02,천안,8,pack_ev,0.0,0.0
2026-10-02,천안,8,pack_ess,0.0,0.0
2026-10-02,천안,8,blackmass,0.0,0.0
2026-10-02,천안,9,pack_ev,0.0,0.0
2026-10-02,천안,9,pack_ess,0.0,0.0
2026-10-02,천안,9,blackmass,0.0,0.0
2026-10-02,천안,10,pack_ev,0.0,0.0
2026-10-02,천안,10,pack_ess,0.0,0.0
2026-10-02,천안,10,blackmass,0.0,0.0
2026-10-02,천안,11,pack_ev,0.0,0.0
2026-10-02,천안,11,pack_ess,0.0,0.0
2026-10-02,천안,11,blackmass,0.0,0.0
2026-10-02,천안,12,pack_ev,0.0,0.0
2026-10-02,천안,12,pack_ess,0.0,0.0
2026-10-02,천안,12,blackmass,0.0,0.0
2026-10-02,천안,13,pack_ev,0.0,0.0
2026-10-02,천안,13,pack_ess,0.0,0.0
2026-10-02,천안,13,blackmass,0.0,0.0
2026-10-02,천안,14,pack_ev,0.0,0.0
2026-10-02,천안,14,pack_ess,0.0,0.0
2026-10-02,천안,14,blackmass,0.0,0.0
2026-10-02,천안,15,pack_ev,0.0,0.0
2026-10-02,천안,15,pack_ess,0.0,0.0
2026-10-02,천안,15,blackmass,0.0,0.0
2026-10-02,천안,16,pack_ev,0.0,0.0
2026-10-02,천안,16,pack_ess,0.0,0.0
2026-10-02,천안,16,blackmass,0.0,0.0
2026-10-02,천안,17,pack_ev,0.0,0.0
2026-10-02,천안,17,pack_ess,0.0,0.0
2026-10-02,천안,17,blackmass,0.0,0.0
2026-10-02,천안,18,pack_ev,0.0,0.0
2026-10-02,천안,18,pack_ess,0.0,0.0
2026-10-02,천안,18,blackmass,0.0,0.0
2026-10-02,천안,19,pack_ev,0.0,0.0
2026-10-02,천안,19,pack_ess,0.0,0.0
2026-10-02,천안,19,blackmass,0.0,0.0
2026-10-02,천안,20,pack_ev,0.0,0.0
2026-10-02,천안,20,pack_ess,0.0,0.0
2026-10-02,천안,20,blackmass,0.0,0.0
2026-10-02,천안,21,pack_ev,0.0,0.0
2026-10-02,천안,21,pack_ess,0.0,0.0
2026-10-02,천안,21,blackmass,0.0,0.0
2026-10-02,천안,22,pack_ev,0.0,0.0
2026-10-02,천안,22,pack_ess,0.0,0.0
2026-10-02,천안,22,blackmass,0.0,0.0
2026-10-02,천안,23,pack_ev,0.0,0.0
2026-10-02,천안,23,pack_ess,0.0,0.0
2026-10-02,천안,23,blackmass,0.0,0.0
2026-10-03,서화성,0,pack_ev,0.0,0.0
2026-10-03,서화성,0,pack_ess,0.0,0.0
2026-10-03,서화성,0,blackmass,0.0,0.0
2026-10-03,서화성,1,pack_ev,0.0,0.0
2026-10-03,서화성,1,pack_ess,0.0,0.0
2026-10-03,서화성,1,blackmass,0.0,0.0
2026-10-03,서화성,2,pack_ev,0.0,0.0
2026-10-03,서화성,2,pack_ess,0.0,0.0
2026-10-03,서화성,2,blackmass,0.0,0.0
2026-10-03,서화성,3,pack_ev,0.0,0.0
2026-10-03,서화성,3,pack_ess,0.0,0.0
2026-10-03,서화성,3,blackmass,0.0,0.0
2026-10-03,서화성,4,pack_ev,0.0,0.0
2026-10-03,서화성,4,pack_ess,0.0,0.0
2026-10-03,서화성,4,blackmass,0.0,0.0
2026-10-03,서화성,5,pack_ev,0.0,0.0
2026-10-03,서화성,5,pack_ess,0.0,0.0
2026-10-03,서화성,5,blackmass,0.0,0.0
2026-10-03,서화성,6,pack_ev,0.0,0.0
2026-10-03,서화성,6,pack_ess,0.0,0.0
2026-10-03,서화성,6,blackmass,0.0,0.0
2026-10-03,서화성,7,pack_ev,0.0,0.0
2026-10-03,서화성,7,pack_ess,0.0,0.0
2026-10-03,서화성,7,blackmass,0.0,0.0
2026-10-03,서화성,8,pack_ev,0.0,0.0
2026-10-03,서화성,8,pack_ess,0.0,0.0
2026-10-03,서화성,8,blackmass,0.0,0.0
2026-10-03,서화성,9,pack_ev,0.0,0.0
2026-10-03,서화성,9,pack_ess,0.0,0.0
2026-10-03,서화성,9,blackmass,0.0,0.0
2026-10-03,서화성,10,pack_ev,0.0,0.0
2026-10-03,서화성,10,pack_ess,0.0,0.0
2026-10-03,서화성,10,blackmass,0.0,0.0
2026-10-03,서화성,11,pack_ev,0.0,0.0
2026-10-03,서화성,11,pack_ess,0.0,0.0
2026-10-03,서화성,11,blackmass,0.0,0.0
2026-10-03,서화성,12,pack_ev,0.0,0.0
2026-10-03,서화성,12,pack_ess,0.0,0.0
2026-10-03,서화성,12,blackmass,0.0,0.0
2026-10-03,서화성,13,pack_ev,0.0,0.0
2026-10-03,서화성,13,pack_ess,0.0,0.0
2026-10-03,서화성,13,blackmass,0.0,0.0
2026-10-03,서화성,14,pack_ev,0.0,0.0
2026-10-03,서화성,14,pack_ess,0.0,0.0
2026-10-03,서화성,14,blackmass,0.0,0.0
2026-10-03,서화성,15,pack_ev,0.0,0.0
2026-10-03,서화성,15,pack_ess,0.0,0.0
2026-10-03,서화성,15,blackmass,0.0,0.0
2026-10-03,서화성,16,pack_ev,0.0,0.0
2026-10-03,서화성,16,pack_ess,0.0,0.0
2026-10-03,서화성,16,blackmass,0.0,0.0
2026-10-03,서화성,17,pack_ev,0.0,0.0
2026-10-03,서화성,17,pack_ess,0.0,0.0
2026-10-03,서화성,17,blackmass,0.0,0.0
2026-10-03,서화성,18,pack_ev,0.0,0.0
2026-10-03,서화성,18,pack_ess,0.0,0.0
2026-10-03,서화성,18,blackmass,0.0,0.0
2026-10-03,서화성,19,pack_ev,0.0,0.0
2026-10-03,서화성,19,pack_ess,0.0,0.0
2026-10-03,서화성,19,blackmass,0.0,0.0
2026-10-03,서화성,20,pack_ev,0.0,0.0
2026-10-03,서화성,20,pack_ess,0.0,0.0
2026-10-03,서화성,20,blackmass,0.0,0.0
2026-10-03,서화성,21,pack_ev,0.0,0.0
2026-10-03,서화성,21,pack_ess,0.0,0.0
2026-10-03,서화성,21,blackmass,0.0,0.0
2026-10-03,서화성,22,pack_ev,0.0,0.0
2026-10-03,서화성,22,pack_ess,0.0,0.0
2026-10-03,서화성,22,blackmass,0.0,0.0
2026-10-03,서화성,23,pack_ev,0.0,0.0
2026-10-03,서화성,23,pack_ess,0.0,0.0
2026-10-03,서화성,23,blackmass,0.0,0.0
2026-10-03,신례원,0,pack_ev,0.0,0.0
2026-10-03,신례원,0,pack_ess,0.0,0.0
2026-10-03,신례원,0,blackmass,0.0,0.0
2026-10-03,신례원,1,pack_ev,0.0,0.0
2026-10-03,신례원,1,pack_ess,0.0,0.0
2026-10-03,신례원,1,blackmass,0.0,0.0
2026-10-03,신례원,2,pack_ev,0.0,0.0
2026-10-03,신례원,2,pack_ess,0.0,0.0
2026-10-03,신례원,2,blackmass,0.0,0.0
2026-10-03,신례원,3,pack_ev,0.0,0.0
2026-10-03,신례원,3,pack_ess,0.0,0.0
2026-10-03,신례원,3,blackmass,0.0,0.0
2026-10-03,신례원,4,pack_ev,0.0,0.0
2026-10-03,신례원,4,pack_ess,0.0,0.0
2026-10-03,신례원,4,blackmass,0.0,0.0
2026-10-03,신례원,5,pack_ev,0.0,0.0
2026-10-03,신례원,5,pack_ess,0.0,0.0
2026-10-03,신례원,5,blackmass,0.0,0.0
2026-10-03,신례원,6,pack_ev,0.0,0.0
2026-10-03,신례원,6,pack_ess,0.0,0.0
2026-10-03,신례원,6,blackmass,0.0,0.0
2026-10-03,신례원,7,pack_ev,0.0,0.0
2026-10-03,신례원,7,pack_ess,0.0,0.0
2026-10-03,신례원,7,blackmass,0.0,0.0
2026-10-03,신례원,8,pack_ev,0.0,0.0
2026-10-03,신례원,8,pack_ess,0.0,0.0
2026-10-03,신례원,8,blackmass,0.0,0.0
2026-10-03,신례원,9,pack_ev,0.0,0.0
2026-10-03,신례원,9,pack_ess,0.0,0.0
2026-10-03,신례원,9,blackmass,0.0,0.0
2026-10-03,신례원,10,pack_ev,0.0,0.0
2026-10-03,신례원,10,pack_ess,0.0,0.0
2026-10-03,신례원,10,blackmass,0.0,0.0
2026-10-03,신례원,11,pack_ev,0.0,0.0
2026-10-03,신례원,11,pack_ess,0.0,0.0
2026-10-03,신례원,11,blackmass,0.0,0.0
2026-10-03,신례원,12,pack_ev,0.0,0.0
2026-10-03,신례원,12,pack_ess,0.0,0.0
2026-10-03,신례원,12,blackmass,0.0,0.0
2026-10-03,신례원,13,pack_ev,0.0,0.0
2026-10-03,신례원,13,pack_ess,0.0,0.0
2026-10-03,신례원,13,blackmass,0.0,0.0
2026-10-03,신례원,14,pack_ev,0.0,0.0
2026-10-03,신례원,14,pack_ess,0.0,0.0
2026-10-03,신례원,14,blackmass,0.0,0.0
2026-10-03,신례원,15,pack_ev,0.0,0.0
2026-10-03,신례원,15,pack_ess,0.0,0.0
2026-10-03,신례원,15,blackmass,0.0,0.0
2026-10-03,신례원,16,pack_ev,0.0,0.0
2026-10-03,신례원,16,pack_ess,0.0,0.0
2026-10-03,신례원,16,blackmass,0.0,0.0
2026-10-03,신례원,17,pack_ev,0.0,0.0
2026-10-03,신례원,17,pack_ess,0.0,0.0
2026-10-03,신례원,17,blackmass,0.0,0.0
2026-10-03,신례원,18,pack_ev,0.0,0.0
2026-10-03,신례원,18,pack_ess,0.0,0.0
2026-10-03,신례원,18,blackmass,0.0,0.0
2026-10-03,신례원,19,pack_ev,0.0,0.0
2026-10-03,신례원,19,pack_ess,0.0,0.0
2026-10-03,신례원,19,blackmass,0.0,0.0
2026-10-03,신례원,20,pack_ev,0.0,0.0
2026-10-03,신례원,20,pack_ess,0.0,0.0
2026-10-03,신례원,20,blackmass,0.0,0.0
2026-10-03,신례원,21,pack_ev,0.0,0.0
2026-10-03,신례원,21,pack_ess,0.0,0.0
2026-10-03,신례원,21,blackmass,0.0,0.0
2026-10-03,신례원,22,pack_ev,0.0,0.0
2026-10-03,신례원,22,pack_ess,0.0,0.0
2026-10-03,신례원,22,blackmass,0.0,0.0
2026-10-03,신례원,23,pack_ev,0.0,0.0
2026-10-03,신례원,23,pack_ess,0.0,0.0
2026-10-03,신례원,23,blackmass,0.0,0.0
2026-10-03,안중,0,pack_ev,0.0,0.0
2026-10-03,안중,0,pack_ess,0.0,0.0
2026-10-03,안중,0,blackmass,0.0,0.0
2026-10-03,안중,1,pack_ev,0.0,0.0
2026-10-03,안중,1,pack_ess,0.0,0.0
2026-10-03,안중,1,blackmass,0.0,0.0
2026-10-03,안중,2,pack_ev,0.0,0.0
2026-10-03,안중,2,pack_ess,0.0,0.0
2026-10-03,안중,2,blackmass,0.0,0.0
2026-10-03,안중,3,pack_ev,0.0,0.0
2026-10-03,안중,3,pack_ess,0.0,0.0
2026-10-03,안중,3,blackmass,0.0,0.0
2026-10-03,안중,4,pack_ev,0.0,0.0
2026-10-03,안중,4,pack_ess,0.0,0.0
2026-10-03,안중,4,blackmass,0.0,0.0
2026-10-03,안중,5,pack_ev,0.0,0.0
2026-10-03,안중,5,pack_ess,0.0,0.0
2026-10-03,안중,5,blackmass,0.0,0.0
2026-10-03,안중,6,pack_ev,0.0,0.0
2026-10-03,안중,6,pack_ess,0.0,0.0
2026-10-03,안중,6,blackmass,0.0,0.0
2026-10-03,안중,7,pack_ev,0.0,0.0
2026-10-03,안중,7,pack_ess,0.0,0.0
2026-10-03,안중,7,blackmass,0.0,0.0
2026-10-03,안중,8,pack_ev,0.0,0.0
2026-10-03,안중,8,pack_ess,0.0,0.0
2026-10-03,안중,8,blackmass,0.0,0.0
2026-10-03,안중,9,pack_ev,0.0,0.0
2026-10-03,안중,9,pack_ess,0.0,0.0
2026-10-03,안중,9,blackmass,0.0,0.0
2026-10-03,안중,10,pack_ev,0.0,0.0
2026-10-03,안중,10,pack_ess,0.0,0.0
2026-10-03,안중,10,blackmass,0.0,0.0
2026-10-03,안중,11,pack_ev,0.0,0.0
2026-10-03,안중,11,pack_ess,0.0,0.0
2026-10-03,안중,11,blackmass,0.0,0.0
2026-10-03,안중,12,pack_ev,0.0,0.0
2026-10-03,안중,12,pack_ess,0.0,0.0
2026-10-03,안중,12,blackmass,0.0,0.0
2026-10-03,안중,13,pack_ev,0.0,0.0
2026-10-03,안중,13,pack_ess,0.0,0.0
2026-10-03,안중,13,blackmass,0.0,0.0
2026-10-03,안중,14,pack_ev,0.0,0.0
2026-10-03,안중,14,pack_ess,0.0,0.0
2026-10-03,안중,14,blackmass,0.0,0.0
2026-10-03,안중,15,pack_ev,0.0,0.0
2026-10-03,안중,15,pack_ess,0.0,0.0
2026-10-03,안중,15,blackmass,0.0,0.0
2026-10-03,안중,16,pack_ev,0.0,0.0
2026-10-03,안중,16,pack_ess,0.0,0.0
2026-10-03,안중,16,blackmass,0.0,0.0
2026-10-03,안중,17,pack_ev,0.0,0.0
2026-10-03,안중,17,pack_ess,0.0,0.0
2026-10-03,안중,17,blackmass,0.0,0.0
2026-10-03,안중,18,pack_ev,0.0,0.0
2026-10-03,안중,18,pack_ess,0.0,0.0
2026-10-03,안중,18,blackmass,0.0,0.0
2026-10-03,안중,19,pack_ev,0.0,0.0
2026-10-03,안중,19,pack_ess,0.0,0.0
2026-10-03,안중,19,blackmass,0.0,0.0
2026-10-03,안중,20,pack_ev,0.0,0.0
2026-10-03,안중,20,pack_ess,0.0,0.0
2026-10-03,안중,20,blackmass,0.0,0.0
2026-10-03,안중,21,pack_ev,0.0,0.0
2026-10-03,안중,21,pack_ess,0.0,0.0
2026-10-03,안중,21,blackmass,0.0,0.0
2026-10-03,안중,22,pack_ev,0.0,0.0
2026-10-03,안중,22,pack_ess,0.0,0.0
2026-10-03,안중,22,blackmass,0.0,0.0
2026-10-03,안중,23,pack_ev,0.0,0.0
2026-10-03,안중,23,pack_ess,0.0,0.0
2026-10-03,안중,23,blackmass,0.0,0.0
2026-10-03,천안,0,pack_ev,0.0,0.0
2026-10-03,천안,0,pack_ess,0.0,0.0
2026-10-03,천안,0,blackmass,0.0,0.0
2026-10-03,천안,1,pack_ev,0.0,0.0
2026-10-03,천안,1,pack_ess,0.0,0.0
2026-10-03,천안,1,blackmass,0.0,0.0
2026-10-03,천안,2,pack_ev,0.0,0.0
2026-10-03,천안,2,pack_ess,0.0,0.0
2026-10-03,천안,2,blackmass,0.0,0.0
2026-10-03,천안,3,pack_ev,0.0,0.0
2026-10-03,천안,3,pack_ess,0.0,0.0
2026-10-03,천안,3,blackmass,0.0,0.0
2026-10-03,천안,4,pack_ev,0.0,0.0
2026-10-03,천안,4,pack_ess,0.0,0.0
2026-10-03,천안,4,blackmass,0.0,0.0
2026-10-03,천안,5,pack_ev,0.0,0.0
2026-10-03,천안,5,pack_ess,0.0,0.0
2026-10-03,천안,5,blackmass,0.0,0.0
2026-10-03,천안,6,pack_ev,0.0,0.0
2026-10-03,천안,6,pack_ess,0.0,0.0
2026-10-03,천안,6,blackmass,0.0,0.0
2026-10-03,천안,7,pack_ev,0.0,0.0
2026-10-03,천안,7,pack_ess,0.0,0.0
2026-10-03,천안,7,blackmass,0.0,0.0
2026-10-03,천안,8,pack_ev,0.0,0.0
2026-10-03,천안,8,pack_ess,0.0,0.0
2026-10-03,천안,8,blackmass,0.0,0.0
2026-10-03,천안,9,pack_ev,0.0,0.0
2026-10-03,천안,9,pack_ess,0.0,0.0
2026-10-03,천안,9,blackmass,0.0,0.0
2026-10-03,천안,10,pack_ev,0.0,0.0
2026-10-03,천안,10,pack_ess,0.0,0.0
2026-10-03,천안,10,blackmass,0.0,0.0
2026-10-03,천안,11,pack_ev,0.0,0.0
2026-10-03,천안,11,pack_ess,0.0,0.0
2026-10-03,천안,11,blackmass,0.0,0.0
2026-10-03,천안,12,pack_ev,0.0,0.0
2026-10-03,천안,12,pack_ess,0.0,0.0
2026-10-03,천안,12,blackmass,0.0,0.0
2026-10-03,천안,13,pack_ev,0.0,0.0
2026-10-03,천안,13,pack_ess,0.0,0.0
2026-10-03,천안,13,blackmass,0.0,0.0
2026-10-03,천안,14,pack_ev,0.0,0.0
2026-10-03,천안,14,pack_ess,0.0,0.0
2026-10-03,천안,14,blackmass,0.0,0.0
2026-10-03,천안,15,pack_ev,0.0,0.0
2026-10-03,천안,15,pack_ess,0.0,0.0
2026-10-03,천안,15,blackmass,0.0,0.0
2026-10-03,천안,16,pack_ev,0.0,0.0
2026-10-03,천안,16,pack_ess,0.0,0.0
2026-10-03,천안,16,blackmass,0.0,0.0
2026-10-03,천안,17,pack_ev,0.0,0.0
2026-10-03,천안,17,pack_ess,0.0,0.0
2026-10-03,천안,17,blackmass,0.0,0.0
2026-10-03,천안,18,pack_ev,0.0,0.0
2026-10-03,천안,18,pack_ess,0.0,0.0
2026-10-03,천안,18,blackmass,0.0,0.0
2026-10-03,천안,19,pack_ev,0.0,0.0
2026-10-03,천안,19,pack_ess,0.0,0.0
2026-10-03,천안,19,blackmass,0.0,0.0
2026-10-03,천안,20,pack_ev,0.0,0.0
2026-10-03,천안,20,pack_ess,0.0,0.0
2026-10-03,천안,20,blackmass,0.0,0.0
2026-10-03,천안,21,pack_ev,0.0,0.0
2026-10-03,천안,21,pack_ess,0.0,0.0
2026-10-03,천안,21,blackmass,0.0,0.0
2026-10-03,천안,22,pack_ev,0.0,0.0
2026-10-03,천안,22,pack_ess,0.0,0.0
2026-10-03,천안,22,blackmass,0.0,0.0
2026-10-03,천안,23,pack_ev,0.0,0.0
2026-10-03,천안,23,pack_ess,0.0,0.0
2026-10-03,천안,23,blackmass,0.0,0.0
2026-10-04,서화성,0,pack_ev,0.0,0.0
2026-10-04,서화성,0,pack_ess,0.0,0.0
2026-10-04,서화성,0,blackmass,0.0,0.0
2026-10-04,서화성,1,pack_ev,0.0,0.0
2026-10-04,서화성,1,pack_ess,0.0,0.0
2026-10-04,서화성,1,blackmass,0.0,0.0
2026-10-04,서화성,2,pack_ev,0.0,0.0
2026-10-04,서화성,2,pack_ess,0.0,0.0
2026-10-04,서화성,2,blackmass,0.0,0.0
2026-10-04,서화성,3,pack_ev,0.0,0.0
2026-10-04,서화성,3,pack_ess,0.0,0.0
2026-10-04,서화성,3,blackmass,0.0,0.0
2026-10-04,서화성,4,pack_ev,0.0,0.0
2026-10-04,서화성,4,pack_ess,0.0,0.0
2026-10-04,서화성,4,blackmass,0.0,0.0
2026-10-04,서화성,5,pack_ev,0.0,0.0
2026-10-04,서화성,5,pack_ess,0.0,0.0
2026-10-04,서화성,5,blackmass,0.0,0.0
2026-10-04,서화성,6,pack_ev,0.0,0.0
2026-10-04,서화성,6,pack_ess,0.0,0.0
2026-10-04,서화성,6,blackmass,0.0,0.0
2026-10-04,서화성,7,pack_ev,0.0,0.0
2026-10-04,서화성,7,pack_ess,0.0,0.0
2026-10-04,서화성,7,blackmass,0.0,0.0
2026-10-04,서화성,8,pack_ev,0.0,0.0
2026-10-04,서화성,8,pack_ess,0.0,0.0
2026-10-04,서화성,8,blackmass,0.0,0.0
2026-10-04,서화성,9,pack_ev,0.0,0.0
2026-10-04,서화성,9,pack_ess,0.0,0.0
2026-10-04,서화성,9,blackmass,0.0,0.0
2026-10-04,서화성,10,pack_ev,0.0,0.0
2026-10-04,서화성,10,pack_ess,0.0,0.0
2026-10-04,서화성,10,blackmass,0.0,0.0
2026-10-04,서화성,11,pack_ev,0.0,0.0
2026-10-04,서화성,11,pack_ess,0.0,0.0
2026-10-04,서화성,11,blackmass,0.0,0.0
2026-10-04,서화성,12,pack_ev,0.0,0.0
2026-10-04,서화성,12,pack_ess,0.0,0.0
2026-10-04,서화성,12,blackmass,0.0,0.0
2026-10-04,서화성,13,pack_ev,0.0,0.0
2026-10-04,서화성,13,pack_ess,0.0,0.0
2026-10-04,서화성,13,blackmass,0.0,0.0
2026-10-04,서화성,14,pack_ev,0.0,0.0
2026-10-04,서화성,14,pack_ess,0.0,0.0
2026-10-04,서화성,14,blackmass,0.0,0.0
2026-10-04,서화성,15,pack_ev,0.0,0.0
2026-10-04,서화성,15,pack_ess,0.0,0.0
2026-10-04,서화성,15,blackmass,0.0,0.0
2026-10-04,서화성,16,pack_ev,0.0,0.0
2026-10-04,서화성,16,pack_ess,0.0,0.0
2026-10-04,서화성,16,blackmass,0.0,0.0
2026-10-04,서화성,17,pack_ev,0.0,0.0
2026-10-04,서화성,17,pack_ess,0.0,0.0
2026-10-04,서화성,17,blackmass,0.0,0.0
2026-10-04,서화성,18,pack_ev,0.0,0.0
2026-10-04,서화성,18,pack_ess,0.0,0.0
2026-10-04,서화성,18,blackmass,0.0,0.0
2026-10-04,서화성,19,pack_ev,0.0,0.0
2026-10-04,서화성,19,pack_ess,0.0,0.0
2026-10-04,서화성,19,blackmass,0.0,0.0
2026-10-04,서화성,20,pack_ev,0.0,0.0
2026-10-04,서화성,20,pack_ess,0.0,0.0
2026-10-04,서화성,20,blackmass,0.0,0.0
2026-10-04,서화성,21,pack_ev,0.0,0.0
2026-10-04,서화성,21,pack_ess,0.0,0.0
2026-10-04,서화성,21,blackmass,0.0,0.0
2026-10-04,서화성,22,pack_ev,0.0,0.0
2026-10-04,서화성,22,pack_ess,0.0,0.0
2026-10-04,서화성,22,blackmass,0.0,0.0
2026-10-04,서화성,23,pack_ev,0.0,0.0
2026-10-04,서화성,23,pack_ess,0.0,0.0
2026-10-04,서화성,23,blackmass,0.0,0.0
2026-10-04,신례원,0,pack_ev,0.0,0.0
2026-10-04,신례원,0,pack_ess,0.0,0.0
2026-10-04,신례원,0,blackmass,0.0,0.0
2026-10-04,신례원,1,pack_ev,0.0,0.0
2026-10-04,신례원,1,pack_ess,0.0,0.0
2026-10-04,신례원,1,blackmass,0.0,0.0
2026-10-04,신례원,2,pack_ev,0.0,0.0
2026-10-04,신례원,2,pack_ess,0.0,0.0
2026-10-04,신례원,2,blackmass,0.0,0.0
2026-10-04,신례원,3,pack_ev,0.0,0.0
2026-10-04,신례원,3,pack_ess,0.0,0.0
2026-10-04,신례원,3,blackmass,0.0,0.0
2026-10-04,신례원,4,pack_ev,0.0,0.0
2026-10-04,신례원,4,pack_ess,0.0,0.0
2026-10-04,신례원,4,blackmass,0.0,0.0
2026-10-04,신례원,5,pack_ev,0.0,0.0
2026-10-04,신례원,5,pack_ess,0.0,0.0
2026-10-04,신례원,5,blackmass,0.0,0.0
2026-10-04,신례원,6,pack_ev,0.0,0.0
2026-10-04,신례원,6,pack_ess,0.0,0.0
2026-10-04,신례원,6,blackmass,0.0,0.0
2026-10-04,신례원,7,pack_ev,0.0,0.0
2026-10-04,신례원,7,pack_ess,0.0,0.0
2026-10-04,신례원,7,blackmass,0.0,0.0
2026-10-04,신례원,8,pack_ev,0.0,0.0
2026-10-04,신례원,8,pack_ess,0.0,0.0
2026-10-04,신례원,8,blackmass,0.0,0.0
2026-10-04,신례원,9,pack_ev,0.0,0.0
2026-10-04,신례원,9,pack_ess,0.0,0.0
2026-10-04,신례원,9,blackmass,0.0,0.0
2026-10-04,신례원,10,pack_ev,0.0,0.0
2026-10-04,신례원,10,pack_ess,0.0,0.0
2026-10-04,신례원,10,blackmass,0.0,0.0
2026-10-04,신례원,11,pack_ev,0.0,0.0
2026-10-04,신례원,11,pack_ess,0.0,0.0
2026-10-04,신례원,11,blackmass,0.0,0.0
2026-10-04,신례원,12,pack_ev,0.0,0.0
2026-10-04,신례원,12,pack_ess,0.0,0.0
2026-10-04,신례원,12,blackmass,0.0,0.0
2026-10-04,신례원,13,pack_ev,0.0,0.0
2026-10-04,신례원,13,pack_ess,0.0,0.0
2026-10-04,신례원,13,blackmass,0.0,0.0
2026-10-04,신례원,14,pack_ev,0.0,0.0
2026-10-04,신례원,14,pack_ess,0.0,0.0
2026-10-04,신례원,14,blackmass,0.0,0.0
2026-10-04,신례원,15,pack_ev,0.0,0.0
2026-10-04,신례원,15,pack_ess,0.0,0.0
2026-10-04,신례원,15,blackmass,0.0,0.0
2026-10-04,신례원,16,pack_ev,0.0,0.0
2026-10-04,신례원,16,pack_ess,0.0,0.0
2026-10-04,신례원,16,blackmass,0.0,0.0
2026-10-04,신례원,17,pack_ev,0.0,0.0
2026-10-04,신례원,17,pack_ess,0.0,0.0
2026-10-04,신례원,17,blackmass,0.0,0.0
2026-10-04,신례원,18,pack_ev,0.0,0.0
2026-10-04,신례원,18,pack_ess,0.0,0.0
2026-10-04,신례원,18,blackmass,0.0,0.0
2026-10-04,신례원,19,pack_ev,0.0,0.0
2026-10-04,신례원,19,pack_ess,0.0,0.0
2026-10-04,신례원,19,blackmass,0.0,0.0
2026-10-04,신례원,20,pack_ev,0.0,0.0
2026-10-04,신례원,20,pack_ess,0.0,0.0
2026-10-04,신례원,20,blackmass,0.0,0.0
2026-10-04,신례원,21,pack_ev,0.0,0.0
2026-10-04,신례원,21,pack_ess,0.0,0.0
2026-10-04,신례원,21,blackmass,0.0,0.0
2026-10-04,신례원,22,pack_ev,0.0,0.0
2026-10-04,신례원,22,pack_ess,0.0,0.0
2026-10-04,신례원,22,blackmass,0.0,0.0
2026-10-04,신례원,23,pack_ev,0.0,0.0
2026-10-04,신례원,23,pack_ess,0.0,0.0
2026-10-04,신례원,23,blackmass,0.0,0.0
2026-10-04,안중,0,pack_ev,0.0,0.0
2026-10-04,안중,0,pack_ess,0.0,0.0
2026-10-04,안중,0,blackmass,0.0,0.0
2026-10-04,안중,1,pack_ev,0.0,0.0
2026-10-04,안중,1,pack_ess,0.0,0.0
2026-10-04,안중,1,blackmass,0.0,0.0
2026-10-04,안중,2,pack_ev,0.0,0.0
2026-10-04,안중,2,pack_ess,0.0,0.0
2026-10-04,안중,2,blackmass,0.0,0.0
2026-10-04,안중,3,pack_ev,0.0,0.0
2026-10-04,안중,3,pack_ess,0.0,0.0
2026-10-04,안중,3,blackmass,0.0,0.0
2026-10-04,안중,4,pack_ev,0.0,0.0
2026-10-04,안중,4,pack_ess,0.0,0.0
2026-10-04,안중,4,blackmass,0.0,0.0
2026-10-04,안중,5,pack_ev,0.0,0.0
2026-10-04,안중,5,pack_ess,0.0,0.0
2026-10-04,안중,5,blackmass,0.0,0.0
2026-10-04,안중,6,pack_ev,0.0,0.0
2026-10-04,안중,6,pack_ess,0.0,0.0
2026-10-04,안중,6,blackmass,0.0,0.0
2026-10-04,안중,7,pack_ev,0.0,0.0
2026-10-04,안중,7,pack_ess,0.0,0.0
2026-10-04,안중,7,blackmass,0.0,0.0
2026-10-04,안중,8,pack_ev,0.0,0.0
2026-10-04,안중,8,pack_ess,0.0,0.0
2026-10-04,안중,8,blackmass,0.0,0.0
2026-10-04,안중,9,pack_ev,0.0,0.0
2026-10-04,안중,9,pack_ess,0.0,0.0
2026-10-04,안중,9,blackmass,0.0,0.0
2026-10-04,안중,10,pack_ev,0.0,0.0
2026-10-04,안중,10,pack_ess,0.0,0.0
2026-10-04,안중,10,blackmass,0.0,0.0
2026-10-04,안중,11,pack_ev,0.0,0.0
2026-10-04,안중,11,pack_ess,0.0,0.0
2026-10-04,안중,11,blackmass,0.0,0.0
2026-10-04,안중,12,pack_ev,0.0,0.0
2026-10-04,안중,12,pack_ess,0.0,0.0
2026-10-04,안중,12,blackmass,0.0,0.0
2026-10-04,안중,13,pack_ev,0.0,0.0
2026-10-04,안중,13,pack_ess,0.0,0.0
2026-10-04,안중,13,blackmass,0.0,0.0
2026-10-04,안중,14,pack_ev,0.0,0.0
2026-10-04,안중,14,pack_ess,0.0,0.0
2026-10-04,안중,14,blackmass,0.0,0.0
2026-10-04,안중,15,pack_ev,0.0,0.0
2026-10-04,안중,15,pack_ess,0.0,0.0
2026-10-04,안중,15,blackmass,0.0,0.0
2026-10-04,안중,16,pack_ev,0.0,0.0
2026-10-04,안중,16,pack_ess,0.0,0.0
2026-10-04,안중,16,blackmass,0.0,0.0
2026-10-04,안중,17,pack_ev,0.0,0.0
2026-10-04,안중,17,pack_ess,0.0,0.0
2026-10-04,안중,17,blackmass,0.0,0.0
2026-10-04,안중,18,pack_ev,0.0,0.0
2026-10-04,안중,18,pack_ess,0.0,0.0
2026-10-04,안중,18,blackmass,0.0,0.0
2026-10-04,안중,19,pack_ev,0.0,0.0
2026-10-04,안중,19,pack_ess,0.0,0.0
2026-10-04,안중,19,blackmass,0.0,0.0
2026-10-04,안중,20,pack_ev,0.0,0.0
2026-10-04,안중,20,pack_ess,0.0,0.0
2026-10-04,안중,20,blackmass,0.0,0.0
2026-10-04,안중,21,pack_ev,0.0,0.0
2026-10-04,안중,21,pack_ess,0.0,0.0
2026-10-04,안중,21,blackmass,0.0,0.0
2026-10-04,안중,22,pack_ev,0.0,0.0
2026-10-04,안중,22,pack_ess,0.0,0.0
2026-10-04,안중,22,blackmass,0.0,0.0
2026-10-04,안중,23,pack_ev,0.0,0.0
2026-10-04,안중,23,pack_ess,0.0,0.0
2026-10-04,안중,23,blackmass,0.0,0.0
2026-10-04,천안,0,pack_ev,0.0,0.0
2026-10-04,천안,0,pack_ess,0.0,0.0
2026-10-04,천안,0,blackmass,0.0,0.0
2026-10-04,천안,1,pack_ev,0.0,0.0
2026-10-04,천안,1,pack_ess,0.0,0.0
2026-10-04,천안,1,blackmass,0.0,0.0
2026-10-04,천안,2,pack_ev,0.0,0.0
2026-10-04,천안,2,pack_ess,0.0,0.0
2026-10-04,천안,2,blackmass,0.0,0.0
2026-10-04,천안,3,pack_ev,0.0,0.0
2026-10-04,천안,3,pack_ess,0.0,0.0
2026-10-04,천안,3,blackmass,0.0,0.0
2026-10-04,천안,4,pack_ev,0.0,0.0
2026-10-04,천안,4,pack_ess,0.0,0.0
2026-10-04,천안,4,blackmass,0.0,0.0
2026-10-04,천안,5,pack_ev,0.0,0.0
2026-10-04,천안,5,pack_ess,0.0,0.0
2026-10-04,천안,5,blackmass,0.0,0.0
2026-10-04,천안,6,pack_ev,0.0,0.0
2026-10-04,천안,6,pack_ess,0.0,0.0
2026-10-04,천안,6,blackmass,0.0,0.0
2026-10-04,천안,7,pack_ev,0.0,0.0
2026-10-04,천안,7,pack_ess,0.0,0.0
2026-10-04,천안,7,blackmass,0.0,0.0
2026-10-04,천안,8,pack_ev,0.0,0.0
2026-10-04,천안,8,pack_ess,0.0,0.0
2026-10-04,천안,8,blackmass,0.0,0.0
2026-10-04,천안,9,pack_ev,0.0,0.0
2026-10-04,천안,9,pack_ess,0.0,0.0
2026-10-04,천안,9,blackmass,0.0,0.0
2026-10-04,천안,10,pack_ev,0.0,0.0
2026-10-04,천안,10,pack_ess,0.0,0.0
2026-10-04,천안,10,blackmass,0.0,0.0
2026-10-04,천안,11,pack_ev,0.0,0.0
2026-10-04,천안,11,pack_ess,0.0,0.0
2026-10-04,천안,11,blackmass,0.0,0.0
2026-10-04,천안,12,pack_ev,0.0,0.0
2026-10-04,천안,12,pack_ess,0.0,0.0
2026-10-04,천안,12,blackmass,0.0,0.0
2026-10-04,천안,13,pack_ev,0.0,0.0
2026-10-04,천안,13,pack_ess,0.0,0.0
2026-10-04,천안,13,blackmass,0.0,0.0
2026-10-04,천안,14,pack_ev,0.0,0.0
2026-10-04,천안,14,pack_ess,0.0,0.0
2026-10-04,천안,14,blackmass,0.0,0.0
2026-10-04,천안,15,pack_ev,0.0,0.0
2026-10-04,천안,15,pack_ess,0.0,0.0
2026-10-04,천안,15,blackmass,0.0,0.0
2026-10-04,천안,16,pack_ev,0.0,0.0
2026-10-04,천안,16,pack_ess,0.0,0.0
2026-10-04,천안,16,blackmass,0.0,0.0
2026-10-04,천안,17,pack_ev,0.0,0.0
2026-10-04,천안,17,pack_ess,0.0,0.0
2026-10-04,천안,17,blackmass,0.0,0.0
2026-10-04,천안,18,pack_ev,0.0,0.0
2026-10-04,천안,18,pack_ess,0.0,0.0
2026-10-04,천안,18,blackmass,0.0,0.0
2026-10-04,천안,19,pack_ev,0.0,0.0
2026-10-04,천안,19,pack_ess,0.0,0.0
2026-10-04,천안,19,blackmass,0.0,0.0
2026-10-04,천안,20,pack_ev,0.0,0.0
2026-10-04,천안,20,pack_ess,0.0,0.0
2026-10-04,천안,20,blackmass,0.0,0.0
2026-10-04,천안,21,pack_ev,0.0,0.0
2026-10-04,천안,21,pack_ess,0.0,0.0
2026-10-04,천안,21,blackmass,0.0,0.0
2026-10-04,천안,22,pack_ev,0.0,0.0
2026-10-04,천안,22,pack_ess,0.0,0.0
2026-10-04,천안,22,blackmass,0.0,0.0
2026-10-04,천안,23,pack_ev,0.0,0.0
2026-10-04,천안,23,pack_ess,0.0,0.0
2026-10-04,천안,23,blackmass,0.0,0.0
2026-10-05,서화성,0,pack_ev,0.0,0.0
2026-10-05,서화성,0,pack_ess,0.0,0.0
2026-10-05,서화성,0,blackmass,0.0,0.0
2026-10-05,서화성,1,pack_ev,0.0,0.0
2026-10-05,서화성,1,pack_ess,0.0,0.0
2026-10-05,서화성,1,blackmass,0.0,0.0
2026-10-05,서화성,2,pack_ev,0.0,0.0
2026-10-05,서화성,2,pack_ess,0.0,0.0
2026-10-05,서화성,2,blackmass,0.0,0.0
2026-10-05,서화성,3,pack_ev,0.0,0.0
2026-10-05,서화성,3,pack_ess,0.0,0.0
2026-10-05,서화성,3,blackmass,0.0,0.0
2026-10-05,서화성,4,pack_ev,0.0,0.0
2026-10-05,서화성,4,pack_ess,0.0,0.0
2026-10-05,서화성,4,blackmass,0.0,0.0
2026-10-05,서화성,5,pack_ev,0.0,0.0
2026-10-05,서화성,5,pack_ess,0.0,0.0
2026-10-05,서화성,5,blackmass,0.0,0.0
2026-10-05,서화성,6,pack_ev,0.0,0.0
2026-10-05,서화성,6,pack_ess,0.0,0.0
2026-10-05,서화성,6,blackmass,0.0,0.0
2026-10-05,서화성,7,pack_ev,0.0,0.0
2026-10-05,서화성,7,pack_ess,0.0,0.0
2026-10-05,서화성,7,blackmass,0.0,0.0
2026-10-05,서화성,8,pack_ev,0.0,0.0
2026-10-05,서화성,8,pack_ess,0.0,0.0
2026-10-05,서화성,8,blackmass,0.0,0.0
2026-10-05,서화성,9,pack_ev,0.0,0.0
2026-10-05,서화성,9,pack_ess,0.0,0.0
2026-10-05,서화성,9,blackmass,0.0,0.0
2026-10-05,서화성,10,pack_ev,4.582,0.1527
2026-10-05,서화성,10,pack_ess,0.0032,0.00011
2026-10-05,서화성,10,blackmass,1.222,0.0244
2026-10-05,서화성,11,pack_ev,4.582,0.1527
2026-10-05,서화성,11,pack_ess,0.0032,0.00011
2026-10-05,서화성,11,blackmass,1.222,0.0244
2026-10-05,서화성,12,pack_ev,4.582,0.1527
2026-10-05,서화성,12,pack_ess,0.0032,0.00011
2026-10-05,서화성,12,blackmass,1.222,0.0244
2026-10-05,서화성,13,pack_ev,4.582,0.1527
2026-10-05,서화성,13,pack_ess,0.0032,0.00011
2026-10-05,서화성,13,blackmass,1.222,0.0244
2026-10-05,서화성,14,pack_ev,4.582,0.1527
2026-10-05,서화성,14,pack_ess,0.0032,0.00011
2026-10-05,서화성,14,blackmass,1.222,0.0244
2026-10-05,서화성,15,pack_ev,4.582,0.1527
2026-10-05,서화성,15,pack_ess,0.0032,0.00011
2026-10-05,서화성,15,blackmass,1.222,0.0244
2026-10-05,서화성,16,pack_ev,4.582,0.1527
2026-10-05,서화성,16,pack_ess,0.0032,0.00011
2026-10-05,서화성,16,blackmass,1.222,0.0244
2026-10-05,서화성,17,pack_ev,4.582,0.1527
2026-10-05,서화성,17,pack_ess,0.0032,0.00011
2026-10-05,서화성,17,blackmass,1.222,0.0244
2026-10-05,서화성,18,pack_ev,0.0,0.0
2026-10-05,서화성,18,pack_ess,0.0,0.0
2026-10-05,서화성,18,blackmass,0.0,0.0
2026-10-05,서화성,19,pack_ev,0.0,0.0
2026-10-05,서화성,19,pack_ess,0.0,0.0
2026-10-05,서화성,19,blackmass,0.0,0.0
2026-10-05,서화성,20,pack_ev,0.0,0.0
2026-10-05,서화성,20,pack_ess,0.0,0.0
2026-10-05,서화성,20,blackmass,0.0,0.0
2026-10-05,서화성,21,pack_ev,0.0,0.0
2026-10-05,서화성,21,pack_ess,0.0,0.0
2026-10-05,서화성,21,blackmass,0.0,0.0
2026-10-05,서화성,22,pack_ev,0.0,0.0
2026-10-05,서화성,22,pack_ess,0.0,0.0
2026-10-05,서화성,22,blackmass,0.0,0.0
2026-10-05,서화성,23,pack_ev,0.0,0.0
2026-10-05,서화성,23,pack_ess,0.0,0.0
2026-10-05,서화성,23,blackmass,0.0,0.0
2026-10-05,신례원,0,pack_ev,0.0,0.0
2026-10-05,신례원,0,pack_ess,0.0,0.0
2026-10-05,신례원,0,blackmass,0.0,0.0
2026-10-05,신례원,1,pack_ev,0.0,0.0
2026-10-05,신례원,1,pack_ess,0.0,0.0
2026-10-05,신례원,1,blackmass,0.0,0.0
2026-10-05,신례원,2,pack_ev,0.0,0.0
2026-10-05,신례원,2,pack_ess,0.0,0.0
2026-10-05,신례원,2,blackmass,0.0,0.0
2026-10-05,신례원,3,pack_ev,0.0,0.0
2026-10-05,신례원,3,pack_ess,0.0,0.0
2026-10-05,신례원,3,blackmass,0.0,0.0
2026-10-05,신례원,4,pack_ev,0.0,0.0
2026-10-05,신례원,4,pack_ess,0.0,0.0
2026-10-05,신례원,4,blackmass,0.0,0.0
2026-10-05,신례원,5,pack_ev,0.0,0.0
2026-10-05,신례원,5,pack_ess,0.0,0.0
2026-10-05,신례원,5,blackmass,0.0,0.0
2026-10-05,신례원,6,pack_ev,0.0,0.0
2026-10-05,신례원,6,pack_ess,0.0,0.0
2026-10-05,신례원,6,blackmass,0.0,0.0
2026-10-05,신례원,7,pack_ev,0.0,0.0
2026-10-05,신례원,7,pack_ess,0.0,0.0
2026-10-05,신례원,7,blackmass,0.0,0.0
2026-10-05,신례원,8,pack_ev,0.0,0.0
2026-10-05,신례원,8,pack_ess,0.0,0.0
2026-10-05,신례원,8,blackmass,0.0,0.0
2026-10-05,신례원,9,pack_ev,0.0,0.0
2026-10-05,신례원,9,pack_ess,0.0,0.0
2026-10-05,신례원,9,blackmass,0.0,0.0
2026-10-05,신례원,10,pack_ev,0.0,0.0
2026-10-05,신례원,10,pack_ess,0.0,0.0
2026-10-05,신례원,10,blackmass,3.019,0.0604
2026-10-05,신례원,11,pack_ev,0.0,0.0
2026-10-05,신례원,11,pack_ess,0.0,0.0
2026-10-05,신례원,11,blackmass,3.019,0.0604
2026-10-05,신례원,12,pack_ev,0.0,0.0
2026-10-05,신례원,12,pack_ess,0.0,0.0
2026-10-05,신례원,12,blackmass,3.019,0.0604
2026-10-05,신례원,13,pack_ev,0.0,0.0
2026-10-05,신례원,13,pack_ess,0.0,0.0
2026-10-05,신례원,13,blackmass,3.019,0.0604
2026-10-05,신례원,14,pack_ev,0.0,0.0
2026-10-05,신례원,14,pack_ess,0.0,0.0
2026-10-05,신례원,14,blackmass,3.019,0.0604
2026-10-05,신례원,15,pack_ev,0.0,0.0
2026-10-05,신례원,15,pack_ess,0.0,0.0
2026-10-05,신례원,15,blackmass,3.019,0.0604
2026-10-05,신례원,16,pack_ev,0.0,0.0
2026-10-05,신례원,16,pack_ess,0.0,0.0
2026-10-05,신례원,16,blackmass,3.019,0.0604
2026-10-05,신례원,17,pack_ev,0.0,0.0
2026-10-05,신례원,17,pack_ess,0.0,0.0
2026-10-05,신례원,17,blackmass,3.019,0.0604
2026-10-05,신례원,18,pack_ev,0.0,0.0
2026-10-05,신례원,18,pack_ess,0.0,0.0
2026-10-05,신례원,18,blackmass,0.0,0.0
2026-10-05,신례원,19,pack_ev,0.0,0.0
2026-10-05,신례원,19,pack_ess,0.0,0.0
2026-10-05,신례원,19,blackmass,0.0,0.0
2026-10-05,신례원,20,pack_ev,0.0,0.0
2026-10-05,신례원,20,pack_ess,0.0,0.0
2026-10-05,신례원,20,blackmass,0.0,0.0
2026-10-05,신례원,21,pack_ev,0.0,0.0
2026-10-05,신례원,21,pack_ess,0.0,0.0
2026-10-05,신례원,21,blackmass,0.0,0.0
2026-10-05,신례원,22,pack_ev,0.0,0.0
2026-10-05,신례원,22,pack_ess,0.0,0.0
2026-10-05,신례원,22,blackmass,0.0,0.0
2026-10-05,신례원,23,pack_ev,0.0,0.0
2026-10-05,신례원,23,pack_ess,0.0,0.0
2026-10-05,신례원,23,blackmass,0.0,0.0
2026-10-05,안중,0,pack_ev,0.0,0.0
2026-10-05,안중,0,pack_ess,0.0,0.0
2026-10-05,안중,0,blackmass,0.0,0.0
2026-10-05,안중,1,pack_ev,0.0,0.0
2026-10-05,안중,1,pack_ess,0.0,0.0
2026-10-05,안중,1,blackmass,0.0,0.0
2026-10-05,안중,2,pack_ev,0.0,0.0
2026-10-05,안중,2,pack_ess,0.0,0.0
2026-10-05,안중,2,blackmass,0.0,0.0
2026-10-05,안중,3,pack_ev,0.0,0.0
2026-10-05,안중,3,pack_ess,0.0,0.0
2026-10-05,안중,3,blackmass,0.0,0.0
2026-10-05,안중,4,pack_ev,0.0,0.0
2026-10-05,안중,4,pack_ess,0.0,0.0
2026-10-05,안중,4,blackmass,0.0,0.0
2026-10-05,안중,5,pack_ev,0.0,0.0
2026-10-05,안중,5,pack_ess,0.0,0.0
2026-10-05,안중,5,blackmass,0.0,0.0
2026-10-05,안중,6,pack_ev,0.0,0.0
2026-10-05,안중,6,pack_ess,0.0,0.0
2026-10-05,안중,6,blackmass,0.0,0.0
2026-10-05,안중,7,pack_ev,0.0,0.0
2026-10-05,안중,7,pack_ess,0.0,0.0
2026-10-05,안중,7,blackmass,0.0,0.0
2026-10-05,안중,8,pack_ev,0.0,0.0
2026-10-05,안중,8,pack_ess,0.0,0.0
2026-10-05,안중,8,blackmass,0.0,0.0
2026-10-05,안중,9,pack_ev,0.0,0.0
2026-10-05,안중,9,pack_ess,0.0,0.0
2026-10-05,안중,9,blackmass,0.0,0.0
2026-10-05,안중,10,pack_ev,4.582,0.1527
2026-10-05,안중,10,pack_ess,0.0032,0.00011
2026-10-05,안중,10,blackmass,1.222,0.0244
2026-10-05,안중,11,pack_ev,4.582,0.1527
2026-10-05,안중,11,pack_ess,0.0032,0.00011
2026-10-05,안중,11,blackmass,1.222,0.0244
2026-10-05,안중,12,pack_ev,4.582,0.1527
2026-10-05,안중,12,pack_ess,0.0032,0.00011
2026-10-05,안중,12,blackmass,1.222,0.0244
2026-10-05,안중,13,pack_ev,4.582,0.1527
2026-10-05,안중,13,pack_ess,0.0032,0.00011
2026-10-05,안중,13,blackmass,1.222,0.0244
2026-10-05,안중,14,pack_ev,4.582,0.1527
2026-10-05,안중,14,pack_ess,0.0032,0.00011
2026-10-05,안중,14,blackmass,1.222,0.0244
2026-10-05,안중,15,pack_ev,4.582,0.1527
2026-10-05,안중,15,pack_ess,0.0032,0.00011
2026-10-05,안중,15,blackmass,1.222,0.0244
2026-10-05,안중,16,pack_ev,4.582,0.1527
2026-10-05,안중,16,pack_ess,0.0032,0.00011
2026-10-05,안중,16,blackmass,1.222,0.0244
2026-10-05,안중,17,pack_ev,4.582,0.1527
2026-10-05,안중,17,pack_ess,0.0032,0.00011
2026-10-05,안중,17,blackmass,1.222,0.0244
2026-10-05,안중,18,pack_ev,0.0,0.0
2026-10-05,안중,18,pack_ess,0.0,0.0
2026-10-05,안중,18,blackmass,0.0,0.0
2026-10-05,안중,19,pack_ev,0.0,0.0
2026-10-05,안중,19,pack_ess,0.0,0.0
2026-10-05,안중,19,blackmass,0.0,0.0
2026-10-05,안중,20,pack_ev,0.0,0.0
2026-10-05,안중,20,pack_ess,0.0,0.0
2026-10-05,안중,20,blackmass,0.0,0.0
2026-10-05,안중,21,pack_ev,0.0,0.0
2026-10-05,안중,21,pack_ess,0.0,0.0
2026-10-05,안중,21,blackmass,0.0,0.0
2026-10-05,안중,22,pack_ev,0.0,0.0
2026-10-05,안중,22,pack_ess,0.0,0.0
2026-10-05,안중,22,blackmass,0.0,0.0
2026-10-05,안중,23,pack_ev,0.0,0.0
2026-10-05,안중,23,pack_ess,0.0,0.0
2026-10-05,안중,23,blackmass,0.0,0.0
2026-10-05,천안,0,pack_ev,0.0,0.0
2026-10-05,천안,0,pack_ess,0.0,0.0
2026-10-05,천안,0,blackmass,0.0,0.0
2026-10-05,천안,1,pack_ev,0.0,0.0
2026-10-05,천안,1,pack_ess,0.0,0.0
2026-10-05,천안,1,blackmass,0.0,0.0
2026-10-05,천안,2,pack_ev,0.0,0.0
2026-10-05,천안,2,pack_ess,0.0,0.0
2026-10-05,천안,2,blackmass,0.0,0.0
2026-10-05,천안,3,pack_ev,0.0,0.0
2026-10-05,천안,3,pack_ess,0.0,0.0
2026-10-05,천안,3,blackmass,0.0,0.0
2026-10-05,천안,4,pack_ev,0.0,0.0
2026-10-05,천안,4,pack_ess,0.0,0.0
2026-10-05,천안,4,blackmass,0.0,0.0
2026-10-05,천안,5,pack_ev,0.0,0.0
2026-10-05,천안,5,pack_ess,0.0,0.0
2026-10-05,천안,5,blackmass,0.0,0.0
2026-10-05,천안,6,pack_ev,0.0,0.0
2026-10-05,천안,6,pack_ess,0.0,0.0
2026-10-05,천안,6,blackmass,0.0,0.0
2026-10-05,천안,7,pack_ev,0.0,0.0
2026-10-05,천안,7,pack_ess,0.0,0.0
2026-10-05,천안,7,blackmass,0.0,0.0
2026-10-05,천안,8,pack_ev,0.0,0.0
2026-10-05,천안,8,pack_ess,0.0,0.0
2026-10-05,천안,8,blackmass,0.0,0.0
2026-10-05,천안,9,pack_ev,0.0,0.0
2026-10-05,천안,9,pack_ess,0.0,0.0
2026-10-05,천안,9,blackmass,0.0,0.0
2026-10-05,천안,10,pack_ev,0.0,0.0
2026-10-05,천안,10,pack_ess,0.0,0.0
2026-10-05,천안,10,blackmass,4.529,0.0906
2026-10-05,천안,11,pack_ev,0.0,0.0
2026-10-05,천안,11,pack_ess,0.0,0.0
2026-10-05,천안,11,blackmass,4.529,0.0906
2026-10-05,천안,12,pack_ev,0.0,0.0
2026-10-05,천안,12,pack_ess,0.0,0.0
2026-10-05,천안,12,blackmass,4.529,0.0906
2026-10-05,천안,13,pack_ev,0.0,0.0
2026-10-05,천안,13,pack_ess,0.0,0.0
2026-10-05,천안,13,blackmass,4.529,0.0906
2026-10-05,천안,14,pack_ev,0.0,0.0
2026-10-05,천안,14,pack_ess,0.0,0.0
2026-10-05,천안,14,blackmass,4.529,0.0906
2026-10-05,천안,15,pack_ev,0.0,0.0
2026-10-05,천안,15,pack_ess,0.0,0.0
2026-10-05,천안,15,blackmass,4.529,0.0906
2026-10-05,천안,16,pack_ev,0.0,0.0
2026-10-05,천안,16,pack_ess,0.0,0.0
2026-10-05,천안,16,blackmass,4.529,0.0906
2026-10-05,천안,17,pack_ev,0.0,0.0
2026-10-05,천안,17,pack_ess,0.0,0.0
2026-10-05,천안,17,blackmass,4.529,0.0906
2026-10-05,천안,18,pack_ev,0.0,0.0
2026-10-05,천안,18,pack_ess,0.0,0.0
2026-10-05,천안,18,blackmass,0.0,0.0
2026-10-05,천안,19,pack_ev,0.0,0.0
2026-10-05,천안,19,pack_ess,0.0,0.0
2026-10-05,천안,19,blackmass,0.0,0.0
2026-10-05,천안,20,pack_ev,0.0,0.0
2026-10-05,천안,20,pack_ess,0.0,0.0
2026-10-05,천안,20,blackmass,0.0,0.0
2026-10-05,천안,21,pack_ev,0.0,0.0
2026-10-05,천안,21,pack_ess,0.0,0.0
2026-10-05,천안,21,blackmass,0.0,0.0
2026-10-05,천안,22,pack_ev,0.0,0.0
2026-10-05,천안,22,pack_ess,0.0,0.0
2026-10-05,천안,22,blackmass,0.0,0.0
2026-10-05,천안,23,pack_ev,0.0,0.0
2026-10-05,천안,23,pack_ess,0.0,0.0
2026-10-05,천안,23,blackmass,0.0,0.0
2026-10-06,서화성,0,pack_ev,0.0,0.0
2026-10-06,서화성,0,pack_ess,0.0,0.0
2026-10-06,서화성,0,blackmass,0.0,0.0
2026-10-06,서화성,1,pack_ev,0.0,0.0
2026-10-06,서화성,1,pack_ess,0.0,0.0
2026-10-06,서화성,1,blackmass,0.0,0.0
2026-10-06,서화성,2,pack_ev,0.0,0.0
2026-10-06,서화성,2,pack_ess,0.0,0.0
2026-10-06,서화성,2,blackmass,0.0,0.0
2026-10-06,서화성,3,pack_ev,0.0,0.0
2026-10-06,서화성,3,pack_ess,0.0,0.0
2026-10-06,서화성,3,blackmass,0.0,0.0
2026-10-06,서화성,4,pack_ev,0.0,0.0
2026-10-06,서화성,4,pack_ess,0.0,0.0
2026-10-06,서화성,4,blackmass,0.0,0.0
2026-10-06,서화성,5,pack_ev,0.0,0.0
2026-10-06,서화성,5,pack_ess,0.0,0.0
2026-10-06,서화성,5,blackmass,0.0,0.0
2026-10-06,서화성,6,pack_ev,0.0,0.0
2026-10-06,서화성,6,pack_ess,0.0,0.0
2026-10-06,서화성,6,blackmass,0.0,0.0
2026-10-06,서화성,7,pack_ev,0.0,0.0
2026-10-06,서화성,7,pack_ess,0.0,0.0
2026-10-06,서화성,7,blackmass,0.0,0.0
2026-10-06,서화성,8,pack_ev,0.0,0.0
2026-10-06,서화성,8,pack_ess,0.0,0.0
2026-10-06,서화성,8,blackmass,0.0,0.0
2026-10-06,서화성,9,pack_ev,0.0,0.0
2026-10-06,서화성,9,pack_ess,0.0,0.0
2026-10-06,서화성,9,blackmass,0.0,0.0
2026-10-06,서화성,10,pack_ev,0.0,0.0
2026-10-06,서화성,10,pack_ess,0.0,0.0
2026-10-06,서화성,10,blackmass,0.0,0.0
2026-10-06,서화성,11,pack_ev,0.0,0.0
2026-10-06,서화성,11,pack_ess,0.0,0.0
2026-10-06,서화성,11,blackmass,0.0,0.0
2026-10-06,서화성,12,pack_ev,0.0,0.0
2026-10-06,서화성,12,pack_ess,0.0,0.0
2026-10-06,서화성,12,blackmass,0.0,0.0
2026-10-06,서화성,13,pack_ev,0.0,0.0
2026-10-06,서화성,13,pack_ess,0.0,0.0
2026-10-06,서화성,13,blackmass,0.0,0.0
2026-10-06,서화성,14,pack_ev,0.0,0.0
2026-10-06,서화성,14,pack_ess,0.0,0.0
2026-10-06,서화성,14,blackmass,0.0,0.0
2026-10-06,서화성,15,pack_ev,0.0,0.0
2026-10-06,서화성,15,pack_ess,0.0,0.0
2026-10-06,서화성,15,blackmass,0.0,0.0
2026-10-06,서화성,16,pack_ev,0.0,0.0
2026-10-06,서화성,16,pack_ess,0.0,0.0
2026-10-06,서화성,16,blackmass,0.0,0.0
2026-10-06,서화성,17,pack_ev,0.0,0.0
2026-10-06,서화성,17,pack_ess,0.0,0.0
2026-10-06,서화성,17,blackmass,0.0,0.0
2026-10-06,서화성,18,pack_ev,0.0,0.0
2026-10-06,서화성,18,pack_ess,0.0,0.0
2026-10-06,서화성,18,blackmass,0.0,0.0
2026-10-06,서화성,19,pack_ev,0.0,0.0
2026-10-06,서화성,19,pack_ess,0.0,0.0
2026-10-06,서화성,19,blackmass,0.0,0.0
2026-10-06,서화성,20,pack_ev,0.0,0.0
2026-10-06,서화성,20,pack_ess,0.0,0.0
2026-10-06,서화성,20,blackmass,0.0,0.0
2026-10-06,서화성,21,pack_ev,0.0,0.0
2026-10-06,서화성,21,pack_ess,0.0,0.0
2026-10-06,서화성,21,blackmass,0.0,0.0
2026-10-06,서화성,22,pack_ev,0.0,0.0
2026-10-06,서화성,22,pack_ess,0.0,0.0
2026-10-06,서화성,22,blackmass,0.0,0.0
2026-10-06,서화성,23,pack_ev,0.0,0.0
2026-10-06,서화성,23,pack_ess,0.0,0.0
2026-10-06,서화성,23,blackmass,0.0,0.0
2026-10-06,신례원,0,pack_ev,0.0,0.0
2026-10-06,신례원,0,pack_ess,0.0,0.0
2026-10-06,신례원,0,blackmass,0.0,0.0
2026-10-06,신례원,1,pack_ev,0.0,0.0
2026-10-06,신례원,1,pack_ess,0.0,0.0
2026-10-06,신례원,1,blackmass,0.0,0.0
2026-10-06,신례원,2,pack_ev,0.0,0.0
2026-10-06,신례원,2,pack_ess,0.0,0.0
2026-10-06,신례원,2,blackmass,0.0,0.0
2026-10-06,신례원,3,pack_ev,0.0,0.0
2026-10-06,신례원,3,pack_ess,0.0,0.0
2026-10-06,신례원,3,blackmass,0.0,0.0
2026-10-06,신례원,4,pack_ev,0.0,0.0
2026-10-06,신례원,4,pack_ess,0.0,0.0
2026-10-06,신례원,4,blackmass,0.0,0.0
2026-10-06,신례원,5,pack_ev,0.0,0.0
2026-10-06,신례원,5,pack_ess,0.0,0.0
2026-10-06,신례원,5,blackmass,0.0,0.0
2026-10-06,신례원,6,pack_ev,0.0,0.0
2026-10-06,신례원,6,pack_ess,0.0,0.0
2026-10-06,신례원,6,blackmass,0.0,0.0
2026-10-06,신례원,7,pack_ev,0.0,0.0
2026-10-06,신례원,7,pack_ess,0.0,0.0
2026-10-06,신례원,7,blackmass,0.0,0.0
2026-10-06,신례원,8,pack_ev,0.0,0.0
2026-10-06,신례원,8,pack_ess,0.0,0.0
2026-10-06,신례원,8,blackmass,0.0,0.0
2026-10-06,신례원,9,pack_ev,0.0,0.0
2026-10-06,신례원,9,pack_ess,0.0,0.0
2026-10-06,신례원,9,blackmass,0.0,0.0
2026-10-06,신례원,10,pack_ev,0.0,0.0
2026-10-06,신례원,10,pack_ess,0.0,0.0
2026-10-06,신례원,10,blackmass,0.0,0.0
2026-10-06,신례원,11,pack_ev,0.0,0.0
2026-10-06,신례원,11,pack_ess,0.0,0.0
2026-10-06,신례원,11,blackmass,0.0,0.0
2026-10-06,신례원,12,pack_ev,0.0,0.0
2026-10-06,신례원,12,pack_ess,0.0,0.0
2026-10-06,신례원,12,blackmass,0.0,0.0
2026-10-06,신례원,13,pack_ev,0.0,0.0
2026-10-06,신례원,13,pack_ess,0.0,0.0
2026-10-06,신례원,13,blackmass,0.0,0.0
2026-10-06,신례원,14,pack_ev,0.0,0.0
2026-10-06,신례원,14,pack_ess,0.0,0.0
2026-10-06,신례원,14,blackmass,0.0,0.0
2026-10-06,신례원,15,pack_ev,0.0,0.0
2026-10-06,신례원,15,pack_ess,0.0,0.0
2026-10-06,신례원,15,blackmass,0.0,0.0
2026-10-06,신례원,16,pack_ev,0.0,0.0
2026-10-06,신례원,16,pack_ess,0.0,0.0
2026-10-06,신례원,16,blackmass,0.0,0.0
2026-10-06,신례원,17,pack_ev,0.0,0.0
2026-10-06,신례원,17,pack_ess,0.0,0.0
2026-10-06,신례원,17,blackmass,0.0,0.0
2026-10-06,신례원,18,pack_ev,0.0,0.0
2026-10-06,신례원,18,pack_ess,0.0,0.0
2026-10-06,신례원,18,blackmass,0.0,0.0
2026-10-06,신례원,19,pack_ev,0.0,0.0
2026-10-06,신례원,19,pack_ess,0.0,0.0
2026-10-06,신례원,19,blackmass,0.0,0.0
2026-10-06,신례원,20,pack_ev,0.0,0.0
2026-10-06,신례원,20,pack_ess,0.0,0.0
2026-10-06,신례원,20,blackmass,0.0,0.0
2026-10-06,신례원,21,pack_ev,0.0,0.0
2026-10-06,신례원,21,pack_ess,0.0,0.0
2026-10-06,신례원,21,blackmass,0.0,0.0
2026-10-06,신례원,22,pack_ev,0.0,0.0
2026-10-06,신례원,22,pack_ess,0.0,0.0
2026-10-06,신례원,22,blackmass,0.0,0.0
2026-10-06,신례원,23,pack_ev,0.0,0.0
2026-10-06,신례원,23,pack_ess,0.0,0.0
2026-10-06,신례원,23,blackmass,0.0,0.0
2026-10-06,안중,0,pack_ev,0.0,0.0
2026-10-06,안중,0,pack_ess,0.0,0.0
2026-10-06,안중,0,blackmass,0.0,0.0
2026-10-06,안중,1,pack_ev,0.0,0.0
2026-10-06,안중,1,pack_ess,0.0,0.0
2026-10-06,안중,1,blackmass,0.0,0.0
2026-10-06,안중,2,pack_ev,0.0,0.0
2026-10-06,안중,2,pack_ess,0.0,0.0
2026-10-06,안중,2,blackmass,0.0,0.0
2026-10-06,안중,3,pack_ev,0.0,0.0
2026-10-06,안중,3,pack_ess,0.0,0.0
2026-10-06,안중,3,blackmass,0.0,0.0
2026-10-06,안중,4,pack_ev,0.0,0.0
2026-10-06,안중,4,pack_ess,0.0,0.0
2026-10-06,안중,4,blackmass,0.0,0.0
2026-10-06,안중,5,pack_ev,0.0,0.0
2026-10-06,안중,5,pack_ess,0.0,0.0
2026-10-06,안중,5,blackmass,0.0,0.0
2026-10-06,안중,6,pack_ev,0.0,0.0
2026-10-06,안중,6,pack_ess,0.0,0.0
2026-10-06,안중,6,blackmass,0.0,0.0
2026-10-06,안중,7,pack_ev,0.0,0.0
2026-10-06,안중,7,pack_ess,0.0,0.0
2026-10-06,안중,7,blackmass,0.0,0.0
2026-10-06,안중,8,pack_ev,0.0,0.0
2026-10-06,안중,8,pack_ess,0.0,0.0
2026-10-06,안중,8,blackmass,0.0,0.0
2026-10-06,안중,9,pack_ev,0.0,0.0
2026-10-06,안중,9,pack_ess,0.0,0.0
2026-10-06,안중,9,blackmass,0.0,0.0
2026-10-06,안중,10,pack_ev,0.0,0.0
2026-10-06,안중,10,pack_ess,0.0,0.0
2026-10-06,안중,10,blackmass,0.0,0.0
2026-10-06,안중,11,pack_ev,0.0,0.0
2026-10-06,안중,11,pack_ess,0.0,0.0
2026-10-06,안중,11,blackmass,0.0,0.0
2026-10-06,안중,12,pack_ev,0.0,0.0
2026-10-06,안중,12,pack_ess,0.0,0.0
2026-10-06,안중,12,blackmass,0.0,0.0
2026-10-06,안중,13,pack_ev,0.0,0.0
2026-10-06,안중,13,pack_ess,0.0,0.0
2026-10-06,안중,13,blackmass,0.0,0.0
2026-10-06,안중,14,pack_ev,0.0,0.0
2026-10-06,안중,14,pack_ess,0.0,0.0
2026-10-06,안중,14,blackmass,0.0,0.0
2026-10-06,안중,15,pack_ev,0.0,0.0
2026-10-06,안중,15,pack_ess,0.0,0.0
2026-10-06,안중,15,blackmass,0.0,0.0
2026-10-06,안중,16,pack_ev,0.0,0.0
2026-10-06,안중,16,pack_ess,0.0,0.0
2026-10-06,안중,16,blackmass,0.0,0.0
2026-10-06,안중,17,pack_ev,0.0,0.0
2026-10-06,안중,17,pack_ess,0.0,0.0
2026-10-06,안중,17,blackmass,0.0,0.0
2026-10-06,안중,18,pack_ev,0.0,0.0
2026-10-06,안중,18,pack_ess,0.0,0.0
2026-10-06,안중,18,blackmass,0.0,0.0
2026-10-06,안중,19,pack_ev,0.0,0.0
2026-10-06,안중,19,pack_ess,0.0,0.0
2026-10-06,안중,19,blackmass,0.0,0.0
2026-10-06,안중,20,pack_ev,0.0,0.0
2026-10-06,안중,20,pack_ess,0.0,0.0
2026-10-06,안중,20,blackmass,0.0,0.0
2026-10-06,안중,21,pack_ev,0.0,0.0
2026-10-06,안중,21,pack_ess,0.0,0.0
2026-10-06,안중,21,blackmass,0.0,0.0
2026-10-06,안중,22,pack_ev,0.0,0.0
2026-10-06,안중,22,pack_ess,0.0,0.0
2026-10-06,안중,22,blackmass,0.0,0.0
2026-10-06,안중,23,pack_ev,0.0,0.0
2026-10-06,안중,23,pack_ess,0.0,0.0
2026-10-06,안중,23,blackmass,0.0,0.0
2026-10-06,천안,0,pack_ev,0.0,0.0
2026-10-06,천안,0,pack_ess,0.0,0.0
2026-10-06,천안,0,blackmass,0.0,0.0
2026-10-06,천안,1,pack_ev,0.0,0.0
2026-10-06,천안,1,pack_ess,0.0,0.0
2026-10-06,천안,1,blackmass,0.0,0.0
2026-10-06,천안,2,pack_ev,0.0,0.0
2026-10-06,천안,2,pack_ess,0.0,0.0
2026-10-06,천안,2,blackmass,0.0,0.0
2026-10-06,천안,3,pack_ev,0.0,0.0
2026-10-06,천안,3,pack_ess,0.0,0.0
2026-10-06,천안,3,blackmass,0.0,0.0
2026-10-06,천안,4,pack_ev,0.0,0.0
2026-10-06,천안,4,pack_ess,0.0,0.0
2026-10-06,천안,4,blackmass,0.0,0.0
2026-10-06,천안,5,pack_ev,0.0,0.0
2026-10-06,천안,5,pack_ess,0.0,0.0
2026-10-06,천안,5,blackmass,0.0,0.0
2026-10-06,천안,6,pack_ev,0.0,0.0
2026-10-06,천안,6,pack_ess,0.0,0.0
2026-10-06,천안,6,blackmass,0.0,0.0
2026-10-06,천안,7,pack_ev,0.0,0.0
2026-10-06,천안,7,pack_ess,0.0,0.0
2026-10-06,천안,7,blackmass,0.0,0.0
2026-10-06,천안,8,pack_ev,0.0,0.0
2026-10-06,천안,8,pack_ess,0.0,0.0
2026-10-06,천안,8,blackmass,0.0,0.0
2026-10-06,천안,9,pack_ev,0.0,0.0
2026-10-06,천안,9,pack_ess,0.0,0.0
2026-10-06,천안,9,blackmass,0.0,0.0
2026-10-06,천안,10,pack_ev,0.0,0.0
2026-10-06,천안,10,pack_ess,0.0,0.0
2026-10-06,천안,10,blackmass,0.0,0.0
2026-10-06,천안,11,pack_ev,0.0,0.0
2026-10-06,천안,11,pack_ess,0.0,0.0
2026-10-06,천안,11,blackmass,0.0,0.0
2026-10-06,천안,12,pack_ev,0.0,0.0
2026-10-06,천안,12,pack_ess,0.0,0.0
2026-10-06,천안,12,blackmass,0.0,0.0
2026-10-06,천안,13,pack_ev,0.0,0.0
2026-10-06,천안,13,pack_ess,0.0,0.0
2026-10-06,천안,13,blackmass,0.0,0.0
2026-10-06,천안,14,pack_ev,0.0,0.0
2026-10-06,천안,14,pack_ess,0.0,0.0
2026-10-06,천안,14,blackmass,0.0,0.0
2026-10-06,천안,15,pack_ev,0.0,0.0
2026-10-06,천안,15,pack_ess,0.0,0.0
2026-10-06,천안,15,blackmass,0.0,0.0
2026-10-06,천안,16,pack_ev,0.0,0.0
2026-10-06,천안,16,pack_ess,0.0,0.0
2026-10-06,천안,16,blackmass,0.0,0.0
2026-10-06,천안,17,pack_ev,0.0,0.0
2026-10-06,천안,17,pack_ess,0.0,0.0
2026-10-06,천안,17,blackmass,0.0,0.0
2026-10-06,천안,18,pack_ev,0.0,0.0
2026-10-06,천안,18,pack_ess,0.0,0.0
2026-10-06,천안,18,blackmass,0.0,0.0
2026-10-06,천안,19,pack_ev,0.0,0.0
2026-10-06,천안,19,pack_ess,0.0,0.0
2026-10-06,천안,19,blackmass,0.0,0.0
2026-10-06,천안,20,pack_ev,0.0,0.0
2026-10-06,천안,20,pack_ess,0.0,0.0
2026-10-06,천안,20,blackmass,0.0,0.0
2026-10-06,천안,21,pack_ev,0.0,0.0
2026-10-06,천안,21,pack_ess,0.0,0.0
2026-10-06,천안,21,blackmass,0.0,0.0
2026-10-06,천안,22,pack_ev,0.0,0.0
2026-10-06,천안,22,pack_ess,0.0,0.0
2026-10-06,천안,22,blackmass,0.0,0.0
2026-10-06,천안,23,pack_ev,0.0,0.0
2026-10-06,천안,23,pack_ess,0.0,0.0
2026-10-06,천안,23,blackmass,0.0,0.0
2026-10-07,서화성,0,pack_ev,0.0,0.0
2026-10-07,서화성,0,pack_ess,0.0,0.0
2026-10-07,서화성,0,blackmass,0.0,0.0
2026-10-07,서화성,1,pack_ev,0.0,0.0
2026-10-07,서화성,1,pack_ess,0.0,0.0
2026-10-07,서화성,1,blackmass,0.0,0.0
2026-10-07,서화성,2,pack_ev,0.0,0.0
2026-10-07,서화성,2,pack_ess,0.0,0.0
2026-10-07,서화성,2,blackmass,0.0,0.0
2026-10-07,서화성,3,pack_ev,0.0,0.0
2026-10-07,서화성,3,pack_ess,0.0,0.0
2026-10-07,서화성,3,blackmass,0.0,0.0
2026-10-07,서화성,4,pack_ev,0.0,0.0
2026-10-07,서화성,4,pack_ess,0.0,0.0
2026-10-07,서화성,4,blackmass,0.0,0.0
2026-10-07,서화성,5,pack_ev,0.0,0.0
2026-10-07,서화성,5,pack_ess,0.0,0.0
2026-10-07,서화성,5,blackmass,0.0,0.0
2026-10-07,서화성,6,pack_ev,0.0,0.0
2026-10-07,서화성,6,pack_ess,0.0,0.0
2026-10-07,서화성,6,blackmass,0.0,0.0
2026-10-07,서화성,7,pack_ev,0.0,0.0
2026-10-07,서화성,7,pack_ess,0.0,0.0
2026-10-07,서화성,7,blackmass,0.0,0.0
2026-10-07,서화성,8,pack_ev,0.0,0.0
2026-10-07,서화성,8,pack_ess,0.0,0.0
2026-10-07,서화성,8,blackmass,0.0,0.0
2026-10-07,서화성,9,pack_ev,0.0,0.0
2026-10-07,서화성,9,pack_ess,0.0,0.0
2026-10-07,서화성,9,blackmass,0.0,0.0
2026-10-07,서화성,10,pack_ev,0.0,0.0
2026-10-07,서화성,10,pack_ess,0.0,0.0
2026-10-07,서화성,10,blackmass,0.0,0.0
2026-10-07,서화성,11,pack_ev,0.0,0.0
2026-10-07,서화성,11,pack_ess,0.0,0.0
2026-10-07,서화성,11,blackmass,0.0,0.0
2026-10-07,서화성,12,pack_ev,0.0,0.0
2026-10-07,서화성,12,pack_ess,0.0,0.0
2026-10-07,서화성,12,blackmass,0.0,0.0
2026-10-07,서화성,13,pack_ev,0.0,0.0
2026-10-07,서화성,13,pack_ess,0.0,0.0
2026-10-07,서화성,13,blackmass,0.0,0.0
2026-10-07,서화성,14,pack_ev,0.0,0.0
2026-10-07,서화성,14,pack_ess,0.0,0.0
2026-10-07,서화성,14,blackmass,0.0,0.0
2026-10-07,서화성,15,pack_ev,0.0,0.0
2026-10-07,서화성,15,pack_ess,0.0,0.0
2026-10-07,서화성,15,blackmass,0.0,0.0
2026-10-07,서화성,16,pack_ev,0.0,0.0
2026-10-07,서화성,16,pack_ess,0.0,0.0
2026-10-07,서화성,16,blackmass,0.0,0.0
2026-10-07,서화성,17,pack_ev,0.0,0.0
2026-10-07,서화성,17,pack_ess,0.0,0.0
2026-10-07,서화성,17,blackmass,0.0,0.0
2026-10-07,서화성,18,pack_ev,0.0,0.0
2026-10-07,서화성,18,pack_ess,0.0,0.0
2026-10-07,서화성,18,blackmass,0.0,0.0
2026-10-07,서화성,19,pack_ev,0.0,0.0
2026-10-07,서화성,19,pack_ess,0.0,0.0
2026-10-07,서화성,19,blackmass,0.0,0.0
2026-10-07,서화성,20,pack_ev,0.0,0.0
2026-10-07,서화성,20,pack_ess,0.0,0.0
2026-10-07,서화성,20,blackmass,0.0,0.0
2026-10-07,서화성,21,pack_ev,0.0,0.0
2026-10-07,서화성,21,pack_ess,0.0,0.0
2026-10-07,서화성,21,blackmass,0.0,0.0
2026-10-07,서화성,22,pack_ev,0.0,0.0
2026-10-07,서화성,22,pack_ess,0.0,0.0
2026-10-07,서화성,22,blackmass,0.0,0.0
2026-10-07,서화성,23,pack_ev,0.0,0.0
2026-10-07,서화성,23,pack_ess,0.0,0.0
2026-10-07,서화성,23,blackmass,0.0,0.0
2026-10-07,신례원,0,pack_ev,0.0,0.0
2026-10-07,신례원,0,pack_ess,0.0,0.0
2026-10-07,신례원,0,blackmass,0.0,0.0
2026-10-07,신례원,1,pack_ev,0.0,0.0
2026-10-07,신례원,1,pack_ess,0.0,0.0
2026-10-07,신례원,1,blackmass,0.0,0.0
2026-10-07,신례원,2,pack_ev,0.0,0.0
2026-10-07,신례원,2,pack_ess,0.0,0.0
2026-10-07,신례원,2,blackmass,0.0,0.0
2026-10-07,신례원,3,pack_ev,0.0,0.0
2026-10-07,신례원,3,pack_ess,0.0,0.0
2026-10-07,신례원,3,blackmass,0.0,0.0
2026-10-07,신례원,4,pack_ev,0.0,0.0
2026-10-07,신례원,4,pack_ess,0.0,0.0
2026-10-07,신례원,4,blackmass,0.0,0.0
2026-10-07,신례원,5,pack_ev,0.0,0.0
2026-10-07,신례원,5,pack_ess,0.0,0.0
2026-10-07,신례원,5,blackmass,0.0,0.0
2026-10-07,신례원,6,pack_ev,0.0,0.0
2026-10-07,신례원,6,pack_ess,0.0,0.0
2026-10-07,신례원,6,blackmass,0.0,0.0
2026-10-07,신례원,7,pack_ev,0.0,0.0
2026-10-07,신례원,7,pack_ess,0.0,0.0
2026-10-07,신례원,7,blackmass,0.0,0.0
2026-10-07,신례원,8,pack_ev,0.0,0.0
2026-10-07,신례원,8,pack_ess,0.0,0.0
2026-10-07,신례원,8,blackmass,0.0,0.0
2026-10-07,신례원,9,pack_ev,0.0,0.0
2026-10-07,신례원,9,pack_ess,0.0,0.0
2026-10-07,신례원,9,blackmass,0.0,0.0
2026-10-07,신례원,10,pack_ev,0.0,0.0
2026-10-07,신례원,10,pack_ess,0.0,0.0
2026-10-07,신례원,10,blackmass,0.0,0.0
2026-10-07,신례원,11,pack_ev,0.0,0.0
2026-10-07,신례원,11,pack_ess,0.0,0.0
2026-10-07,신례원,11,blackmass,0.0,0.0
2026-10-07,신례원,12,pack_ev,0.0,0.0
2026-10-07,신례원,12,pack_ess,0.0,0.0
2026-10-07,신례원,12,blackmass,0.0,0.0
2026-10-07,신례원,13,pack_ev,0.0,0.0
2026-10-07,신례원,13,pack_ess,0.0,0.0
2026-10-07,신례원,13,blackmass,0.0,0.0
2026-10-07,신례원,14,pack_ev,0.0,0.0
2026-10-07,신례원,14,pack_ess,0.0,0.0
2026-10-07,신례원,14,blackmass,0.0,0.0
2026-10-07,신례원,15,pack_ev,0.0,0.0
2026-10-07,신례원,15,pack_ess,0.0,0.0
2026-10-07,신례원,15,blackmass,0.0,0.0
2026-10-07,신례원,16,pack_ev,0.0,0.0
2026-10-07,신례원,16,pack_ess,0.0,0.0
2026-10-07,신례원,16,blackmass,0.0,0.0
2026-10-07,신례원,17,pack_ev,0.0,0.0
2026-10-07,신례원,17,pack_ess,0.0,0.0
2026-10-07,신례원,17,blackmass,0.0,0.0
2026-10-07,신례원,18,pack_ev,0.0,0.0
2026-10-07,신례원,18,pack_ess,0.0,0.0
2026-10-07,신례원,18,blackmass,0.0,0.0
2026-10-07,신례원,19,pack_ev,0.0,0.0
2026-10-07,신례원,19,pack_ess,0.0,0.0
2026-10-07,신례원,19,blackmass,0.0,0.0
2026-10-07,신례원,20,pack_ev,0.0,0.0
2026-10-07,신례원,20,pack_ess,0.0,0.0
2026-10-07,신례원,20,blackmass,0.0,0.0
2026-10-07,신례원,21,pack_ev,0.0,0.0
2026-10-07,신례원,21,pack_ess,0.0,0.0
2026-10-07,신례원,21,blackmass,0.0,0.0
2026-10-07,신례원,22,pack_ev,0.0,0.0
2026-10-07,신례원,22,pack_ess,0.0,0.0
2026-10-07,신례원,22,blackmass,0.0,0.0
2026-10-07,신례원,23,pack_ev,0.0,0.0
2026-10-07,신례원,23,pack_ess,0.0,0.0
2026-10-07,신례원,23,blackmass,0.0,0.0
2026-10-07,안중,0,pack_ev,0.0,0.0
2026-10-07,안중,0,pack_ess,0.0,0.0
2026-10-07,안중,0,blackmass,0.0,0.0
2026-10-07,안중,1,pack_ev,0.0,0.0
2026-10-07,안중,1,pack_ess,0.0,0.0
2026-10-07,안중,1,blackmass,0.0,0.0
2026-10-07,안중,2,pack_ev,0.0,0.0
2026-10-07,안중,2,pack_ess,0.0,0.0
2026-10-07,안중,2,blackmass,0.0,0.0
2026-10-07,안중,3,pack_ev,0.0,0.0
2026-10-07,안중,3,pack_ess,0.0,0.0
2026-10-07,안중,3,blackmass,0.0,0.0
2026-10-07,안중,4,pack_ev,0.0,0.0
2026-10-07,안중,4,pack_ess,0.0,0.0
2026-10-07,안중,4,blackmass,0.0,0.0
2026-10-07,안중,5,pack_ev,0.0,0.0
2026-10-07,안중,5,pack_ess,0.0,0.0
2026-10-07,안중,5,blackmass,0.0,0.0
2026-10-07,안중,6,pack_ev,0.0,0.0
2026-10-07,안중,6,pack_ess,0.0,0.0
2026-10-07,안중,6,blackmass,0.0,0.0
2026-10-07,안중,7,pack_ev,0.0,0.0
2026-10-07,안중,7,pack_ess,0.0,0.0
2026-10-07,안중,7,blackmass,0.0,0.0
2026-10-07,안중,8,pack_ev,0.0,0.0
2026-10-07,안중,8,pack_ess,0.0,0.0
2026-10-07,안중,8,blackmass,0.0,0.0
2026-10-07,안중,9,pack_ev,0.0,0.0
2026-10-07,안중,9,pack_ess,0.0,0.0
2026-10-07,안중,9,blackmass,0.0,0.0
2026-10-07,안중,10,pack_ev,0.0,0.0
2026-10-07,안중,10,pack_ess,0.0,0.0
2026-10-07,안중,10,blackmass,0.0,0.0
2026-10-07,안중,11,pack_ev,0.0,0.0
2026-10-07,안중,11,pack_ess,0.0,0.0
2026-10-07,안중,11,blackmass,0.0,0.0
2026-10-07,안중,12,pack_ev,0.0,0.0
2026-10-07,안중,12,pack_ess,0.0,0.0
2026-10-07,안중,12,blackmass,0.0,0.0
2026-10-07,안중,13,pack_ev,0.0,0.0
2026-10-07,안중,13,pack_ess,0.0,0.0
2026-10-07,안중,13,blackmass,0.0,0.0
2026-10-07,안중,14,pack_ev,0.0,0.0
2026-10-07,안중,14,pack_ess,0.0,0.0
2026-10-07,안중,14,blackmass,0.0,0.0
2026-10-07,안중,15,pack_ev,0.0,0.0
2026-10-07,안중,15,pack_ess,0.0,0.0
2026-10-07,안중,15,blackmass,0.0,0.0
2026-10-07,안중,16,pack_ev,0.0,0.0
2026-10-07,안중,16,pack_ess,0.0,0.0
2026-10-07,안중,16,blackmass,0.0,0.0
2026-10-07,안중,17,pack_ev,0.0,0.0
2026-10-07,안중,17,pack_ess,0.0,0.0
2026-10-07,안중,17,blackmass,0.0,0.0
2026-10-07,안중,18,pack_ev,0.0,0.0
2026-10-07,안중,18,pack_ess,0.0,0.0
2026-10-07,안중,18,blackmass,0.0,0.0
2026-10-07,안중,19,pack_ev,0.0,0.0
2026-10-07,안중,19,pack_ess,0.0,0.0
2026-10-07,안중,19,blackmass,0.0,0.0
2026-10-07,안중,20,pack_ev,0.0,0.0
2026-10-07,안중,20,pack_ess,0.0,0.0
2026-10-07,안중,20,blackmass,0.0,0.0
2026-10-07,안중,21,pack_ev,0.0,0.0
2026-10-07,안중,21,pack_ess,0.0,0.0
2026-10-07,안중,21,blackmass,0.0,0.0
2026-10-07,안중,22,pack_ev,0.0,0.0
2026-10-07,안중,22,pack_ess,0.0,0.0
2026-10-07,안중,22,blackmass,0.0,0.0
2026-10-07,안중,23,pack_ev,0.0,0.0
2026-10-07,안중,23,pack_ess,0.0,0.0
2026-10-07,안중,23,blackmass,0.0,0.0
2026-10-07,천안,0,pack_ev,0.0,0.0
2026-10-07,천안,0,pack_ess,0.0,0.0
2026-10-07,천안,0,blackmass,0.0,0.0
2026-10-07,천안,1,pack_ev,0.0,0.0
2026-10-07,천안,1,pack_ess,0.0,0.0
2026-10-07,천안,1,blackmass,0.0,0.0
2026-10-07,천안,2,pack_ev,0.0,0.0
2026-10-07,천안,2,pack_ess,0.0,0.0
2026-10-07,천안,2,blackmass,0.0,0.0
2026-10-07,천안,3,pack_ev,0.0,0.0
2026-10-07,천안,3,pack_ess,0.0,0.0
2026-10-07,천안,3,blackmass,0.0,0.0
2026-10-07,천안,4,pack_ev,0.0,0.0
2026-10-07,천안,4,pack_ess,0.0,0.0
2026-10-07,천안,4,blackmass,0.0,0.0
2026-10-07,천안,5,pack_ev,0.0,0.0
2026-10-07,천안,5,pack_ess,0.0,0.0
2026-10-07,천안,5,blackmass,0.0,0.0
2026-10-07,천안,6,pack_ev,0.0,0.0
2026-10-07,천안,6,pack_ess,0.0,0.0
2026-10-07,천안,6,blackmass,0.0,0.0
2026-10-07,천안,7,pack_ev,0.0,0.0
2026-10-07,천안,7,pack_ess,0.0,0.0
2026-10-07,천안,7,blackmass,0.0,0.0
2026-10-07,천안,8,pack_ev,0.0,0.0
2026-10-07,천안,8,pack_ess,0.0,0.0
2026-10-07,천안,8,blackmass,0.0,0.0
2026-10-07,천안,9,pack_ev,0.0,0.0
2026-10-07,천안,9,pack_ess,0.0,0.0
2026-10-07,천안,9,blackmass,0.0,0.0
2026-10-07,천안,10,pack_ev,0.0,0.0
2026-10-07,천안,10,pack_ess,0.0,0.0
2026-10-07,천안,10,blackmass,0.0,0.0
2026-10-07,천안,11,pack_ev,0.0,0.0
2026-10-07,천안,11,pack_ess,0.0,0.0
2026-10-07,천안,11,blackmass,0.0,0.0
2026-10-07,천안,12,pack_ev,0.0,0.0
2026-10-07,천안,12,pack_ess,0.0,0.0
2026-10-07,천안,12,blackmass,0.0,0.0
2026-10-07,천안,13,pack_ev,0.0,0.0
2026-10-07,천안,13,pack_ess,0.0,0.0
2026-10-07,천안,13,blackmass,0.0,0.0
2026-10-07,천안,14,pack_ev,0.0,0.0
2026-10-07,천안,14,pack_ess,0.0,0.0
2026-10-07,천안,14,blackmass,0.0,0.0
2026-10-07,천안,15,pack_ev,0.0,0.0
2026-10-07,천안,15,pack_ess,0.0,0.0
2026-10-07,천안,15,blackmass,0.0,0.0
2026-10-07,천안,16,pack_ev,0.0,0.0
2026-10-07,천안,16,pack_ess,0.0,0.0
2026-10-07,천안,16,blackmass,0.0,0.0
2026-10-07,천안,17,pack_ev,0.0,0.0
2026-10-07,천안,17,pack_ess,0.0,0.0
2026-10-07,천안,17,blackmass,0.0,0.0
2026-10-07,천안,18,pack_ev,0.0,0.0
2026-10-07,천안,18,pack_ess,0.0,0.0
2026-10-07,천안,18,blackmass,0.0,0.0
2026-10-07,천안,19,pack_ev,0.0,0.0
2026-10-07,천안,19,pack_ess,0.0,0.0
2026-10-07,천안,19,blackmass,0.0,0.0
2026-10-07,천안,20,pack_ev,0.0,0.0
2026-10-07,천안,20,pack_ess,0.0,0.0
2026-10-07,천안,20,blackmass,0.0,0.0
2026-10-07,천안,21,pack_ev,0.0,0.0
2026-10-07,천안,21,pack_ess,0.0,0.0
2026-10-07,천안,21,blackmass,0.0,0.0
2026-10-07,천안,22,pack_ev,0.0,0.0
2026-10-07,천안,22,pack_ess,0.0,0.0
2026-10-07,천안,22,blackmass,0.0,0.0
2026-10-07,천안,23,pack_ev,0.0,0.0
2026-10-07,천안,23,pack_ess,0.0,0.0
2026-10-07,천안,23,blackmass,0.0,0.0
2026-10-08,서화성,0,pack_ev,0.0,0.0
2026-10-08,서화성,0,pack_ess,0.0,0.0
2026-10-08,서화성,0,blackmass,0.0,0.0
2026-10-08,서화성,1,pack_ev,0.0,0.0
2026-10-08,서화성,1,pack_ess,0.0,0.0
2026-10-08,서화성,1,blackmass,0.0,0.0
2026-10-08,서화성,2,pack_ev,0.0,0.0
2026-10-08,서화성,2,pack_ess,0.0,0.0
2026-10-08,서화성,2,blackmass,0.0,0.0
2026-10-08,서화성,3,pack_ev,0.0,0.0
2026-10-08,서화성,3,pack_ess,0.0,0.0
2026-10-08,서화성,3,blackmass,0.0,0.0
2026-10-08,서화성,4,pack_ev,0.0,0.0
2026-10-08,서화성,4,pack_ess,0.0,0.0
2026-10-08,서화성,4,blackmass,0.0,0.0
2026-10-08,서화성,5,pack_ev,0.0,0.0
2026-10-08,서화성,5,pack_ess,0.0,0.0
2026-10-08,서화성,5,blackmass,0.0,0.0
2026-10-08,서화성,6,pack_ev,0.0,0.0
2026-10-08,서화성,6,pack_ess,0.0,0.0
2026-10-08,서화성,6,blackmass,0.0,0.0
2026-10-08,서화성,7,pack_ev,0.0,0.0
2026-10-08,서화성,7,pack_ess,0.0,0.0
2026-10-08,서화성,7,blackmass,0.0,0.0
2026-10-08,서화성,8,pack_ev,0.0,0.0
2026-10-08,서화성,8,pack_ess,0.0,0.0
2026-10-08,서화성,8,blackmass,0.0,0.0
2026-10-08,서화성,9,pack_ev,0.0,0.0
2026-10-08,서화성,9,pack_ess,0.0,0.0
2026-10-08,서화성,9,blackmass,0.0,0.0
2026-10-08,서화성,10,pack_ev,4.582,0.1527
2026-10-08,서화성,10,pack_ess,0.0032,0.00011
2026-10-08,서화성,10,blackmass,1.222,0.0244
2026-10-08,서화성,11,pack_ev,4.582,0.1527
2026-10-08,서화성,11,pack_ess,0.0032,0.00011
2026-10-08,서화성,11,blackmass,1.222,0.0244
2026-10-08,서화성,12,pack_ev,4.582,0.1527
2026-10-08,서화성,12,pack_ess,0.0032,0.00011
2026-10-08,서화성,12,blackmass,1.222,0.0244
2026-10-08,서화성,13,pack_ev,4.582,0.1527
2026-10-08,서화성,13,pack_ess,0.0032,0.00011
2026-10-08,서화성,13,blackmass,1.222,0.0244
2026-10-08,서화성,14,pack_ev,4.582,0.1527
2026-10-08,서화성,14,pack_ess,0.0032,0.00011
2026-10-08,서화성,14,blackmass,1.222,0.0244
2026-10-08,서화성,15,pack_ev,4.582,0.1527
2026-10-08,서화성,15,pack_ess,0.0032,0.00011
2026-10-08,서화성,15,blackmass,1.222,0.0244
2026-10-08,서화성,16,pack_ev,4.582,0.1527
2026-10-08,서화성,16,pack_ess,0.0032,0.00011
2026-10-08,서화성,16,blackmass,1.222,0.0244
2026-10-08,서화성,17,pack_ev,4.582,0.1527
2026-10-08,서화성,17,pack_ess,0.0032,0.00011
2026-10-08,서화성,17,blackmass,1.222,0.0244
2026-10-08,서화성,18,pack_ev,0.0,0.0
2026-10-08,서화성,18,pack_ess,0.0,0.0
2026-10-08,서화성,18,blackmass,0.0,0.0
2026-10-08,서화성,19,pack_ev,0.0,0.0
2026-10-08,서화성,19,pack_ess,0.0,0.0
2026-10-08,서화성,19,blackmass,0.0,0.0
2026-10-08,서화성,20,pack_ev,0.0,0.0
2026-10-08,서화성,20,pack_ess,0.0,0.0
2026-10-08,서화성,20,blackmass,0.0,0.0
2026-10-08,서화성,21,pack_ev,0.0,0.0
2026-10-08,서화성,21,pack_ess,0.0,0.0
2026-10-08,서화성,21,blackmass,0.0,0.0
2026-10-08,서화성,22,pack_ev,0.0,0.0
2026-10-08,서화성,22,pack_ess,0.0,0.0
2026-10-08,서화성,22,blackmass,0.0,0.0
2026-10-08,서화성,23,pack_ev,0.0,0.0
2026-10-08,서화성,23,pack_ess,0.0,0.0
2026-10-08,서화성,23,blackmass,0.0,0.0
2026-10-08,신례원,0,pack_ev,0.0,0.0
2026-10-08,신례원,0,pack_ess,0.0,0.0
2026-10-08,신례원,0,blackmass,0.0,0.0
2026-10-08,신례원,1,pack_ev,0.0,0.0
2026-10-08,신례원,1,pack_ess,0.0,0.0
2026-10-08,신례원,1,blackmass,0.0,0.0
2026-10-08,신례원,2,pack_ev,0.0,0.0
2026-10-08,신례원,2,pack_ess,0.0,0.0
2026-10-08,신례원,2,blackmass,0.0,0.0
2026-10-08,신례원,3,pack_ev,0.0,0.0
2026-10-08,신례원,3,pack_ess,0.0,0.0
2026-10-08,신례원,3,blackmass,0.0,0.0
2026-10-08,신례원,4,pack_ev,0.0,0.0
2026-10-08,신례원,4,pack_ess,0.0,0.0
2026-10-08,신례원,4,blackmass,0.0,0.0
2026-10-08,신례원,5,pack_ev,0.0,0.0
2026-10-08,신례원,5,pack_ess,0.0,0.0
2026-10-08,신례원,5,blackmass,0.0,0.0
2026-10-08,신례원,6,pack_ev,0.0,0.0
2026-10-08,신례원,6,pack_ess,0.0,0.0
2026-10-08,신례원,6,blackmass,0.0,0.0
2026-10-08,신례원,7,pack_ev,0.0,0.0
2026-10-08,신례원,7,pack_ess,0.0,0.0
2026-10-08,신례원,7,blackmass,0.0,0.0
2026-10-08,신례원,8,pack_ev,0.0,0.0
2026-10-08,신례원,8,pack_ess,0.0,0.0
2026-10-08,신례원,8,blackmass,0.0,0.0
2026-10-08,신례원,9,pack_ev,0.0,0.0
2026-10-08,신례원,9,pack_ess,0.0,0.0
2026-10-08,신례원,9,blackmass,0.0,0.0
2026-10-08,신례원,10,pack_ev,0.0,0.0
2026-10-08,신례원,10,pack_ess,0.0,0.0
2026-10-08,신례원,10,blackmass,3.019,0.0604
2026-10-08,신례원,11,pack_ev,0.0,0.0
2026-10-08,신례원,11,pack_ess,0.0,0.0
2026-10-08,신례원,11,blackmass,3.019,0.0604
2026-10-08,신례원,12,pack_ev,0.0,0.0
2026-10-08,신례원,12,pack_ess,0.0,0.0
2026-10-08,신례원,12,blackmass,3.019,0.0604
2026-10-08,신례원,13,pack_ev,0.0,0.0
2026-10-08,신례원,13,pack_ess,0.0,0.0
2026-10-08,신례원,13,blackmass,3.019,0.0604
2026-10-08,신례원,14,pack_ev,0.0,0.0
2026-10-08,신례원,14,pack_ess,0.0,0.0
2026-10-08,신례원,14,blackmass,3.019,0.0604
2026-10-08,신례원,15,pack_ev,0.0,0.0
2026-10-08,신례원,15,pack_ess,0.0,0.0
2026-10-08,신례원,15,blackmass,3.019,0.0604
2026-10-08,신례원,16,pack_ev,0.0,0.0
2026-10-08,신례원,16,pack_ess,0.0,0.0
2026-10-08,신례원,16,blackmass,3.019,0.0604
2026-10-08,신례원,17,pack_ev,0.0,0.0
2026-10-08,신례원,17,pack_ess,0.0,0.0
2026-10-08,신례원,17,blackmass,3.019,0.0604
2026-10-08,신례원,18,pack_ev,0.0,0.0
2026-10-08,신례원,18,pack_ess,0.0,0.0
2026-10-08,신례원,18,blackmass,0.0,0.0
2026-10-08,신례원,19,pack_ev,0.0,0.0
2026-10-08,신례원,19,pack_ess,0.0,0.0
2026-10-08,신례원,19,blackmass,0.0,0.0
2026-10-08,신례원,20,pack_ev,0.0,0.0
2026-10-08,신례원,20,pack_ess,0.0,0.0
2026-10-08,신례원,20,blackmass,0.0,0.0
2026-10-08,신례원,21,pack_ev,0.0,0.0
2026-10-08,신례원,21,pack_ess,0.0,0.0
2026-10-08,신례원,21,blackmass,0.0,0.0
2026-10-08,신례원,22,pack_ev,0.0,0.0
2026-10-08,신례원,22,pack_ess,0.0,0.0
2026-10-08,신례원,22,blackmass,0.0,0.0
2026-10-08,신례원,23,pack_ev,0.0,0.0
2026-10-08,신례원,23,pack_ess,0.0,0.0
2026-10-08,신례원,23,blackmass,0.0,0.0
2026-10-08,안중,0,pack_ev,0.0,0.0
2026-10-08,안중,0,pack_ess,0.0,0.0
2026-10-08,안중,0,blackmass,0.0,0.0
2026-10-08,안중,1,pack_ev,0.0,0.0
2026-10-08,안중,1,pack_ess,0.0,0.0
2026-10-08,안중,1,blackmass,0.0,0.0
2026-10-08,안중,2,pack_ev,0.0,0.0
2026-10-08,안중,2,pack_ess,0.0,0.0
2026-10-08,안중,2,blackmass,0.0,0.0
2026-10-08,안중,3,pack_ev,0.0,0.0
2026-10-08,안중,3,pack_ess,0.0,0.0
2026-10-08,안중,3,blackmass,0.0,0.0
2026-10-08,안중,4,pack_ev,0.0,0.0
2026-10-08,안중,4,pack_ess,0.0,0.0
2026-10-08,안중,4,blackmass,0.0,0.0
2026-10-08,안중,5,pack_ev,0.0,0.0
2026-10-08,안중,5,pack_ess,0.0,0.0
2026-10-08,안중,5,blackmass,0.0,0.0
2026-10-08,안중,6,pack_ev,0.0,0.0
2026-10-08,안중,6,pack_ess,0.0,0.0
2026-10-08,안중,6,blackmass,0.0,0.0
2026-10-08,안중,7,pack_ev,0.0,0.0
2026-10-08,안중,7,pack_ess,0.0,0.0
2026-10-08,안중,7,blackmass,0.0,0.0
2026-10-08,안중,8,pack_ev,0.0,0.0
2026-10-08,안중,8,pack_ess,0.0,0.0
2026-10-08,안중,8,blackmass,0.0,0.0
2026-10-08,안중,9,pack_ev,0.0,0.0
2026-10-08,안중,9,pack_ess,0.0,0.0
2026-10-08,안중,9,blackmass,0.0,0.0
2026-10-08,안중,10,pack_ev,4.582,0.1527
2026-10-08,안중,10,pack_ess,0.0032,0.00011
2026-10-08,안중,10,blackmass,1.222,0.0244
2026-10-08,안중,11,pack_ev,4.582,0.1527
2026-10-08,안중,11,pack_ess,0.0032,0.00011
2026-10-08,안중,11,blackmass,1.222,0.0244
2026-10-08,안중,12,pack_ev,4.582,0.1527
2026-10-08,안중,12,pack_ess,0.0032,0.00011
2026-10-08,안중,12,blackmass,1.222,0.0244
2026-10-08,안중,13,pack_ev,4.582,0.1527
2026-10-08,안중,13,pack_ess,0.0032,0.00011
2026-10-08,안중,13,blackmass,1.222,0.0244
2026-10-08,안중,14,pack_ev,4.582,0.1527
2026-10-08,안중,14,pack_ess,0.0032,0.00011
2026-10-08,안중,14,blackmass,1.222,0.0244
2026-10-08,안중,15,pack_ev,4.582,0.1527
2026-10-08,안중,15,pack_ess,0.0032,0.00011
2026-10-08,안중,15,blackmass,1.222,0.0244
2026-10-08,안중,16,pack_ev,4.582,0.1527
2026-10-08,안중,16,pack_ess,0.0032,0.00011
2026-10-08,안중,16,blackmass,1.222,0.0244
2026-10-08,안중,17,pack_ev,4.582,0.1527
2026-10-08,안중,17,pack_ess,0.0032,0.00011
2026-10-08,안중,17,blackmass,1.222,0.0244
2026-10-08,안중,18,pack_ev,0.0,0.0
2026-10-08,안중,18,pack_ess,0.0,0.0
2026-10-08,안중,18,blackmass,0.0,0.0
2026-10-08,안중,19,pack_ev,0.0,0.0
2026-10-08,안중,19,pack_ess,0.0,0.0
2026-10-08,안중,19,blackmass,0.0,0.0
2026-10-08,안중,20,pack_ev,0.0,0.0
2026-10-08,안중,20,pack_ess,0.0,0.0
2026-10-08,안중,20,blackmass,0.0,0.0
2026-10-08,안중,21,pack_ev,0.0,0.0
2026-10-08,안중,21,pack_ess,0.0,0.0
2026-10-08,안중,21,blackmass,0.0,0.0
2026-10-08,안중,22,pack_ev,0.0,0.0
2026-10-08,안중,22,pack_ess,0.0,0.0
2026-10-08,안중,22,blackmass,0.0,0.0
2026-10-08,안중,23,pack_ev,0.0,0.0
2026-10-08,안중,23,pack_ess,0.0,0.0
2026-10-08,안중,23,blackmass,0.0,0.0
2026-10-08,천안,0,pack_ev,0.0,0.0
2026-10-08,천안,0,pack_ess,0.0,0.0
2026-10-08,천안,0,blackmass,0.0,0.0
2026-10-08,천안,1,pack_ev,0.0,0.0
2026-10-08,천안,1,pack_ess,0.0,0.0
2026-10-08,천안,1,blackmass,0.0,0.0
2026-10-08,천안,2,pack_ev,0.0,0.0
2026-10-08,천안,2,pack_ess,0.0,0.0
2026-10-08,천안,2,blackmass,0.0,0.0
2026-10-08,천안,3,pack_ev,0.0,0.0
2026-10-08,천안,3,pack_ess,0.0,0.0
2026-10-08,천안,3,blackmass,0.0,0.0
2026-10-08,천안,4,pack_ev,0.0,0.0
2026-10-08,천안,4,pack_ess,0.0,0.0
2026-10-08,천안,4,blackmass,0.0,0.0
2026-10-08,천안,5,pack_ev,0.0,0.0
2026-10-08,천안,5,pack_ess,0.0,0.0
2026-10-08,천안,5,blackmass,0.0,0.0
2026-10-08,천안,6,pack_ev,0.0,0.0
2026-10-08,천안,6,pack_ess,0.0,0.0
2026-10-08,천안,6,blackmass,0.0,0.0
2026-10-08,천안,7,pack_ev,0.0,0.0
2026-10-08,천안,7,pack_ess,0.0,0.0
2026-10-08,천안,7,blackmass,0.0,0.0
2026-10-08,천안,8,pack_ev,0.0,0.0
2026-10-08,천안,8,pack_ess,0.0,0.0
2026-10-08,천안,8,blackmass,0.0,0.0
2026-10-08,천안,9,pack_ev,0.0,0.0
2026-10-08,천안,9,pack_ess,0.0,0.0
2026-10-08,천안,9,blackmass,0.0,0.0
2026-10-08,천안,10,pack_ev,0.0,0.0
2026-10-08,천안,10,pack_ess,0.0,0.0
2026-10-08,천안,10,blackmass,4.529,0.0906
2026-10-08,천안,11,pack_ev,0.0,0.0
2026-10-08,천안,11,pack_ess,0.0,0.0
2026-10-08,천안,11,blackmass,4.529,0.0906
2026-10-08,천안,12,pack_ev,0.0,0.0
2026-10-08,천안,12,pack_ess,0.0,0.0
2026-10-08,천안,12,blackmass,4.529,0.0906
2026-10-08,천안,13,pack_ev,0.0,0.0
2026-10-08,천안,13,pack_ess,0.0,0.0
2026-10-08,천안,13,blackmass,4.529,0.0906
2026-10-08,천안,14,pack_ev,0.0,0.0
2026-10-08,천안,14,pack_ess,0.0,0.0
2026-10-08,천안,14,blackmass,4.529,0.0906
2026-10-08,천안,15,pack_ev,0.0,0.0
2026-10-08,천안,15,pack_ess,0.0,0.0
2026-10-08,천안,15,blackmass,4.529,0.0906
2026-10-08,천안,16,pack_ev,0.0,0.0
2026-10-08,천안,16,pack_ess,0.0,0.0
2026-10-08,천안,16,blackmass,4.529,0.0906
2026-10-08,천안,17,pack_ev,0.0,0.0
2026-10-08,천안,17,pack_ess,0.0,0.0
2026-10-08,천안,17,blackmass,4.529,0.0906
2026-10-08,천안,18,pack_ev,0.0,0.0
2026-10-08,천안,18,pack_ess,0.0,0.0
2026-10-08,천안,18,blackmass,0.0,0.0
2026-10-08,천안,19,pack_ev,0.0,0.0
2026-10-08,천안,19,pack_ess,0.0,0.0
2026-10-08,천안,19,blackmass,0.0,0.0
2026-10-08,천안,20,pack_ev,0.0,0.0
2026-10-08,천안,20,pack_ess,0.0,0.0
2026-10-08,천안,20,blackmass,0.0,0.0
2026-10-08,천안,21,pack_ev,0.0,0.0
2026-10-08,천안,21,pack_ess,0.0,0.0
2026-10-08,천안,21,blackmass,0.0,0.0
2026-10-08,천안,22,pack_ev,0.0,0.0
2026-10-08,천안,22,pack_ess,0.0,0.0
2026-10-08,천안,22,blackmass,0.0,0.0
2026-10-08,천안,23,pack_ev,0.0,0.0
2026-10-08,천안,23,pack_ess,0.0,0.0
2026-10-08,천안,23,blackmass,0.0,0.0
2026-10-09,서화성,0,pack_ev,0.0,0.0
2026-10-09,서화성,0,pack_ess,0.0,0.0
2026-10-09,서화성,0,blackmass,0.0,0.0
2026-10-09,서화성,1,pack_ev,0.0,0.0
2026-10-09,서화성,1,pack_ess,0.0,0.0
2026-10-09,서화성,1,blackmass,0.0,0.0
2026-10-09,서화성,2,pack_ev,0.0,0.0
2026-10-09,서화성,2,pack_ess,0.0,0.0
2026-10-09,서화성,2,blackmass,0.0,0.0
2026-10-09,서화성,3,pack_ev,0.0,0.0
2026-10-09,서화성,3,pack_ess,0.0,0.0
2026-10-09,서화성,3,blackmass,0.0,0.0
2026-10-09,서화성,4,pack_ev,0.0,0.0
2026-10-09,서화성,4,pack_ess,0.0,0.0
2026-10-09,서화성,4,blackmass,0.0,0.0
2026-10-09,서화성,5,pack_ev,0.0,0.0
2026-10-09,서화성,5,pack_ess,0.0,0.0
2026-10-09,서화성,5,blackmass,0.0,0.0
2026-10-09,서화성,6,pack_ev,0.0,0.0
2026-10-09,서화성,6,pack_ess,0.0,0.0
2026-10-09,서화성,6,blackmass,0.0,0.0
2026-10-09,서화성,7,pack_ev,0.0,0.0
2026-10-09,서화성,7,pack_ess,0.0,0.0
2026-10-09,서화성,7,blackmass,0.0,0.0
2026-10-09,서화성,8,pack_ev,0.0,0.0
2026-10-09,서화성,8,pack_ess,0.0,0.0
2026-10-09,서화성,8,blackmass,0.0,0.0
2026-10-09,서화성,9,pack_ev,0.0,0.0
2026-10-09,서화성,9,pack_ess,0.0,0.0
2026-10-09,서화성,9,blackmass,0.0,0.0
2026-10-09,서화성,10,pack_ev,0.0,0.0
2026-10-09,서화성,10,pack_ess,0.0,0.0
2026-10-09,서화성,10,blackmass,0.0,0.0
2026-10-09,서화성,11,pack_ev,0.0,0.0
2026-10-09,서화성,11,pack_ess,0.0,0.0
2026-10-09,서화성,11,blackmass,0.0,0.0
2026-10-09,서화성,12,pack_ev,0.0,0.0
2026-10-09,서화성,12,pack_ess,0.0,0.0
2026-10-09,서화성,12,blackmass,0.0,0.0
2026-10-09,서화성,13,pack_ev,0.0,0.0
2026-10-09,서화성,13,pack_ess,0.0,0.0
2026-10-09,서화성,13,blackmass,0.0,0.0
2026-10-09,서화성,14,pack_ev,0.0,0.0
2026-10-09,서화성,14,pack_ess,0.0,0.0
2026-10-09,서화성,14,blackmass,0.0,0.0
2026-10-09,서화성,15,pack_ev,0.0,0.0
2026-10-09,서화성,15,pack_ess,0.0,0.0
2026-10-09,서화성,15,blackmass,0.0,0.0
2026-10-09,서화성,16,pack_ev,0.0,0.0
2026-10-09,서화성,16,pack_ess,0.0,0.0
2026-10-09,서화성,16,blackmass,0.0,0.0
2026-10-09,서화성,17,pack_ev,0.0,0.0
2026-10-09,서화성,17,pack_ess,0.0,0.0
2026-10-09,서화성,17,blackmass,0.0,0.0
2026-10-09,서화성,18,pack_ev,0.0,0.0
2026-10-09,서화성,18,pack_ess,0.0,0.0
2026-10-09,서화성,18,blackmass,0.0,0.0
2026-10-09,서화성,19,pack_ev,0.0,0.0
2026-10-09,서화성,19,pack_ess,0.0,0.0
2026-10-09,서화성,19,blackmass,0.0,0.0
2026-10-09,서화성,20,pack_ev,0.0,0.0
2026-10-09,서화성,20,pack_ess,0.0,0.0
2026-10-09,서화성,20,blackmass,0.0,0.0
2026-10-09,서화성,21,pack_ev,0.0,0.0
2026-10-09,서화성,21,pack_ess,0.0,0.0
2026-10-09,서화성,21,blackmass,0.0,0.0
2026-10-09,서화성,22,pack_ev,0.0,0.0
2026-10-09,서화성,22,pack_ess,0.0,0.0
2026-10-09,서화성,22,blackmass,0.0,0.0
2026-10-09,서화성,23,pack_ev,0.0,0.0
2026-10-09,서화성,23,pack_ess,0.0,0.0
2026-10-09,서화성,23,blackmass,0.0,0.0
2026-10-09,신례원,0,pack_ev,0.0,0.0
2026-10-09,신례원,0,pack_ess,0.0,0.0
2026-10-09,신례원,0,blackmass,0.0,0.0
2026-10-09,신례원,1,pack_ev,0.0,0.0
2026-10-09,신례원,1,pack_ess,0.0,0.0
2026-10-09,신례원,1,blackmass,0.0,0.0
2026-10-09,신례원,2,pack_ev,0.0,0.0
2026-10-09,신례원,2,pack_ess,0.0,0.0
2026-10-09,신례원,2,blackmass,0.0,0.0
2026-10-09,신례원,3,pack_ev,0.0,0.0
2026-10-09,신례원,3,pack_ess,0.0,0.0
2026-10-09,신례원,3,blackmass,0.0,0.0
2026-10-09,신례원,4,pack_ev,0.0,0.0
2026-10-09,신례원,4,pack_ess,0.0,0.0
2026-10-09,신례원,4,blackmass,0.0,0.0
2026-10-09,신례원,5,pack_ev,0.0,0.0
2026-10-09,신례원,5,pack_ess,0.0,0.0
2026-10-09,신례원,5,blackmass,0.0,0.0
2026-10-09,신례원,6,pack_ev,0.0,0.0
2026-10-09,신례원,6,pack_ess,0.0,0.0
2026-10-09,신례원,6,blackmass,0.0,0.0
2026-10-09,신례원,7,pack_ev,0.0,0.0
2026-10-09,신례원,7,pack_ess,0.0,0.0
2026-10-09,신례원,7,blackmass,0.0,0.0
2026-10-09,신례원,8,pack_ev,0.0,0.0
2026-10-09,신례원,8,pack_ess,0.0,0.0
2026-10-09,신례원,8,blackmass,0.0,0.0
2026-10-09,신례원,9,pack_ev,0.0,0.0
2026-10-09,신례원,9,pack_ess,0.0,0.0
2026-10-09,신례원,9,blackmass,0.0,0.0
2026-10-09,신례원,10,pack_ev,0.0,0.0
2026-10-09,신례원,10,pack_ess,0.0,0.0
2026-10-09,신례원,10,blackmass,0.0,0.0
2026-10-09,신례원,11,pack_ev,0.0,0.0
2026-10-09,신례원,11,pack_ess,0.0,0.0
2026-10-09,신례원,11,blackmass,0.0,0.0
2026-10-09,신례원,12,pack_ev,0.0,0.0
2026-10-09,신례원,12,pack_ess,0.0,0.0
2026-10-09,신례원,12,blackmass,0.0,0.0
2026-10-09,신례원,13,pack_ev,0.0,0.0
2026-10-09,신례원,13,pack_ess,0.0,0.0
2026-10-09,신례원,13,blackmass,0.0,0.0
2026-10-09,신례원,14,pack_ev,0.0,0.0
2026-10-09,신례원,14,pack_ess,0.0,0.0
2026-10-09,신례원,14,blackmass,0.0,0.0
2026-10-09,신례원,15,pack_ev,0.0,0.0
2026-10-09,신례원,15,pack_ess,0.0,0.0
2026-10-09,신례원,15,blackmass,0.0,0.0
2026-10-09,신례원,16,pack_ev,0.0,0.0
2026-10-09,신례원,16,pack_ess,0.0,0.0
2026-10-09,신례원,16,blackmass,0.0,0.0
2026-10-09,신례원,17,pack_ev,0.0,0.0
2026-10-09,신례원,17,pack_ess,0.0,0.0
2026-10-09,신례원,17,blackmass,0.0,0.0
2026-10-09,신례원,18,pack_ev,0.0,0.0
2026-10-09,신례원,18,pack_ess,0.0,0.0
2026-10-09,신례원,18,blackmass,0.0,0.0
2026-10-09,신례원,19,pack_ev,0.0,0.0
2026-10-09,신례원,19,pack_ess,0.0,0.0
2026-10-09,신례원,19,blackmass,0.0,0.0
2026-10-09,신례원,20,pack_ev,0.0,0.0
2026-10-09,신례원,20,pack_ess,0.0,0.0
2026-10-09,신례원,20,blackmass,0.0,0.0
2026-10-09,신례원,21,pack_ev,0.0,0.0
2026-10-09,신례원,21,pack_ess,0.0,0.0
2026-10-09,신례원,21,blackmass,0.0,0.0
2026-10-09,신례원,22,pack_ev,0.0,0.0
2026-10-09,신례원,22,pack_ess,0.0,0.0
2026-10-09,신례원,22,blackmass,0.0,0.0
2026-10-09,신례원,23,pack_ev,0.0,0.0
2026-10-09,신례원,23,pack_ess,0.0,0.0
2026-10-09,신례원,23,blackmass,0.0,0.0
2026-10-09,안중,0,pack_ev,0.0,0.0
2026-10-09,안중,0,pack_ess,0.0,0.0
2026-10-09,안중,0,blackmass,0.0,0.0
2026-10-09,안중,1,pack_ev,0.0,0.0
2026-10-09,안중,1,pack_ess,0.0,0.0
2026-10-09,안중,1,blackmass,0.0,0.0
2026-10-09,안중,2,pack_ev,0.0,0.0
2026-10-09,안중,2,pack_ess,0.0,0.0
2026-10-09,안중,2,blackmass,0.0,0.0
2026-10-09,안중,3,pack_ev,0.0,0.0
2026-10-09,안중,3,pack_ess,0.0,0.0
2026-10-09,안중,3,blackmass,0.0,0.0
2026-10-09,안중,4,pack_ev,0.0,0.0
2026-10-09,안중,4,pack_ess,0.0,0.0
2026-10-09,안중,4,blackmass,0.0,0.0
2026-10-09,안중,5,pack_ev,0.0,0.0
2026-10-09,안중,5,pack_ess,0.0,0.0
2026-10-09,안중,5,blackmass,0.0,0.0
2026-10-09,안중,6,pack_ev,0.0,0.0
2026-10-09,안중,6,pack_ess,0.0,0.0
2026-10-09,안중,6,blackmass,0.0,0.0
2026-10-09,안중,7,pack_ev,0.0,0.0
2026-10-09,안중,7,pack_ess,0.0,0.0
2026-10-09,안중,7,blackmass,0.0,0.0
2026-10-09,안중,8,pack_ev,0.0,0.0
2026-10-09,안중,8,pack_ess,0.0,0.0
2026-10-09,안중,8,blackmass,0.0,0.0
2026-10-09,안중,9,pack_ev,0.0,0.0
2026-10-09,안중,9,pack_ess,0.0,0.0
2026-10-09,안중,9,blackmass,0.0,0.0
2026-10-09,안중,10,pack_ev,0.0,0.0
2026-10-09,안중,10,pack_ess,0.0,0.0
2026-10-09,안중,10,blackmass,0.0,0.0
2026-10-09,안중,11,pack_ev,0.0,0.0
2026-10-09,안중,11,pack_ess,0.0,0.0
2026-10-09,안중,11,blackmass,0.0,0.0
2026-10-09,안중,12,pack_ev,0.0,0.0
2026-10-09,안중,12,pack_ess,0.0,0.0
2026-10-09,안중,12,blackmass,0.0,0.0
2026-10-09,안중,13,pack_ev,0.0,0.0
2026-10-09,안중,13,pack_ess,0.0,0.0
2026-10-09,안중,13,blackmass,0.0,0.0
2026-10-09,안중,14,pack_ev,0.0,0.0
2026-10-09,안중,14,pack_ess,0.0,0.0
2026-10-09,안중,14,blackmass,0.0,0.0
2026-10-09,안중,15,pack_ev,0.0,0.0
2026-10-09,안중,15,pack_ess,0.0,0.0
2026-10-09,안중,15,blackmass,0.0,0.0
2026-10-09,안중,16,pack_ev,0.0,0.0
2026-10-09,안중,16,pack_ess,0.0,0.0
2026-10-09,안중,16,blackmass,0.0,0.0
2026-10-09,안중,17,pack_ev,0.0,0.0
2026-10-09,안중,17,pack_ess,0.0,0.0
2026-10-09,안중,17,blackmass,0.0,0.0
2026-10-09,안중,18,pack_ev,0.0,0.0
2026-10-09,안중,18,pack_ess,0.0,0.0
2026-10-09,안중,18,blackmass,0.0,0.0
2026-10-09,안중,19,pack_ev,0.0,0.0
2026-10-09,안중,19,pack_ess,0.0,0.0
2026-10-09,안중,19,blackmass,0.0,0.0
2026-10-09,안중,20,pack_ev,0.0,0.0
2026-10-09,안중,20,pack_ess,0.0,0.0
2026-10-09,안중,20,blackmass,0.0,0.0
2026-10-09,안중,21,pack_ev,0.0,0.0
2026-10-09,안중,21,pack_ess,0.0,0.0
2026-10-09,안중,21,blackmass,0.0,0.0
2026-10-09,안중,22,pack_ev,0.0,0.0
2026-10-09,안중,22,pack_ess,0.0,0.0
2026-10-09,안중,22,blackmass,0.0,0.0
2026-10-09,안중,23,pack_ev,0.0,0.0
2026-10-09,안중,23,pack_ess,0.0,0.0
2026-10-09,안중,23,blackmass,0.0,0.0
2026-10-09,천안,0,pack_ev,0.0,0.0
2026-10-09,천안,0,pack_ess,0.0,0.0
2026-10-09,천안,0,blackmass,0.0,0.0
2026-10-09,천안,1,pack_ev,0.0,0.0
2026-10-09,천안,1,pack_ess,0.0,0.0
2026-10-09,천안,1,blackmass,0.0,0.0
2026-10-09,천안,2,pack_ev,0.0,0.0
2026-10-09,천안,2,pack_ess,0.0,0.0
2026-10-09,천안,2,blackmass,0.0,0.0
2026-10-09,천안,3,pack_ev,0.0,0.0
2026-10-09,천안,3,pack_ess,0.0,0.0
2026-10-09,천안,3,blackmass,0.0,0.0
2026-10-09,천안,4,pack_ev,0.0,0.0
2026-10-09,천안,4,pack_ess,0.0,0.0
2026-10-09,천안,4,blackmass,0.0,0.0
2026-10-09,천안,5,pack_ev,0.0,0.0
2026-10-09,천안,5,pack_ess,0.0,0.0
2026-10-09,천안,5,blackmass,0.0,0.0
2026-10-09,천안,6,pack_ev,0.0,0.0
2026-10-09,천안,6,pack_ess,0.0,0.0
2026-10-09,천안,6,blackmass,0.0,0.0
2026-10-09,천안,7,pack_ev,0.0,0.0
2026-10-09,천안,7,pack_ess,0.0,0.0
2026-10-09,천안,7,blackmass,0.0,0.0
2026-10-09,천안,8,pack_ev,0.0,0.0
2026-10-09,천안,8,pack_ess,0.0,0.0
2026-10-09,천안,8,blackmass,0.0,0.0
2026-10-09,천안,9,pack_ev,0.0,0.0
2026-10-09,천안,9,pack_ess,0.0,0.0
2026-10-09,천안,9,blackmass,0.0,0.0
2026-10-09,천안,10,pack_ev,0.0,0.0
2026-10-09,천안,10,pack_ess,0.0,0.0
2026-10-09,천안,10,blackmass,0.0,0.0
2026-10-09,천안,11,pack_ev,0.0,0.0
2026-10-09,천안,11,pack_ess,0.0,0.0
2026-10-09,천안,11,blackmass,0.0,0.0
2026-10-09,천안,12,pack_ev,0.0,0.0
2026-10-09,천안,12,pack_ess,0.0,0.0
2026-10-09,천안,12,blackmass,0.0,0.0
2026-10-09,천안,13,pack_ev,0.0,0.0
2026-10-09,천안,13,pack_ess,0.0,0.0
2026-10-09,천안,13,blackmass,0.0,0.0
2026-10-09,천안,14,pack_ev,0.0,0.0
2026-10-09,천안,14,pack_ess,0.0,0.0
2026-10-09,천안,14,blackmass,0.0,0.0
2026-10-09,천안,15,pack_ev,0.0,0.0
2026-10-09,천안,15,pack_ess,0.0,0.0
2026-10-09,천안,15,blackmass,0.0,0.0
2026-10-09,천안,16,pack_ev,0.0,0.0
2026-10-09,천안,16,pack_ess,0.0,0.0
2026-10-09,천안,16,blackmass,0.0,0.0
2026-10-09,천안,17,pack_ev,0.0,0.0
2026-10-09,천안,17,pack_ess,0.0,0.0
2026-10-09,천안,17,blackmass,0.0,0.0
2026-10-09,천안,18,pack_ev,0.0,0.0
2026-10-09,천안,18,pack_ess,0.0,0.0
2026-10-09,천안,18,blackmass,0.0,0.0
2026-10-09,천안,19,pack_ev,0.0,0.0
2026-10-09,천안,19,pack_ess,0.0,0.0
2026-10-09,천안,19,blackmass,0.0,0.0
2026-10-09,천안,20,pack_ev,0.0,0.0
2026-10-09,천안,20,pack_ess,0.0,0.0
2026-10-09,천안,20,blackmass,0.0,0.0
2026-10-09,천안,21,pack_ev,0.0,0.0
2026-10-09,천안,21,pack_ess,0.0,0.0
2026-10-09,천안,21,blackmass,0.0,0.0
2026-10-09,천안,22,pack_ev,0.0,0.0
2026-10-09,천안,22,pack_ess,0.0,0.0
2026-10-09,천안,22,blackmass,0.0,0.0
2026-10-09,천안,23,pack_ev,0.0,0.0
2026-10-09,천안,23,pack_ess,0.0,0.0
2026-10-09,천안,23,blackmass,0.0,0.0
2026-10-10,서화성,0,pack_ev,0.0,0.0
2026-10-10,서화성,0,pack_ess,0.0,0.0
2026-10-10,서화성,0,blackmass,0.0,0.0
2026-10-10,서화성,1,pack_ev,0.0,0.0
2026-10-10,서화성,1,pack_ess,0.0,0.0
2026-10-10,서화성,1,blackmass,0.0,0.0
2026-10-10,서화성,2,pack_ev,0.0,0.0
2026-10-10,서화성,2,pack_ess,0.0,0.0
2026-10-10,서화성,2,blackmass,0.0,0.0
2026-10-10,서화성,3,pack_ev,0.0,0.0
2026-10-10,서화성,3,pack_ess,0.0,0.0
2026-10-10,서화성,3,blackmass,0.0,0.0
2026-10-10,서화성,4,pack_ev,0.0,0.0
2026-10-10,서화성,4,pack_ess,0.0,0.0
2026-10-10,서화성,4,blackmass,0.0,0.0
2026-10-10,서화성,5,pack_ev,0.0,0.0
2026-10-10,서화성,5,pack_ess,0.0,0.0
2026-10-10,서화성,5,blackmass,0.0,0.0
2026-10-10,서화성,6,pack_ev,0.0,0.0
2026-10-10,서화성,6,pack_ess,0.0,0.0
2026-10-10,서화성,6,blackmass,0.0,0.0
2026-10-10,서화성,7,pack_ev,0.0,0.0
2026-10-10,서화성,7,pack_ess,0.0,0.0
2026-10-10,서화성,7,blackmass,0.0,0.0
2026-10-10,서화성,8,pack_ev,0.0,0.0
2026-10-10,서화성,8,pack_ess,0.0,0.0
2026-10-10,서화성,8,blackmass,0.0,0.0
2026-10-10,서화성,9,pack_ev,0.0,0.0
2026-10-10,서화성,9,pack_ess,0.0,0.0
2026-10-10,서화성,9,blackmass,0.0,0.0
2026-10-10,서화성,10,pack_ev,0.0,0.0
2026-10-10,서화성,10,pack_ess,0.0,0.0
2026-10-10,서화성,10,blackmass,0.0,0.0
2026-10-10,서화성,11,pack_ev,0.0,0.0
2026-10-10,서화성,11,pack_ess,0.0,0.0
2026-10-10,서화성,11,blackmass,0.0,0.0
2026-10-10,서화성,12,pack_ev,0.0,0.0
2026-10-10,서화성,12,pack_ess,0.0,0.0
2026-10-10,서화성,12,blackmass,0.0,0.0
2026-10-10,서화성,13,pack_ev,0.0,0.0
2026-10-10,서화성,13,pack_ess,0.0,0.0
2026-10-10,서화성,13,blackmass,0.0,0.0
2026-10-10,서화성,14,pack_ev,0.0,0.0
2026-10-10,서화성,14,pack_ess,0.0,0.0
2026-10-10,서화성,14,blackmass,0.0,0.0
2026-10-10,서화성,15,pack_ev,0.0,0.0
2026-10-10,서화성,15,pack_ess,0.0,0.0
2026-10-10,서화성,15,blackmass,0.0,0.0
2026-10-10,서화성,16,pack_ev,0.0,0.0
2026-10-10,서화성,16,pack_ess,0.0,0.0
2026-10-10,서화성,16,blackmass,0.0,0.0
2026-10-10,서화성,17,pack_ev,0.0,0.0
2026-10-10,서화성,17,pack_ess,0.0,0.0
2026-10-10,서화성,17,blackmass,0.0,0.0
2026-10-10,서화성,18,pack_ev,0.0,0.0
2026-10-10,서화성,18,pack_ess,0.0,0.0
2026-10-10,서화성,18,blackmass,0.0,0.0
2026-10-10,서화성,19,pack_ev,0.0,0.0
2026-10-10,서화성,19,pack_ess,0.0,0.0
2026-10-10,서화성,19,blackmass,0.0,0.0
2026-10-10,서화성,20,pack_ev,0.0,0.0
2026-10-10,서화성,20,pack_ess,0.0,0.0
2026-10-10,서화성,20,blackmass,0.0,0.0
2026-10-10,서화성,21,pack_ev,0.0,0.0
2026-10-10,서화성,21,pack_ess,0.0,0.0
2026-10-10,서화성,21,blackmass,0.0,0.0
2026-10-10,서화성,22,pack_ev,0.0,0.0
2026-10-10,서화성,22,pack_ess,0.0,0.0
2026-10-10,서화성,22,blackmass,0.0,0.0
2026-10-10,서화성,23,pack_ev,0.0,0.0
2026-10-10,서화성,23,pack_ess,0.0,0.0
2026-10-10,서화성,23,blackmass,0.0,0.0
2026-10-10,신례원,0,pack_ev,0.0,0.0
2026-10-10,신례원,0,pack_ess,0.0,0.0
2026-10-10,신례원,0,blackmass,0.0,0.0
2026-10-10,신례원,1,pack_ev,0.0,0.0
2026-10-10,신례원,1,pack_ess,0.0,0.0
2026-10-10,신례원,1,blackmass,0.0,0.0
2026-10-10,신례원,2,pack_ev,0.0,0.0
2026-10-10,신례원,2,pack_ess,0.0,0.0
2026-10-10,신례원,2,blackmass,0.0,0.0
2026-10-10,신례원,3,pack_ev,0.0,0.0
2026-10-10,신례원,3,pack_ess,0.0,0.0
2026-10-10,신례원,3,blackmass,0.0,0.0
2026-10-10,신례원,4,pack_ev,0.0,0.0
2026-10-10,신례원,4,pack_ess,0.0,0.0
2026-10-10,신례원,4,blackmass,0.0,0.0
2026-10-10,신례원,5,pack_ev,0.0,0.0
2026-10-10,신례원,5,pack_ess,0.0,0.0
2026-10-10,신례원,5,blackmass,0.0,0.0
2026-10-10,신례원,6,pack_ev,0.0,0.0
2026-10-10,신례원,6,pack_ess,0.0,0.0
2026-10-10,신례원,6,blackmass,0.0,0.0
2026-10-10,신례원,7,pack_ev,0.0,0.0
2026-10-10,신례원,7,pack_ess,0.0,0.0
2026-10-10,신례원,7,blackmass,0.0,0.0
2026-10-10,신례원,8,pack_ev,0.0,0.0
2026-10-10,신례원,8,pack_ess,0.0,0.0
2026-10-10,신례원,8,blackmass,0.0,0.0
2026-10-10,신례원,9,pack_ev,0.0,0.0
2026-10-10,신례원,9,pack_ess,0.0,0.0
2026-10-10,신례원,9,blackmass,0.0,0.0
2026-10-10,신례원,10,pack_ev,0.0,0.0
2026-10-10,신례원,10,pack_ess,0.0,0.0
2026-10-10,신례원,10,blackmass,0.0,0.0
2026-10-10,신례원,11,pack_ev,0.0,0.0
2026-10-10,신례원,11,pack_ess,0.0,0.0
2026-10-10,신례원,11,blackmass,0.0,0.0
2026-10-10,신례원,12,pack_ev,0.0,0.0
2026-10-10,신례원,12,pack_ess,0.0,0.0
2026-10-10,신례원,12,blackmass,0.0,0.0
2026-10-10,신례원,13,pack_ev,0.0,0.0
2026-10-10,신례원,13,pack_ess,0.0,0.0
2026-10-10,신례원,13,blackmass,0.0,0.0
2026-10-10,신례원,14,pack_ev,0.0,0.0
2026-10-10,신례원,14,pack_ess,0.0,0.0
2026-10-10,신례원,14,blackmass,0.0,0.0
2026-10-10,신례원,15,pack_ev,0.0,0.0
2026-10-10,신례원,15,pack_ess,0.0,0.0
2026-10-10,신례원,15,blackmass,0.0,0.0
2026-10-10,신례원,16,pack_ev,0.0,0.0
2026-10-10,신례원,16,pack_ess,0.0,0.0
2026-10-10,신례원,16,blackmass,0.0,0.0
2026-10-10,신례원,17,pack_ev,0.0,0.0
2026-10-10,신례원,17,pack_ess,0.0,0.0
2026-10-10,신례원,17,blackmass,0.0,0.0
2026-10-10,신례원,18,pack_ev,0.0,0.0
2026-10-10,신례원,18,pack_ess,0.0,0.0
2026-10-10,신례원,18,blackmass,0.0,0.0
2026-10-10,신례원,19,pack_ev,0.0,0.0
2026-10-10,신례원,19,pack_ess,0.0,0.0
2026-10-10,신례원,19,blackmass,0.0,0.0
2026-10-10,신례원,20,pack_ev,0.0,0.0
2026-10-10,신례원,20,pack_ess,0.0,0.0
2026-10-10,신례원,20,blackmass,0.0,0.0
2026-10-10,신례원,21,pack_ev,0.0,0.0
2026-10-10,신례원,21,pack_ess,0.0,0.0
2026-10-10,신례원,21,blackmass,0.0,0.0
2026-10-10,신례원,22,pack_ev,0.0,0.0
2026-10-10,신례원,22,pack_ess,0.0,0.0
2026-10-10,신례원,22,blackmass,0.0,0.0
2026-10-10,신례원,23,pack_ev,0.0,0.0
2026-10-10,신례원,23,pack_ess,0.0,0.0
2026-10-10,신례원,23,blackmass,0.0,0.0
2026-10-10,안중,0,pack_ev,0.0,0.0
2026-10-10,안중,0,pack_ess,0.0,0.0
2026-10-10,안중,0,blackmass,0.0,0.0
2026-10-10,안중,1,pack_ev,0.0,0.0
2026-10-10,안중,1,pack_ess,0.0,0.0
2026-10-10,안중,1,blackmass,0.0,0.0
2026-10-10,안중,2,pack_ev,0.0,0.0
2026-10-10,안중,2,pack_ess,0.0,0.0
2026-10-10,안중,2,blackmass,0.0,0.0
2026-10-10,안중,3,pack_ev,0.0,0.0
2026-10-10,안중,3,pack_ess,0.0,0.0
2026-10-10,안중,3,blackmass,0.0,0.0
2026-10-10,안중,4,pack_ev,0.0,0.0
2026-10-10,안중,4,pack_ess,0.0,0.0
2026-10-10,안중,4,blackmass,0.0,0.0
2026-10-10,안중,5,pack_ev,0.0,0.0
2026-10-10,안중,5,pack_ess,0.0,0.0
2026-10-10,안중,5,blackmass,0.0,0.0
2026-10-10,안중,6,pack_ev,0.0,0.0
2026-10-10,안중,6,pack_ess,0.0,0.0
2026-10-10,안중,6,blackmass,0.0,0.0
2026-10-10,안중,7,pack_ev,0.0,0.0
2026-10-10,안중,7,pack_ess,0.0,0.0
2026-10-10,안중,7,blackmass,0.0,0.0
2026-10-10,안중,8,pack_ev,0.0,0.0
2026-10-10,안중,8,pack_ess,0.0,0.0
2026-10-10,안중,8,blackmass,0.0,0.0
2026-10-10,안중,9,pack_ev,0.0,0.0
2026-10-10,안중,9,pack_ess,0.0,0.0
2026-10-10,안중,9,blackmass,0.0,0.0
2026-10-10,안중,10,pack_ev,0.0,0.0
2026-10-10,안중,10,pack_ess,0.0,0.0
2026-10-10,안중,10,blackmass,0.0,0.0
2026-10-10,안중,11,pack_ev,0.0,0.0
2026-10-10,안중,11,pack_ess,0.0,0.0
2026-10-10,안중,11,blackmass,0.0,0.0
2026-10-10,안중,12,pack_ev,0.0,0.0
2026-10-10,안중,12,pack_ess,0.0,0.0
2026-10-10,안중,12,blackmass,0.0,0.0
2026-10-10,안중,13,pack_ev,0.0,0.0
2026-10-10,안중,13,pack_ess,0.0,0.0
2026-10-10,안중,13,blackmass,0.0,0.0
2026-10-10,안중,14,pack_ev,0.0,0.0
2026-10-10,안중,14,pack_ess,0.0,0.0
2026-10-10,안중,14,blackmass,0.0,0.0
2026-10-10,안중,15,pack_ev,0.0,0.0
2026-10-10,안중,15,pack_ess,0.0,0.0
2026-10-10,안중,15,blackmass,0.0,0.0
2026-10-10,안중,16,pack_ev,0.0,0.0
2026-10-10,안중,16,pack_ess,0.0,0.0
2026-10-10,안중,16,blackmass,0.0,0.0
2026-10-10,안중,17,pack_ev,0.0,0.0
2026-10-10,안중,17,pack_ess,0.0,0.0
2026-10-10,안중,17,blackmass,0.0,0.0
2026-10-10,안중,18,pack_ev,0.0,0.0
2026-10-10,안중,18,pack_ess,0.0,0.0
2026-10-10,안중,18,blackmass,0.0,0.0
2026-10-10,안중,19,pack_ev,0.0,0.0
2026-10-10,안중,19,pack_ess,0.0,0.0
2026-10-10,안중,19,blackmass,0.0,0.0
2026-10-10,안중,20,pack_ev,0.0,0.0
2026-10-10,안중,20,pack_ess,0.0,0.0
2026-10-10,안중,20,blackmass,0.0,0.0
2026-10-10,안중,21,pack_ev,0.0,0.0
2026-10-10,안중,21,pack_ess,0.0,0.0
2026-10-10,안중,21,blackmass,0.0,0.0
2026-10-10,안중,22,pack_ev,0.0,0.0
2026-10-10,안중,22,pack_ess,0.0,0.0
2026-10-10,안중,22,blackmass,0.0,0.0
2026-10-10,안중,23,pack_ev,0.0,0.0
2026-10-10,안중,23,pack_ess,0.0,0.0
2026-10-10,안중,23,blackmass,0.0,0.0
2026-10-10,천안,0,pack_ev,0.0,0.0
2026-10-10,천안,0,pack_ess,0.0,0.0
2026-10-10,천안,0,blackmass,0.0,0.0
2026-10-10,천안,1,pack_ev,0.0,0.0
2026-10-10,천안,1,pack_ess,0.0,0.0
2026-10-10,천안,1,blackmass,0.0,0.0
2026-10-10,천안,2,pack_ev,0.0,0.0
2026-10-10,천안,2,pack_ess,0.0,0.0
2026-10-10,천안,2,blackmass,0.0,0.0
2026-10-10,천안,3,pack_ev,0.0,0.0
2026-10-10,천안,3,pack_ess,0.0,0.0
2026-10-10,천안,3,blackmass,0.0,0.0
2026-10-10,천안,4,pack_ev,0.0,0.0
2026-10-10,천안,4,pack_ess,0.0,0.0
2026-10-10,천안,4,blackmass,0.0,0.0
2026-10-10,천안,5,pack_ev,0.0,0.0
2026-10-10,천안,5,pack_ess,0.0,0.0
2026-10-10,천안,5,blackmass,0.0,0.0
2026-10-10,천안,6,pack_ev,0.0,0.0
2026-10-10,천안,6,pack_ess,0.0,0.0
2026-10-10,천안,6,blackmass,0.0,0.0
2026-10-10,천안,7,pack_ev,0.0,0.0
2026-10-10,천안,7,pack_ess,0.0,0.0
2026-10-10,천안,7,blackmass,0.0,0.0
2026-10-10,천안,8,pack_ev,0.0,0.0
2026-10-10,천안,8,pack_ess,0.0,0.0
2026-10-10,천안,8,blackmass,0.0,0.0
2026-10-10,천안,9,pack_ev,0.0,0.0
2026-10-10,천안,9,pack_ess,0.0,0.0
2026-10-10,천안,9,blackmass,0.0,0.0
2026-10-10,천안,10,pack_ev,0.0,0.0
2026-10-10,천안,10,pack_ess,0.0,0.0
2026-10-10,천안,10,blackmass,0.0,0.0
2026-10-10,천안,11,pack_ev,0.0,0.0
2026-10-10,천안,11,pack_ess,0.0,0.0
2026-10-10,천안,11,blackmass,0.0,0.0
2026-10-10,천안,12,pack_ev,0.0,0.0
2026-10-10,천안,12,pack_ess,0.0,0.0
2026-10-10,천안,12,blackmass,0.0,0.0
2026-10-10,천안,13,pack_ev,0.0,0.0
2026-10-10,천안,13,pack_ess,0.0,0.0
2026-10-10,천안,13,blackmass,0.0,0.0
2026-10-10,천안,14,pack_ev,0.0,0.0
2026-10-10,천안,14,pack_ess,0.0,0.0
2026-10-10,천안,14,blackmass,0.0,0.0
2026-10-10,천안,15,pack_ev,0.0,0.0
2026-10-10,천안,15,pack_ess,0.0,0.0
2026-10-10,천안,15,blackmass,0.0,0.0
2026-10-10,천안,16,pack_ev,0.0,0.0
2026-10-10,천안,16,pack_ess,0.0,0.0
2026-10-10,천안,16,blackmass,0.0,0.0
2026-10-10,천안,17,pack_ev,0.0,0.0
2026-10-10,천안,17,pack_ess,0.0,0.0
2026-10-10,천안,17,blackmass,0.0,0.0
2026-10-10,천안,18,pack_ev,0.0,0.0
2026-10-10,천안,18,pack_ess,0.0,0.0
2026-10-10,천안,18,blackmass,0.0,0.0
2026-10-10,천안,19,pack_ev,0.0,0.0
2026-10-10,천안,19,pack_ess,0.0,0.0
2026-10-10,천안,19,blackmass,0.0,0.0
2026-10-10,천안,20,pack_ev,0.0,0.0
2026-10-10,천안,20,pack_ess,0.0,0.0
2026-10-10,천안,20,blackmass,0.0,0.0
2026-10-10,천안,21,pack_ev,0.0,0.0
2026-10-10,천안,21,pack_ess,0.0,0.0
2026-10-10,천안,21,blackmass,0.0,0.0
2026-10-10,천안,22,pack_ev,0.0,0.0
2026-10-10,천안,22,pack_ess,0.0,0.0
2026-10-10,천안,22,blackmass,0.0,0.0
2026-10-10,천안,23,pack_ev,0.0,0.0
2026-10-10,천안,23,pack_ess,0.0,0.0
2026-10-10,천안,23,blackmass,0.0,0.0
2026-10-11,서화성,0,pack_ev,0.0,0.0
2026-10-11,서화성,0,pack_ess,0.0,0.0
2026-10-11,서화성,0,blackmass,0.0,0.0
2026-10-11,서화성,1,pack_ev,0.0,0.0
2026-10-11,서화성,1,pack_ess,0.0,0.0
2026-10-11,서화성,1,blackmass,0.0,0.0
2026-10-11,서화성,2,pack_ev,0.0,0.0
2026-10-11,서화성,2,pack_ess,0.0,0.0
2026-10-11,서화성,2,blackmass,0.0,0.0
2026-10-11,서화성,3,pack_ev,0.0,0.0
2026-10-11,서화성,3,pack_ess,0.0,0.0
2026-10-11,서화성,3,blackmass,0.0,0.0
2026-10-11,서화성,4,pack_ev,0.0,0.0
2026-10-11,서화성,4,pack_ess,0.0,0.0
2026-10-11,서화성,4,blackmass,0.0,0.0
2026-10-11,서화성,5,pack_ev,0.0,0.0
2026-10-11,서화성,5,pack_ess,0.0,0.0
2026-10-11,서화성,5,blackmass,0.0,0.0
2026-10-11,서화성,6,pack_ev,0.0,0.0
2026-10-11,서화성,6,pack_ess,0.0,0.0
2026-10-11,서화성,6,blackmass,0.0,0.0
2026-10-11,서화성,7,pack_ev,0.0,0.0
2026-10-11,서화성,7,pack_ess,0.0,0.0
2026-10-11,서화성,7,blackmass,0.0,0.0
2026-10-11,서화성,8,pack_ev,0.0,0.0
2026-10-11,서화성,8,pack_ess,0.0,0.0
2026-10-11,서화성,8,blackmass,0.0,0.0
2026-10-11,서화성,9,pack_ev,0.0,0.0
2026-10-11,서화성,9,pack_ess,0.0,0.0
2026-10-11,서화성,9,blackmass,0.0,0.0
2026-10-11,서화성,10,pack_ev,0.0,0.0
2026-10-11,서화성,10,pack_ess,0.0,0.0
2026-10-11,서화성,10,blackmass,0.0,0.0
2026-10-11,서화성,11,pack_ev,0.0,0.0
2026-10-11,서화성,11,pack_ess,0.0,0.0
2026-10-11,서화성,11,blackmass,0.0,0.0
2026-10-11,서화성,12,pack_ev,0.0,0.0
2026-10-11,서화성,12,pack_ess,0.0,0.0
2026-10-11,서화성,12,blackmass,0.0,0.0
2026-10-11,서화성,13,pack_ev,0.0,0.0
2026-10-11,서화성,13,pack_ess,0.0,0.0
2026-10-11,서화성,13,blackmass,0.0,0.0
2026-10-11,서화성,14,pack_ev,0.0,0.0
2026-10-11,서화성,14,pack_ess,0.0,0.0
2026-10-11,서화성,14,blackmass,0.0,0.0
2026-10-11,서화성,15,pack_ev,0.0,0.0
2026-10-11,서화성,15,pack_ess,0.0,0.0
2026-10-11,서화성,15,blackmass,0.0,0.0
2026-10-11,서화성,16,pack_ev,0.0,0.0
2026-10-11,서화성,16,pack_ess,0.0,0.0
2026-10-11,서화성,16,blackmass,0.0,0.0
2026-10-11,서화성,17,pack_ev,0.0,0.0
2026-10-11,서화성,17,pack_ess,0.0,0.0
2026-10-11,서화성,17,blackmass,0.0,0.0
2026-10-11,서화성,18,pack_ev,0.0,0.0
2026-10-11,서화성,18,pack_ess,0.0,0.0
2026-10-11,서화성,18,blackmass,0.0,0.0
2026-10-11,서화성,19,pack_ev,0.0,0.0
2026-10-11,서화성,19,pack_ess,0.0,0.0
2026-10-11,서화성,19,blackmass,0.0,0.0
2026-10-11,서화성,20,pack_ev,0.0,0.0
2026-10-11,서화성,20,pack_ess,0.0,0.0
2026-10-11,서화성,20,blackmass,0.0,0.0
2026-10-11,서화성,21,pack_ev,0.0,0.0
2026-10-11,서화성,21,pack_ess,0.0,0.0
2026-10-11,서화성,21,blackmass,0.0,0.0
2026-10-11,서화성,22,pack_ev,0.0,0.0
2026-10-11,서화성,22,pack_ess,0.0,0.0
2026-10-11,서화성,22,blackmass,0.0,0.0
2026-10-11,서화성,23,pack_ev,0.0,0.0
2026-10-11,서화성,23,pack_ess,0.0,0.0
2026-10-11,서화성,23,blackmass,0.0,0.0
2026-10-11,신례원,0,pack_ev,0.0,0.0
2026-10-11,신례원,0,pack_ess,0.0,0.0
2026-10-11,신례원,0,blackmass,0.0,0.0
2026-10-11,신례원,1,pack_ev,0.0,0.0
2026-10-11,신례원,1,pack_ess,0.0,0.0
2026-10-11,신례원,1,blackmass,0.0,0.0
2026-10-11,신례원,2,pack_ev,0.0,0.0
2026-10-11,신례원,2,pack_ess,0.0,0.0
2026-10-11,신례원,2,blackmass,0.0,0.0
2026-10-11,신례원,3,pack_ev,0.0,0.0
2026-10-11,신례원,3,pack_ess,0.0,0.0
2026-10-11,신례원,3,blackmass,0.0,0.0
2026-10-11,신례원,4,pack_ev,0.0,0.0
2026-10-11,신례원,4,pack_ess,0.0,0.0
2026-10-11,신례원,4,blackmass,0.0,0.0
2026-10-11,신례원,5,pack_ev,0.0,0.0
2026-10-11,신례원,5,pack_ess,0.0,0.0
2026-10-11,신례원,5,blackmass,0.0,0.0
2026-10-11,신례원,6,pack_ev,0.0,0.0
2026-10-11,신례원,6,pack_ess,0.0,0.0
2026-10-11,신례원,6,blackmass,0.0,0.0
2026-10-11,신례원,7,pack_ev,0.0,0.0
2026-10-11,신례원,7,pack_ess,0.0,0.0
2026-10-11,신례원,7,blackmass,0.0,0.0
2026-10-11,신례원,8,pack_ev,0.0,0.0
2026-10-11,신례원,8,pack_ess,0.0,0.0
2026-10-11,신례원,8,blackmass,0.0,0.0
2026-10-11,신례원,9,pack_ev,0.0,0.0
2026-10-11,신례원,9,pack_ess,0.0,0.0
2026-10-11,신례원,9,blackmass,0.0,0.0
2026-10-11,신례원,10,pack_ev,0.0,0.0
2026-10-11,신례원,10,pack_ess,0.0,0.0
2026-10-11,신례원,10,blackmass,0.0,0.0
2026-10-11,신례원,11,pack_ev,0.0,0.0
2026-10-11,신례원,11,pack_ess,0.0,0.0
2026-10-11,신례원,11,blackmass,0.0,0.0
2026-10-11,신례원,12,pack_ev,0.0,0.0
2026-10-11,신례원,12,pack_ess,0.0,0.0
2026-10-11,신례원,12,blackmass,0.0,0.0
2026-10-11,신례원,13,pack_ev,0.0,0.0
2026-10-11,신례원,13,pack_ess,0.0,0.0
2026-10-11,신례원,13,blackmass,0.0,0.0
2026-10-11,신례원,14,pack_ev,0.0,0.0
2026-10-11,신례원,14,pack_ess,0.0,0.0
2026-10-11,신례원,14,blackmass,0.0,0.0
2026-10-11,신례원,15,pack_ev,0.0,0.0
2026-10-11,신례원,15,pack_ess,0.0,0.0
2026-10-11,신례원,15,blackmass,0.0,0.0
2026-10-11,신례원,16,pack_ev,0.0,0.0
2026-10-11,신례원,16,pack_ess,0.0,0.0
2026-10-11,신례원,16,blackmass,0.0,0.0
2026-10-11,신례원,17,pack_ev,0.0,0.0
2026-10-11,신례원,17,pack_ess,0.0,0.0
2026-10-11,신례원,17,blackmass,0.0,0.0
2026-10-11,신례원,18,pack_ev,0.0,0.0
2026-10-11,신례원,18,pack_ess,0.0,0.0
2026-10-11,신례원,18,blackmass,0.0,0.0
2026-10-11,신례원,19,pack_ev,0.0,0.0
2026-10-11,신례원,19,pack_ess,0.0,0.0
2026-10-11,신례원,19,blackmass,0.0,0.0
2026-10-11,신례원,20,pack_ev,0.0,0.0
2026-10-11,신례원,20,pack_ess,0.0,0.0
2026-10-11,신례원,20,blackmass,0.0,0.0
2026-10-11,신례원,21,pack_ev,0.0,0.0
2026-10-11,신례원,21,pack_ess,0.0,0.0
2026-10-11,신례원,21,blackmass,0.0,0.0
2026-10-11,신례원,22,pack_ev,0.0,0.0
2026-10-11,신례원,22,pack_ess,0.0,0.0
2026-10-11,신례원,22,blackmass,0.0,0.0
2026-10-11,신례원,23,pack_ev,0.0,0.0
2026-10-11,신례원,23,pack_ess,0.0,0.0
2026-10-11,신례원,23,blackmass,0.0,0.0
2026-10-11,안중,0,pack_ev,0.0,0.0
2026-10-11,안중,0,pack_ess,0.0,0.0
2026-10-11,안중,0,blackmass,0.0,0.0
2026-10-11,안중,1,pack_ev,0.0,0.0
2026-10-11,안중,1,pack_ess,0.0,0.0
2026-10-11,안중,1,blackmass,0.0,0.0
2026-10-11,안중,2,pack_ev,0.0,0.0
2026-10-11,안중,2,pack_ess,0.0,0.0
2026-10-11,안중,2,blackmass,0.0,0.0
2026-10-11,안중,3,pack_ev,0.0,0.0
2026-10-11,안중,3,pack_ess,0.0,0.0
2026-10-11,안중,3,blackmass,0.0,0.0
2026-10-11,안중,4,pack_ev,0.0,0.0
2026-10-11,안중,4,pack_ess,0.0,0.0
2026-10-11,안중,4,blackmass,0.0,0.0
2026-10-11,안중,5,pack_ev,0.0,0.0
2026-10-11,안중,5,pack_ess,0.0,0.0
2026-10-11,안중,5,blackmass,0.0,0.0
2026-10-11,안중,6,pack_ev,0.0,0.0
2026-10-11,안중,6,pack_ess,0.0,0.0
2026-10-11,안중,6,blackmass,0.0,0.0
2026-10-11,안중,7,pack_ev,0.0,0.0
2026-10-11,안중,7,pack_ess,0.0,0.0
2026-10-11,안중,7,blackmass,0.0,0.0
2026-10-11,안중,8,pack_ev,0.0,0.0
2026-10-11,안중,8,pack_ess,0.0,0.0
2026-10-11,안중,8,blackmass,0.0,0.0
2026-10-11,안중,9,pack_ev,0.0,0.0
2026-10-11,안중,9,pack_ess,0.0,0.0
2026-10-11,안중,9,blackmass,0.0,0.0
2026-10-11,안중,10,pack_ev,0.0,0.0
2026-10-11,안중,10,pack_ess,0.0,0.0
2026-10-11,안중,10,blackmass,0.0,0.0
2026-10-11,안중,11,pack_ev,0.0,0.0
2026-10-11,안중,11,pack_ess,0.0,0.0
2026-10-11,안중,11,blackmass,0.0,0.0
2026-10-11,안중,12,pack_ev,0.0,0.0
2026-10-11,안중,12,pack_ess,0.0,0.0
2026-10-11,안중,12,blackmass,0.0,0.0
2026-10-11,안중,13,pack_ev,0.0,0.0
2026-10-11,안중,13,pack_ess,0.0,0.0
2026-10-11,안중,13,blackmass,0.0,0.0
2026-10-11,안중,14,pack_ev,0.0,0.0
2026-10-11,안중,14,pack_ess,0.0,0.0
2026-10-11,안중,14,blackmass,0.0,0.0
2026-10-11,안중,15,pack_ev,0.0,0.0
2026-10-11,안중,15,pack_ess,0.0,0.0
2026-10-11,안중,15,blackmass,0.0,0.0
2026-10-11,안중,16,pack_ev,0.0,0.0
2026-10-11,안중,16,pack_ess,0.0,0.0
2026-10-11,안중,16,blackmass,0.0,0.0
2026-10-11,안중,17,pack_ev,0.0,0.0
2026-10-11,안중,17,pack_ess,0.0,0.0
2026-10-11,안중,17,blackmass,0.0,0.0
2026-10-11,안중,18,pack_ev,0.0,0.0
2026-10-11,안중,18,pack_ess,0.0,0.0
2026-10-11,안중,18,blackmass,0.0,0.0
2026-10-11,안중,19,pack_ev,0.0,0.0
2026-10-11,안중,19,pack_ess,0.0,0.0
2026-10-11,안중,19,blackmass,0.0,0.0
2026-10-11,안중,20,pack_ev,0.0,0.0
2026-10-11,안중,20,pack_ess,0.0,0.0
2026-10-11,안중,20,blackmass,0.0,0.0
2026-10-11,안중,21,pack_ev,0.0,0.0
2026-10-11,안중,21,pack_ess,0.0,0.0
2026-10-11,안중,21,blackmass,0.0,0.0
2026-10-11,안중,22,pack_ev,0.0,0.0
2026-10-11,안중,22,pack_ess,0.0,0.0
2026-10-11,안중,22,blackmass,0.0,0.0
2026-10-11,안중,23,pack_ev,0.0,0.0
2026-10-11,안중,23,pack_ess,0.0,0.0
2026-10-11,안중,23,blackmass,0.0,0.0
2026-10-11,천안,0,pack_ev,0.0,0.0
2026-10-11,천안,0,pack_ess,0.0,0.0
2026-10-11,천안,0,blackmass,0.0,0.0
2026-10-11,천안,1,pack_ev,0.0,0.0
2026-10-11,천안,1,pack_ess,0.0,0.0
2026-10-11,천안,1,blackmass,0.0,0.0
2026-10-11,천안,2,pack_ev,0.0,0.0
2026-10-11,천안,2,pack_ess,0.0,0.0
2026-10-11,천안,2,blackmass,0.0,0.0
2026-10-11,천안,3,pack_ev,0.0,0.0
2026-10-11,천안,3,pack_ess,0.0,0.0
2026-10-11,천안,3,blackmass,0.0,0.0
2026-10-11,천안,4,pack_ev,0.0,0.0
2026-10-11,천안,4,pack_ess,0.0,0.0
2026-10-11,천안,4,blackmass,0.0,0.0
2026-10-11,천안,5,pack_ev,0.0,0.0
2026-10-11,천안,5,pack_ess,0.0,0.0
2026-10-11,천안,5,blackmass,0.0,0.0
2026-10-11,천안,6,pack_ev,0.0,0.0
2026-10-11,천안,6,pack_ess,0.0,0.0
2026-10-11,천안,6,blackmass,0.0,0.0
2026-10-11,천안,7,pack_ev,0.0,0.0
2026-10-11,천안,7,pack_ess,0.0,0.0
2026-10-11,천안,7,blackmass,0.0,0.0
2026-10-11,천안,8,pack_ev,0.0,0.0
2026-10-11,천안,8,pack_ess,0.0,0.0
2026-10-11,천안,8,blackmass,0.0,0.0
2026-10-11,천안,9,pack_ev,0.0,0.0
2026-10-11,천안,9,pack_ess,0.0,0.0
2026-10-11,천안,9,blackmass,0.0,0.0
2026-10-11,천안,10,pack_ev,0.0,0.0
2026-10-11,천안,10,pack_ess,0.0,0.0
2026-10-11,천안,10,blackmass,0.0,0.0
2026-10-11,천안,11,pack_ev,0.0,0.0
2026-10-11,천안,11,pack_ess,0.0,0.0
2026-10-11,천안,11,blackmass,0.0,0.0
2026-10-11,천안,12,pack_ev,0.0,0.0
2026-10-11,천안,12,pack_ess,0.0,0.0
2026-10-11,천안,12,blackmass,0.0,0.0
2026-10-11,천안,13,pack_ev,0.0,0.0
2026-10-11,천안,13,pack_ess,0.0,0.0
2026-10-11,천안,13,blackmass,0.0,0.0
2026-10-11,천안,14,pack_ev,0.0,0.0
2026-10-11,천안,14,pack_ess,0.0,0.0
2026-10-11,천안,14,blackmass,0.0,0.0
2026-10-11,천안,15,pack_ev,0.0,0.0
2026-10-11,천안,15,pack_ess,0.0,0.0
2026-10-11,천안,15,blackmass,0.0,0.0
2026-10-11,천안,16,pack_ev,0.0,0.0
2026-10-11,천안,16,pack_ess,0.0,0.0
2026-10-11,천안,16,blackmass,0.0,0.0
2026-10-11,천안,17,pack_ev,0.0,0.0
2026-10-11,천안,17,pack_ess,0.0,0.0
2026-10-11,천안,17,blackmass,0.0,0.0
2026-10-11,천안,18,pack_ev,0.0,0.0
2026-10-11,천안,18,pack_ess,0.0,0.0
2026-10-11,천안,18,blackmass,0.0,0.0
2026-10-11,천안,19,pack_ev,0.0,0.0
2026-10-11,천안,19,pack_ess,0.0,0.0
2026-10-11,천안,19,blackmass,0.0,0.0
2026-10-11,천안,20,pack_ev,0.0,0.0
2026-10-11,천안,20,pack_ess,0.0,0.0
2026-10-11,천안,20,blackmass,0.0,0.0
2026-10-11,천안,21,pack_ev,0.0,0.0
2026-10-11,천안,21,pack_ess,0.0,0.0
2026-10-11,천안,21,blackmass,0.0,0.0
2026-10-11,천안,22,pack_ev,0.0,0.0
2026-10-11,천안,22,pack_ess,0.0,0.0
2026-10-11,천안,22,blackmass,0.0,0.0
2026-10-11,천안,23,pack_ev,0.0,0.0
2026-10-11,천안,23,pack_ess,0.0,0.0
2026-10-11,천안,23,blackmass,0.0,0.0
