date,node,hour,solar_mwh,chargeable_mwh
2026-08-13,남원,0,0.0,0.0
2026-08-13,남원,1,0.0,0.0
2026-08-13,남원,2,0.0,0.0
2026-08-13,남원,3,0.0,0.0
2026-08-13,남원,4,0.0,0.0
2026-08-13,남원,5,0.5,0.0
2026-08-13,남원,6,27.1,0.0
2026-08-13,남원,7,113.4,0.0
2026-08-13,남원,8,229.1,85.3
2026-08-13,남원,9,326.6,135.9
2026-08-13,남원,10,276.6,272.5
2026-08-13,남원,11,192.0,410.1
2026-08-13,남원,12,213.4,407.4
2026-08-13,남원,13,243.4,372.3
2026-08-13,남원,14,325.1,220.4
2026-08-13,남원,15,300.2,155.9
2026-08-13,남원,16,262.6,76.3
2026-08-13,남원,17,189.3,0.0
2026-08-13,남원,18,113.0,0.0
2026-08-13,남원,19,82.5,0.0
2026-08-13,남원,20,69.2,0.0
2026-08-13,남원,21,38.7,0.0
2026-08-13,남원,22,9.8,0.0
2026-08-13,남원,23,1.0,0.0
2026-08-13,동산,0,0.0,0.0
2026-08-13,동산,1,0.0,0.0
2026-08-13,동산,2,0.0,0.0
2026-08-13,동산,3,0.0,0.0
2026-08-13,동산,4,0.0,0.0
2026-08-13,동산,5,0.5,0.0
2026-08-13,동산,6,27.1,0.0
2026-08-13,동산,7,113.4,0.0
2026-08-13,동산,8,229.1,85.3
2026-08-13,동산,9,326.6,135.9
2026-08-13,동산,10,276.6,272.5
2026-08-13,동산,11,192.0,410.1
2026-08-13,동산,12,213.4,407.4
2026-08-13,동산,13,243.4,372.3
2026-08-13,동산,14,325.1,220.4
2026-08-13,동산,15,300.2,155.9
2026-08-13,동산,16,262.6,76.3
2026-08-13,동산,17,189.3,0.0
2026-08-13,동산,18,113.0,0.0
2026-08-13,동산,19,82.5,0.0
2026-08-13,동산,20,69.2,0.0
2026-08-13,동산,21,38.7,0.0
2026-08-13,동산,22,9.8,0.0
2026-08-13,동산,23,1.0,0.0
2026-08-13,새만금,0,0.0,0.0
2026-08-13,새만금,1,0.0,0.0
2026-08-13,새만금,2,0.0,0.0
2026-08-13,새만금,3,0.0,0.0
2026-08-13,새만금,4,0.0,0.0
2026-08-13,새만금,5,0.5,0.0
2026-08-13,새만금,6,27.1,0.0
2026-08-13,새만금,7,113.4,0.0
2026-08-13,새만금,8,229.1,85.3
2026-08-13,새만금,9,326.6,135.9
2026-08-13,새만금,10,276.6,272.5
2026-08-13,새만금,11,192.0,410.1
2026-08-13,새만금,12,213.4,407.4
2026-08-13,새만금,13,243.4,372.3
2026-08-13,새만금,14,325.1,220.4
2026-08-13,새만금,15,300.2,155.9
2026-08-13,새만금,16,262.6,76.3
2026-08-13,새만금,17,189.3,0.0
2026-08-13,새만금,18,113.0,0.0
2026-08-13,새만금,19,82.5,0.0
2026-08-13,새만금,20,69.2,0.0
2026-08-13,새만금,21,38.7,0.0
2026-08-13,새만금,22,9.8,0.0
2026-08-13,새만금,23,1.0,0.0
2026-08-13,장성,0,0.0,0.0
2026-08-13,장성,1,0.1,0.0
2026-08-13,장성,2,0.0,0.0
2026-08-13,장성,3,0.0,0.0
2026-08-13,장성,4,0.0,0.0
2026-08-13,장성,5,2.0,0.0
2026-08-13,장성,6,108.2,0.0
2026-08-13,장성,7,453.1,0.0
2026-08-13,장성,8,915.4,340.9
2026-08-13,장성,9,1305.1,543.1
2026-08-13,장성,10,1105.5,1088.9
2026-08-13,장성,11,767.3,1638.7
2026-08-13,장성,12,852.9,1628.0
2026-08-13,장성,13,972.6,1487.7
2026-08-13,장성,14,1299.0,880.8
2026-08-13,장성,15,1199.7,623.2
2026-08-13,장성,16,1049.6,304.7
2026-08-13,장성,17,756.6,0.0
2026-08-13,장성,18,451.4,0.0
2026-08-13,장성,19,329.6,0.0
2026-08-13,장성,20,276.5,0.0
2026-08-13,장성,21,154.6,0.0
2026-08-13,장성,22,39.2,0.0
2026-08-13,장성,23,4.0,0.0
2026-08-14,남원,0,0.0,0.0
2026-08-14,남원,1,0.2,0.0
2026-08-14,남원,2,0.1,0.0
2026-08-14,남원,3,0.0,0.0
2026-08-14,남원,4,0.0,0.0
2026-08-14,남원,5,0.3,0.0
2026-08-14,남원,6,23.2,0.0
2026-08-14,남원,7,114.5,0.0
2026-08-14,남원,8,237.4,88.5
2026-08-14,남원,9,343.3,113.0
2026-08-14,남원,10,328.5,222.5
2026-08-14,남원,11,327.9,282.9
2026-08-14,남원,12,306.3,311.0
2026-08-14,남원,13,325.3,278.5
2026-08-14,남원,14,347.0,184.4
2026-08-14,남원,15,323.3,104.7
2026-08-14,남원,16,225.4,65.7
2026-08-14,남원,17,164.8,0.0
2026-08-14,남원,18,108.3,0.0
2026-08-14,남원,19,81.8,0.0
2026-08-14,남원,20,67.7,0.0
2026-08-14,남원,21,35.7,0.0
2026-08-14,남원,22,9.1,0.0
2026-08-14,남원,23,0.9,0.0
2026-08-14,동산,0,0.0,0.0
2026-08-14,동산,1,0.2,0.0
2026-08-14,동산,2,0.1,0.0
2026-08-14,동산,3,0.0,0.0
2026-08-14,동산,4,0.0,0.0
2026-08-14,동산,5,0.3,0.0
2026-08-14,동산,6,23.2,0.0
2026-08-14,동산,7,114.5,0.0
2026-08-14,동산,8,237.4,88.5
2026-08-14,동산,9,343.3,113.0
2026-08-14,동산,10,328.5,222.5
2026-08-14,동산,11,327.9,282.9
2026-08-14,동산,12,306.3,311.0
2026-08-14,동산,13,325.3,278.5
2026-08-14,동산,14,347.0,184.4
2026-08-14,동산,15,323.3,104.7
2026-08-14,동산,16,225.4,65.7
2026-08-14,동산,17,164.8,0.0
2026-08-14,동산,18,108.3,0.0
2026-08-14,동산,19,81.8,0.0
2026-08-14,동산,20,67.7,0.0
2026-08-14,동산,21,35.7,0.0
2026-08-14,동산,22,9.1,0.0
2026-08-14,동산,23,0.9,0.0
2026-08-14,새만금,0,0.0,0.0
2026-08-14,새만금,1,0.2,0.0
2026-08-14,새만금,2,0.1,0.0
2026-08-14,새만금,3,0.0,0.0
2026-08-14,새만금,4,0.0,0.0
2026-08-14,새만금,5,0.3,0.0
2026-08-14,새만금,6,23.2,0.0
2026-08-14,새만금,7,114.5,0.0
2026-08-14,새만금,8,237.4,88.5
2026-08-14,새만금,9,343.3,113.0
2026-08-14,새만금,10,328.5,222.5
2026-08-14,새만금,11,327.9,282.9
2026-08-14,새만금,12,306.3,311.0
2026-08-14,새만금,13,325.3,278.5
2026-08-14,새만금,14,347.0,184.4
2026-08-14,새만금,15,323.3,104.7
2026-08-14,새만금,16,225.4,65.7
2026-08-14,새만금,17,164.8,0.0
2026-08-14,새만금,18,108.3,0.0
2026-08-14,새만금,19,81.8,0.0
2026-08-14,새만금,20,67.7,0.0
2026-08-14,새만금,21,35.7,0.0
2026-08-14,새만금,22,9.1,0.0
2026-08-14,새만금,23,0.9,0.0
2026-08-14,장성,0,0.0,0.0
2026-08-14,장성,1,0.7,0.0
2026-08-14,장성,2,0.4,0.0
2026-08-14,장성,3,0.0,0.0
2026-08-14,장성,4,0.0,0.0
2026-08-14,장성,5,1.0,0.0
2026-08-14,장성,6,92.8,0.0
2026-08-14,장성,7,457.5,0.0
2026-08-14,장성,8,948.5,353.7
2026-08-14,장성,9,1371.8,451.5
2026-08-14,장성,10,1312.9,889.2
2026-08-14,장성,11,1310.2,1130.5
2026-08-14,장성,12,1223.9,1242.9
2026-08-14,장성,13,1300.0,1112.8
2026-08-14,장성,14,1386.5,737.1
2026-08-14,장성,15,1291.9,418.6
2026-08-14,장성,16,900.8,262.7
2026-08-14,장성,17,658.4,0.0
2026-08-14,장성,18,432.7,0.0
2026-08-14,장성,19,326.8,0.0
2026-08-14,장성,20,270.3,0.0
2026-08-14,장성,21,142.8,0.0
2026-08-14,장성,22,36.4,0.0
2026-08-14,장성,23,3.6,0.0
2026-08-15,남원,0,0.1,0.0
2026-08-15,남원,1,0.0,0.0
2026-08-15,남원,2,0.1,0.0
2026-08-15,남원,3,0.1,0.0
2026-08-15,남원,4,0.1,0.0
2026-08-15,남원,5,0.9,0.0
2026-08-15,남원,6,27.6,0.0
2026-08-15,남원,7,102.3,0.0
2026-08-15,남원,8,214.5,101.0
2026-08-15,남원,9,305.8,117.5
2026-08-15,남원,10,307.8,201.8
2026-08-15,남원,11,298.7,281.4
2026-08-15,남원,12,333.7,292.7
2026-08-15,남원,13,354.2,235.5
2026-08-15,남원,14,389.2,154.8
2026-08-15,남원,15,334.4,102.7
2026-08-15,남원,16,235.1,83.5
2026-08-15,남원,17,180.1,0.0
2026-08-15,남원,18,118.0,0.0
2026-08-15,남원,19,84.4,0.0
2026-08-15,남원,20,68.3,0.0
2026-08-15,남원,21,37.0,0.0
2026-08-15,남원,22,9.7,0.0
2026-08-15,남원,23,1.1,0.0
2026-08-15,동산,0,0.1,0.0
2026-08-15,동산,1,0.0,0.0
2026-08-15,동산,2,0.1,0.0
2026-08-15,동산,3,0.1,0.0
2026-08-15,동산,4,0.1,0.0
2026-08-15,동산,5,0.9,0.0
2026-08-15,동산,6,27.6,0.0
2026-08-15,동산,7,102.3,0.0
2026-08-15,동산,8,214.5,101.0
2026-08-15,동산,9,305.8,117.5
2026-08-15,동산,10,307.8,201.8
2026-08-15,동산,11,298.7,281.4
2026-08-15,동산,12,333.7,292.7
2026-08-15,동산,13,354.2,235.5
2026-08-15,동산,14,389.2,154.8
2026-08-15,동산,15,334.4,102.7
2026-08-15,동산,16,235.1,83.5
2026-08-15,동산,17,180.1,0.0
2026-08-15,동산,18,118.0,0.0
2026-08-15,동산,19,84.4,0.0
2026-08-15,동산,20,68.3,0.0
2026-08-15,동산,21,37.0,0.0
2026-08-15,동산,22,9.7,0.0
2026-08-15,동산,23,1.1,0.0
2026-08-15,새만금,0,0.1,0.0
2026-08-15,새만금,1,0.0,0.0
2026-08-15,새만금,2,0.1,0.0
2026-08-15,새만금,3,0.1,0.0
2026-08-15,새만금,4,0.1,0.0
2026-08-15,새만금,5,0.9,0.0
2026-08-15,새만금,6,27.6,0.0
2026-08-15,새만금,7,102.3,0.0
2026-08-15,새만금,8,214.5,101.0
2026-08-15,새만금,9,305.8,117.5
2026-08-15,새만금,10,307.8,201.8
2026-08-15,새만금,11,298.7,281.4
2026-08-15,새만금,12,333.7,292.7
2026-08-15,새만금,13,354.2,235.5
2026-08-15,새만금,14,389.2,154.8
2026-08-15,새만금,15,334.4,102.7
2026-08-15,새만금,16,235.1,83.5
2026-08-15,새만금,17,180.1,0.0
2026-08-15,새만금,18,118.0,0.0
2026-08-15,새만금,19,84.4,0.0
2026-08-15,새만금,20,68.3,0.0
2026-08-15,새만금,21,37.0,0.0
2026-08-15,새만금,22,9.7,0.0
2026-08-15,새만금,23,1.1,0.0
2026-08-15,장성,0,0.4,0.0
2026-08-15,장성,1,0.0,0.0
2026-08-15,장성,2,0.2,0.0
2026-08-15,장성,3,0.3,0.0
2026-08-15,장성,4,0.3,0.0
2026-08-15,장성,5,3.6,0.0
2026-08-15,장성,6,110.3,0.0
2026-08-15,장성,7,409.0,0.0
2026-08-15,장성,8,857.0,403.6
2026-08-15,장성,9,1222.0,469.6
2026-08-15,장성,10,1230.1,806.2
2026-08-15,장성,11,1193.7,1124.5
2026-08-15,장성,12,1333.7,1169.8
2026-08-15,장성,13,1415.4,941.3
2026-08-15,장성,14,1555.4,618.8
2026-08-15,장성,15,1336.3,410.6
2026-08-15,장성,16,939.5,333.8
2026-08-15,장성,17,719.6,0.0
2026-08-15,장성,18,471.7,0.0
2026-08-15,장성,19,337.1,0.0
2026-08-15,장성,20,272.7,0.0
2026-08-15,장성,21,147.8,0.0
2026-08-15,장성,22,38.6,0.0
2026-08-15,장성,23,4.6,0.0
2026-08-16,남원,0,0.0,0.0
2026-08-16,남원,1,0.0,0.0
2026-08-16,남원,2,0.1,0.0
2026-08-16,남원,3,0.1,0.0
2026-08-16,남원,4,0.0,0.0
2026-08-16,남원,5,1.7,0.0
2026-08-16,남원,6,31.7,0.0
2026-08-16,남원,7,111.1,0.0
2026-08-16,남원,8,216.3,93.9
2026-08-16,남원,9,305.9,118.4
2026-08-16,남원,10,310.0,207.6
2026-08-16,남원,11,290.6,292.7
2026-08-16,남원,12,312.0,300.6
2026-08-16,남원,13,338.1,244.2
2026-08-16,남원,14,391.2,133.1
2026-08-16,남원,15,339.7,96.3
2026-08-16,남원,16,251.3,75.0
2026-08-16,남원,17,187.0,0.0
2026-08-16,남원,18,120.5,0.0
2026-08-16,남원,19,85.2,0.0
2026-08-16,남원,20,68.8,0.0
2026-08-16,남원,21,38.3,0.0
2026-08-16,남원,22,10.0,0.0
2026-08-16,남원,23,1.1,0.0
2026-08-16,동산,0,0.0,0.0
2026-08-16,동산,1,0.0,0.0
2026-08-16,동산,2,0.1,0.0
2026-08-16,동산,3,0.1,0.0
2026-08-16,동산,4,0.0,0.0
2026-08-16,동산,5,1.7,0.0
2026-08-16,동산,6,31.7,0.0
2026-08-16,동산,7,111.1,0.0
2026-08-16,동산,8,216.3,93.9
2026-08-16,동산,9,305.9,118.4
2026-08-16,동산,10,310.0,207.6
2026-08-16,동산,11,290.6,292.7
2026-08-16,동산,12,312.0,300.6
2026-08-16,동산,13,338.1,244.2
2026-08-16,동산,14,391.2,133.1
2026-08-16,동산,15,339.7,96.3
2026-08-16,동산,16,251.3,75.0
2026-08-16,동산,17,187.0,0.0
2026-08-16,동산,18,120.5,0.0
2026-08-16,동산,19,85.2,0.0
2026-08-16,동산,20,68.8,0.0
2026-08-16,동산,21,38.3,0.0
2026-08-16,동산,22,10.0,0.0
2026-08-16,동산,23,1.1,0.0
2026-08-16,새만금,0,0.0,0.0
2026-08-16,새만금,1,0.0,0.0
2026-08-16,새만금,2,0.1,0.0
2026-08-16,새만금,3,0.1,0.0
2026-08-16,새만금,4,0.0,0.0
2026-08-16,새만금,5,1.7,0.0
2026-08-16,새만금,6,31.7,0.0
2026-08-16,새만금,7,111.1,0.0
2026-08-16,새만금,8,216.3,93.9
2026-08-16,새만금,9,305.9,118.4
2026-08-16,새만금,10,310.0,207.6
2026-08-16,새만금,11,290.6,292.7
2026-08-16,새만금,12,312.0,300.6
2026-08-16,새만금,13,338.1,244.2
2026-08-16,새만금,14,391.2,133.1
2026-08-16,새만금,15,339.7,96.3
2026-08-16,새만금,16,251.3,75.0
2026-08-16,새만금,17,187.0,0.0
2026-08-16,새만금,18,120.5,0.0
2026-08-16,새만금,19,85.2,0.0
2026-08-16,새만금,20,68.8,0.0
2026-08-16,새만금,21,38.3,0.0
2026-08-16,새만금,22,10.0,0.0
2026-08-16,새만금,23,1.1,0.0
2026-08-16,장성,0,0.1,0.0
2026-08-16,장성,1,0.0,0.0
2026-08-16,장성,2,0.2,0.0
2026-08-16,장성,3,0.3,0.0
2026-08-16,장성,4,0.1,0.0
2026-08-16,장성,5,6.6,0.0
2026-08-16,장성,6,126.7,0.0
2026-08-16,장성,7,443.8,0.0
2026-08-16,장성,8,864.3,375.3
2026-08-16,장성,9,1222.4,473.2
2026-08-16,장성,10,1238.9,829.5
2026-08-16,장성,11,1161.2,1169.7
2026-08-16,장성,12,1246.8,1201.2
2026-08-16,장성,13,1351.1,975.7
2026-08-16,장성,14,1563.1,531.7
2026-08-16,장성,15,1357.4,384.6
2026-08-16,장성,16,1004.3,299.5
2026-08-16,장성,17,747.3,0.0
2026-08-16,장성,18,481.6,0.0
2026-08-16,장성,19,340.3,0.0
2026-08-16,장성,20,275.0,0.0
2026-08-16,장성,21,153.1,0.0
2026-08-16,장성,22,39.8,0.0
2026-08-16,장성,23,4.6,0.0
2026-08-17,남원,0,0.0,0.0
2026-08-17,남원,1,0.0,0.0
2026-08-17,남원,2,0.0,0.0
2026-08-17,남원,3,0.0,0.0
2026-08-17,남원,4,0.0,0.0
2026-08-17,남원,5,0.0,0.0
2026-08-17,남원,6,6.6,0.0
2026-08-17,남원,7,76.2,0.0
2026-08-17,남원,8,199.8,55.1
2026-08-17,남원,9,314.7,111.9
2026-08-17,남원,10,303.6,248.5
2026-08-17,남원,11,276.2,266.7
2026-08-17,남원,12,234.7,294.6
2026-08-17,남원,13,279.0,235.6
2026-08-17,남원,14,385.5,174.0
2026-08-17,남원,15,344.3,114.9
2026-08-17,남원,16,258.0,0.0
2026-08-17,남원,17,174.0,0.0
2026-08-17,남원,18,98.9,0.0
2026-08-17,남원,19,82.1,0.0
2026-08-17,남원,20,68.0,0.0
2026-08-17,남원,21,36.1,0.0
2026-08-17,남원,22,9.1,0.0
2026-08-17,남원,23,1.1,0.0
2026-08-17,동산,0,0.0,0.0
2026-08-17,동산,1,0.0,0.0
2026-08-17,동산,2,0.0,0.0
2026-08-17,동산,3,0.0,0.0
2026-08-17,동산,4,0.0,0.0
2026-08-17,동산,5,0.0,0.0
2026-08-17,동산,6,6.6,0.0
2026-08-17,동산,7,76.2,0.0
2026-08-17,동산,8,199.8,55.1
2026-08-17,동산,9,314.7,111.9
2026-08-17,동산,10,303.6,248.5
2026-08-17,동산,11,276.2,266.7
2026-08-17,동산,12,234.7,294.6
2026-08-17,동산,13,279.0,235.6
2026-08-17,동산,14,385.5,174.0
2026-08-17,동산,15,344.3,114.9
2026-08-17,동산,16,258.0,0.0
2026-08-17,동산,17,174.0,0.0
2026-08-17,동산,18,98.9,0.0
2026-08-17,동산,19,82.1,0.0
2026-08-17,동산,20,68.0,0.0
2026-08-17,동산,21,36.1,0.0
2026-08-17,동산,22,9.1,0.0
2026-08-17,동산,23,1.1,0.0
2026-08-17,새만금,0,0.0,0.0
2026-08-17,새만금,1,0.0,0.0
2026-08-17,새만금,2,0.0,0.0
2026-08-17,새만금,3,0.0,0.0
2026-08-17,새만금,4,0.0,0.0
2026-08-17,새만금,5,0.0,0.0
2026-08-17,새만금,6,6.6,0.0
2026-08-17,새만금,7,76.2,0.0
2026-08-17,새만금,8,199.8,55.1
2026-08-17,새만금,9,314.7,111.9
2026-08-17,새만금,10,303.6,248.5
2026-08-17,새만금,11,276.2,266.7
2026-08-17,새만금,12,234.7,294.6
2026-08-17,새만금,13,279.0,235.6
2026-08-17,새만금,14,385.5,174.0
2026-08-17,새만금,15,344.3,114.9
2026-08-17,새만금,16,258.0,0.0
2026-08-17,새만금,17,174.0,0.0
2026-08-17,새만금,18,98.9,0.0
2026-08-17,새만금,19,82.1,0.0
2026-08-17,새만금,20,68.0,0.0
2026-08-17,새만금,21,36.1,0.0
2026-08-17,새만금,22,9.1,0.0
2026-08-17,새만금,23,1.1,0.0
2026-08-17,장성,0,0.1,0.0
2026-08-17,장성,1,0.2,0.0
2026-08-17,장성,2,0.0,0.0
2026-08-17,장성,3,0.0,0.0
2026-08-17,장성,4,0.0,0.0
2026-08-17,장성,5,0.0,0.0
2026-08-17,장성,6,26.3,0.0
2026-08-17,장성,7,304.6,0.0
2026-08-17,장성,8,798.6,220.3
2026-08-17,장성,9,1257.5,447.4
2026-08-17,장성,10,1213.1,993.1
2026-08-17,장성,11,1103.7,1065.8
2026-08-17,장성,12,937.9,1177.3
2026-08-17,장성,13,1114.8,941.4
2026-08-17,장성,14,1540.7,695.3
2026-08-17,장성,15,1375.7,459.4
2026-08-17,장성,16,1031.2,0.0
2026-08-17,장성,17,695.5,0.0
2026-08-17,장성,18,395.2,0.0
2026-08-17,장성,19,328.2,0.0
2026-08-17,장성,20,271.9,0.0
2026-08-17,장성,21,144.4,0.0
2026-08-17,장성,22,36.5,0.0
2026-08-17,장성,23,4.3,0.0
2026-08-18,남원,0,0.1,0.0
2026-08-18,남원,1,0.1,0.0
2026-08-18,남원,2,0.1,0.0
2026-08-18,남원,3,0.1,0.0
2026-08-18,남원,4,0.0,0.0
2026-08-18,남원,5,0.1,0.0
2026-08-18,남원,6,20.3,0.0
2026-08-18,남원,7,107.1,0.0
2026-08-18,남원,8,224.8,82.5
2026-08-18,남원,9,324.3,132.6
2026-08-18,남원,10,284.9,202.1
2026-08-18,남원,11,284.5,247.4
2026-08-18,남원,12,239.9,270.6
2026-08-18,남원,13,319.4,189.2
2026-08-18,남원,14,398.3,148.4
2026-08-18,남원,15,352.5,94.2
2026-08-18,남원,16,258.3,35.2
2026-08-18,남원,17,181.1,0.0
2026-08-18,남원,18,109.0,0.0
2026-08-18,남원,19,81.5,0.0
2026-08-18,남원,20,69.1,0.0
2026-08-18,남원,21,38.5,0.0
2026-08-18,남원,22,11.0,0.0
2026-08-18,남원,23,1.4,0.0
2026-08-18,동산,0,0.1,0.0
2026-08-18,동산,1,0.1,0.0
2026-08-18,동산,2,0.1,0.0
2026-08-18,동산,3,0.1,0.0
2026-08-18,동산,4,0.0,0.0
2026-08-18,동산,5,0.1,0.0
2026-08-18,동산,6,20.3,0.0
2026-08-18,동산,7,107.1,0.0
2026-08-18,동산,8,224.8,82.5
2026-08-18,동산,9,324.3,132.6
2026-08-18,동산,10,284.9,202.1
2026-08-18,동산,11,284.5,247.4
2026-08-18,동산,12,239.9,270.6
2026-08-18,동산,13,319.4,189.2
2026-08-18,동산,14,398.3,148.4
2026-08-18,동산,15,352.5,94.2
2026-08-18,동산,16,258.3,35.2
2026-08-18,동산,17,181.1,0.0
2026-08-18,동산,18,109.0,0.0
2026-08-18,동산,19,81.5,0.0
2026-08-18,동산,20,69.1,0.0
2026-08-18,동산,21,38.5,0.0
2026-08-18,동산,22,11.0,0.0
2026-08-18,동산,23,1.4,0.0
2026-08-18,새만금,0,0.1,0.0
2026-08-18,새만금,1,0.1,0.0
2026-08-18,새만금,2,0.1,0.0
2026-08-18,새만금,3,0.1,0.0
2026-08-18,새만금,4,0.0,0.0
2026-08-18,새만금,5,0.1,0.0
2026-08-18,새만금,6,20.3,0.0
2026-08-18,새만금,7,107.1,0.0
2026-08-18,새만금,8,224.8,82.5
2026-08-18,새만금,9,324.3,132.6
2026-08-18,새만금,10,284.9,202.1
2026-08-18,새만금,11,284.5,247.4
2026-08-18,새만금,12,239.9,270.6
2026-08-18,새만금,13,319.4,189.2
2026-08-18,새만금,14,398.3,148.4
2026-08-18,새만금,15,352.5,94.2
2026-08-18,새만금,16,258.3,35.2
2026-08-18,새만금,17,181.1,0.0
2026-08-18,새만금,18,109.0,0.0
2026-08-18,새만금,19,81.5,0.0
2026-08-18,새만금,20,69.1,0.0
2026-08-18,새만금,21,38.5,0.0
2026-08-18,새만금,22,11.0,0.0
2026-08-18,새만금,23,1.4,0.0
2026-08-18,장성,0,0.5,0.0
2026-08-18,장성,1,0.3,0.0
2026-08-18,장성,2,0.3,0.0
2026-08-18,장성,3,0.3,0.0
2026-08-18,장성,4,0.0,0.0
2026-08-18,장성,5,0.4,0.0
2026-08-18,장성,6,81.2,0.0
2026-08-18,장성,7,428.2,0.1
2026-08-18,장성,8,898.3,329.8
2026-08-18,장성,9,1295.9,530.1
2026-08-18,장성,10,1138.6,807.7
2026-08-18,장성,11,1136.8,988.9
2026-08-18,장성,12,958.5,1081.2
2026-08-18,장성,13,1276.4,756.1
2026-08-18,장성,14,1591.8,592.9
2026-08-18,장성,15,1408.7,376.4
2026-08-18,장성,16,1032.4,140.6
2026-08-18,장성,17,723.9,0.0
2026-08-18,장성,18,435.7,0.0
2026-08-18,장성,19,325.7,0.0
2026-08-18,장성,20,275.9,0.0
2026-08-18,장성,21,153.7,0.0
2026-08-18,장성,22,43.8,0.0
2026-08-18,장성,23,5.5,0.0
2026-08-19,남원,0,0.1,0.0
2026-08-19,남원,1,0.1,0.0
2026-08-19,남원,2,0.1,0.0
2026-08-19,남원,3,0.1,0.0
2026-08-19,남원,4,0.0,0.0
2026-08-19,남원,5,0.6,0.0
2026-08-19,남원,6,26.6,0.0
2026-08-19,남원,7,102.3,0.0
2026-08-19,남원,8,213.7,91.4
2026-08-19,남원,9,315.5,117.0
2026-08-19,남원,10,320.6,199.2
2026-08-19,남원,11,353.6,228.9
2026-08-19,남원,12,343.3,259.4
2026-08-19,남원,13,400.5,181.2
2026-08-19,남원,14,407.0,128.4
2026-08-19,남원,15,345.4,97.1
2026-08-19,남원,16,255.2,72.9
2026-08-19,남원,17,184.3,0.0
2026-08-19,남원,18,114.6,0.0
2026-08-19,남원,19,83.2,0.0
2026-08-19,남원,20,68.8,0.0
2026-08-19,남원,21,37.3,0.0
2026-08-19,남원,22,10.1,0.0
2026-08-19,남원,23,1.1,0.0
2026-08-19,동산,0,0.1,0.0
2026-08-19,동산,1,0.1,0.0
2026-08-19,동산,2,0.1,0.0
2026-08-19,동산,3,0.1,0.0
2026-08-19,동산,4,0.0,0.0
2026-08-19,동산,5,0.6,0.0
2026-08-19,동산,6,26.6,0.0
2026-08-19,동산,7,102.3,0.0
2026-08-19,동산,8,213.7,91.4
2026-08-19,동산,9,315.5,117.0
2026-08-19,동산,10,320.6,199.2
2026-08-19,동산,11,353.6,228.9
2026-08-19,동산,12,343.3,259.4
2026-08-19,동산,13,400.5,181.2
2026-08-19,동산,14,407.0,128.4
2026-08-19,동산,15,345.4,97.1
2026-08-19,동산,16,255.2,72.9
2026-08-19,동산,17,184.3,0.0
2026-08-19,동산,18,114.6,0.0
2026-08-19,동산,19,83.2,0.0
2026-08-19,동산,20,68.8,0.0
2026-08-19,동산,21,37.3,0.0
2026-08-19,동산,22,10.1,0.0
2026-08-19,동산,23,1.1,0.0
2026-08-19,새만금,0,0.1,0.0
2026-08-19,새만금,1,0.1,0.0
2026-08-19,새만금,2,0.1,0.0
2026-08-19,새만금,3,0.1,0.0
2026-08-19,새만금,4,0.0,0.0
2026-08-19,새만금,5,0.6,0.0
2026-08-19,새만금,6,26.6,0.0
2026-08-19,새만금,7,102.3,0.0
2026-08-19,새만금,8,213.7,91.4
2026-08-19,새만금,9,315.5,117.0
2026-08-19,새만금,10,320.6,199.2
2026-08-19,새만금,11,353.6,228.9
2026-08-19,새만금,12,343.3,259.4
2026-08-19,새만금,13,400.5,181.2
2026-08-19,새만금,14,407.0,128.4
2026-08-19,새만금,15,345.4,97.1
2026-08-19,새만금,16,255.2,72.9
2026-08-19,새만금,17,184.3,0.0
2026-08-19,새만금,18,114.6,0.0
2026-08-19,새만금,19,83.2,0.0
2026-08-19,새만금,20,68.8,0.0
2026-08-19,새만금,21,37.3,0.0
2026-08-19,새만금,22,10.1,0.0
2026-08-19,새만금,23,1.1,0.0
2026-08-19,장성,0,0.5,0.0
2026-08-19,장성,1,0.2,0.0
2026-08-19,장성,2,0.3,0.0
2026-08-19,장성,3,0.3,0.0
2026-08-19,장성,4,0.0,0.0
2026-08-19,장성,5,2.5,0.0
2026-08-19,장성,6,106.4,0.0
2026-08-19,장성,7,408.8,0.0
2026-08-19,장성,8,853.9,365.3
2026-08-19,장성,9,1260.7,467.4
2026-08-19,장성,10,1281.3,795.9
2026-08-19,장성,11,1413.1,914.7
2026-08-19,장성,12,1372.0,1036.8
2026-08-19,장성,13,1600.4,724.2
2026-08-19,장성,14,1626.4,512.9
2026-08-19,장성,15,1380.3,388.0
2026-08-19,장성,16,1019.7,291.1
2026-08-19,장성,17,736.4,0.0
2026-08-19,장성,18,458.0,0.0
2026-08-19,장성,19,332.7,0.0
2026-08-19,장성,20,275.0,0.0
2026-08-19,장성,21,149.2,0.0
2026-08-19,장성,22,40.5,0.0
2026-08-19,장성,23,4.2,0.0
2026-08-20,남원,0,0.1,0.0
2026-08-20,남원,1,0.1,0.0
2026-08-20,남원,2,0.1,0.0
2026-08-20,남원,3,0.1,0.0
2026-08-20,남원,4,0.0,0.0
2026-08-20,남원,5,0.2,0.0
2026-08-20,남원,6,22.7,0.0
2026-08-20,남원,7,110.3,0.0
2026-08-20,남원,8,228.6,85.7
2026-08-20,남원,9,329.7,112.9
2026-08-20,남원,10,333.7,188.5
2026-08-20,남원,11,370.3,215.7
2026-08-20,남원,12,359.7,252.3
2026-08-20,남원,13,404.1,177.9
2026-08-20,남원,14,409.7,116.7
2026-08-20,남원,15,350.8,88.2
2026-08-20,남원,16,257.8,69.3
2026-08-20,남원,17,180.0,0.0
2026-08-20,남원,18,108.2,0.0
2026-08-20,남원,19,82.1,0.0
2026-08-20,남원,20,67.9,0.0
2026-08-20,남원,21,37.1,0.0
2026-08-20,남원,22,9.9,0.0
2026-08-20,남원,23,1.0,0.0
2026-08-20,동산,0,0.1,0.0
2026-08-20,동산,1,0.1,0.0
2026-08-20,동산,2,0.1,0.0
2026-08-20,동산,3,0.1,0.0
2026-08-20,동산,4,0.0,0.0
2026-08-20,동산,5,0.2,0.0
2026-08-20,동산,6,22.7,0.0
2026-08-20,동산,7,110.3,0.0
2026-08-20,동산,8,228.6,85.7
2026-08-20,동산,9,329.7,112.9
2026-08-20,동산,10,333.7,188.5
2026-08-20,동산,11,370.3,215.7
2026-08-20,동산,12,359.7,252.3
2026-08-20,동산,13,404.1,177.9
2026-08-20,동산,14,409.7,116.7
2026-08-20,동산,15,350.8,88.2
2026-08-20,동산,16,257.8,69.3
2026-08-20,동산,17,180.0,0.0
2026-08-20,동산,18,108.2,0.0
2026-08-20,동산,19,82.1,0.0
2026-08-20,동산,20,67.9,0.0
2026-08-20,동산,21,37.1,0.0
2026-08-20,동산,22,9.9,0.0
2026-08-20,동산,23,1.0,0.0
2026-08-20,새만금,0,0.1,0.0
2026-08-20,새만금,1,0.1,0.0
2026-08-20,새만금,2,0.1,0.0
2026-08-20,새만금,3,0.1,0.0
2026-08-20,새만금,4,0.0,0.0
2026-08-20,새만금,5,0.2,0.0
2026-08-20,새만금,6,22.7,0.0
2026-08-20,새만금,7,110.3,0.0
2026-08-20,새만금,8,228.6,85.7
2026-08-20,새만금,9,329.7,112.9
2026-08-20,새만금,10,333.7,188.5
2026-08-20,새만금,11,370.3,215.7
2026-08-20,새만금,12,359.7,252.3
2026-08-20,새만금,13,404.1,177.9
2026-08-20,새만금,14,409.7,116.7
2026-08-20,새만금,15,350.8,88.2
2026-08-20,새만금,16,257.8,69.3
2026-08-20,새만금,17,180.0,0.0
2026-08-20,새만금,18,108.2,0.0
2026-08-20,새만금,19,82.1,0.0
2026-08-20,새만금,20,67.9,0.0
2026-08-20,새만금,21,37.1,0.0
2026-08-20,새만금,22,9.9,0.0
2026-08-20,새만금,23,1.0,0.0
2026-08-20,장성,0,0.5,0.0
2026-08-20,장성,1,0.3,0.0
2026-08-20,장성,2,0.3,0.0
2026-08-20,장성,3,0.3,0.0
2026-08-20,장성,4,0.0,0.0
2026-08-20,장성,5,0.7,0.0
2026-08-20,장성,6,90.6,0.0
2026-08-20,장성,7,440.9,0.0
2026-08-20,장성,8,913.6,342.3
2026-08-20,장성,9,1317.5,451.3
2026-08-20,장성,10,1333.6,753.2
2026-08-20,장성,11,1479.6,862.0
2026-08-20,장성,12,1437.5,1008.2
2026-08-20,장성,13,1614.8,710.9
2026-08-20,장성,14,1637.4,466.4
2026-08-20,장성,15,1401.9,352.4
2026-08-20,장성,16,1030.2,277.0
2026-08-20,장성,17,719.1,0.0
2026-08-20,장성,18,432.3,0.0
2026-08-20,장성,19,327.9,0.0
2026-08-20,장성,20,271.2,0.0
2026-08-20,장성,21,148.4,0.0
2026-08-20,장성,22,39.7,0.0
2026-08-20,장성,23,4.1,0.0
2026-08-21,남원,0,0.2,0.0
2026-08-21,남원,1,0.1,0.0
2026-08-21,남원,2,0.1,0.0
2026-08-21,남원,3,0.1,0.0
2026-08-21,남원,4,0.0,0.0
2026-08-21,남원,5,0.1,0.0
2026-08-21,남원,6,18.6,0.0
2026-08-21,남원,7,94.4,0.0
2026-08-21,남원,8,181.0,93.1
2026-08-21,남원,9,277.5,116.9
2026-08-21,남원,10,305.3,207.6
2026-08-21,남원,11,279.1,274.6
2026-08-21,남원,12,288.3,263.3
2026-08-21,남원,13,334.4,182.0
2026-08-21,남원,14,308.7,93.8
2026-08-21,남원,15,251.0,65.7
2026-08-21,남원,16,165.4,0.0
2026-08-21,남원,17,139.7,0.0
2026-08-21,남원,18,100.8,0.0
2026-08-21,남원,19,81.0,0.0
2026-08-21,남원,20,63.8,0.0
2026-08-21,남원,21,29.6,0.0
2026-08-21,남원,22,6.8,0.0
2026-08-21,남원,23,0.9,0.0
2026-08-21,동산,0,0.2,0.0
2026-08-21,동산,1,0.1,0.0
2026-08-21,동산,2,0.1,0.0
2026-08-21,동산,3,0.1,0.0
2026-08-21,동산,4,0.0,0.0
2026-08-21,동산,5,0.1,0.0
2026-08-21,동산,6,18.6,0.0
2026-08-21,동산,7,94.4,0.0
2026-08-21,동산,8,181.0,93.1
2026-08-21,동산,9,277.5,116.9
2026-08-21,동산,10,305.3,207.6
2026-08-21,동산,11,279.1,274.6
2026-08-21,동산,12,288.3,263.3
2026-08-21,동산,13,334.4,182.0
2026-08-21,동산,14,308.7,93.8
2026-08-21,동산,15,251.0,65.7
2026-08-21,동산,16,165.4,0.0
2026-08-21,동산,17,139.7,0.0
2026-08-21,동산,18,100.8,0.0
2026-08-21,동산,19,81.0,0.0
2026-08-21,동산,20,63.8,0.0
2026-08-21,동산,21,29.6,0.0
2026-08-21,동산,22,6.8,0.0
2026-08-21,동산,23,0.9,0.0
2026-08-21,새만금,0,0.2,0.0
2026-08-21,새만금,1,0.1,0.0
2026-08-21,새만금,2,0.1,0.0
2026-08-21,새만금,3,0.1,0.0
2026-08-21,새만금,4,0.0,0.0
2026-08-21,새만금,5,0.1,0.0
2026-08-21,새만금,6,18.6,0.0
2026-08-21,새만금,7,94.4,0.0
2026-08-21,새만금,8,181.0,93.1
2026-08-21,새만금,9,277.5,116.9
2026-08-21,새만금,10,305.3,207.6
2026-08-21,새만금,11,279.1,274.6
2026-08-21,새만금,12,288.3,263.3
2026-08-21,새만금,13,334.4,182.0
2026-08-21,새만금,14,308.7,93.8
2026-08-21,새만금,15,251.0,65.7
2026-08-21,새만금,16,165.4,0.0
2026-08-21,새만금,17,139.7,0.0
2026-08-21,새만금,18,100.8,0.0
2026-08-21,새만금,19,81.0,0.0
2026-08-21,새만금,20,63.8,0.0
2026-08-21,새만금,21,29.6,0.0
2026-08-21,새만금,22,6.8,0.0
2026-08-21,새만금,23,0.9,0.0
2026-08-21,장성,0,0.6,0.0
2026-08-21,장성,1,0.3,0.0
2026-08-21,장성,2,0.3,0.0
2026-08-21,장성,3,0.3,0.0
2026-08-21,장성,4,0.0,0.0
2026-08-21,장성,5,0.2,0.0
2026-08-21,장성,6,74.3,0.0
2026-08-21,장성,7,377.2,0.0
2026-08-21,장성,8,723.3,372.0
2026-08-21,장성,9,1108.9,467.1
2026-08-21,장성,10,1220.1,829.6
2026-08-21,장성,11,1115.4,1097.5
2026-08-21,장성,12,1152.2,1052.1
2026-08-21,장성,13,1336.5,727.2
2026-08-21,장성,14,1233.7,374.7
2026-08-21,장성,15,1003.2,262.6
2026-08-21,장성,16,661.1,0.0
2026-08-21,장성,17,558.2,0.0
2026-08-21,장성,18,403.0,0.0
2026-08-21,장성,19,323.6,0.0
2026-08-21,장성,20,254.9,0.0
2026-08-21,장성,21,118.1,0.0
2026-08-21,장성,22,27.2,0.0
2026-08-21,장성,23,3.5,0.0
2026-08-22,남원,0,0.0,0.0
2026-08-22,남원,1,0.0,0.0
2026-08-22,남원,2,0.0,0.0
2026-08-22,남원,3,0.0,0.0
2026-08-22,남원,4,0.0,0.0
2026-08-22,남원,5,0.5,0.0
2026-08-22,남원,6,28.5,0.0
2026-08-22,남원,7,109.4,0.0
2026-08-22,남원,8,217.9,75.1
2026-08-22,남원,9,315.7,109.2
2026-08-22,남원,10,328.3,196.3
2026-08-22,남원,11,325.6,251.7
2026-08-22,남원,12,343.4,251.1
2026-08-22,남원,13,363.6,179.3
2026-08-22,남원,14,345.8,111.3
2026-08-22,남원,15,324.8,86.2
2026-08-22,남원,16,241.1,0.0
2026-08-22,남원,17,175.4,0.0
2026-08-22,남원,18,114.9,0.0
2026-08-22,남원,19,78.4,0.0
2026-08-22,남원,20,60.9,0.0
2026-08-22,남원,21,33.9,0.0
2026-08-22,남원,22,9.2,0.0
2026-08-22,남원,23,1.0,0.0
2026-08-22,동산,0,0.0,0.0
2026-08-22,동산,1,0.0,0.0
2026-08-22,동산,2,0.0,0.0
2026-08-22,동산,3,0.0,0.0
2026-08-22,동산,4,0.0,0.0
2026-08-22,동산,5,0.5,0.0
2026-08-22,동산,6,28.5,0.0
2026-08-22,동산,7,109.4,0.0
2026-08-22,동산,8,217.9,75.1
2026-08-22,동산,9,315.7,109.2
2026-08-22,동산,10,328.3,196.3
2026-08-22,동산,11,325.6,251.7
2026-08-22,동산,12,343.4,251.1
2026-08-22,동산,13,363.6,179.3
2026-08-22,동산,14,345.8,111.3
2026-08-22,동산,15,324.8,86.2
2026-08-22,동산,16,241.1,0.0
2026-08-22,동산,17,175.4,0.0
2026-08-22,동산,18,114.9,0.0
2026-08-22,동산,19,78.4,0.0
2026-08-22,동산,20,60.9,0.0
2026-08-22,동산,21,33.9,0.0
2026-08-22,동산,22,9.2,0.0
2026-08-22,동산,23,1.0,0.0
2026-08-22,새만금,0,0.0,0.0
2026-08-22,새만금,1,0.0,0.0
2026-08-22,새만금,2,0.0,0.0
2026-08-22,새만금,3,0.0,0.0
2026-08-22,새만금,4,0.0,0.0
2026-08-22,새만금,5,0.5,0.0
2026-08-22,새만금,6,28.5,0.0
2026-08-22,새만금,7,109.4,0.0
2026-08-22,새만금,8,217.9,75.1
2026-08-22,새만금,9,315.7,109.2
2026-08-22,새만금,10,328.3,196.3
2026-08-22,새만금,11,325.6,251.7
2026-08-22,새만금,12,343.4,251.1
2026-08-22,새만금,13,363.6,179.3
2026-08-22,새만금,14,345.8,111.3
2026-08-22,새만금,15,324.8,86.2
2026-08-22,새만금,16,241.1,0.0
2026-08-22,새만금,17,175.4,0.0
2026-08-22,새만금,18,114.9,0.0
2026-08-22,새만금,19,78.4,0.0
2026-08-22,새만금,20,60.9,0.0
2026-08-22,새만금,21,33.9,0.0
2026-08-22,새만금,22,9.2,0.0
2026-08-22,새만금,23,1.0,0.0
2026-08-22,장성,0,0.1,0.0
2026-08-22,장성,1,0.1,0.0
2026-08-22,장성,2,0.0,0.0
2026-08-22,장성,3,0.0,0.0
2026-08-22,장성,4,0.0,0.0
2026-08-22,장성,5,2.1,0.0
2026-08-22,장성,6,114.0,0.0
2026-08-22,장성,7,437.3,0.0
2026-08-22,장성,8,870.8,300.0
2026-08-22,장성,9,1261.6,436.3
2026-08-22,장성,10,1311.9,784.4
2026-08-22,장성,11,1301.3,1005.7
2026-08-22,장성,12,1372.1,1003.5
2026-08-22,장성,13,1453.2,716.4
2026-08-22,장성,14,1381.8,444.8
2026-08-22,장성,15,1297.9,344.4
2026-08-22,장성,16,963.3,0.0
2026-08-22,장성,17,701.1,0.0
2026-08-22,장성,18,459.2,0.0
2026-08-22,장성,19,313.2,0.0
2026-08-22,장성,20,243.4,0.0
2026-08-22,장성,21,135.5,0.0
2026-08-22,장성,22,36.8,0.0
2026-08-22,장성,23,4.0,0.0
2026-08-23,남원,0,0.1,0.0
2026-08-23,남원,1,0.1,0.0
2026-08-23,남원,2,0.1,0.0
2026-08-23,남원,3,0.1,0.0
2026-08-23,남원,4,0.0,0.0
2026-08-23,남원,5,0.7,0.0
2026-08-23,남원,6,30.2,0.0
2026-08-23,남원,7,113.8,0.0
2026-08-23,남원,8,224.5,92.1
2026-08-23,남원,9,318.8,118.2
2026-08-23,남원,10,321.6,208.9
2026-08-23,남원,11,356.3,234.1
2026-08-23,남원,12,375.8,263.0
2026-08-23,남원,13,381.4,168.7
2026-08-23,남원,14,338.3,116.1
2026-08-23,남원,15,252.0,14.8
2026-08-23,남원,16,171.2,0.0
2026-08-23,남원,17,134.2,0.0
2026-08-23,남원,18,98.4,0.0
2026-08-23,남원,19,80.4,0.0
2026-08-23,남원,20,62.5,0.0
2026-08-23,남원,21,26.2,0.0
2026-08-23,남원,22,6.5,0.0
2026-08-23,남원,23,0.9,0.0
2026-08-23,동산,0,0.1,0.0
2026-08-23,동산,1,0.1,0.0
2026-08-23,동산,2,0.1,0.0
2026-08-23,동산,3,0.1,0.0
2026-08-23,동산,4,0.0,0.0
2026-08-23,동산,5,0.7,0.0
2026-08-23,동산,6,30.2,0.0
2026-08-23,동산,7,113.8,0.0
2026-08-23,동산,8,224.5,92.1
2026-08-23,동산,9,318.8,118.2
2026-08-23,동산,10,321.6,208.9
2026-08-23,동산,11,356.3,234.1
2026-08-23,동산,12,375.8,263.0
2026-08-23,동산,13,381.4,168.7
2026-08-23,동산,14,338.3,116.1
2026-08-23,동산,15,252.0,14.8
2026-08-23,동산,16,171.2,0.0
2026-08-23,동산,17,134.2,0.0
2026-08-23,동산,18,98.4,0.0
2026-08-23,동산,19,80.4,0.0
2026-08-23,동산,20,62.5,0.0
2026-08-23,동산,21,26.2,0.0
2026-08-23,동산,22,6.5,0.0
2026-08-23,동산,23,0.9,0.0
2026-08-23,새만금,0,0.1,0.0
2026-08-23,새만금,1,0.1,0.0
2026-08-23,새만금,2,0.1,0.0
2026-08-23,새만금,3,0.1,0.0
2026-08-23,새만금,4,0.0,0.0
2026-08-23,새만금,5,0.7,0.0
2026-08-23,새만금,6,30.2,0.0
2026-08-23,새만금,7,113.8,0.0
2026-08-23,새만금,8,224.5,92.1
2026-08-23,새만금,9,318.8,118.2
2026-08-23,새만금,10,321.6,208.9
2026-08-23,새만금,11,356.3,234.1
2026-08-23,새만금,12,375.8,263.0
2026-08-23,새만금,13,381.4,168.7
2026-08-23,새만금,14,338.3,116.1
2026-08-23,새만금,15,252.0,14.8
2026-08-23,새만금,16,171.2,0.0
2026-08-23,새만금,17,134.2,0.0
2026-08-23,새만금,18,98.4,0.0
2026-08-23,새만금,19,80.4,0.0
2026-08-23,새만금,20,62.5,0.0
2026-08-23,새만금,21,26.2,0.0
2026-08-23,새만금,22,6.5,0.0
2026-08-23,새만금,23,0.9,0.0
2026-08-23,장성,0,0.5,0.0
2026-08-23,장성,1,0.3,0.0
2026-08-23,장성,2,0.3,0.0
2026-08-23,장성,3,0.3,0.0
2026-08-23,장성,4,0.0,0.0
2026-08-23,장성,5,2.8,0.0
2026-08-23,장성,6,120.7,0.0
2026-08-23,장성,7,454.8,0.0
2026-08-23,장성,8,897.3,368.2
2026-08-23,장성,9,1274.0,472.4
2026-08-23,장성,10,1285.3,835.0
2026-08-23,장성,11,1423.6,935.6
2026-08-23,장성,12,1501.6,1050.9
2026-08-23,장성,13,1524.1,674.1
2026-08-23,장성,14,1351.9,463.9
2026-08-23,장성,15,1007.0,58.9
2026-08-23,장성,16,684.2,0.0
2026-08-23,장성,17,536.4,0.0
2026-08-23,장성,18,393.2,0.0
2026-08-23,장성,19,321.2,0.0
2026-08-23,장성,20,249.7,0.0
2026-08-23,장성,21,104.9,0.0
2026-08-23,장성,22,26.2,0.0
2026-08-23,장성,23,3.6,0.0
2026-08-24,남원,0,0.0,0.0
2026-08-24,남원,1,0.0,0.0
2026-08-24,남원,2,0.0,0.0
2026-08-24,남원,3,0.0,0.0
2026-08-24,남원,4,0.0,0.0
2026-08-24,남원,5,0.4,0.0
2026-08-24,남원,6,9.8,0.0
2026-08-24,남원,7,51.5,0.0
2026-08-24,남원,8,125.5,0.0
2026-08-24,남원,9,209.7,64.0
2026-08-24,남원,10,232.3,143.7
2026-08-24,남원,11,259.9,207.1
2026-08-24,남원,12,279.7,256.1
2026-08-24,남원,13,279.9,228.3
2026-08-24,남원,14,280.3,178.3
2026-08-24,남원,15,251.7,111.6
2026-08-24,남원,16,154.1,0.0
2026-08-24,남원,17,140.5,0.0
2026-08-24,남원,18,103.8,0.0
2026-08-24,남원,19,80.5,0.0
2026-08-24,남원,20,61.2,0.0
2026-08-24,남원,21,21.3,0.0
2026-08-24,남원,22,4.9,0.0
2026-08-24,남원,23,0.6,0.0
2026-08-24,동산,0,0.0,0.0
2026-08-24,동산,1,0.0,0.0
2026-08-24,동산,2,0.0,0.0
2026-08-24,동산,3,0.0,0.0
2026-08-24,동산,4,0.0,0.0
2026-08-24,동산,5,0.4,0.0
2026-08-24,동산,6,9.8,0.0
2026-08-24,동산,7,51.5,0.0
2026-08-24,동산,8,125.5,0.0
2026-08-24,동산,9,209.7,64.0
2026-08-24,동산,10,232.3,143.7
2026-08-24,동산,11,259.9,207.1
2026-08-24,동산,12,279.7,256.1
2026-08-24,동산,13,279.9,228.3
2026-08-24,동산,14,280.3,178.3
2026-08-24,동산,15,251.7,111.6
2026-08-24,동산,16,154.1,0.0
2026-08-24,동산,17,140.5,0.0
2026-08-24,동산,18,103.8,0.0
2026-08-24,동산,19,80.5,0.0
2026-08-24,동산,20,61.2,0.0
2026-08-24,동산,21,21.3,0.0
2026-08-24,동산,22,4.9,0.0
2026-08-24,동산,23,0.6,0.0
2026-08-24,새만금,0,0.0,0.0
2026-08-24,새만금,1,0.0,0.0
2026-08-24,새만금,2,0.0,0.0
2026-08-24,새만금,3,0.0,0.0
2026-08-24,새만금,4,0.0,0.0
2026-08-24,새만금,5,0.4,0.0
2026-08-24,새만금,6,9.8,0.0
2026-08-24,새만금,7,51.5,0.0
2026-08-24,새만금,8,125.5,0.0
2026-08-24,새만금,9,209.7,64.0
2026-08-24,새만금,10,232.3,143.7
2026-08-24,새만금,11,259.9,207.1
2026-08-24,새만금,12,279.7,256.1
2026-08-24,새만금,13,279.9,228.3
2026-08-24,새만금,14,280.3,178.3
2026-08-24,새만금,15,251.7,111.6
2026-08-24,새만금,16,154.1,0.0
2026-08-24,새만금,17,140.5,0.0
2026-08-24,새만금,18,103.8,0.0
2026-08-24,새만금,19,80.5,0.0
2026-08-24,새만금,20,61.2,0.0
2026-08-24,새만금,21,21.3,0.0
2026-08-24,새만금,22,4.9,0.0
2026-08-24,새만금,23,0.6,0.0
2026-08-24,장성,0,0.0,0.0
2026-08-24,장성,1,0.0,0.0
2026-08-24,장성,2,0.2,0.0
2026-08-24,장성,3,0.0,0.0
2026-08-24,장성,4,0.0,0.0
2026-08-24,장성,5,1.7,0.0
2026-08-24,장성,6,39.3,0.0
2026-08-24,장성,7,205.8,0.0
2026-08-24,장성,8,501.5,0.0
2026-08-24,장성,9,838.1,255.8
2026-08-24,장성,10,928.4,574.5
2026-08-24,장성,11,1038.5,827.5
2026-08-24,장성,12,1117.7,1023.5
2026-08-24,장성,13,1118.3,912.4
2026-08-24,장성,14,1120.0,712.6
2026-08-24,장성,15,1005.8,445.8
2026-08-24,장성,16,615.6,0.0
2026-08-24,장성,17,561.6,0.0
2026-08-24,장성,18,414.7,0.0
2026-08-24,장성,19,321.8,0.0
2026-08-24,장성,20,244.5,0.0
2026-08-24,장성,21,84.9,0.0
2026-08-24,장성,22,19.6,0.0
2026-08-24,장성,23,2.5,0.0
2026-08-25,남원,0,0.0,0.0
2026-08-25,남원,1,0.1,0.0
2026-08-25,남원,2,0.1,0.0
2026-08-25,남원,3,0.1,0.0
2026-08-25,남원,4,0.0,0.0
2026-08-25,남원,5,0.0,0.0
2026-08-25,남원,6,19.2,0.0
2026-08-25,남원,7,99.5,0.0
2026-08-25,남원,8,214.7,84.1
2026-08-25,남원,9,315.0,109.5
2026-08-25,남원,10,317.9,195.2
2026-08-25,남원,11,348.5,218.8
2026-08-25,남원,12,377.1,212.9
2026-08-25,남원,13,396.2,162.1
2026-08-25,남원,14,380.7,117.7
2026-08-25,남원,15,290.5,76.6
2026-08-25,남원,16,186.1,0.0
2026-08-25,남원,17,139.2,0.0
2026-08-25,남원,18,98.1,0.0
2026-08-25,남원,19,80.5,0.0
2026-08-25,남원,20,63.5,0.0
2026-08-25,남원,21,28.7,0.0
2026-08-25,남원,22,6.8,0.0
2026-08-25,남원,23,0.9,0.0
2026-08-25,동산,0,0.0,0.0
2026-08-25,동산,1,0.1,0.0
2026-08-25,동산,2,0.1,0.0
2026-08-25,동산,3,0.1,0.0
2026-08-25,동산,4,0.0,0.0
2026-08-25,동산,5,0.0,0.0
2026-08-25,동산,6,19.2,0.0
2026-08-25,동산,7,99.5,0.0
2026-08-25,동산,8,214.7,84.1
2026-08-25,동산,9,315.0,109.5
2026-08-25,동산,10,317.9,195.2
2026-08-25,동산,11,348.5,218.8
2026-08-25,동산,12,377.1,212.9
2026-08-25,동산,13,396.2,162.1
2026-08-25,동산,14,380.7,117.7
2026-08-25,동산,15,290.5,76.6
2026-08-25,동산,16,186.1,0.0
2026-08-25,동산,17,139.2,0.0
2026-08-25,동산,18,98.1,0.0
2026-08-25,동산,19,80.5,0.0
2026-08-25,동산,20,63.5,0.0
2026-08-25,동산,21,28.7,0.0
2026-08-25,동산,22,6.8,0.0
2026-08-25,동산,23,0.9,0.0
2026-08-25,새만금,0,0.0,0.0
2026-08-25,새만금,1,0.1,0.0
2026-08-25,새만금,2,0.1,0.0
2026-08-25,새만금,3,0.1,0.0
2026-08-25,새만금,4,0.0,0.0
2026-08-25,새만금,5,0.0,0.0
2026-08-25,새만금,6,19.2,0.0
2026-08-25,새만금,7,99.5,0.0
2026-08-25,새만금,8,214.7,84.1
2026-08-25,새만금,9,315.0,109.5
2026-08-25,새만금,10,317.9,195.2
2026-08-25,새만금,11,348.5,218.8
2026-08-25,새만금,12,377.1,212.9
2026-08-25,새만금,13,396.2,162.1
2026-08-25,새만금,14,380.7,117.7
2026-08-25,새만금,15,290.5,76.6
2026-08-25,새만금,16,186.1,0.0
2026-08-25,새만금,17,139.2,0.0
2026-08-25,새만금,18,98.1,0.0
2026-08-25,새만금,19,80.5,0.0
2026-08-25,새만금,20,63.5,0.0
2026-08-25,새만금,21,28.7,0.0
2026-08-25,새만금,22,6.8,0.0
2026-08-25,새만금,23,0.9,0.0
2026-08-25,장성,0,0.2,0.0
2026-08-25,장성,1,0.2,0.0
2026-08-25,장성,2,0.3,0.0
2026-08-25,장성,3,0.3,0.0
2026-08-25,장성,4,0.0,0.0
2026-08-25,장성,5,0.2,0.0
2026-08-25,장성,6,76.9,0.0
2026-08-25,장성,7,397.8,0.0
2026-08-25,장성,8,857.8,336.3
2026-08-25,장성,9,1259.0,437.6
2026-08-25,장성,10,1270.3,780.0
2026-08-25,장성,11,1392.5,874.2
2026-08-25,장성,12,1507.0,850.6
2026-08-25,장성,13,1583.3,647.9
2026-08-25,장성,14,1521.3,470.5
2026-08-25,장성,15,1160.9,306.2
2026-08-25,장성,16,743.7,0.0
2026-08-25,장성,17,556.2,0.0
2026-08-25,장성,18,391.9,0.0
2026-08-25,장성,19,321.6,0.0
2026-08-25,장성,20,253.7,0.0
2026-08-25,장성,21,114.7,0.0
2026-08-25,장성,22,27.1,0.0
2026-08-25,장성,23,3.7,0.0
2026-08-26,남원,0,0.1,0.0
2026-08-26,남원,1,0.1,0.0
2026-08-26,남원,2,0.1,0.0
2026-08-26,남원,3,0.1,0.0
2026-08-26,남원,4,0.0,0.0
2026-08-26,남원,5,0.0,0.0
2026-08-26,남원,6,1.1,0.0
2026-08-26,남원,7,42.8,0.0
2026-08-26,남원,8,145.4,41.5
2026-08-26,남원,9,253.9,0.0
2026-08-26,남원,10,278.7,147.5
2026-08-26,남원,11,253.7,246.3
2026-08-26,남원,12,225.7,294.2
2026-08-26,남원,13,245.1,267.3
2026-08-26,남원,14,275.4,164.9
2026-08-26,남원,15,277.2,0.0
2026-08-26,남원,16,199.4,0.0
2026-08-26,남원,17,136.7,0.0
2026-08-26,남원,18,88.8,0.0
2026-08-26,남원,19,81.1,0.0
2026-08-26,남원,20,65.0,0.0
2026-08-26,남원,21,30.9,0.0
2026-08-26,남원,22,7.2,0.0
2026-08-26,남원,23,0.9,0.0
2026-08-26,동산,0,0.1,0.0
2026-08-26,동산,1,0.1,0.0
2026-08-26,동산,2,0.1,0.0
2026-08-26,동산,3,0.1,0.0
2026-08-26,동산,4,0.0,0.0
2026-08-26,동산,5,0.0,0.0
2026-08-26,동산,6,1.1,0.0
2026-08-26,동산,7,42.8,0.0
2026-08-26,동산,8,145.4,41.5
2026-08-26,동산,9,253.9,0.0
2026-08-26,동산,10,278.7,147.5
2026-08-26,동산,11,253.7,246.3
2026-08-26,동산,12,225.7,294.2
2026-08-26,동산,13,245.1,267.3
2026-08-26,동산,14,275.4,164.9
2026-08-26,동산,15,277.2,0.0
2026-08-26,동산,16,199.4,0.0
2026-08-26,동산,17,136.7,0.0
2026-08-26,동산,18,88.8,0.0
2026-08-26,동산,19,81.1,0.0
2026-08-26,동산,20,65.0,0.0
2026-08-26,동산,21,30.9,0.0
2026-08-26,동산,22,7.2,0.0
2026-08-26,동산,23,0.9,0.0
2026-08-26,새만금,0,0.1,0.0
2026-08-26,새만금,1,0.1,0.0
2026-08-26,새만금,2,0.1,0.0
2026-08-26,새만금,3,0.1,0.0
2026-08-26,새만금,4,0.0,0.0
2026-08-26,새만금,5,0.0,0.0
2026-08-26,새만금,6,1.1,0.0
2026-08-26,새만금,7,42.8,0.0
2026-08-26,새만금,8,145.4,41.5
2026-08-26,새만금,9,253.9,0.0
2026-08-26,새만금,10,278.7,147.5
2026-08-26,새만금,11,253.7,246.3
2026-08-26,새만금,12,225.7,294.2
2026-08-26,새만금,13,245.1,267.3
2026-08-26,새만금,14,275.4,164.9
2026-08-26,새만금,15,277.2,0.0
2026-08-26,새만금,16,199.4,0.0
2026-08-26,새만금,17,136.7,0.0
2026-08-26,새만금,18,88.8,0.0
2026-08-26,새만금,19,81.1,0.0
2026-08-26,새만금,20,65.0,0.0
2026-08-26,새만금,21,30.9,0.0
2026-08-26,새만금,22,7.2,0.0
2026-08-26,새만금,23,0.9,0.0
2026-08-26,장성,0,0.5,0.0
2026-08-26,장성,1,0.3,0.0
2026-08-26,장성,2,0.3,0.0
2026-08-26,장성,3,0.3,0.0
2026-08-26,장성,4,0.1,0.0
2026-08-26,장성,5,0.0,0.0
2026-08-26,장성,6,4.6,0.0
2026-08-26,장성,7,171.0,0.0
2026-08-26,장성,8,581.1,166.0
2026-08-26,장성,9,1014.7,0.0
2026-08-26,장성,10,1113.5,589.5
2026-08-26,장성,11,1013.9,984.4
2026-08-26,장성,12,901.8,1175.5
2026-08-26,장성,13,979.6,1068.4
2026-08-26,장성,14,1100.5,659.2
2026-08-26,장성,15,1107.7,0.0
2026-08-26,장성,16,796.8,0.0
2026-08-26,장성,17,546.4,0.0
2026-08-26,장성,18,355.0,0.0
2026-08-26,장성,19,324.2,0.0
2026-08-26,장성,20,259.9,0.0
2026-08-26,장성,21,123.7,0.0
2026-08-26,장성,22,28.6,0.0
2026-08-26,장성,23,3.4,0.0
2026-08-27,남원,0,0.1,0.0
2026-08-27,남원,1,0.1,0.0
2026-08-27,남원,2,0.1,0.0
2026-08-27,남원,3,0.1,0.0
2026-08-27,남원,4,0.0,0.0
2026-08-27,남원,5,0.0,0.0
2026-08-27,남원,6,17.2,0.0
2026-08-27,남원,7,89.3,0.0
2026-08-27,남원,8,195.5,85.7
2026-08-27,남원,9,296.1,109.5
2026-08-27,남원,10,326.5,204.8
2026-08-27,남원,11,368.7,206.8
2026-08-27,남원,12,368.0,246.8
2026-08-27,남원,13,415.4,187.3
2026-08-27,남원,14,432.2,114.6
2026-08-27,남원,15,368.3,0.0
2026-08-27,남원,16,269.8,0.0
2026-08-27,남원,17,186.3,0.0
2026-08-27,남원,18,106.3,0.0
2026-08-27,남원,19,79.9,0.0
2026-08-27,남원,20,68.1,0.0
2026-08-27,남원,21,37.9,0.0
2026-08-27,남원,22,10.0,0.0
2026-08-27,남원,23,1.0,0.0
2026-08-27,동산,0,0.1,0.0
2026-08-27,동산,1,0.1,0.0
2026-08-27,동산,2,0.1,0.0
2026-08-27,동산,3,0.1,0.0
2026-08-27,동산,4,0.0,0.0
2026-08-27,동산,5,0.0,0.0
2026-08-27,동산,6,17.2,0.0
2026-08-27,동산,7,89.3,0.0
2026-08-27,동산,8,195.5,85.7
2026-08-27,동산,9,296.1,109.5
2026-08-27,동산,10,326.5,204.8
2026-08-27,동산,11,368.7,206.8
2026-08-27,동산,12,368.0,246.8
2026-08-27,동산,13,415.4,187.3
2026-08-27,동산,14,432.2,114.6
2026-08-27,동산,15,368.3,0.0
2026-08-27,동산,16,269.8,0.0
2026-08-27,동산,17,186.3,0.0
2026-08-27,동산,18,106.3,0.0
2026-08-27,동산,19,79.9,0.0
2026-08-27,동산,20,68.1,0.0
2026-08-27,동산,21,37.9,0.0
2026-08-27,동산,22,10.0,0.0
2026-08-27,동산,23,1.0,0.0
2026-08-27,새만금,0,0.1,0.0
2026-08-27,새만금,1,0.1,0.0
2026-08-27,새만금,2,0.1,0.0
2026-08-27,새만금,3,0.1,0.0
2026-08-27,새만금,4,0.0,0.0
2026-08-27,새만금,5,0.0,0.0
2026-08-27,새만금,6,17.2,0.0
2026-08-27,새만금,7,89.3,0.0
2026-08-27,새만금,8,195.5,85.7
2026-08-27,새만금,9,296.1,109.5
2026-08-27,새만금,10,326.5,204.8
2026-08-27,새만금,11,368.7,206.8
2026-08-27,새만금,12,368.0,246.8
2026-08-27,새만금,13,415.4,187.3
2026-08-27,새만금,14,432.2,114.6
2026-08-27,새만금,15,368.3,0.0
2026-08-27,새만금,16,269.8,0.0
2026-08-27,새만금,17,186.3,0.0
2026-08-27,새만금,18,106.3,0.0
2026-08-27,새만금,19,79.9,0.0
2026-08-27,새만금,20,68.1,0.0
2026-08-27,새만금,21,37.9,0.0
2026-08-27,새만금,22,10.0,0.0
2026-08-27,새만금,23,1.0,0.0
2026-08-27,장성,0,0.5,0.0
2026-08-27,장성,1,0.3,0.0
2026-08-27,장성,2,0.3,0.0
2026-08-27,장성,3,0.3,0.0
2026-08-27,장성,4,0.0,0.0
2026-08-27,장성,5,0.2,0.0
2026-08-27,장성,6,68.9,0.0
2026-08-27,장성,7,356.9,0.0
2026-08-27,장성,8,781.4,342.5
2026-08-27,장성,9,1183.4,437.6
2026-08-27,장성,10,1304.8,818.4
2026-08-27,장성,11,1473.4,826.4
2026-08-27,장성,12,1470.5,986.3
2026-08-27,장성,13,1660.2,748.4
2026-08-27,장성,14,1727.3,457.9
2026-08-27,장성,15,1471.8,0.0
2026-08-27,장성,16,1078.0,0.0
2026-08-27,장성,17,744.4,0.0
2026-08-27,장성,18,424.9,0.0
2026-08-27,장성,19,319.2,0.0
2026-08-27,장성,20,272.1,0.0
2026-08-27,장성,21,151.6,0.0
2026-08-27,장성,22,39.9,0.0
2026-08-27,장성,23,4.1,0.0
2026-08-28,남원,0,0.0,0.0
2026-08-28,남원,1,0.1,0.0
2026-08-28,남원,2,0.1,0.0
2026-08-28,남원,3,0.1,0.0
2026-08-28,남원,4,0.0,0.0
2026-08-28,남원,5,0.0,0.0
2026-08-28,남원,6,3.6,0.0
2026-08-28,남원,7,62.7,0.0
2026-08-28,남원,8,160.1,59.5
2026-08-28,남원,9,276.3,72.9
2026-08-28,남원,10,273.0,143.8
2026-08-28,남원,11,257.4,176.3
2026-08-28,남원,12,214.6,289.3
2026-08-28,남원,13,260.6,221.3
2026-08-28,남원,14,283.8,122.9
2026-08-28,남원,15,226.1,68.5
2026-08-28,남원,16,160.1,0.0
2026-08-28,남원,17,145.1,0.0
2026-08-28,남원,18,97.2,0.0
2026-08-28,남원,19,81.6,0.0
2026-08-28,남원,20,61.8,0.0
2026-08-28,남원,21,26.1,0.0
2026-08-28,남원,22,4.9,0.0
2026-08-28,남원,23,0.8,0.0
2026-08-28,동산,0,0.0,0.0
2026-08-28,동산,1,0.1,0.0
2026-08-28,동산,2,0.1,0.0
2026-08-28,동산,3,0.1,0.0
2026-08-28,동산,4,0.0,0.0
2026-08-28,동산,5,0.0,0.0
2026-08-28,동산,6,3.6,0.0
2026-08-28,동산,7,62.7,0.0
2026-08-28,동산,8,160.1,59.5
2026-08-28,동산,9,276.3,72.9
2026-08-28,동산,10,273.0,143.8
2026-08-28,동산,11,257.4,176.3
2026-08-28,동산,12,214.6,289.3
2026-08-28,동산,13,260.6,221.3
2026-08-28,동산,14,283.8,122.9
2026-08-28,동산,15,226.1,68.5
2026-08-28,동산,16,160.1,0.0
2026-08-28,동산,17,145.1,0.0
2026-08-28,동산,18,97.2,0.0
2026-08-28,동산,19,81.6,0.0
2026-08-28,동산,20,61.8,0.0
2026-08-28,동산,21,26.1,0.0
2026-08-28,동산,22,4.9,0.0
2026-08-28,동산,23,0.8,0.0
2026-08-28,새만금,0,0.0,0.0
2026-08-28,새만금,1,0.1,0.0
2026-08-28,새만금,2,0.1,0.0
2026-08-28,새만금,3,0.1,0.0
2026-08-28,새만금,4,0.0,0.0
2026-08-28,새만금,5,0.0,0.0
2026-08-28,새만금,6,3.6,0.0
2026-08-28,새만금,7,62.7,0.0
2026-08-28,새만금,8,160.1,59.5
2026-08-28,새만금,9,276.3,72.9
2026-08-28,새만금,10,273.0,143.8
2026-08-28,새만금,11,257.4,176.3
2026-08-28,새만금,12,214.6,289.3
2026-08-28,새만금,13,260.6,221.3
2026-08-28,새만금,14,283.8,122.9
2026-08-28,새만금,15,226.1,68.5
2026-08-28,새만금,16,160.1,0.0
2026-08-28,새만금,17,145.1,0.0
2026-08-28,새만금,18,97.2,0.0
2026-08-28,새만금,19,81.6,0.0
2026-08-28,새만금,20,61.8,0.0
2026-08-28,새만금,21,26.1,0.0
2026-08-28,새만금,22,4.9,0.0
2026-08-28,새만금,23,0.8,0.0
2026-08-28,장성,0,0.1,0.0
2026-08-28,장성,1,0.2,0.0
2026-08-28,장성,2,0.3,0.0
2026-08-28,장성,3,0.3,0.0
2026-08-28,장성,4,0.0,0.0
2026-08-28,장성,5,0.0,0.0
2026-08-28,장성,6,14.3,0.0
2026-08-28,장성,7,250.5,0.0
2026-08-28,장성,8,639.6,237.6
2026-08-28,장성,9,1104.2,291.2
2026-08-28,장성,10,1091.1,574.8
2026-08-28,장성,11,1028.7,704.4
2026-08-28,장성,12,857.4,1156.0
2026-08-28,장성,13,1041.5,884.4
2026-08-28,장성,14,1133.9,491.1
2026-08-28,장성,15,903.4,273.7
2026-08-28,장성,16,639.7,0.0
2026-08-28,장성,17,579.9,0.0
2026-08-28,장성,18,388.6,0.0
2026-08-28,장성,19,325.9,0.0
2026-08-28,장성,20,247.1,0.0
2026-08-28,장성,21,104.3,0.0
2026-08-28,장성,22,19.7,0.0
2026-08-28,장성,23,3.3,0.0
2026-08-29,남원,0,0.0,0.0
2026-08-29,남원,1,0.0,0.0
2026-08-29,남원,2,0.0,0.0
2026-08-29,남원,3,0.0,0.0
2026-08-29,남원,4,0.0,0.0
2026-08-29,남원,5,0.1,0.0
2026-08-29,남원,6,9.5,0.0
2026-08-29,남원,7,44.4,0.0
2026-08-29,남원,8,97.7,0.0
2026-08-29,남원,9,173.6,43.4
2026-08-29,남원,10,249.4,125.5
2026-08-29,남원,11,277.8,237.4
2026-08-29,남원,12,274.1,230.2
2026-08-29,남원,13,289.3,222.2
2026-08-29,남원,14,325.6,145.4
2026-08-29,남원,15,274.6,80.8
2026-08-29,남원,16,230.5,0.0
2026-08-29,남원,17,179.2,0.0
2026-08-29,남원,18,113.8,0.0
2026-08-29,남원,19,83.5,0.0
2026-08-29,남원,20,67.9,0.0
2026-08-29,남원,21,36.4,0.0
2026-08-29,남원,22,9.0,0.0
2026-08-29,남원,23,0.7,0.0
2026-08-29,동산,0,0.0,0.0
2026-08-29,동산,1,0.0,0.0
2026-08-29,동산,2,0.0,0.0
2026-08-29,동산,3,0.0,0.0
2026-08-29,동산,4,0.0,0.0
2026-08-29,동산,5,0.1,0.0
2026-08-29,동산,6,9.5,0.0
2026-08-29,동산,7,44.4,0.0
2026-08-29,동산,8,97.7,0.0
2026-08-29,동산,9,173.6,43.4
2026-08-29,동산,10,249.4,125.5
2026-08-29,동산,11,277.8,237.4
2026-08-29,동산,12,274.1,230.2
2026-08-29,동산,13,289.3,222.2
2026-08-29,동산,14,325.6,145.4
2026-08-29,동산,15,274.6,80.8
2026-08-29,동산,16,230.5,0.0
2026-08-29,동산,17,179.2,0.0
2026-08-29,동산,18,113.8,0.0
2026-08-29,동산,19,83.5,0.0
2026-08-29,동산,20,67.9,0.0
2026-08-29,동산,21,36.4,0.0
2026-08-29,동산,22,9.0,0.0
2026-08-29,동산,23,0.7,0.0
2026-08-29,새만금,0,0.0,0.0
2026-08-29,새만금,1,0.0,0.0
2026-08-29,새만금,2,0.0,0.0
2026-08-29,새만금,3,0.0,0.0
2026-08-29,새만금,4,0.0,0.0
2026-08-29,새만금,5,0.1,0.0
2026-08-29,새만금,6,9.5,0.0
2026-08-29,새만금,7,44.4,0.0
2026-08-29,새만금,8,97.7,0.0
2026-08-29,새만금,9,173.6,43.4
2026-08-29,새만금,10,249.4,125.5
2026-08-29,새만금,11,277.8,237.4
2026-08-29,새만금,12,274.1,230.2
2026-08-29,새만금,13,289.3,222.2
2026-08-29,새만금,14,325.6,145.4
2026-08-29,새만금,15,274.6,80.8
2026-08-29,새만금,16,230.5,0.0
2026-08-29,새만금,17,179.2,0.0
2026-08-29,새만금,18,113.8,0.0
2026-08-29,새만금,19,83.5,0.0
2026-08-29,새만금,20,67.9,0.0
2026-08-29,새만금,21,36.4,0.0
2026-08-29,새만금,22,9.0,0.0
2026-08-29,새만금,23,0.7,0.0
2026-08-29,장성,0,0.0,0.0
2026-08-29,장성,1,0.0,0.0
2026-08-29,장성,2,0.0,0.0
2026-08-29,장성,3,0.0,0.0
2026-08-29,장성,4,0.0,0.0
2026-08-29,장성,5,0.5,0.0
2026-08-29,장성,6,38.2,0.0
2026-08-29,장성,7,177.3,0.0
2026-08-29,장성,8,390.2,0.0
2026-08-29,장성,9,693.8,173.5
2026-08-29,장성,10,996.6,501.7
2026-08-29,장성,11,1110.2,948.9
2026-08-29,장성,12,1095.4,919.8
2026-08-29,장성,13,1156.0,888.0
2026-08-29,장성,14,1301.2,581.2
2026-08-29,장성,15,1097.3,323.1
2026-08-29,장성,16,921.3,0.0
2026-08-29,장성,17,716.3,0.0
2026-08-29,장성,18,454.9,0.0
2026-08-29,장성,19,333.8,0.0
2026-08-29,장성,20,271.2,0.0
2026-08-29,장성,21,145.3,0.0
2026-08-29,장성,22,36.0,0.0
2026-08-29,장성,23,2.8,0.0
2026-08-30,남원,0,0.0,0.0
2026-08-30,남원,1,0.1,0.0
2026-08-30,남원,2,0.1,0.0
2026-08-30,남원,3,0.0,0.0
2026-08-30,남원,4,0.0,0.0
2026-08-30,남원,5,0.0,0.0
2026-08-30,남원,6,0.1,0.0
2026-08-30,남원,7,23.1,0.0
2026-08-30,남원,8,115.4,38.1
2026-08-30,남원,9,235.3,0.0
2026-08-30,남원,10,271.6,122.5
2026-08-30,남원,11,237.7,232.7
2026-08-30,남원,12,244.4,261.6
2026-08-30,남원,13,270.6,224.5
2026-08-30,남원,14,293.1,141.6
2026-08-30,남원,15,302.0,0.0
2026-08-30,남원,16,216.8,0.0
2026-08-30,남원,17,142.8,0.0
2026-08-30,남원,18,88.1,0.0
2026-08-30,남원,19,81.7,0.0
2026-08-30,남원,20,65.2,0.0
2026-08-30,남원,21,30.7,0.0
2026-08-30,남원,22,7.6,0.0
2026-08-30,남원,23,0.9,0.0
2026-08-30,동산,0,0.0,0.0
2026-08-30,동산,1,0.1,0.0
2026-08-30,동산,2,0.1,0.0
2026-08-30,동산,3,0.0,0.0
2026-08-30,동산,4,0.0,0.0
2026-08-30,동산,5,0.0,0.0
2026-08-30,동산,6,0.1,0.0
2026-08-30,동산,7,23.1,0.0
2026-08-30,동산,8,115.4,38.1
2026-08-30,동산,9,235.3,0.0
2026-08-30,동산,10,271.6,122.5
2026-08-30,동산,11,237.7,232.7
2026-08-30,동산,12,244.4,261.6
2026-08-30,동산,13,270.6,224.5
2026-08-30,동산,14,293.1,141.6
2026-08-30,동산,15,302.0,0.0
2026-08-30,동산,16,216.8,0.0
2026-08-30,동산,17,142.8,0.0
2026-08-30,동산,18,88.1,0.0
2026-08-30,동산,19,81.7,0.0
2026-08-30,동산,20,65.2,0.0
2026-08-30,동산,21,30.7,0.0
2026-08-30,동산,22,7.6,0.0
2026-08-30,동산,23,0.9,0.0
2026-08-30,새만금,0,0.0,0.0
2026-08-30,새만금,1,0.1,0.0
2026-08-30,새만금,2,0.1,0.0
2026-08-30,새만금,3,0.0,0.0
2026-08-30,새만금,4,0.0,0.0
2026-08-30,새만금,5,0.0,0.0
2026-08-30,새만금,6,0.1,0.0
2026-08-30,새만금,7,23.1,0.0
2026-08-30,새만금,8,115.4,38.1
2026-08-30,새만금,9,235.3,0.0
2026-08-30,새만금,10,271.6,122.5
2026-08-30,새만금,11,237.7,232.7
2026-08-30,새만금,12,244.4,261.6
2026-08-30,새만금,13,270.6,224.5
2026-08-30,새만금,14,293.1,141.6
2026-08-30,새만금,15,302.0,0.0
2026-08-30,새만금,16,216.8,0.0
2026-08-30,새만금,17,142.8,0.0
2026-08-30,새만금,18,88.1,0.0
2026-08-30,새만금,19,81.7,0.0
2026-08-30,새만금,20,65.2,0.0
2026-08-30,새만금,21,30.7,0.0
2026-08-30,새만금,22,7.6,0.0
2026-08-30,새만금,23,0.9,0.0
2026-08-30,장성,0,0.1,0.0
2026-08-30,장성,1,0.2,0.0
2026-08-30,장성,2,0.3,0.0
2026-08-30,장성,3,0.1,0.0
2026-08-30,장성,4,0.0,0.0
2026-08-30,장성,5,0.0,0.0
2026-08-30,장성,6,0.2,0.0
2026-08-30,장성,7,92.2,0.0
2026-08-30,장성,8,461.1,152.3
2026-08-30,장성,9,940.4,0.0
2026-08-30,장성,10,1085.2,489.6
2026-08-30,장성,11,949.9,930.1
2026-08-30,장성,12,976.8,1045.4
2026-08-30,장성,13,1081.2,897.3
2026-08-30,장성,14,1171.5,566.0
2026-08-30,장성,15,1207.0,0.0
2026-08-30,장성,16,866.4,0.0
2026-08-30,장성,17,570.6,0.0
2026-08-30,장성,18,352.1,0.0
2026-08-30,장성,19,326.4,0.0
2026-08-30,장성,20,260.6,0.0
2026-08-30,장성,21,122.5,0.0
2026-08-30,장성,22,30.2,0.0
2026-08-30,장성,23,3.7,0.0
2026-08-31,남원,0,0.1,0.0
2026-08-31,남원,1,0.1,0.0
2026-08-31,남원,2,0.1,0.0
2026-08-31,남원,3,0.1,0.0
2026-08-31,남원,4,0.0,0.0
2026-08-31,남원,5,0.0,0.0
2026-08-31,남원,6,19.0,0.0
2026-08-31,남원,7,88.3,0.0
2026-08-31,남원,8,188.6,60.9
2026-08-31,남원,9,264.2,86.7
2026-08-31,남원,10,301.7,167.7
2026-08-31,남원,11,370.9,203.3
2026-08-31,남원,12,381.4,237.0
2026-08-31,남원,13,425.5,202.2
2026-08-31,남원,14,444.9,0.0
2026-08-31,남원,15,379.0,0.0
2026-08-31,남원,16,276.7,0.0
2026-08-31,남원,17,190.4,0.0
2026-08-31,남원,18,108.1,0.0
2026-08-31,남원,19,82.4,0.0
2026-08-31,남원,20,69.1,0.0
2026-08-31,남원,21,38.3,0.0
2026-08-31,남원,22,10.3,0.0
2026-08-31,남원,23,1.1,0.0
2026-08-31,동산,0,0.1,0.0
2026-08-31,동산,1,0.1,0.0
2026-08-31,동산,2,0.1,0.0
2026-08-31,동산,3,0.1,0.0
2026-08-31,동산,4,0.0,0.0
2026-08-31,동산,5,0.0,0.0
2026-08-31,동산,6,19.0,0.0
2026-08-31,동산,7,88.3,0.0
2026-08-31,동산,8,188.6,60.9
2026-08-31,동산,9,264.2,86.7
2026-08-31,동산,10,301.7,167.7
2026-08-31,동산,11,370.9,203.3
2026-08-31,동산,12,381.4,237.0
2026-08-31,동산,13,425.5,202.2
2026-08-31,동산,14,444.9,0.0
2026-08-31,동산,15,379.0,0.0
2026-08-31,동산,16,276.7,0.0
2026-08-31,동산,17,190.4,0.0
2026-08-31,동산,18,108.1,0.0
2026-08-31,동산,19,82.4,0.0
2026-08-31,동산,20,69.1,0.0
2026-08-31,동산,21,38.3,0.0
2026-08-31,동산,22,10.3,0.0
2026-08-31,동산,23,1.1,0.0
2026-08-31,새만금,0,0.1,0.0
2026-08-31,새만금,1,0.1,0.0
2026-08-31,새만금,2,0.1,0.0
2026-08-31,새만금,3,0.1,0.0
2026-08-31,새만금,4,0.0,0.0
2026-08-31,새만금,5,0.0,0.0
2026-08-31,새만금,6,19.0,0.0
2026-08-31,새만금,7,88.3,0.0
2026-08-31,새만금,8,188.6,60.9
2026-08-31,새만금,9,264.2,86.7
2026-08-31,새만금,10,301.7,167.7
2026-08-31,새만금,11,370.9,203.3
2026-08-31,새만금,12,381.4,237.0
2026-08-31,새만금,13,425.5,202.2
2026-08-31,새만금,14,444.9,0.0
2026-08-31,새만금,15,379.0,0.0
2026-08-31,새만금,16,276.7,0.0
2026-08-31,새만금,17,190.4,0.0
2026-08-31,새만금,18,108.1,0.0
2026-08-31,새만금,19,82.4,0.0
2026-08-31,새만금,20,69.1,0.0
2026-08-31,새만금,21,38.3,0.0
2026-08-31,새만금,22,10.3,0.0
2026-08-31,새만금,23,1.1,0.0
2026-08-31,장성,0,0.5,0.0
2026-08-31,장성,1,0.3,0.0
2026-08-31,장성,2,0.3,0.0
2026-08-31,장성,3,0.3,0.0
2026-08-31,장성,4,0.0,0.0
2026-08-31,장성,5,0.2,0.0
2026-08-31,장성,6,76.0,0.0
2026-08-31,장성,7,352.8,0.0
2026-08-31,장성,8,753.5,243.4
2026-08-31,장성,9,1055.7,346.5
2026-08-31,장성,10,1205.6,670.2
2026-08-31,장성,11,1482.2,812.2
2026-08-31,장성,12,1524.3,946.9
2026-08-31,장성,13,1700.3,807.9
2026-08-31,장성,14,1778.0,0.1
2026-08-31,장성,15,1514.5,0.0
2026-08-31,장성,16,1105.6,0.0
2026-08-31,장성,17,761.0,0.0
2026-08-31,장성,18,431.8,0.0
2026-08-31,장성,19,329.1,0.0
2026-08-31,장성,20,276.1,0.0
2026-08-31,장성,21,153.2,0.0
2026-08-31,장성,22,41.2,0.0
2026-08-31,장성,23,4.3,0.0
2026-09-01,남원,0,0.2,0.0
2026-09-01,남원,1,0.1,0.0
2026-09-01,남원,2,0.1,0.0
2026-09-01,남원,3,0.1,0.0
2026-09-01,남원,4,0.0,0.0
2026-09-01,남원,5,0.0,0.0
2026-09-01,남원,6,7.4,0.0
2026-09-01,남원,7,80.3,0.0
2026-09-01,남원,8,204.4,0.0
2026-09-01,남원,9,312.6,89.1
2026-09-01,남원,10,320.9,183.2
2026-09-01,남원,11,338.0,229.5
2026-09-01,남원,12,343.9,245.4
2026-09-01,남원,13,382.2,183.3
2026-09-01,남원,14,397.1,0.0
2026-09-01,남원,15,316.3,0.0
2026-09-01,남원,16,213.4,0.0
2026-09-01,남원,17,152.6,0.0
2026-09-01,남원,18,97.3,0.0
2026-09-01,남원,19,81.9,0.0
2026-09-01,남원,20,66.3,0.0
2026-09-01,남원,21,33.2,0.0
2026-09-01,남원,22,8.0,0.0
2026-09-01,남원,23,1.0,0.0
2026-09-01,동산,0,0.2,0.0
2026-09-01,동산,1,0.1,0.0
2026-09-01,동산,2,0.1,0.0
2026-09-01,동산,3,0.1,0.0
2026-09-01,동산,4,0.0,0.0
2026-09-01,동산,5,0.0,0.0
2026-09-01,동산,6,7.4,0.0
2026-09-01,동산,7,80.3,0.0
2026-09-01,동산,8,204.4,0.0
2026-09-01,동산,9,312.6,89.1
2026-09-01,동산,10,320.9,183.2
2026-09-01,동산,11,338.0,229.5
2026-09-01,동산,12,343.9,245.4
2026-09-01,동산,13,382.2,183.3
2026-09-01,동산,14,397.1,0.0
2026-09-01,동산,15,316.3,0.0
2026-09-01,동산,16,213.4,0.0
2026-09-01,동산,17,152.6,0.0
2026-09-01,동산,18,97.3,0.0
2026-09-01,동산,19,81.9,0.0
2026-09-01,동산,20,66.3,0.0
2026-09-01,동산,21,33.2,0.0
2026-09-01,동산,22,8.0,0.0
2026-09-01,동산,23,1.0,0.0
2026-09-01,새만금,0,0.2,0.0
2026-09-01,새만금,1,0.1,0.0
2026-09-01,새만금,2,0.1,0.0
2026-09-01,새만금,3,0.1,0.0
2026-09-01,새만금,4,0.0,0.0
2026-09-01,새만금,5,0.0,0.0
2026-09-01,새만금,6,7.4,0.0
2026-09-01,새만금,7,80.3,0.0
2026-09-01,새만금,8,204.4,0.0
2026-09-01,새만금,9,312.6,89.1
2026-09-01,새만금,10,320.9,183.2
2026-09-01,새만금,11,338.0,229.5
2026-09-01,새만금,12,343.9,245.4
2026-09-01,새만금,13,382.2,183.3
2026-09-01,새만금,14,397.1,0.0
2026-09-01,새만금,15,316.3,0.0
2026-09-01,새만금,16,213.4,0.0
2026-09-01,새만금,17,152.6,0.0
2026-09-01,새만금,18,97.3,0.0
2026-09-01,새만금,19,81.9,0.0
2026-09-01,새만금,20,66.3,0.0
2026-09-01,새만금,21,33.2,0.0
2026-09-01,새만금,22,8.0,0.0
2026-09-01,새만금,23,1.0,0.0
2026-09-01,장성,0,0.6,0.0
2026-09-01,장성,1,0.3,0.0
2026-09-01,장성,2,0.3,0.0
2026-09-01,장성,3,0.3,0.0
2026-09-01,장성,4,0.0,0.0
2026-09-01,장성,5,0.1,0.0
2026-09-01,장성,6,29.6,0.0
2026-09-01,장성,7,320.8,0.0
2026-09-01,장성,8,816.7,0.0
2026-09-01,장성,9,1249.3,356.2
2026-09-01,장성,10,1282.5,732.3
2026-09-01,장성,11,1350.8,917.1
2026-09-01,장성,12,1374.4,980.6
2026-09-01,장성,13,1527.3,732.3
2026-09-01,장성,14,1587.0,0.1
2026-09-01,장성,15,1264.0,0.0
2026-09-01,장성,16,852.9,0.0
2026-09-01,장성,17,609.7,0.0
2026-09-01,장성,18,388.9,0.0
2026-09-01,장성,19,327.2,0.0
2026-09-01,장성,20,265.0,0.0
2026-09-01,장성,21,132.8,0.0
2026-09-01,장성,22,31.9,0.0
2026-09-01,장성,23,3.9,0.0
2026-09-02,남원,0,0.1,0.0
2026-09-02,남원,1,0.1,0.0
2026-09-02,남원,2,0.1,0.0
2026-09-02,남원,3,0.1,0.0
2026-09-02,남원,4,0.0,0.0
2026-09-02,남원,5,0.0,0.0
2026-09-02,남원,6,10.1,0.0
2026-09-02,남원,7,60.4,0.0
2026-09-02,남원,8,123.0,71.3
2026-09-02,남원,9,179.6,93.0
2026-09-02,남원,10,227.5,145.0
2026-09-02,남원,11,246.2,185.6
2026-09-02,남원,12,236.0,176.3
2026-09-02,남원,13,238.4,121.5
2026-09-02,남원,14,161.6,67.0
2026-09-02,남원,15,99.7,43.0
2026-09-02,남원,16,61.1,0.0
2026-09-02,남원,17,83.6,0.0
2026-09-02,남원,18,80.0,0.0
2026-09-02,남원,19,74.2,0.0
2026-09-02,남원,20,44.1,0.0
2026-09-02,남원,21,10.4,0.0
2026-09-02,남원,22,2.2,0.0
2026-09-02,남원,23,0.4,0.0
2026-09-02,동산,0,0.1,0.0
2026-09-02,동산,1,0.1,0.0
2026-09-02,동산,2,0.1,0.0
2026-09-02,동산,3,0.1,0.0
2026-09-02,동산,4,0.0,0.0
2026-09-02,동산,5,0.0,0.0
2026-09-02,동산,6,10.1,0.0
2026-09-02,동산,7,60.4,0.0
2026-09-02,동산,8,123.0,71.3
2026-09-02,동산,9,179.6,93.0
2026-09-02,동산,10,227.5,145.0
2026-09-02,동산,11,246.2,185.6
2026-09-02,동산,12,236.0,176.3
2026-09-02,동산,13,238.4,121.5
2026-09-02,동산,14,161.6,67.0
2026-09-02,동산,15,99.7,43.0
2026-09-02,동산,16,61.1,0.0
2026-09-02,동산,17,83.6,0.0
2026-09-02,동산,18,80.0,0.0
2026-09-02,동산,19,74.2,0.0
2026-09-02,동산,20,44.1,0.0
2026-09-02,동산,21,10.4,0.0
2026-09-02,동산,22,2.2,0.0
2026-09-02,동산,23,0.4,0.0
2026-09-02,새만금,0,0.1,0.0
2026-09-02,새만금,1,0.1,0.0
2026-09-02,새만금,2,0.1,0.0
2026-09-02,새만금,3,0.1,0.0
2026-09-02,새만금,4,0.0,0.0
2026-09-02,새만금,5,0.0,0.0
2026-09-02,새만금,6,10.1,0.0
2026-09-02,새만금,7,60.4,0.0
2026-09-02,새만금,8,123.0,71.3
2026-09-02,새만금,9,179.6,93.0
2026-09-02,새만금,10,227.5,145.0
2026-09-02,새만금,11,246.2,185.6
2026-09-02,새만금,12,236.0,176.3
2026-09-02,새만금,13,238.4,121.5
2026-09-02,새만금,14,161.6,67.0
2026-09-02,새만금,15,99.7,43.0
2026-09-02,새만금,16,61.1,0.0
2026-09-02,새만금,17,83.6,0.0
2026-09-02,새만금,18,80.0,0.0
2026-09-02,새만금,19,74.2,0.0
2026-09-02,새만금,20,44.1,0.0
2026-09-02,새만금,21,10.4,0.0
2026-09-02,새만금,22,2.2,0.0
2026-09-02,새만금,23,0.4,0.0
2026-09-02,장성,0,0.5,0.0
2026-09-02,장성,1,0.3,0.0
2026-09-02,장성,2,0.3,0.0
2026-09-02,장성,3,0.3,0.0
2026-09-02,장성,4,0.0,0.0
2026-09-02,장성,5,0.0,0.0
2026-09-02,장성,6,40.3,0.0
2026-09-02,장성,7,241.2,0.0
2026-09-02,장성,8,491.6,284.9
2026-09-02,장성,9,717.6,371.5
2026-09-02,장성,10,908.9,579.4
2026-09-02,장성,11,983.9,741.8
2026-09-02,장성,12,943.3,704.5
2026-09-02,장성,13,952.6,485.6
2026-09-02,장성,14,645.9,267.7
2026-09-02,장성,15,398.3,171.7
2026-09-02,장성,16,244.3,0.0
2026-09-02,장성,17,333.9,0.0
2026-09-02,장성,18,319.8,0.0
2026-09-02,장성,19,296.6,0.0
2026-09-02,장성,20,176.4,0.0
2026-09-02,장성,21,41.6,0.0
2026-09-02,장성,22,8.9,0.0
2026-09-02,장성,23,1.5,0.0
2026-09-03,남원,0,0.1,0.0
2026-09-03,남원,1,0.1,0.0
2026-09-03,남원,2,0.1,0.0
2026-09-03,남원,3,0.1,0.0
2026-09-03,남원,4,0.0,0.0
2026-09-03,남원,5,0.0,0.0
2026-09-03,남원,6,7.5,0.0
2026-09-03,남원,7,59.8,0.0
2026-09-03,남원,8,160.8,0.0
2026-09-03,남원,9,296.0,99.9
2026-09-03,남원,10,315.0,184.2
2026-09-03,남원,11,354.4,210.7
2026-09-03,남원,12,380.0,209.0
2026-09-03,남원,13,409.4,164.9
2026-09-03,남원,14,409.9,0.0
2026-09-03,남원,15,335.2,0.0
2026-09-03,남원,16,230.2,0.0
2026-09-03,남원,17,157.6,0.0
2026-09-03,남원,18,97.4,0.0
2026-09-03,남원,19,82.4,0.0
2026-09-03,남원,20,67.3,0.0
2026-09-03,남원,21,33.5,0.0
2026-09-03,남원,22,7.8,0.0
2026-09-03,남원,23,1.0,0.0
2026-09-03,동산,0,0.1,0.0
2026-09-03,동산,1,0.1,0.0
2026-09-03,동산,2,0.1,0.0
2026-09-03,동산,3,0.1,0.0
2026-09-03,동산,4,0.0,0.0
2026-09-03,동산,5,0.0,0.0
2026-09-03,동산,6,7.5,0.0
2026-09-03,동산,7,59.8,0.0
2026-09-03,동산,8,160.8,0.0
2026-09-03,동산,9,296.0,99.9
2026-09-03,동산,10,315.0,184.2
2026-09-03,동산,11,354.4,210.7
2026-09-03,동산,12,380.0,209.0
2026-09-03,동산,13,409.4,164.9
2026-09-03,동산,14,409.9,0.0
2026-09-03,동산,15,335.2,0.0
2026-09-03,동산,16,230.2,0.0
2026-09-03,동산,17,157.6,0.0
2026-09-03,동산,18,97.4,0.0
2026-09-03,동산,19,82.4,0.0
2026-09-03,동산,20,67.3,0.0
2026-09-03,동산,21,33.5,0.0
2026-09-03,동산,22,7.8,0.0
2026-09-03,동산,23,1.0,0.0
2026-09-03,새만금,0,0.1,0.0
2026-09-03,새만금,1,0.1,0.0
2026-09-03,새만금,2,0.1,0.0
2026-09-03,새만금,3,0.1,0.0
2026-09-03,새만금,4,0.0,0.0
2026-09-03,새만금,5,0.0,0.0
2026-09-03,새만금,6,7.5,0.0
2026-09-03,새만금,7,59.8,0.0
2026-09-03,새만금,8,160.8,0.0
2026-09-03,새만금,9,296.0,99.9
2026-09-03,새만금,10,315.0,184.2
2026-09-03,새만금,11,354.4,210.7
2026-09-03,새만금,12,380.0,209.0
2026-09-03,새만금,13,409.4,164.9
2026-09-03,새만금,14,409.9,0.0
2026-09-03,새만금,15,335.2,0.0
2026-09-03,새만금,16,230.2,0.0
2026-09-03,새만금,17,157.6,0.0
2026-09-03,새만금,18,97.4,0.0
2026-09-03,새만금,19,82.4,0.0
2026-09-03,새만금,20,67.3,0.0
2026-09-03,새만금,21,33.5,0.0
2026-09-03,새만금,22,7.8,0.0
2026-09-03,새만금,23,1.0,0.0
2026-09-03,장성,0,0.6,0.0
2026-09-03,장성,1,0.4,0.0
2026-09-03,장성,2,0.3,0.0
2026-09-03,장성,3,0.3,0.0
2026-09-03,장성,4,0.0,0.0
2026-09-03,장성,5,0.1,0.0
2026-09-03,장성,6,29.8,0.0
2026-09-03,장성,7,239.0,0.0
2026-09-03,장성,8,642.6,0.0
2026-09-03,장성,9,1182.9,399.3
2026-09-03,장성,10,1258.6,736.3
2026-09-03,장성,11,1416.4,842.0
2026-09-03,장성,12,1518.6,835.1
2026-09-03,장성,13,1635.9,658.9
2026-09-03,장성,14,1638.0,0.1
2026-09-03,장성,15,1339.6,0.0
2026-09-03,장성,16,920.0,0.0
2026-09-03,장성,17,629.6,0.0
2026-09-03,장성,18,389.3,0.0
2026-09-03,장성,19,329.2,0.0
2026-09-03,장성,20,268.9,0.0
2026-09-03,장성,21,134.0,0.0
2026-09-03,장성,22,31.0,0.0
2026-09-03,장성,23,3.9,0.0
2026-09-04,남원,0,0.1,0.0
2026-09-04,남원,1,0.0,0.0
2026-09-04,남원,2,0.1,0.0
2026-09-04,남원,3,0.1,0.0
2026-09-04,남원,4,0.1,0.0
2026-09-04,남원,5,1.5,0.0
2026-09-04,남원,6,34.4,0.0
2026-09-04,남원,7,109.5,0.0
2026-09-04,남원,8,197.0,89.7
2026-09-04,남원,9,281.9,112.1
2026-09-04,남원,10,289.6,192.0
2026-09-04,남원,11,317.0,229.6
2026-09-04,남원,12,328.4,231.5
2026-09-04,남원,13,364.3,0.0
2026-09-04,남원,14,366.8,0.0
2026-09-04,남원,15,318.7,0.0
2026-09-04,남원,16,238.9,0.0
2026-09-04,남원,17,180.7,0.0
2026-09-04,남원,18,118.8,0.0
2026-09-04,남원,19,85.0,0.0
2026-09-04,남원,20,67.9,0.0
2026-09-04,남원,21,37.2,0.0
2026-09-04,남원,22,9.3,0.0
2026-09-04,남원,23,1.2,0.0
2026-09-04,동산,0,0.1,0.0
2026-09-04,동산,1,0.0,0.0
2026-09-04,동산,2,0.1,0.0
2026-09-04,동산,3,0.1,0.0
2026-09-04,동산,4,0.1,0.0
2026-09-04,동산,5,1.5,0.0
2026-09-04,동산,6,34.4,0.0
2026-09-04,동산,7,109.5,0.0
2026-09-04,동산,8,197.0,89.7
2026-09-04,동산,9,281.9,112.1
2026-09-04,동산,10,289.6,192.0
2026-09-04,동산,11,317.0,229.6
2026-09-04,동산,12,328.4,231.5
2026-09-04,동산,13,364.3,0.0
2026-09-04,동산,14,366.8,0.0
2026-09-04,동산,15,318.7,0.0
2026-09-04,동산,16,238.9,0.0
2026-09-04,동산,17,180.7,0.0
2026-09-04,동산,18,118.8,0.0
2026-09-04,동산,19,85.0,0.0
2026-09-04,동산,20,67.9,0.0
2026-09-04,동산,21,37.2,0.0
2026-09-04,동산,22,9.3,0.0
2026-09-04,동산,23,1.2,0.0
2026-09-04,새만금,0,0.1,0.0
2026-09-04,새만금,1,0.0,0.0
2026-09-04,새만금,2,0.1,0.0
2026-09-04,새만금,3,0.1,0.0
2026-09-04,새만금,4,0.1,0.0
2026-09-04,새만금,5,1.5,0.0
2026-09-04,새만금,6,34.4,0.0
2026-09-04,새만금,7,109.5,0.0
2026-09-04,새만금,8,197.0,89.7
2026-09-04,새만금,9,281.9,112.1
2026-09-04,새만금,10,289.6,192.0
2026-09-04,새만금,11,317.0,229.6
2026-09-04,새만금,12,328.4,231.5
2026-09-04,새만금,13,364.3,0.0
2026-09-04,새만금,14,366.8,0.0
2026-09-04,새만금,15,318.7,0.0
2026-09-04,새만금,16,238.9,0.0
2026-09-04,새만금,17,180.7,0.0
2026-09-04,새만금,18,118.8,0.0
2026-09-04,새만금,19,85.0,0.0
2026-09-04,새만금,20,67.9,0.0
2026-09-04,새만금,21,37.2,0.0
2026-09-04,새만금,22,9.3,0.0
2026-09-04,새만금,23,1.2,0.0
2026-09-04,장성,0,0.5,0.0
2026-09-04,장성,1,0.1,0.0
2026-09-04,장성,2,0.2,0.0
2026-09-04,장성,3,0.3,0.0
2026-09-04,장성,4,0.3,0.0
2026-09-04,장성,5,6.2,0.0
2026-09-04,장성,6,137.5,0.0
2026-09-04,장성,7,437.4,0.0
2026-09-04,장성,8,787.2,358.5
2026-09-04,장성,9,1126.7,447.8
2026-09-04,장성,10,1157.1,767.1
2026-09-04,장성,11,1266.9,917.7
2026-09-04,장성,12,1312.5,925.0
2026-09-04,장성,13,1455.6,0.1
2026-09-04,장성,14,1465.8,0.0
2026-09-04,장성,15,1273.6,0.0
2026-09-04,장성,16,954.7,0.0
2026-09-04,장성,17,722.0,0.0
2026-09-04,장성,18,474.7,0.0
2026-09-04,장성,19,339.7,0.0
2026-09-04,장성,20,271.2,0.0
2026-09-04,장성,21,148.7,0.0
2026-09-04,장성,22,37.3,0.0
2026-09-04,장성,23,4.6,0.0
2026-09-05,남원,0,0.2,0.0
2026-09-05,남원,1,0.2,0.0
2026-09-05,남원,2,0.1,0.0
2026-09-05,남원,3,0.1,0.0
2026-09-05,남원,4,0.0,0.0
2026-09-05,남원,5,1.0,0.0
2026-09-05,남원,6,30.9,0.0
2026-09-05,남원,7,115.6,0.0
2026-09-05,남원,8,226.8,91.9
2026-09-05,남원,9,319.3,129.2
2026-09-05,남원,10,312.1,209.2
2026-09-05,남원,11,321.8,222.1
2026-09-05,남원,12,331.9,198.1
2026-09-05,남원,13,323.9,0.0
2026-09-05,남원,14,294.3,0.0
2026-09-05,남원,15,279.2,0.0
2026-09-05,남원,16,215.8,0.0
2026-09-05,남원,17,165.6,0.0
2026-09-05,남원,18,107.4,0.0
2026-09-05,남원,19,82.9,0.0
2026-09-05,남원,20,66.9,0.0
2026-09-05,남원,21,34.3,0.0
2026-09-05,남원,22,7.7,0.0
2026-09-05,남원,23,1.1,0.0
2026-09-05,동산,0,0.2,0.0
2026-09-05,동산,1,0.2,0.0
2026-09-05,동산,2,0.1,0.0
2026-09-05,동산,3,0.1,0.0
2026-09-05,동산,4,0.0,0.0
2026-09-05,동산,5,1.0,0.0
2026-09-05,동산,6,30.9,0.0
2026-09-05,동산,7,115.6,0.0
2026-09-05,동산,8,226.8,91.9
2026-09-05,동산,9,319.3,129.2
2026-09-05,동산,10,312.1,209.2
2026-09-05,동산,11,321.8,222.1
2026-09-05,동산,12,331.9,198.1
2026-09-05,동산,13,323.9,0.0
2026-09-05,동산,14,294.3,0.0
2026-09-05,동산,15,279.2,0.0
2026-09-05,동산,16,215.8,0.0
2026-09-05,동산,17,165.6,0.0
2026-09-05,동산,18,107.4,0.0
2026-09-05,동산,19,82.9,0.0
2026-09-05,동산,20,66.9,0.0
2026-09-05,동산,21,34.3,0.0
2026-09-05,동산,22,7.7,0.0
2026-09-05,동산,23,1.1,0.0
2026-09-05,새만금,0,0.2,0.0
2026-09-05,새만금,1,0.2,0.0
2026-09-05,새만금,2,0.1,0.0
2026-09-05,새만금,3,0.1,0.0
2026-09-05,새만금,4,0.0,0.0
2026-09-05,새만금,5,1.0,0.0
2026-09-05,새만금,6,30.9,0.0
2026-09-05,새만금,7,115.6,0.0
2026-09-05,새만금,8,226.8,91.9
2026-09-05,새만금,9,319.3,129.2
2026-09-05,새만금,10,312.1,209.2
2026-09-05,새만금,11,321.8,222.1
2026-09-05,새만금,12,331.9,198.1
2026-09-05,새만금,13,323.9,0.0
2026-09-05,새만금,14,294.3,0.0
2026-09-05,새만금,15,279.2,0.0
2026-09-05,새만금,16,215.8,0.0
2026-09-05,새만금,17,165.6,0.0
2026-09-05,새만금,18,107.4,0.0
2026-09-05,새만금,19,82.9,0.0
2026-09-05,새만금,20,66.9,0.0
2026-09-05,새만금,21,34.3,0.0
2026-09-05,새만금,22,7.7,0.0
2026-09-05,새만금,23,1.1,0.0
2026-09-05,장성,0,0.8,0.0
2026-09-05,장성,1,0.6,0.0
2026-09-05,장성,2,0.5,0.0
2026-09-05,장성,3,0.3,0.0
2026-09-05,장성,4,0.0,0.0
2026-09-05,장성,5,3.8,0.0
2026-09-05,장성,6,123.4,0.0
2026-09-05,장성,7,462.0,0.0
2026-09-05,장성,8,906.2,367.1
2026-09-05,장성,9,1275.9,516.2
2026-09-05,장성,10,1247.4,836.2
2026-09-05,장성,11,1286.0,887.6
2026-09-05,장성,12,1326.2,791.7
2026-09-05,장성,13,1294.4,0.1
2026-09-05,장성,14,1176.2,0.0
2026-09-05,장성,15,1115.9,0.0
2026-09-05,장성,16,862.5,0.0
2026-09-05,장성,17,662.0,0.0
2026-09-05,장성,18,429.3,0.0
2026-09-05,장성,19,331.2,0.0
2026-09-05,장성,20,267.2,0.0
2026-09-05,장성,21,136.9,0.0
2026-09-05,장성,22,30.7,0.0
2026-09-05,장성,23,4.6,0.0
2026-09-06,남원,0,0.1,0.0
2026-09-06,남원,1,0.1,0.0
2026-09-06,남원,2,0.1,0.0
2026-09-06,남원,3,0.1,0.0
2026-09-06,남원,4,0.0,0.0
2026-09-06,남원,5,0.0,0.0
2026-09-06,남원,6,1.0,0.0
2026-09-06,남원,7,43.0,0.0
2026-09-06,남원,8,152.9,42.7
2026-09-06,남원,9,269.3,0.0
2026-09-06,남원,10,291.8,140.2
2026-09-06,남원,11,313.0,184.2
2026-09-06,남원,12,318.1,199.3
2026-09-06,남원,13,346.7,173.1
2026-09-06,남원,14,379.0,0.0
2026-09-06,남원,15,328.3,0.0
2026-09-06,남원,16,233.4,0.0
2026-09-06,남원,17,157.1,0.0
2026-09-06,남원,18,92.4,0.0
2026-09-06,남원,19,82.0,0.0
2026-09-06,남원,20,67.1,0.0
2026-09-06,남원,21,34.3,0.0
2026-09-06,남원,22,8.3,0.0
2026-09-06,남원,23,0.9,0.0
2026-09-06,동산,0,0.1,0.0
2026-09-06,동산,1,0.1,0.0
2026-09-06,동산,2,0.1,0.0
2026-09-06,동산,3,0.1,0.0
2026-09-06,동산,4,0.0,0.0
2026-09-06,동산,5,0.0,0.0
2026-09-06,동산,6,1.0,0.0
2026-09-06,동산,7,43.0,0.0
2026-09-06,동산,8,152.9,42.7
2026-09-06,동산,9,269.3,0.0
2026-09-06,동산,10,291.8,140.2
2026-09-06,동산,11,313.0,184.2
2026-09-06,동산,12,318.1,199.3
2026-09-06,동산,13,346.7,173.1
2026-09-06,동산,14,379.0,0.0
2026-09-06,동산,15,328.3,0.0
2026-09-06,동산,16,233.4,0.0
2026-09-06,동산,17,157.1,0.0
2026-09-06,동산,18,92.4,0.0
2026-09-06,동산,19,82.0,0.0
2026-09-06,동산,20,67.1,0.0
2026-09-06,동산,21,34.3,0.0
2026-09-06,동산,22,8.3,0.0
2026-09-06,동산,23,0.9,0.0
2026-09-06,새만금,0,0.1,0.0
2026-09-06,새만금,1,0.1,0.0
2026-09-06,새만금,2,0.1,0.0
2026-09-06,새만금,3,0.1,0.0
2026-09-06,새만금,4,0.0,0.0
2026-09-06,새만금,5,0.0,0.0
2026-09-06,새만금,6,1.0,0.0
2026-09-06,새만금,7,43.0,0.0
2026-09-06,새만금,8,152.9,42.7
2026-09-06,새만금,9,269.3,0.0
2026-09-06,새만금,10,291.8,140.2
2026-09-06,새만금,11,313.0,184.2
2026-09-06,새만금,12,318.1,199.3
2026-09-06,새만금,13,346.7,173.1
2026-09-06,새만금,14,379.0,0.0
2026-09-06,새만금,15,328.3,0.0
2026-09-06,새만금,16,233.4,0.0
2026-09-06,새만금,17,157.1,0.0
2026-09-06,새만금,18,92.4,0.0
2026-09-06,새만금,19,82.0,0.0
2026-09-06,새만금,20,67.1,0.0
2026-09-06,새만금,21,34.3,0.0
2026-09-06,새만금,22,8.3,0.0
2026-09-06,새만금,23,0.9,0.0
2026-09-06,장성,0,0.5,0.0
2026-09-06,장성,1,0.4,0.0
2026-09-06,장성,2,0.4,0.0
2026-09-06,장성,3,0.4,0.0
2026-09-06,장성,4,0.2,0.0
2026-09-06,장성,5,0.1,0.0
2026-09-06,장성,6,3.9,0.0
2026-09-06,장성,7,171.8,0.0
2026-09-06,장성,8,611.0,170.7
2026-09-06,장성,9,1076.0,0.0
2026-09-06,장성,10,1166.2,560.5
2026-09-06,장성,11,1250.7,736.0
2026-09-06,장성,12,1271.3,796.5
2026-09-06,장성,13,1385.7,691.7
2026-09-06,장성,14,1514.6,0.0
2026-09-06,장성,15,1311.9,0.0
2026-09-06,장성,16,932.9,0.0
2026-09-06,장성,17,627.7,0.0
2026-09-06,장성,18,369.4,0.0
2026-09-06,장성,19,327.9,0.0
2026-09-06,장성,20,268.2,0.0
2026-09-06,장성,21,137.1,0.0
2026-09-06,장성,22,33.3,0.0
2026-09-06,장성,23,3.5,0.0
2026-09-07,남원,0,0.1,0.0
2026-09-07,남원,1,0.1,0.0
2026-09-07,남원,2,0.1,0.0
2026-09-07,남원,3,0.1,0.0
2026-09-07,남원,4,0.0,0.0
2026-09-07,남원,5,0.0,0.0
2026-09-07,남원,6,5.6,0.0
2026-09-07,남원,7,57.0,0.0
2026-09-07,남원,8,152.2,0.0
2026-09-07,남원,9,256.5,0.0
2026-09-07,남원,10,290.9,159.8
2026-09-07,남원,11,341.2,189.5
2026-09-07,남원,12,357.3,214.9
2026-09-07,남원,13,413.0,157.1
2026-09-07,남원,14,418.0,0.0
2026-09-07,남원,15,345.1,0.0
2026-09-07,남원,16,247.8,0.0
2026-09-07,남원,17,173.6,0.0
2026-09-07,남원,18,100.6,0.0
2026-09-07,남원,19,82.5,0.0
2026-09-07,남원,20,68.1,0.0
2026-09-07,남원,21,36.8,0.0
2026-09-07,남원,22,9.2,0.0
2026-09-07,남원,23,1.1,0.0
2026-09-07,동산,0,0.1,0.0
2026-09-07,동산,1,0.1,0.0
2026-09-07,동산,2,0.1,0.0
2026-09-07,동산,3,0.1,0.0
2026-09-07,동산,4,0.0,0.0
2026-09-07,동산,5,0.0,0.0
2026-09-07,동산,6,5.6,0.0
2026-09-07,동산,7,57.0,0.0
2026-09-07,동산,8,152.2,0.0
2026-09-07,동산,9,256.5,0.0
2026-09-07,동산,10,290.9,159.8
2026-09-07,동산,11,341.2,189.5
2026-09-07,동산,12,357.3,214.9
2026-09-07,동산,13,413.0,157.1
2026-09-07,동산,14,418.0,0.0
2026-09-07,동산,15,345.1,0.0
2026-09-07,동산,16,247.8,0.0
2026-09-07,동산,17,173.6,0.0
2026-09-07,동산,18,100.6,0.0
2026-09-07,동산,19,82.5,0.0
2026-09-07,동산,20,68.1,0.0
2026-09-07,동산,21,36.8,0.0
2026-09-07,동산,22,9.2,0.0
2026-09-07,동산,23,1.1,0.0
2026-09-07,새만금,0,0.1,0.0
2026-09-07,새만금,1,0.1,0.0
2026-09-07,새만금,2,0.1,0.0
2026-09-07,새만금,3,0.1,0.0
2026-09-07,새만금,4,0.0,0.0
2026-09-07,새만금,5,0.0,0.0
2026-09-07,새만금,6,5.6,0.0
2026-09-07,새만금,7,57.0,0.0
2026-09-07,새만금,8,152.2,0.0
2026-09-07,새만금,9,256.5,0.0
2026-09-07,새만금,10,290.9,159.8
2026-09-07,새만금,11,341.2,189.5
2026-09-07,새만금,12,357.3,214.9
2026-09-07,새만금,13,413.0,157.1
2026-09-07,새만금,14,418.0,0.0
2026-09-07,새만금,15,345.1,0.0
2026-09-07,새만금,16,247.8,0.0
2026-09-07,새만금,17,173.6,0.0
2026-09-07,새만금,18,100.6,0.0
2026-09-07,새만금,19,82.5,0.0
2026-09-07,새만금,20,68.1,0.0
2026-09-07,새만금,21,36.8,0.0
2026-09-07,새만금,22,9.2,0.0
2026-09-07,새만금,23,1.1,0.0
2026-09-07,장성,0,0.4,0.0
2026-09-07,장성,1,0.2,0.0
2026-09-07,장성,2,0.3,0.0
2026-09-07,장성,3,0.3,0.0
2026-09-07,장성,4,0.0,0.0
2026-09-07,장성,5,0.0,0.0
2026-09-07,장성,6,22.2,0.0
2026-09-07,장성,7,227.8,0.0
2026-09-07,장성,8,608.3,0.0
2026-09-07,장성,9,1025.2,0.0
2026-09-07,장성,10,1162.4,638.4
2026-09-07,장성,11,1363.3,757.4
2026-09-07,장성,12,1427.9,858.8
2026-09-07,장성,13,1650.5,627.9
2026-09-07,장성,14,1670.3,0.0
2026-09-07,장성,15,1379.0,0.0
2026-09-07,장성,16,990.2,0.0
2026-09-07,장성,17,693.7,0.0
2026-09-07,장성,18,402.1,0.0
2026-09-07,장성,19,329.5,0.0
2026-09-07,장성,20,272.0,0.0
2026-09-07,장성,21,147.2,0.0
2026-09-07,장성,22,36.8,0.0
2026-09-07,장성,23,4.2,0.0
2026-09-08,남원,0,0.1,0.0
2026-09-08,남원,1,0.1,0.0
2026-09-08,남원,2,0.1,0.0
2026-09-08,남원,3,0.1,0.0
2026-09-08,남원,4,0.0,0.0
2026-09-08,남원,5,0.0,0.0
2026-09-08,남원,6,11.7,0.0
2026-09-08,남원,7,82.6,0.0
2026-09-08,남원,8,190.7,0.0
2026-09-08,남원,9,294.8,0.0
2026-09-08,남원,10,303.6,174.4
2026-09-08,남원,11,336.6,185.7
2026-09-08,남원,12,331.3,183.2
2026-09-08,남원,13,323.6,160.0
2026-09-08,남원,14,315.2,0.0
2026-09-08,남원,15,236.9,0.0
2026-09-08,남원,16,190.5,0.0
2026-09-08,남원,17,147.6,0.0
2026-09-08,남원,18,99.1,0.0
2026-09-08,남원,19,82.3,0.0
2026-09-08,남원,20,66.9,0.0
2026-09-08,남원,21,31.1,0.0
2026-09-08,남원,22,7.4,0.0
2026-09-08,남원,23,0.9,0.0
2026-09-08,동산,0,0.1,0.0
2026-09-08,동산,1,0.1,0.0
2026-09-08,동산,2,0.1,0.0
2026-09-08,동산,3,0.1,0.0
2026-09-08,동산,4,0.0,0.0
2026-09-08,동산,5,0.0,0.0
2026-09-08,동산,6,11.7,0.0
2026-09-08,동산,7,82.6,0.0
2026-09-08,동산,8,190.7,0.0
2026-09-08,동산,9,294.8,0.0
2026-09-08,동산,10,303.6,174.4
2026-09-08,동산,11,336.6,185.7
2026-09-08,동산,12,331.3,183.2
2026-09-08,동산,13,323.6,160.0
2026-09-08,동산,14,315.2,0.0
2026-09-08,동산,15,236.9,0.0
2026-09-08,동산,16,190.5,0.0
2026-09-08,동산,17,147.6,0.0
2026-09-08,동산,18,99.1,0.0
2026-09-08,동산,19,82.3,0.0
2026-09-08,동산,20,66.9,0.0
2026-09-08,동산,21,31.1,0.0
2026-09-08,동산,22,7.4,0.0
2026-09-08,동산,23,0.9,0.0
2026-09-08,새만금,0,0.1,0.0
2026-09-08,새만금,1,0.1,0.0
2026-09-08,새만금,2,0.1,0.0
2026-09-08,새만금,3,0.1,0.0
2026-09-08,새만금,4,0.0,0.0
2026-09-08,새만금,5,0.0,0.0
2026-09-08,새만금,6,11.7,0.0
2026-09-08,새만금,7,82.6,0.0
2026-09-08,새만금,8,190.7,0.0
2026-09-08,새만금,9,294.8,0.0
2026-09-08,새만금,10,303.6,174.4
2026-09-08,새만금,11,336.6,185.7
2026-09-08,새만금,12,331.3,183.2
2026-09-08,새만금,13,323.6,160.0
2026-09-08,새만금,14,315.2,0.0
2026-09-08,새만금,15,236.9,0.0
2026-09-08,새만금,16,190.5,0.0
2026-09-08,새만금,17,147.6,0.0
2026-09-08,새만금,18,99.1,0.0
2026-09-08,새만금,19,82.3,0.0
2026-09-08,새만금,20,66.9,0.0
2026-09-08,새만금,21,31.1,0.0
2026-09-08,새만금,22,7.4,0.0
2026-09-08,새만금,23,0.9,0.0
2026-09-08,장성,0,0.5,0.0
2026-09-08,장성,1,0.2,0.0
2026-09-08,장성,2,0.3,0.0
2026-09-08,장성,3,0.3,0.0
2026-09-08,장성,4,0.0,0.0
2026-09-08,장성,5,0.1,0.0
2026-09-08,장성,6,46.7,0.0
2026-09-08,장성,7,329.9,0.0
2026-09-08,장성,8,762.0,0.0
2026-09-08,장성,9,1178.0,0.0
2026-09-08,장성,10,1213.4,696.8
2026-09-08,장성,11,1345.1,742.2
2026-09-08,장성,12,1324.0,732.0
2026-09-08,장성,13,1293.1,639.3
2026-09-08,장성,14,1259.4,0.0
2026-09-08,장성,15,946.6,0.0
2026-09-08,장성,16,761.4,0.0
2026-09-08,장성,17,590.0,0.0
2026-09-08,장성,18,396.0,0.0
2026-09-08,장성,19,328.8,0.0
2026-09-08,장성,20,267.4,0.0
2026-09-08,장성,21,124.3,0.0
2026-09-08,장성,22,29.5,0.0
2026-09-08,장성,23,3.4,0.0
2026-09-09,남원,0,0.0,0.0
2026-09-09,남원,1,0.1,0.0
2026-09-09,남원,2,0.1,0.0
2026-09-09,남원,3,0.0,0.0
2026-09-09,남원,4,0.0,0.0
2026-09-09,남원,5,0.0,0.0
2026-09-09,남원,6,10.4,0.0
2026-09-09,남원,7,79.1,0.0
2026-09-09,남원,8,197.8,0.2
2026-09-09,남원,9,265.2,82.5
2026-09-09,남원,10,233.1,75.3
2026-09-09,남원,11,244.8,92.7
2026-09-09,남원,12,284.7,150.9
2026-09-09,남원,13,317.2,123.8
2026-09-09,남원,14,331.8,83.0
2026-09-09,남원,15,300.6,11.8
2026-09-09,남원,16,209.0,0.0
2026-09-09,남원,17,154.4,0.0
2026-09-09,남원,18,97.7,0.0
2026-09-09,남원,19,81.3,0.0
2026-09-09,남원,20,65.0,0.0
2026-09-09,남원,21,31.5,0.0
2026-09-09,남원,22,7.2,0.0
2026-09-09,남원,23,0.5,0.0
2026-09-09,동산,0,0.0,0.0
2026-09-09,동산,1,0.1,0.0
2026-09-09,동산,2,0.1,0.0
2026-09-09,동산,3,0.0,0.0
2026-09-09,동산,4,0.0,0.0
2026-09-09,동산,5,0.0,0.0
2026-09-09,동산,6,10.4,0.0
2026-09-09,동산,7,79.1,0.0
2026-09-09,동산,8,197.8,0.2
2026-09-09,동산,9,265.2,82.5
2026-09-09,동산,10,233.1,75.3
2026-09-09,동산,11,244.8,92.7
2026-09-09,동산,12,284.7,150.9
2026-09-09,동산,13,317.2,123.8
2026-09-09,동산,14,331.8,83.0
2026-09-09,동산,15,300.6,11.8
2026-09-09,동산,16,209.0,0.0
2026-09-09,동산,17,154.4,0.0
2026-09-09,동산,18,97.7,0.0
2026-09-09,동산,19,81.3,0.0
2026-09-09,동산,20,65.0,0.0
2026-09-09,동산,21,31.5,0.0
2026-09-09,동산,22,7.2,0.0
2026-09-09,동산,23,0.5,0.0
2026-09-09,새만금,0,0.0,0.0
2026-09-09,새만금,1,0.1,0.0
2026-09-09,새만금,2,0.1,0.0
2026-09-09,새만금,3,0.0,0.0
2026-09-09,새만금,4,0.0,0.0
2026-09-09,새만금,5,0.0,0.0
2026-09-09,새만금,6,10.4,0.0
2026-09-09,새만금,7,79.1,0.0
2026-09-09,새만금,8,197.8,0.2
2026-09-09,새만금,9,265.2,82.5
2026-09-09,새만금,10,233.1,75.3
2026-09-09,새만금,11,244.8,92.7
2026-09-09,새만금,12,284.7,150.9
2026-09-09,새만금,13,317.2,123.8
2026-09-09,새만금,14,331.8,83.0
2026-09-09,새만금,15,300.6,11.8
2026-09-09,새만금,16,209.0,0.0
2026-09-09,새만금,17,154.4,0.0
2026-09-09,새만금,18,97.7,0.0
2026-09-09,새만금,19,81.3,0.0
2026-09-09,새만금,20,65.0,0.0
2026-09-09,새만금,21,31.5,0.0
2026-09-09,새만금,22,7.2,0.0
2026-09-09,새만금,23,0.5,0.0
2026-09-09,장성,0,0.0,0.0
2026-09-09,장성,1,0.2,0.0
2026-09-09,장성,2,0.3,0.0
2026-09-09,장성,3,0.1,0.0
2026-09-09,장성,4,0.0,0.0
2026-09-09,장성,5,0.1,0.0
2026-09-09,장성,6,41.5,0.0
2026-09-09,장성,7,316.0,0.0
2026-09-09,장성,8,790.5,0.8
2026-09-09,장성,9,1059.7,329.6
2026-09-09,장성,10,931.5,300.7
2026-09-09,장성,11,978.4,370.5
2026-09-09,장성,12,1137.9,602.8
2026-09-09,장성,13,1267.7,494.8
2026-09-09,장성,14,1325.9,331.7
2026-09-09,장성,15,1201.2,47.2
2026-09-09,장성,16,835.3,0.1
2026-09-09,장성,17,617.1,0.0
2026-09-09,장성,18,390.4,0.0
2026-09-09,장성,19,324.9,0.0
2026-09-09,장성,20,259.9,0.0
2026-09-09,장성,21,125.7,0.0
2026-09-09,장성,22,28.7,0.0
2026-09-09,장성,23,2.0,0.0
2026-09-10,남원,0,0.1,0.0
2026-09-10,남원,1,0.1,0.0
2026-09-10,남원,2,0.1,0.0
2026-09-10,남원,3,0.1,0.0
2026-09-10,남원,4,0.0,0.0
2026-09-10,남원,5,0.0,0.0
2026-09-10,남원,6,12.0,0.0
2026-09-10,남원,7,71.1,0.0
2026-09-10,남원,8,162.5,0.0
2026-09-10,남원,9,255.5,0.0
2026-09-10,남원,10,259.8,0.0
2026-09-10,남원,11,284.0,209.2
2026-09-10,남원,12,290.4,219.1
2026-09-10,남원,13,297.9,189.2
2026-09-10,남원,14,299.1,0.0
2026-09-10,남원,15,249.1,0.0
2026-09-10,남원,16,187.4,0.0
2026-09-10,남원,17,145.6,0.0
2026-09-10,남원,18,96.1,0.0
2026-09-10,남원,19,78.5,0.0
2026-09-10,남원,20,58.2,0.0
2026-09-10,남원,21,20.4,0.0
2026-09-10,남원,22,3.8,0.0
2026-09-10,남원,23,0.8,0.0
2026-09-10,동산,0,0.1,0.0
2026-09-10,동산,1,0.1,0.0
2026-09-10,동산,2,0.1,0.0
2026-09-10,동산,3,0.1,0.0
2026-09-10,동산,4,0.0,0.0
2026-09-10,동산,5,0.0,0.0
2026-09-10,동산,6,12.0,0.0
2026-09-10,동산,7,71.1,0.0
2026-09-10,동산,8,162.5,0.0
2026-09-10,동산,9,255.5,0.0
2026-09-10,동산,10,259.8,0.0
2026-09-10,동산,11,284.0,209.2
2026-09-10,동산,12,290.4,219.1
2026-09-10,동산,13,297.9,189.2
2026-09-10,동산,14,299.1,0.0
2026-09-10,동산,15,249.1,0.0
2026-09-10,동산,16,187.4,0.0
2026-09-10,동산,17,145.6,0.0
2026-09-10,동산,18,96.1,0.0
2026-09-10,동산,19,78.5,0.0
2026-09-10,동산,20,58.2,0.0
2026-09-10,동산,21,20.4,0.0
2026-09-10,동산,22,3.8,0.0
2026-09-10,동산,23,0.8,0.0
2026-09-10,새만금,0,0.1,0.0
2026-09-10,새만금,1,0.1,0.0
2026-09-10,새만금,2,0.1,0.0
2026-09-10,새만금,3,0.1,0.0
2026-09-10,새만금,4,0.0,0.0
2026-09-10,새만금,5,0.0,0.0
2026-09-10,새만금,6,12.0,0.0
2026-09-10,새만금,7,71.1,0.0
2026-09-10,새만금,8,162.5,0.0
2026-09-10,새만금,9,255.5,0.0
2026-09-10,새만금,10,259.8,0.0
2026-09-10,새만금,11,284.0,209.2
2026-09-10,새만금,12,290.4,219.1
2026-09-10,새만금,13,297.9,189.2
2026-09-10,새만금,14,299.1,0.0
2026-09-10,새만금,15,249.1,0.0
2026-09-10,새만금,16,187.4,0.0
2026-09-10,새만금,17,145.6,0.0
2026-09-10,새만금,18,96.1,0.0
2026-09-10,새만금,19,78.5,0.0
2026-09-10,새만금,20,58.2,0.0
2026-09-10,새만금,21,20.4,0.0
2026-09-10,새만금,22,3.8,0.0
2026-09-10,새만금,23,0.8,0.0
2026-09-10,장성,0,0.5,0.0
2026-09-10,장성,1,0.3,0.0
2026-09-10,장성,2,0.3,0.0
2026-09-10,장성,3,0.3,0.0
2026-09-10,장성,4,0.1,0.0
2026-09-10,장성,5,0.1,0.0
2026-09-10,장성,6,47.9,0.0
2026-09-10,장성,7,284.0,0.0
2026-09-10,장성,8,649.5,0.0
2026-09-10,장성,9,1021.2,0.0
2026-09-10,장성,10,1038.4,0.0
2026-09-10,장성,11,1135.1,836.1
2026-09-10,장성,12,1160.6,875.7
2026-09-10,장성,13,1190.5,756.1
2026-09-10,장성,14,1195.1,0.0
2026-09-10,장성,15,995.6,0.0
2026-09-10,장성,16,748.9,0.0
2026-09-10,장성,17,581.7,0.0
2026-09-10,장성,18,384.2,0.0
2026-09-10,장성,19,313.7,0.0
2026-09-10,장성,20,232.4,0.0
2026-09-10,장성,21,81.7,0.0
2026-09-10,장성,22,15.0,0.0
2026-09-10,장성,23,3.1,0.0
2026-09-11,남원,0,0.1,0.0
2026-09-11,남원,1,0.1,0.0
2026-09-11,남원,2,0.1,0.0
2026-09-11,남원,3,0.1,0.0
2026-09-11,남원,4,0.0,0.0
2026-09-11,남원,5,0.0,0.0
2026-09-11,남원,6,3.9,0.0
2026-09-11,남원,7,33.9,0.0
2026-09-11,남원,8,81.3,0.0
2026-09-11,남원,9,144.4,0.0
2026-09-11,남원,10,204.5,0.0
2026-09-11,남원,11,265.5,187.2
2026-09-11,남원,12,335.8,155.0
2026-09-11,남원,13,368.1,138.5
2026-09-11,남원,14,361.1,108.7
2026-09-11,남원,15,326.0,0.0
2026-09-11,남원,16,243.4,0.0
2026-09-11,남원,17,170.2,0.0
2026-09-11,남원,18,101.1,0.0
2026-09-11,남원,19,82.3,0.0
2026-09-11,남원,20,66.8,0.0
2026-09-11,남원,21,34.9,0.0
2026-09-11,남원,22,8.0,0.0
2026-09-11,남원,23,0.8,0.0
2026-09-11,동산,0,0.1,0.0
2026-09-11,동산,1,0.1,0.0
2026-09-11,동산,2,0.1,0.0
2026-09-11,동산,3,0.1,0.0
2026-09-11,동산,4,0.0,0.0
2026-09-11,동산,5,0.0,0.0
2026-09-11,동산,6,3.9,0.0
2026-09-11,동산,7,33.9,0.0
2026-09-11,동산,8,81.3,0.0
2026-09-11,동산,9,144.4,0.0
2026-09-11,동산,10,204.5,0.0
2026-09-11,동산,11,265.5,187.2
2026-09-11,동산,12,335.8,155.0
2026-09-11,동산,13,368.1,138.5
2026-09-11,동산,14,361.1,108.7
2026-09-11,동산,15,326.0,0.0
2026-09-11,동산,16,243.4,0.0
2026-09-11,동산,17,170.2,0.0
2026-09-11,동산,18,101.1,0.0
2026-09-11,동산,19,82.3,0.0
2026-09-11,동산,20,66.8,0.0
2026-09-11,동산,21,34.9,0.0
2026-09-11,동산,22,8.0,0.0
2026-09-11,동산,23,0.8,0.0
2026-09-11,새만금,0,0.1,0.0
2026-09-11,새만금,1,0.1,0.0
2026-09-11,새만금,2,0.1,0.0
2026-09-11,새만금,3,0.1,0.0
2026-09-11,새만금,4,0.0,0.0
2026-09-11,새만금,5,0.0,0.0
2026-09-11,새만금,6,3.9,0.0
2026-09-11,새만금,7,33.9,0.0
2026-09-11,새만금,8,81.3,0.0
2026-09-11,새만금,9,144.4,0.0
2026-09-11,새만금,10,204.5,0.0
2026-09-11,새만금,11,265.5,187.2
2026-09-11,새만금,12,335.8,155.0
2026-09-11,새만금,13,368.1,138.5
2026-09-11,새만금,14,361.1,108.7
2026-09-11,새만금,15,326.0,0.0
2026-09-11,새만금,16,243.4,0.0
2026-09-11,새만금,17,170.2,0.0
2026-09-11,새만금,18,101.1,0.0
2026-09-11,새만금,19,82.3,0.0
2026-09-11,새만금,20,66.8,0.0
2026-09-11,새만금,21,34.9,0.0
2026-09-11,새만금,22,8.0,0.0
2026-09-11,새만금,23,0.8,0.0
2026-09-11,장성,0,0.4,0.0
2026-09-11,장성,1,0.3,0.0
2026-09-11,장성,2,0.3,0.0
2026-09-11,장성,3,0.3,0.0
2026-09-11,장성,4,0.0,0.0
2026-09-11,장성,5,0.0,0.0
2026-09-11,장성,6,15.6,0.0
2026-09-11,장성,7,135.5,0.0
2026-09-11,장성,8,325.0,0.0
2026-09-11,장성,9,577.2,0.0
2026-09-11,장성,10,817.4,0.0
2026-09-11,장성,11,1061.1,748.0
2026-09-11,장성,12,1341.9,619.6
2026-09-11,장성,13,1470.9,553.7
2026-09-11,장성,14,1443.1,434.6
2026-09-11,장성,15,1302.6,0.0
2026-09-11,장성,16,972.6,0.0
2026-09-11,장성,17,680.3,0.0
2026-09-11,장성,18,403.9,0.0
2026-09-11,장성,19,328.9,0.0
2026-09-11,장성,20,266.9,0.0
2026-09-11,장성,21,139.4,0.0
2026-09-11,장성,22,32.0,0.0
2026-09-11,장성,23,3.4,0.0
2026-09-12,남원,0,0.0,0.0
2026-09-12,남원,1,0.0,0.0
2026-09-12,남원,2,0.0,0.0
2026-09-12,남원,3,0.0,0.0
2026-09-12,남원,4,0.0,0.0
2026-09-12,남원,5,0.0,0.0
2026-09-12,남원,6,0.4,0.0
2026-09-12,남원,7,15.7,0.0
2026-09-12,남원,8,71.7,0.0
2026-09-12,남원,9,103.0,32.8
2026-09-12,남원,10,103.8,65.5
2026-09-12,남원,11,126.6,108.7
2026-09-12,남원,12,129.3,117.6
2026-09-12,남원,13,140.5,85.3
2026-09-12,남원,14,120.3,95.9
2026-09-12,남원,15,102.2,69.8
2026-09-12,남원,16,74.6,0.0
2026-09-12,남원,17,77.3,0.0
2026-09-12,남원,18,55.3,0.0
2026-09-12,남원,19,22.0,0.0
2026-09-12,남원,20,4.9,0.0
2026-09-12,남원,21,1.2,0.0
2026-09-12,남원,22,0.3,0.0
2026-09-12,남원,23,0.1,0.0
2026-09-12,동산,0,0.0,0.0
2026-09-12,동산,1,0.0,0.0
2026-09-12,동산,2,0.0,0.0
2026-09-12,동산,3,0.0,0.0
2026-09-12,동산,4,0.0,0.0
2026-09-12,동산,5,0.0,0.0
2026-09-12,동산,6,0.4,0.0
2026-09-12,동산,7,15.7,0.0
2026-09-12,동산,8,71.7,0.0
2026-09-12,동산,9,103.0,32.8
2026-09-12,동산,10,103.8,65.5
2026-09-12,동산,11,126.6,108.7
2026-09-12,동산,12,129.3,117.6
2026-09-12,동산,13,140.5,85.3
2026-09-12,동산,14,120.3,95.9
2026-09-12,동산,15,102.2,69.8
2026-09-12,동산,16,74.6,0.0
2026-09-12,동산,17,77.3,0.0
2026-09-12,동산,18,55.3,0.0
2026-09-12,동산,19,22.0,0.0
2026-09-12,동산,20,4.9,0.0
2026-09-12,동산,21,1.2,0.0
2026-09-12,동산,22,0.3,0.0
2026-09-12,동산,23,0.1,0.0
2026-09-12,새만금,0,0.0,0.0
2026-09-12,새만금,1,0.0,0.0
2026-09-12,새만금,2,0.0,0.0
2026-09-12,새만금,3,0.0,0.0
2026-09-12,새만금,4,0.0,0.0
2026-09-12,새만금,5,0.0,0.0
2026-09-12,새만금,6,0.4,0.0
2026-09-12,새만금,7,15.7,0.0
2026-09-12,새만금,8,71.7,0.0
2026-09-12,새만금,9,103.0,32.8
2026-09-12,새만금,10,103.8,65.5
2026-09-12,새만금,11,126.6,108.7
2026-09-12,새만금,12,129.3,117.6
2026-09-12,새만금,13,140.5,85.3
2026-09-12,새만금,14,120.3,95.9
2026-09-12,새만금,15,102.2,69.8
2026-09-12,새만금,16,74.6,0.0
2026-09-12,새만금,17,77.3,0.0
2026-09-12,새만금,18,55.3,0.0
2026-09-12,새만금,19,22.0,0.0
2026-09-12,새만금,20,4.9,0.0
2026-09-12,새만금,21,1.2,0.0
2026-09-12,새만금,22,0.3,0.0
2026-09-12,새만금,23,0.1,0.0
2026-09-12,장성,0,0.0,0.0
2026-09-12,장성,1,0.0,0.0
2026-09-12,장성,2,0.0,0.0
2026-09-12,장성,3,0.0,0.0
2026-09-12,장성,4,0.0,0.0
2026-09-12,장성,5,0.0,0.0
2026-09-12,장성,6,1.7,0.0
2026-09-12,장성,7,62.9,0.0
2026-09-12,장성,8,286.5,0.0
2026-09-12,장성,9,411.5,131.0
2026-09-12,장성,10,414.9,261.9
2026-09-12,장성,11,506.0,434.3
2026-09-12,장성,12,516.6,470.0
2026-09-12,장성,13,561.5,341.0
2026-09-12,장성,14,480.7,383.4
2026-09-12,장성,15,408.4,278.8
2026-09-12,장성,16,298.0,0.0
2026-09-12,장성,17,308.8,0.0
2026-09-12,장성,18,220.8,0.0
2026-09-12,장성,19,87.8,0.0
2026-09-12,장성,20,19.7,0.0
2026-09-12,장성,21,4.7,0.0
2026-09-12,장성,22,1.3,0.0
2026-09-12,장성,23,0.4,0.0
2026-09-13,남원,0,0.1,0.0
2026-09-13,남원,1,0.1,0.0
2026-09-13,남원,2,0.1,0.0
2026-09-13,남원,3,0.1,0.0
2026-09-13,남원,4,0.0,0.0
2026-09-13,남원,5,0.0,0.0
2026-09-13,남원,6,1.8,0.0
2026-09-13,남원,7,46.8,0.0
2026-09-13,남원,8,149.0,0.0
2026-09-13,남원,9,259.2,0.0
2026-09-13,남원,10,282.6,119.9
2026-09-13,남원,11,325.7,143.6
2026-09-13,남원,12,337.0,152.8
2026-09-13,남원,13,376.6,138.0
2026-09-13,남원,14,386.1,0.0
2026-09-13,남원,15,323.2,0.0
2026-09-13,남원,16,223.7,0.0
2026-09-13,남원,17,150.6,0.0
2026-09-13,남원,18,91.6,0.0
2026-09-13,남원,19,81.5,0.0
2026-09-13,남원,20,66.3,0.0
2026-09-13,남원,21,32.5,0.0
2026-09-13,남원,22,8.2,0.0
2026-09-13,남원,23,1.0,0.0
2026-09-13,동산,0,0.1,0.0
2026-09-13,동산,1,0.1,0.0
2026-09-13,동산,2,0.1,0.0
2026-09-13,동산,3,0.1,0.0
2026-09-13,동산,4,0.0,0.0
2026-09-13,동산,5,0.0,0.0
2026-09-13,동산,6,1.8,0.0
2026-09-13,동산,7,46.8,0.0
2026-09-13,동산,8,149.0,0.0
2026-09-13,동산,9,259.2,0.0
2026-09-13,동산,10,282.6,119.9
2026-09-13,동산,11,325.7,143.6
2026-09-13,동산,12,337.0,152.8
2026-09-13,동산,13,376.6,138.0
2026-09-13,동산,14,386.1,0.0
2026-09-13,동산,15,323.2,0.0
2026-09-13,동산,16,223.7,0.0
2026-09-13,동산,17,150.6,0.0
2026-09-13,동산,18,91.6,0.0
2026-09-13,동산,19,81.5,0.0
2026-09-13,동산,20,66.3,0.0
2026-09-13,동산,21,32.5,0.0
2026-09-13,동산,22,8.2,0.0
2026-09-13,동산,23,1.0,0.0
2026-09-13,새만금,0,0.1,0.0
2026-09-13,새만금,1,0.1,0.0
2026-09-13,새만금,2,0.1,0.0
2026-09-13,새만금,3,0.1,0.0
2026-09-13,새만금,4,0.0,0.0
2026-09-13,새만금,5,0.0,0.0
2026-09-13,새만금,6,1.8,0.0
2026-09-13,새만금,7,46.8,0.0
2026-09-13,새만금,8,149.0,0.0
2026-09-13,새만금,9,259.2,0.0
2026-09-13,새만금,10,282.6,119.9
2026-09-13,새만금,11,325.7,143.6
2026-09-13,새만금,12,337.0,152.8
2026-09-13,새만금,13,376.6,138.0
2026-09-13,새만금,14,386.1,0.0
2026-09-13,새만금,15,323.2,0.0
2026-09-13,새만금,16,223.7,0.0
2026-09-13,새만금,17,150.6,0.0
2026-09-13,새만금,18,91.6,0.0
2026-09-13,새만금,19,81.5,0.0
2026-09-13,새만금,20,66.3,0.0
2026-09-13,새만금,21,32.5,0.0
2026-09-13,새만금,22,8.2,0.0
2026-09-13,새만금,23,1.0,0.0
2026-09-13,장성,0,0.5,0.0
2026-09-13,장성,1,0.3,0.0
2026-09-13,장성,2,0.3,0.0
2026-09-13,장성,3,0.3,0.0
2026-09-13,장성,4,0.0,0.0
2026-09-13,장성,5,0.0,0.0
2026-09-13,장성,6,7.0,0.0
2026-09-13,장성,7,187.0,0.0
2026-09-13,장성,8,595.3,0.0
2026-09-13,장성,9,1035.7,0.0
2026-09-13,장성,10,1129.1,478.9
2026-09-13,장성,11,1301.5,574.1
2026-09-13,장성,12,1346.7,610.7
2026-09-13,장성,13,1505.0,551.5
2026-09-13,장성,14,1542.7,0.0
2026-09-13,장성,15,1291.7,0.0
2026-09-13,장성,16,894.0,0.0
2026-09-13,장성,17,602.0,0.0
2026-09-13,장성,18,366.2,0.0
2026-09-13,장성,19,325.9,0.0
2026-09-13,장성,20,264.8,0.0
2026-09-13,장성,21,129.8,0.0
2026-09-13,장성,22,32.6,0.0
2026-09-13,장성,23,3.9,0.0
2026-09-14,남원,0,0.0,0.0
2026-09-14,남원,1,0.0,0.0
2026-09-14,남원,2,0.1,0.0
2026-09-14,남원,3,0.1,0.0
2026-09-14,남원,4,0.0,0.0
2026-09-14,남원,5,0.0,0.0
2026-09-14,남원,6,0.2,0.0
2026-09-14,남원,7,16.3,0.0
2026-09-14,남원,8,54.3,0.0
2026-09-14,남원,9,93.7,60.7
2026-09-14,남원,10,108.6,65.2
2026-09-14,남원,11,108.9,65.2
2026-09-14,남원,12,144.0,49.3
2026-09-14,남원,13,157.6,101.3
2026-09-14,남원,14,152.9,122.4
2026-09-14,남원,15,182.2,55.9
2026-09-14,남원,16,147.5,0.0
2026-09-14,남원,17,100.0,0.0
2026-09-14,남원,18,70.0,0.0
2026-09-14,남원,19,45.4,0.0
2026-09-14,남원,20,11.0,0.0
2026-09-14,남원,21,2.1,0.0
2026-09-14,남원,22,0.5,0.0
2026-09-14,남원,23,0.1,0.0
2026-09-14,동산,0,0.0,0.0
2026-09-14,동산,1,0.0,0.0
2026-09-14,동산,2,0.1,0.0
2026-09-14,동산,3,0.1,0.0
2026-09-14,동산,4,0.0,0.0
2026-09-14,동산,5,0.0,0.0
2026-09-14,동산,6,0.2,0.0
2026-09-14,동산,7,16.3,0.0
2026-09-14,동산,8,54.3,0.0
2026-09-14,동산,9,93.7,60.7
2026-09-14,동산,10,108.6,65.2
2026-09-14,동산,11,108.9,65.2
2026-09-14,동산,12,144.0,49.3
2026-09-14,동산,13,157.6,101.3
2026-09-14,동산,14,152.9,122.4
2026-09-14,동산,15,182.2,55.9
2026-09-14,동산,16,147.5,0.0
2026-09-14,동산,17,100.0,0.0
2026-09-14,동산,18,70.0,0.0
2026-09-14,동산,19,45.4,0.0
2026-09-14,동산,20,11.0,0.0
2026-09-14,동산,21,2.1,0.0
2026-09-14,동산,22,0.5,0.0
2026-09-14,동산,23,0.1,0.0
2026-09-14,새만금,0,0.0,0.0
2026-09-14,새만금,1,0.0,0.0
2026-09-14,새만금,2,0.1,0.0
2026-09-14,새만금,3,0.1,0.0
2026-09-14,새만금,4,0.0,0.0
2026-09-14,새만금,5,0.0,0.0
2026-09-14,새만금,6,0.2,0.0
2026-09-14,새만금,7,16.3,0.0
2026-09-14,새만금,8,54.3,0.0
2026-09-14,새만금,9,93.7,60.7
2026-09-14,새만금,10,108.6,65.2
2026-09-14,새만금,11,108.9,65.2
2026-09-14,새만금,12,144.0,49.3
2026-09-14,새만금,13,157.6,101.3
2026-09-14,새만금,14,152.9,122.4
2026-09-14,새만금,15,182.2,55.9
2026-09-14,새만금,16,147.5,0.0
2026-09-14,새만금,17,100.0,0.0
2026-09-14,새만금,18,70.0,0.0
2026-09-14,새만금,19,45.4,0.0
2026-09-14,새만금,20,11.0,0.0
2026-09-14,새만금,21,2.1,0.0
2026-09-14,새만금,22,0.5,0.0
2026-09-14,새만금,23,0.1,0.0
2026-09-14,장성,0,0.0,0.0
2026-09-14,장성,1,0.0,0.0
2026-09-14,장성,2,0.2,0.0
2026-09-14,장성,3,0.3,0.0
2026-09-14,장성,4,0.0,0.0
2026-09-14,장성,5,0.0,0.0
2026-09-14,장성,6,0.8,0.0
2026-09-14,장성,7,65.3,0.0
2026-09-14,장성,8,216.9,0.0
2026-09-14,장성,9,374.5,242.7
2026-09-14,장성,10,434.1,260.5
2026-09-14,장성,11,435.3,260.6
2026-09-14,장성,12,575.5,197.1
2026-09-14,장성,13,629.9,404.6
2026-09-14,장성,14,611.0,489.2
2026-09-14,장성,15,728.1,223.3
2026-09-14,장성,16,589.6,0.0
2026-09-14,장성,17,399.8,0.0
2026-09-14,장성,18,279.6,0.0
2026-09-14,장성,19,181.4,0.0
2026-09-14,장성,20,44.0,0.0
2026-09-14,장성,21,8.2,0.0
2026-09-14,장성,22,1.9,0.0
2026-09-14,장성,23,0.3,0.0
2026-09-15,남원,0,0.1,0.0
2026-09-15,남원,1,0.1,0.0
2026-09-15,남원,2,0.1,0.0
2026-09-15,남원,3,0.1,0.0
2026-09-15,남원,4,0.0,0.0
2026-09-15,남원,5,0.0,0.0
2026-09-15,남원,6,3.5,0.0
2026-09-15,남원,7,62.0,0.0
2026-09-15,남원,8,175.3,52.6
2026-09-15,남원,9,263.2,0.0
2026-09-15,남원,10,256.0,115.6
2026-09-15,남원,11,216.7,108.4
2026-09-15,남원,12,167.5,86.3
2026-09-15,남원,13,132.3,98.2
2026-09-15,남원,14,154.2,44.3
2026-09-15,남원,15,157.8,0.0
2026-09-15,남원,16,170.7,0.0
2026-09-15,남원,17,139.5,0.0
2026-09-15,남원,18,93.8,0.0
2026-09-15,남원,19,77.4,0.0
2026-09-15,남원,20,40.2,0.0
2026-09-15,남원,21,8.4,0.0
2026-09-15,남원,22,1.9,0.0
2026-09-15,남원,23,0.3,0.0
2026-09-15,동산,0,0.1,0.0
2026-09-15,동산,1,0.1,0.0
2026-09-15,동산,2,0.1,0.0
2026-09-15,동산,3,0.1,0.0
2026-09-15,동산,4,0.0,0.0
2026-09-15,동산,5,0.0,0.0
2026-09-15,동산,6,3.5,0.0
2026-09-15,동산,7,62.0,0.0
2026-09-15,동산,8,175.3,52.6
2026-09-15,동산,9,263.2,0.0
2026-09-15,동산,10,256.0,115.6
2026-09-15,동산,11,216.7,108.4
2026-09-15,동산,12,167.5,86.3
2026-09-15,동산,13,132.3,98.2
2026-09-15,동산,14,154.2,44.3
2026-09-15,동산,15,157.8,0.0
2026-09-15,동산,16,170.7,0.0
2026-09-15,동산,17,139.5,0.0
2026-09-15,동산,18,93.8,0.0
2026-09-15,동산,19,77.4,0.0
2026-09-15,동산,20,40.2,0.0
2026-09-15,동산,21,8.4,0.0
2026-09-15,동산,22,1.9,0.0
2026-09-15,동산,23,0.3,0.0
2026-09-15,새만금,0,0.1,0.0
2026-09-15,새만금,1,0.1,0.0
2026-09-15,새만금,2,0.1,0.0
2026-09-15,새만금,3,0.1,0.0
2026-09-15,새만금,4,0.0,0.0
2026-09-15,새만금,5,0.0,0.0
2026-09-15,새만금,6,3.5,0.0
2026-09-15,새만금,7,62.0,0.0
2026-09-15,새만금,8,175.3,52.6
2026-09-15,새만금,9,263.2,0.0
2026-09-15,새만금,10,256.0,115.6
2026-09-15,새만금,11,216.7,108.4
2026-09-15,새만금,12,167.5,86.3
2026-09-15,새만금,13,132.3,98.2
2026-09-15,새만금,14,154.2,44.3
2026-09-15,새만금,15,157.8,0.0
2026-09-15,새만금,16,170.7,0.0
2026-09-15,새만금,17,139.5,0.0
2026-09-15,새만금,18,93.8,0.0
2026-09-15,새만금,19,77.4,0.0
2026-09-15,새만금,20,40.2,0.0
2026-09-15,새만금,21,8.4,0.0
2026-09-15,새만금,22,1.9,0.0
2026-09-15,새만금,23,0.3,0.0
2026-09-15,장성,0,0.5,0.0
2026-09-15,장성,1,0.3,0.0
2026-09-15,장성,2,0.3,0.0
2026-09-15,장성,3,0.3,0.0
2026-09-15,장성,4,0.0,0.0
2026-09-15,장성,5,0.0,0.0
2026-09-15,장성,6,14.2,0.0
2026-09-15,장성,7,247.7,0.0
2026-09-15,장성,8,700.6,210.3
2026-09-15,장성,9,1051.9,0.0
2026-09-15,장성,10,1022.8,461.9
2026-09-15,장성,11,866.1,433.3
2026-09-15,장성,12,669.2,344.8
2026-09-15,장성,13,528.8,392.2
2026-09-15,장성,14,616.1,176.9
2026-09-15,장성,15,630.8,0.0
2026-09-15,장성,16,682.2,0.0
2026-09-15,장성,17,557.4,0.0
2026-09-15,장성,18,375.0,0.0
2026-09-15,장성,19,309.4,0.0
2026-09-15,장성,20,160.8,0.0
2026-09-15,장성,21,33.7,0.0
2026-09-15,장성,22,7.5,0.0
2026-09-15,장성,23,1.0,0.0
2026-09-16,남원,0,0.0,0.0
2026-09-16,남원,1,0.1,0.0
2026-09-16,남원,2,0.1,0.0
2026-09-16,남원,3,0.1,0.0
2026-09-16,남원,4,0.0,0.0
2026-09-16,남원,5,0.0,0.0
2026-09-16,남원,6,8.4,0.0
2026-09-16,남원,7,52.9,0.0
2026-09-16,남원,8,134.4,0.0
2026-09-16,남원,9,228.7,0.4
2026-09-16,남원,10,235.2,66.8
2026-09-16,남원,11,260.6,0.3
2026-09-16,남원,12,290.3,170.5
2026-09-16,남원,13,310.6,118.5
2026-09-16,남원,14,273.7,130.5
2026-09-16,남원,15,215.1,1.6
2026-09-16,남원,16,211.4,0.0
2026-09-16,남원,17,164.4,0.0
2026-09-16,남원,18,100.7,0.0
2026-09-16,남원,19,80.3,0.0
2026-09-16,남원,20,64.7,0.0
2026-09-16,남원,21,32.4,0.0
2026-09-16,남원,22,8.5,0.0
2026-09-16,남원,23,0.9,0.0
2026-09-16,동산,0,0.0,0.0
2026-09-16,동산,1,0.1,0.0
2026-09-16,동산,2,0.1,0.0
2026-09-16,동산,3,0.1,0.0
2026-09-16,동산,4,0.0,0.0
2026-09-16,동산,5,0.0,0.0
2026-09-16,동산,6,8.4,0.0
2026-09-16,동산,7,52.9,0.0
2026-09-16,동산,8,134.4,0.0
2026-09-16,동산,9,228.7,0.4
2026-09-16,동산,10,235.2,66.8
2026-09-16,동산,11,260.6,0.3
2026-09-16,동산,12,290.3,170.5
2026-09-16,동산,13,310.6,118.5
2026-09-16,동산,14,273.7,130.5
2026-09-16,동산,15,215.1,1.6
2026-09-16,동산,16,211.4,0.0
2026-09-16,동산,17,164.4,0.0
2026-09-16,동산,18,100.7,0.0
2026-09-16,동산,19,80.3,0.0
2026-09-16,동산,20,64.7,0.0
2026-09-16,동산,21,32.4,0.0
2026-09-16,동산,22,8.5,0.0
2026-09-16,동산,23,0.9,0.0
2026-09-16,새만금,0,0.0,0.0
2026-09-16,새만금,1,0.1,0.0
2026-09-16,새만금,2,0.1,0.0
2026-09-16,새만금,3,0.1,0.0
2026-09-16,새만금,4,0.0,0.0
2026-09-16,새만금,5,0.0,0.0
2026-09-16,새만금,6,8.4,0.0
2026-09-16,새만금,7,52.9,0.0
2026-09-16,새만금,8,134.4,0.0
2026-09-16,새만금,9,228.7,0.4
2026-09-16,새만금,10,235.2,66.8
2026-09-16,새만금,11,260.6,0.3
2026-09-16,새만금,12,290.3,170.5
2026-09-16,새만금,13,310.6,118.5
2026-09-16,새만금,14,273.7,130.5
2026-09-16,새만금,15,215.1,1.6
2026-09-16,새만금,16,211.4,0.0
2026-09-16,새만금,17,164.4,0.0
2026-09-16,새만금,18,100.7,0.0
2026-09-16,새만금,19,80.3,0.0
2026-09-16,새만금,20,64.7,0.0
2026-09-16,새만금,21,32.4,0.0
2026-09-16,새만금,22,8.5,0.0
2026-09-16,새만금,23,0.9,0.0
2026-09-16,장성,0,0.1,0.0
2026-09-16,장성,1,0.2,0.0
2026-09-16,장성,2,0.3,0.0
2026-09-16,장성,3,0.3,0.0
2026-09-16,장성,4,0.0,0.0
2026-09-16,장성,5,0.0,0.0
2026-09-16,장성,6,33.5,0.0
2026-09-16,장성,7,211.2,0.0
2026-09-16,장성,8,537.2,0.0
2026-09-16,장성,9,914.0,1.5
2026-09-16,장성,10,940.0,266.7
2026-09-16,장성,11,1041.5,1.3
2026-09-16,장성,12,1160.2,681.2
2026-09-16,장성,13,1241.1,473.6
2026-09-16,장성,14,1093.9,521.4
2026-09-16,장성,15,859.8,6.5
2026-09-16,장성,16,844.8,0.0
2026-09-16,장성,17,656.9,0.0
2026-09-16,장성,18,402.3,0.0
2026-09-16,장성,19,321.1,0.0
2026-09-16,장성,20,258.4,0.0
2026-09-16,장성,21,129.6,0.0
2026-09-16,장성,22,33.9,0.0
2026-09-16,장성,23,3.5,0.0
2026-09-17,남원,0,0.0,0.0
2026-09-17,남원,1,0.0,0.0
2026-09-17,남원,2,0.1,0.0
2026-09-17,남원,3,0.1,0.0
2026-09-17,남원,4,0.1,0.0
2026-09-17,남원,5,0.2,0.0
2026-09-17,남원,6,5.8,0.0
2026-09-17,남원,7,27.1,0.0
2026-09-17,남원,8,68.5,0.0
2026-09-17,남원,9,109.4,55.1
2026-09-17,남원,10,99.2,87.8
2026-09-17,남원,11,122.2,88.0
2026-09-17,남원,12,126.1,106.9
2026-09-17,남원,13,113.7,84.9
2026-09-17,남원,14,104.5,53.2
2026-09-17,남원,15,109.9,0.0
2026-09-17,남원,16,111.6,0.0
2026-09-17,남원,17,137.5,0.0
2026-09-17,남원,18,102.1,0.0
2026-09-17,남원,19,41.0,0.0
2026-09-17,남원,20,6.1,0.0
2026-09-17,남원,21,1.4,0.0
2026-09-17,남원,22,0.3,0.0
2026-09-17,남원,23,0.0,0.0
2026-09-17,동산,0,0.0,0.0
2026-09-17,동산,1,0.0,0.0
2026-09-17,동산,2,0.1,0.0
2026-09-17,동산,3,0.1,0.0
2026-09-17,동산,4,0.1,0.0
2026-09-17,동산,5,0.2,0.0
2026-09-17,동산,6,5.8,0.0
2026-09-17,동산,7,27.1,0.0
2026-09-17,동산,8,68.5,0.0
2026-09-17,동산,9,109.4,55.1
2026-09-17,동산,10,99.2,87.8
2026-09-17,동산,11,122.2,88.0
2026-09-17,동산,12,126.1,106.9
2026-09-17,동산,13,113.7,84.9
2026-09-17,동산,14,104.5,53.2
2026-09-17,동산,15,109.9,0.0
2026-09-17,동산,16,111.6,0.0
2026-09-17,동산,17,137.5,0.0
2026-09-17,동산,18,102.1,0.0
2026-09-17,동산,19,41.0,0.0
2026-09-17,동산,20,6.1,0.0
2026-09-17,동산,21,1.4,0.0
2026-09-17,동산,22,0.3,0.0
2026-09-17,동산,23,0.0,0.0
2026-09-17,새만금,0,0.0,0.0
2026-09-17,새만금,1,0.0,0.0
2026-09-17,새만금,2,0.1,0.0
2026-09-17,새만금,3,0.1,0.0
2026-09-17,새만금,4,0.1,0.0
2026-09-17,새만금,5,0.2,0.0
2026-09-17,새만금,6,5.8,0.0
2026-09-17,새만금,7,27.1,0.0
2026-09-17,새만금,8,68.5,0.0
2026-09-17,새만금,9,109.4,55.1
2026-09-17,새만금,10,99.2,87.8
2026-09-17,새만금,11,122.2,88.0
2026-09-17,새만금,12,126.1,106.9
2026-09-17,새만금,13,113.7,84.9
2026-09-17,새만금,14,104.5,53.2
2026-09-17,새만금,15,109.9,0.0
2026-09-17,새만금,16,111.6,0.0
2026-09-17,새만금,17,137.5,0.0
2026-09-17,새만금,18,102.1,0.0
2026-09-17,새만금,19,41.0,0.0
2026-09-17,새만금,20,6.1,0.0
2026-09-17,새만금,21,1.4,0.0
2026-09-17,새만금,22,0.3,0.0
2026-09-17,새만금,23,0.0,0.0
2026-09-17,장성,0,0.1,0.0
2026-09-17,장성,1,0.0,0.0
2026-09-17,장성,2,0.2,0.0
2026-09-17,장성,3,0.3,0.0
2026-09-17,장성,4,0.3,0.0
2026-09-17,장성,5,0.6,0.0
2026-09-17,장성,6,23.3,0.0
2026-09-17,장성,7,108.4,0.0
2026-09-17,장성,8,273.8,0.0
2026-09-17,장성,9,437.3,220.1
2026-09-17,장성,10,396.4,350.8
2026-09-17,장성,11,488.2,351.7
2026-09-17,장성,12,503.8,427.4
2026-09-17,장성,13,454.2,339.2
2026-09-17,장성,14,417.6,212.7
2026-09-17,장성,15,439.3,0.0
2026-09-17,장성,16,445.9,0.0
2026-09-17,장성,17,549.5,0.0
2026-09-17,장성,18,407.9,0.0
2026-09-17,장성,19,163.8,0.0
2026-09-17,장성,20,24.5,0.0
2026-09-17,장성,21,5.4,0.0
2026-09-17,장성,22,1.0,0.0
2026-09-17,장성,23,0.2,0.0
2026-09-18,남원,0,0.1,0.0
2026-09-18,남원,1,0.1,0.0
2026-09-18,남원,2,0.1,0.0
2026-09-18,남원,3,0.1,0.0
2026-09-18,남원,4,0.1,0.0
2026-09-18,남원,5,0.1,0.0
2026-09-18,남원,6,1.8,0.0
2026-09-18,남원,7,18.5,0.0
2026-09-18,남원,8,44.9,0.0
2026-09-18,남원,9,77.8,1.4
2026-09-18,남원,10,110.3,55.6
2026-09-18,남원,11,160.1,105.3
2026-09-18,남원,12,212.0,97.9
2026-09-18,남원,13,232.9,108.4
2026-09-18,남원,14,220.1,96.9
2026-09-18,남원,15,190.0,8.1
2026-09-18,남원,16,156.8,0.0
2026-09-18,남원,17,132.8,0.0
2026-09-18,남원,18,89.6,0.0
2026-09-18,남원,19,69.3,0.0
2026-09-18,남원,20,50.6,0.0
2026-09-18,남원,21,18.4,0.0
2026-09-18,남원,22,4.1,0.0
2026-09-18,남원,23,0.2,0.0
2026-09-18,동산,0,0.1,0.0
2026-09-18,동산,1,0.1,0.0
2026-09-18,동산,2,0.1,0.0
2026-09-18,동산,3,0.1,0.0
2026-09-18,동산,4,0.1,0.0
2026-09-18,동산,5,0.1,0.0
2026-09-18,동산,6,1.8,0.0
2026-09-18,동산,7,18.5,0.0
2026-09-18,동산,8,44.9,0.0
2026-09-18,동산,9,77.8,1.4
2026-09-18,동산,10,110.3,55.6
2026-09-18,동산,11,160.1,105.3
2026-09-18,동산,12,212.0,97.9
2026-09-18,동산,13,232.9,108.4
2026-09-18,동산,14,220.1,96.9
2026-09-18,동산,15,190.0,8.1
2026-09-18,동산,16,156.8,0.0
2026-09-18,동산,17,132.8,0.0
2026-09-18,동산,18,89.6,0.0
2026-09-18,동산,19,69.3,0.0
2026-09-18,동산,20,50.6,0.0
2026-09-18,동산,21,18.4,0.0
2026-09-18,동산,22,4.1,0.0
2026-09-18,동산,23,0.2,0.0
2026-09-18,새만금,0,0.1,0.0
2026-09-18,새만금,1,0.1,0.0
2026-09-18,새만금,2,0.1,0.0
2026-09-18,새만금,3,0.1,0.0
2026-09-18,새만금,4,0.1,0.0
2026-09-18,새만금,5,0.1,0.0
2026-09-18,새만금,6,1.8,0.0
2026-09-18,새만금,7,18.5,0.0
2026-09-18,새만금,8,44.9,0.0
2026-09-18,새만금,9,77.8,1.4
2026-09-18,새만금,10,110.3,55.6
2026-09-18,새만금,11,160.1,105.3
2026-09-18,새만금,12,212.0,97.9
2026-09-18,새만금,13,232.9,108.4
2026-09-18,새만금,14,220.1,96.9
2026-09-18,새만금,15,190.0,8.1
2026-09-18,새만금,16,156.8,0.0
2026-09-18,새만금,17,132.8,0.0
2026-09-18,새만금,18,89.6,0.0
2026-09-18,새만금,19,69.3,0.0
2026-09-18,새만금,20,50.6,0.0
2026-09-18,새만금,21,18.4,0.0
2026-09-18,새만금,22,4.1,0.0
2026-09-18,새만금,23,0.2,0.0
2026-09-18,장성,0,0.4,0.0
2026-09-18,장성,1,0.3,0.0
2026-09-18,장성,2,0.3,0.0
2026-09-18,장성,3,0.4,0.0
2026-09-18,장성,4,0.3,0.0
2026-09-18,장성,5,0.3,0.0
2026-09-18,장성,6,7.2,0.0
2026-09-18,장성,7,73.8,0.0
2026-09-18,장성,8,179.4,0.0
2026-09-18,장성,9,311.1,5.5
2026-09-18,장성,10,440.6,222.1
2026-09-18,장성,11,639.9,421.0
2026-09-18,장성,12,847.0,391.2
2026-09-18,장성,13,930.6,433.1
2026-09-18,장성,14,879.7,387.2
2026-09-18,장성,15,759.4,32.6
2026-09-18,장성,16,626.5,0.1
2026-09-18,장성,17,530.7,0.0
2026-09-18,장성,18,358.1,0.0
2026-09-18,장성,19,277.1,0.0
2026-09-18,장성,20,202.4,0.0
2026-09-18,장성,21,73.7,0.0
2026-09-18,장성,22,16.6,0.0
2026-09-18,장성,23,0.9,0.0
2026-09-19,남원,0,0.1,0.0
2026-09-19,남원,1,0.1,0.0
2026-09-19,남원,2,0.1,0.0
2026-09-19,남원,3,0.1,0.0
2026-09-19,남원,4,0.0,0.0
2026-09-19,남원,5,0.0,0.0
2026-09-19,남원,6,0.0,0.0
2026-09-19,남원,7,10.6,0.0
2026-09-19,남원,8,47.2,0.0
2026-09-19,남원,9,72.4,0.0
2026-09-19,남원,10,79.8,59.0
2026-09-19,남원,11,90.8,90.0
2026-09-19,남원,12,113.4,81.4
2026-09-19,남원,13,160.2,71.9
2026-09-19,남원,14,168.4,91.4
2026-09-19,남원,15,164.3,65.4
2026-09-19,남원,16,164.3,0.0
2026-09-19,남원,17,129.6,0.0
2026-09-19,남원,18,58.8,0.0
2026-09-19,남원,19,21.8,0.0
2026-09-19,남원,20,6.7,0.0
2026-09-19,남원,21,2.6,0.0
2026-09-19,남원,22,0.7,0.0
2026-09-19,남원,23,0.1,0.0
2026-09-19,동산,0,0.1,0.0
2026-09-19,동산,1,0.1,0.0
2026-09-19,동산,2,0.1,0.0
2026-09-19,동산,3,0.1,0.0
2026-09-19,동산,4,0.0,0.0
2026-09-19,동산,5,0.0,0.0
2026-09-19,동산,6,0.0,0.0
2026-09-19,동산,7,10.6,0.0
2026-09-19,동산,8,47.2,0.0
2026-09-19,동산,9,72.4,0.0
2026-09-19,동산,10,79.8,59.0
2026-09-19,동산,11,90.8,90.0
2026-09-19,동산,12,113.4,81.4
2026-09-19,동산,13,160.2,71.9
2026-09-19,동산,14,168.4,91.4
2026-09-19,동산,15,164.3,65.4
2026-09-19,동산,16,164.3,0.0
2026-09-19,동산,17,129.6,0.0
2026-09-19,동산,18,58.8,0.0
2026-09-19,동산,19,21.8,0.0
2026-09-19,동산,20,6.7,0.0
2026-09-19,동산,21,2.6,0.0
2026-09-19,동산,22,0.7,0.0
2026-09-19,동산,23,0.1,0.0
2026-09-19,새만금,0,0.1,0.0
2026-09-19,새만금,1,0.1,0.0
2026-09-19,새만금,2,0.1,0.0
2026-09-19,새만금,3,0.1,0.0
2026-09-19,새만금,4,0.0,0.0
2026-09-19,새만금,5,0.0,0.0
2026-09-19,새만금,6,0.0,0.0
2026-09-19,새만금,7,10.6,0.0
2026-09-19,새만금,8,47.2,0.0
2026-09-19,새만금,9,72.4,0.0
2026-09-19,새만금,10,79.8,59.0
2026-09-19,새만금,11,90.8,90.0
2026-09-19,새만금,12,113.4,81.4
2026-09-19,새만금,13,160.2,71.9
2026-09-19,새만금,14,168.4,91.4
2026-09-19,새만금,15,164.3,65.4
2026-09-19,새만금,16,164.3,0.0
2026-09-19,새만금,17,129.6,0.0
2026-09-19,새만금,18,58.8,0.0
2026-09-19,새만금,19,21.8,0.0
2026-09-19,새만금,20,6.7,0.0
2026-09-19,새만금,21,2.6,0.0
2026-09-19,새만금,22,0.7,0.0
2026-09-19,새만금,23,0.1,0.0
2026-09-19,장성,0,0.5,0.0
2026-09-19,장성,1,0.3,0.0
2026-09-19,장성,2,0.3,0.0
2026-09-19,장성,3,0.3,0.0
2026-09-19,장성,4,0.0,0.0
2026-09-19,장성,5,0.0,0.0
2026-09-19,장성,6,0.1,0.0
2026-09-19,장성,7,42.2,0.0
2026-09-19,장성,8,188.8,0.0
2026-09-19,장성,9,289.3,0.0
2026-09-19,장성,10,318.8,235.8
2026-09-19,장성,11,362.8,359.9
2026-09-19,장성,12,453.3,325.3
2026-09-19,장성,13,640.3,287.4
2026-09-19,장성,14,672.9,365.4
2026-09-19,장성,15,656.6,261.3
2026-09-19,장성,16,656.5,0.0
2026-09-19,장성,17,517.9,0.0
2026-09-19,장성,18,234.8,0.0
2026-09-19,장성,19,87.3,0.0
2026-09-19,장성,20,26.7,0.0
2026-09-19,장성,21,10.5,0.0
2026-09-19,장성,22,2.7,0.0
2026-09-19,장성,23,0.4,0.0
2026-09-20,남원,0,0.0,0.0
2026-09-20,남원,1,0.0,0.0
2026-09-20,남원,2,0.1,0.0
2026-09-20,남원,3,0.0,0.0
2026-09-20,남원,4,0.0,0.0
2026-09-20,남원,5,0.0,0.0
2026-09-20,남원,6,0.7,0.0
2026-09-20,남원,7,41.9,0.0
2026-09-20,남원,8,152.1,0.0
2026-09-20,남원,9,269.0,0.0
2026-09-20,남원,10,292.1,114.3
2026-09-20,남원,11,312.6,122.4
2026-09-20,남원,12,316.5,119.9
2026-09-20,남원,13,304.9,89.4
2026-09-20,남원,14,255.5,0.0
2026-09-20,남원,15,202.9,0.0
2026-09-20,남원,16,116.0,0.0
2026-09-20,남원,17,90.4,0.0
2026-09-20,남원,18,78.4,0.0
2026-09-20,남원,19,73.4,0.0
2026-09-20,남원,20,51.6,0.0
2026-09-20,남원,21,18.0,0.0
2026-09-20,남원,22,4.3,0.0
2026-09-20,남원,23,0.4,0.0
2026-09-20,동산,0,0.0,0.0
2026-09-20,동산,1,0.0,0.0
2026-09-20,동산,2,0.1,0.0
2026-09-20,동산,3,0.0,0.0
2026-09-20,동산,4,0.0,0.0
2026-09-20,동산,5,0.0,0.0
2026-09-20,동산,6,0.7,0.0
2026-09-20,동산,7,41.9,0.0
2026-09-20,동산,8,152.1,0.0
2026-09-20,동산,9,269.0,0.0
2026-09-20,동산,10,292.1,114.3
2026-09-20,동산,11,312.6,122.4
2026-09-20,동산,12,316.5,119.9
2026-09-20,동산,13,304.9,89.4
2026-09-20,동산,14,255.5,0.0
2026-09-20,동산,15,202.9,0.0
2026-09-20,동산,16,116.0,0.0
2026-09-20,동산,17,90.4,0.0
2026-09-20,동산,18,78.4,0.0
2026-09-20,동산,19,73.4,0.0
2026-09-20,동산,20,51.6,0.0
2026-09-20,동산,21,18.0,0.0
2026-09-20,동산,22,4.3,0.0
2026-09-20,동산,23,0.4,0.0
2026-09-20,새만금,0,0.0,0.0
2026-09-20,새만금,1,0.0,0.0
2026-09-20,새만금,2,0.1,0.0
2026-09-20,새만금,3,0.0,0.0
2026-09-20,새만금,4,0.0,0.0
2026-09-20,새만금,5,0.0,0.0
2026-09-20,새만금,6,0.7,0.0
2026-09-20,새만금,7,41.9,0.0
2026-09-20,새만금,8,152.1,0.0
2026-09-20,새만금,9,269.0,0.0
2026-09-20,새만금,10,292.1,114.3
2026-09-20,새만금,11,312.6,122.4
2026-09-20,새만금,12,316.5,119.9
2026-09-20,새만금,13,304.9,89.4
2026-09-20,새만금,14,255.5,0.0
2026-09-20,새만금,15,202.9,0.0
2026-09-20,새만금,16,116.0,0.0
2026-09-20,새만금,17,90.4,0.0
2026-09-20,새만금,18,78.4,0.0
2026-09-20,새만금,19,73.4,0.0
2026-09-20,새만금,20,51.6,0.0
2026-09-20,새만금,21,18.0,0.0
2026-09-20,새만금,22,4.3,0.0
2026-09-20,새만금,23,0.4,0.0
2026-09-20,장성,0,0.0,0.0
2026-09-20,장성,1,0.0,0.0
2026-09-20,장성,2,0.2,0.0
2026-09-20,장성,3,0.1,0.0
2026-09-20,장성,4,0.0,0.0
2026-09-20,장성,5,0.0,0.0
2026-09-20,장성,6,2.7,0.0
2026-09-20,장성,7,167.3,0.0
2026-09-20,장성,8,607.6,0.0
2026-09-20,장성,9,1074.8,0.0
2026-09-20,장성,10,1167.3,456.8
2026-09-20,장성,11,1249.1,489.1
2026-09-20,장성,12,1264.9,479.1
2026-09-20,장성,13,1218.5,357.5
2026-09-20,장성,14,1021.1,0.0
2026-09-20,장성,15,810.9,0.0
2026-09-20,장성,16,463.7,0.0
2026-09-20,장성,17,361.3,0.0
2026-09-20,장성,18,313.3,0.0
2026-09-20,장성,19,293.5,0.0
2026-09-20,장성,20,206.4,0.0
2026-09-20,장성,21,72.0,0.0
2026-09-20,장성,22,17.2,0.0
2026-09-20,장성,23,1.8,0.0
2026-09-21,남원,0,0.2,0.0
2026-09-21,남원,1,0.1,0.0
2026-09-21,남원,2,0.1,0.0
2026-09-21,남원,3,0.1,0.0
2026-09-21,남원,4,0.0,0.0
2026-09-21,남원,5,0.0,0.0
2026-09-21,남원,6,0.0,0.0
2026-09-21,남원,7,3.3,0.0
2026-09-21,남원,8,29.2,0.0
2026-09-21,남원,9,83.3,37.6
2026-09-21,남원,10,114.8,44.9
2026-09-21,남원,11,187.2,93.7
2026-09-21,남원,12,256.1,93.3
2026-09-21,남원,13,194.9,68.9
2026-09-21,남원,14,131.9,55.4
2026-09-21,남원,15,97.4,24.5
2026-09-21,남원,16,88.0,0.0
2026-09-21,남원,17,105.4,0.0
2026-09-21,남원,18,79.0,0.0
2026-09-21,남원,19,49.5,0.0
2026-09-21,남원,20,16.9,0.0
2026-09-21,남원,21,3.9,0.0
2026-09-21,남원,22,1.1,0.0
2026-09-21,남원,23,0.2,0.0
2026-09-21,동산,0,0.2,0.0
2026-09-21,동산,1,0.1,0.0
2026-09-21,동산,2,0.1,0.0
2026-09-21,동산,3,0.1,0.0
2026-09-21,동산,4,0.0,0.0
2026-09-21,동산,5,0.0,0.0
2026-09-21,동산,6,0.0,0.0
2026-09-21,동산,7,3.3,0.0
2026-09-21,동산,8,29.2,0.0
2026-09-21,동산,9,83.3,37.6
2026-09-21,동산,10,114.8,44.9
2026-09-21,동산,11,187.2,93.7
2026-09-21,동산,12,256.1,93.3
2026-09-21,동산,13,194.9,68.9
2026-09-21,동산,14,131.9,55.4
2026-09-21,동산,15,97.4,24.5
2026-09-21,동산,16,88.0,0.0
2026-09-21,동산,17,105.4,0.0
2026-09-21,동산,18,79.0,0.0
2026-09-21,동산,19,49.5,0.0
2026-09-21,동산,20,16.9,0.0
2026-09-21,동산,21,3.9,0.0
2026-09-21,동산,22,1.1,0.0
2026-09-21,동산,23,0.2,0.0
2026-09-21,새만금,0,0.2,0.0
2026-09-21,새만금,1,0.1,0.0
2026-09-21,새만금,2,0.1,0.0
2026-09-21,새만금,3,0.1,0.0
2026-09-21,새만금,4,0.0,0.0
2026-09-21,새만금,5,0.0,0.0
2026-09-21,새만금,6,0.0,0.0
2026-09-21,새만금,7,3.3,0.0
2026-09-21,새만금,8,29.2,0.0
2026-09-21,새만금,9,83.3,37.6
2026-09-21,새만금,10,114.8,44.9
2026-09-21,새만금,11,187.2,93.7
2026-09-21,새만금,12,256.1,93.3
2026-09-21,새만금,13,194.9,68.9
2026-09-21,새만금,14,131.9,55.4
2026-09-21,새만금,15,97.4,24.5
2026-09-21,새만금,16,88.0,0.0
2026-09-21,새만금,17,105.4,0.0
2026-09-21,새만금,18,79.0,0.0
2026-09-21,새만금,19,49.5,0.0
2026-09-21,새만금,20,16.9,0.0
2026-09-21,새만금,21,3.9,0.0
2026-09-21,새만금,22,1.1,0.0
2026-09-21,새만금,23,0.2,0.0
2026-09-21,장성,0,0.7,0.0
2026-09-21,장성,1,0.5,0.0
2026-09-21,장성,2,0.3,0.0
2026-09-21,장성,3,0.3,0.0
2026-09-21,장성,4,0.1,0.0
2026-09-21,장성,5,0.0,0.0
2026-09-21,장성,6,0.0,0.0
2026-09-21,장성,7,13.3,0.0
2026-09-21,장성,8,116.6,0.0
2026-09-21,장성,9,332.7,150.3
2026-09-21,장성,10,458.7,179.4
2026-09-21,장성,11,748.0,374.4
2026-09-21,장성,12,1023.4,372.6
2026-09-21,장성,13,779.0,275.3
2026-09-21,장성,14,527.3,221.3
2026-09-21,장성,15,389.4,97.7
2026-09-21,장성,16,351.8,0.0
2026-09-21,장성,17,421.3,0.0
2026-09-21,장성,18,315.7,0.0
2026-09-21,장성,19,197.7,0.0
2026-09-21,장성,20,67.6,0.0
2026-09-21,장성,21,15.7,0.0
2026-09-21,장성,22,4.4,0.0
2026-09-21,장성,23,0.7,0.0
2026-09-22,남원,0,0.0,0.0
2026-09-22,남원,1,0.0,0.0
2026-09-22,남원,2,0.0,0.0
2026-09-22,남원,3,0.0,0.0
2026-09-22,남원,4,0.0,0.0
2026-09-22,남원,5,0.0,0.0
2026-09-22,남원,6,0.0,0.0
2026-09-22,남원,7,2.1,0.0
2026-09-22,남원,8,18.4,0.0
2026-09-22,남원,9,47.4,0.0
2026-09-22,남원,10,73.1,75.6
2026-09-22,남원,11,102.1,85.6
2026-09-22,남원,12,123.6,79.1
2026-09-22,남원,13,141.1,95.5
2026-09-22,남원,14,100.7,76.1
2026-09-22,남원,15,66.5,0.0
2026-09-22,남원,16,48.5,0.0
2026-09-22,남원,17,63.2,0.0
2026-09-22,남원,18,31.8,0.0
2026-09-22,남원,19,13.4,0.0
2026-09-22,남원,20,4.9,0.0
2026-09-22,남원,21,2.6,0.0
2026-09-22,남원,22,0.9,0.0
2026-09-22,남원,23,0.1,0.0
2026-09-22,동산,0,0.0,0.0
2026-09-22,동산,1,0.0,0.0
2026-09-22,동산,2,0.0,0.0
2026-09-22,동산,3,0.0,0.0
2026-09-22,동산,4,0.0,0.0
2026-09-22,동산,5,0.0,0.0
2026-09-22,동산,6,0.0,0.0
2026-09-22,동산,7,2.1,0.0
2026-09-22,동산,8,18.4,0.0
2026-09-22,동산,9,47.4,0.0
2026-09-22,동산,10,73.1,75.6
2026-09-22,동산,11,102.1,85.6
2026-09-22,동산,12,123.6,79.1
2026-09-22,동산,13,141.1,95.5
2026-09-22,동산,14,100.7,76.1
2026-09-22,동산,15,66.5,0.0
2026-09-22,동산,16,48.5,0.0
2026-09-22,동산,17,63.2,0.0
2026-09-22,동산,18,31.8,0.0
2026-09-22,동산,19,13.4,0.0
2026-09-22,동산,20,4.9,0.0
2026-09-22,동산,21,2.6,0.0
2026-09-22,동산,22,0.9,0.0
2026-09-22,동산,23,0.1,0.0
2026-09-22,새만금,0,0.0,0.0
2026-09-22,새만금,1,0.0,0.0
2026-09-22,새만금,2,0.0,0.0
2026-09-22,새만금,3,0.0,0.0
2026-09-22,새만금,4,0.0,0.0
2026-09-22,새만금,5,0.0,0.0
2026-09-22,새만금,6,0.0,0.0
2026-09-22,새만금,7,2.1,0.0
2026-09-22,새만금,8,18.4,0.0
2026-09-22,새만금,9,47.4,0.0
2026-09-22,새만금,10,73.1,75.6
2026-09-22,새만금,11,102.1,85.6
2026-09-22,새만금,12,123.6,79.1
2026-09-22,새만금,13,141.1,95.5
2026-09-22,새만금,14,100.7,76.1
2026-09-22,새만금,15,66.5,0.0
2026-09-22,새만금,16,48.5,0.0
2026-09-22,새만금,17,63.2,0.0
2026-09-22,새만금,18,31.8,0.0
2026-09-22,새만금,19,13.4,0.0
2026-09-22,새만금,20,4.9,0.0
2026-09-22,새만금,21,2.6,0.0
2026-09-22,새만금,22,0.9,0.0
2026-09-22,새만금,23,0.1,0.0
2026-09-22,장성,0,0.1,0.0
2026-09-22,장성,1,0.1,0.0
2026-09-22,장성,2,0.0,0.0
2026-09-22,장성,3,0.0,0.0
2026-09-22,장성,4,0.0,0.0
2026-09-22,장성,5,0.0,0.0
2026-09-22,장성,6,0.0,0.0
2026-09-22,장성,7,8.5,0.0
2026-09-22,장성,8,73.7,0.0
2026-09-22,장성,9,189.4,0.0
2026-09-22,장성,10,292.1,302.2
2026-09-22,장성,11,408.1,342.0
2026-09-22,장성,12,494.0,316.3
2026-09-22,장성,13,564.1,381.7
2026-09-22,장성,14,402.4,304.0
2026-09-22,장성,15,265.6,0.0
2026-09-22,장성,16,193.9,0.0
2026-09-22,장성,17,252.5,0.0
2026-09-22,장성,18,126.9,0.0
2026-09-22,장성,19,53.7,0.0
2026-09-22,장성,20,19.5,0.0
2026-09-22,장성,21,10.5,0.0
2026-09-22,장성,22,3.6,0.0
2026-09-22,장성,23,0.5,0.0
2026-09-23,남원,0,0.0,0.0
2026-09-23,남원,1,0.0,0.0
2026-09-23,남원,2,0.1,0.0
2026-09-23,남원,3,0.0,0.0
2026-09-23,남원,4,0.0,0.0
2026-09-23,남원,5,0.0,0.0
2026-09-23,남원,6,0.7,0.0
2026-09-23,남원,7,28.1,0.0
2026-09-23,남원,8,86.6,0.0
2026-09-23,남원,9,128.3,0.0
2026-09-23,남원,10,144.3,58.4
2026-09-23,남원,11,175.9,109.4
2026-09-23,남원,12,167.6,126.0
2026-09-23,남원,13,161.8,60.4
2026-09-23,남원,14,102.5,55.5
2026-09-23,남원,15,39.4,0.0
2026-09-23,남원,16,35.4,0.0
2026-09-23,남원,17,75.4,0.0
2026-09-23,남원,18,68.3,0.0
2026-09-23,남원,19,51.8,0.0
2026-09-23,남원,20,22.8,0.0
2026-09-23,남원,21,3.9,0.0
2026-09-23,남원,22,0.3,0.0
2026-09-23,남원,23,0.1,0.0
2026-09-23,동산,0,0.0,0.0
2026-09-23,동산,1,0.0,0.0
2026-09-23,동산,2,0.1,0.0
2026-09-23,동산,3,0.0,0.0
2026-09-23,동산,4,0.0,0.0
2026-09-23,동산,5,0.0,0.0
2026-09-23,동산,6,0.7,0.0
2026-09-23,동산,7,28.1,0.0
2026-09-23,동산,8,86.6,0.0
2026-09-23,동산,9,128.3,0.0
2026-09-23,동산,10,144.3,58.4
2026-09-23,동산,11,175.9,109.4
2026-09-23,동산,12,167.6,126.0
2026-09-23,동산,13,161.8,60.4
2026-09-23,동산,14,102.5,55.5
2026-09-23,동산,15,39.4,0.0
2026-09-23,동산,16,35.4,0.0
2026-09-23,동산,17,75.4,0.0
2026-09-23,동산,18,68.3,0.0
2026-09-23,동산,19,51.8,0.0
2026-09-23,동산,20,22.8,0.0
2026-09-23,동산,21,3.9,0.0
2026-09-23,동산,22,0.3,0.0
2026-09-23,동산,23,0.1,0.0
2026-09-23,새만금,0,0.0,0.0
2026-09-23,새만금,1,0.0,0.0
2026-09-23,새만금,2,0.1,0.0
2026-09-23,새만금,3,0.0,0.0
2026-09-23,새만금,4,0.0,0.0
2026-09-23,새만금,5,0.0,0.0
2026-09-23,새만금,6,0.7,0.0
2026-09-23,새만금,7,28.1,0.0
2026-09-23,새만금,8,86.6,0.0
2026-09-23,새만금,9,128.3,0.0
2026-09-23,새만금,10,144.3,58.4
2026-09-23,새만금,11,175.9,109.4
2026-09-23,새만금,12,167.6,126.0
2026-09-23,새만금,13,161.8,60.4
2026-09-23,새만금,14,102.5,55.5
2026-09-23,새만금,15,39.4,0.0
2026-09-23,새만금,16,35.4,0.0
2026-09-23,새만금,17,75.4,0.0
2026-09-23,새만금,18,68.3,0.0
2026-09-23,새만금,19,51.8,0.0
2026-09-23,새만금,20,22.8,0.0
2026-09-23,새만금,21,3.9,0.0
2026-09-23,새만금,22,0.3,0.0
2026-09-23,새만금,23,0.1,0.0
2026-09-23,장성,0,0.0,0.0
2026-09-23,장성,1,0.0,0.0
2026-09-23,장성,2,0.2,0.0
2026-09-23,장성,3,0.2,0.0
2026-09-23,장성,4,0.0,0.0
2026-09-23,장성,5,0.0,0.0
2026-09-23,장성,6,2.8,0.0
2026-09-23,장성,7,112.2,0.0
2026-09-23,장성,8,346.3,0.0
2026-09-23,장성,9,512.5,0.0
2026-09-23,장성,10,576.7,233.4
2026-09-23,장성,11,702.9,437.1
2026-09-23,장성,12,669.8,503.6
2026-09-23,장성,13,646.7,241.4
2026-09-23,장성,14,409.7,221.7
2026-09-23,장성,15,157.4,0.0
2026-09-23,장성,16,141.5,0.0
2026-09-23,장성,17,301.1,0.0
2026-09-23,장성,18,272.9,0.0
2026-09-23,장성,19,207.2,0.0
2026-09-23,장성,20,91.0,0.0
2026-09-23,장성,21,15.6,0.0
2026-09-23,장성,22,1.3,0.0
2026-09-23,장성,23,0.3,0.0
2026-09-24,남원,0,0.1,0.0
2026-09-24,남원,1,0.1,0.0
2026-09-24,남원,2,0.1,0.0
2026-09-24,남원,3,0.1,0.0
2026-09-24,남원,4,0.0,0.0
2026-09-24,남원,5,0.0,0.0
2026-09-24,남원,6,5.2,0.0
2026-09-24,남원,7,60.1,0.0
2026-09-24,남원,8,164.6,0.0
2026-09-24,남원,9,280.8,0.0
2026-09-24,남원,10,299.6,0.0
2026-09-24,남원,11,342.0,142.2
2026-09-24,남원,12,334.1,163.4
2026-09-24,남원,13,380.8,103.5
2026-09-24,남원,14,383.0,0.0
2026-09-24,남원,15,326.2,0.0
2026-09-24,남원,16,227.0,0.0
2026-09-24,남원,17,155.8,0.0
2026-09-24,남원,18,95.2,0.0
2026-09-24,남원,19,82.3,0.0
2026-09-24,남원,20,66.8,0.0
2026-09-24,남원,21,32.7,0.0
2026-09-24,남원,22,7.8,0.0
2026-09-24,남원,23,0.9,0.0
2026-09-24,동산,0,0.1,0.0
2026-09-24,동산,1,0.1,0.0
2026-09-24,동산,2,0.1,0.0
2026-09-24,동산,3,0.1,0.0
2026-09-24,동산,4,0.0,0.0
2026-09-24,동산,5,0.0,0.0
2026-09-24,동산,6,5.2,0.0
2026-09-24,동산,7,60.1,0.0
2026-09-24,동산,8,164.6,0.0
2026-09-24,동산,9,280.8,0.0
2026-09-24,동산,10,299.6,0.0
2026-09-24,동산,11,342.0,142.2
2026-09-24,동산,12,334.1,163.4
2026-09-24,동산,13,380.8,103.5
2026-09-24,동산,14,383.0,0.0
2026-09-24,동산,15,326.2,0.0
2026-09-24,동산,16,227.0,0.0
2026-09-24,동산,17,155.8,0.0
2026-09-24,동산,18,95.2,0.0
2026-09-24,동산,19,82.3,0.0
2026-09-24,동산,20,66.8,0.0
2026-09-24,동산,21,32.7,0.0
2026-09-24,동산,22,7.8,0.0
2026-09-24,동산,23,0.9,0.0
2026-09-24,새만금,0,0.1,0.0
2026-09-24,새만금,1,0.1,0.0
2026-09-24,새만금,2,0.1,0.0
2026-09-24,새만금,3,0.1,0.0
2026-09-24,새만금,4,0.0,0.0
2026-09-24,새만금,5,0.0,0.0
2026-09-24,새만금,6,5.2,0.0
2026-09-24,새만금,7,60.1,0.0
2026-09-24,새만금,8,164.6,0.0
2026-09-24,새만금,9,280.8,0.0
2026-09-24,새만금,10,299.6,0.0
2026-09-24,새만금,11,342.0,142.2
2026-09-24,새만금,12,334.1,163.4
2026-09-24,새만금,13,380.8,103.5
2026-09-24,새만금,14,383.0,0.0
2026-09-24,새만금,15,326.2,0.0
2026-09-24,새만금,16,227.0,0.0
2026-09-24,새만금,17,155.8,0.0
2026-09-24,새만금,18,95.2,0.0
2026-09-24,새만금,19,82.3,0.0
2026-09-24,새만금,20,66.8,0.0
2026-09-24,새만금,21,32.7,0.0
2026-09-24,새만금,22,7.8,0.0
2026-09-24,새만금,23,0.9,0.0
2026-09-24,장성,0,0.3,0.0
2026-09-24,장성,1,0.2,0.0
2026-09-24,장성,2,0.3,0.0
2026-09-24,장성,3,0.3,0.0
2026-09-24,장성,4,0.1,0.0
2026-09-24,장성,5,0.1,0.0
2026-09-24,장성,6,20.9,0.0
2026-09-24,장성,7,240.0,0.0
2026-09-24,장성,8,657.9,0.0
2026-09-24,장성,9,1122.1,0.0
2026-09-24,장성,10,1197.1,0.0
2026-09-24,장성,11,1366.7,568.4
2026-09-24,장성,12,1335.2,652.8
2026-09-24,장성,13,1521.8,413.7
2026-09-24,장성,14,1530.5,0.0
2026-09-24,장성,15,1303.6,0.0
2026-09-24,장성,16,907.2,0.0
2026-09-24,장성,17,622.7,0.0
2026-09-24,장성,18,380.5,0.0
2026-09-24,장성,19,328.8,0.0
2026-09-24,장성,20,267.0,0.0
2026-09-24,장성,21,130.8,0.0
2026-09-24,장성,22,31.1,0.0
2026-09-24,장성,23,3.7,0.0
2026-09-25,남원,0,0.0,0.0
2026-09-25,남원,1,0.0,0.0
2026-09-25,남원,2,0.1,0.0
2026-09-25,남원,3,0.1,0.0
2026-09-25,남원,4,0.0,0.0
2026-09-25,남원,5,0.0,0.0
2026-09-25,남원,6,0.2,0.0
2026-09-25,남원,7,15.5,0.0
2026-09-25,남원,8,52.0,0.0
2026-09-25,남원,9,87.7,36.2
2026-09-25,남원,10,136.5,0.0
2026-09-25,남원,11,189.9,85.9
2026-09-25,남원,12,184.3,102.6
2026-09-25,남원,13,154.5,82.2
2026-09-25,남원,14,123.3,56.3
2026-09-25,남원,15,82.1,36.0
2026-09-25,남원,16,70.4,0.0
2026-09-25,남원,17,81.6,0.0
2026-09-25,남원,18,65.1,0.0
2026-09-25,남원,19,38.0,0.0
2026-09-25,남원,20,9.1,0.0
2026-09-25,남원,21,1.8,0.0
2026-09-25,남원,22,0.5,0.0
2026-09-25,남원,23,0.1,0.0
2026-09-25,동산,0,0.0,0.0
2026-09-25,동산,1,0.0,0.0
2026-09-25,동산,2,0.1,0.0
2026-09-25,동산,3,0.1,0.0
2026-09-25,동산,4,0.0,0.0
2026-09-25,동산,5,0.0,0.0
2026-09-25,동산,6,0.2,0.0
2026-09-25,동산,7,15.5,0.0
2026-09-25,동산,8,52.0,0.0
2026-09-25,동산,9,87.7,36.2
2026-09-25,동산,10,136.5,0.0
2026-09-25,동산,11,189.9,85.9
2026-09-25,동산,12,184.3,102.6
2026-09-25,동산,13,154.5,82.2
2026-09-25,동산,14,123.3,56.3
2026-09-25,동산,15,82.1,36.0
2026-09-25,동산,16,70.4,0.0
2026-09-25,동산,17,81.6,0.0
2026-09-25,동산,18,65.1,0.0
2026-09-25,동산,19,38.0,0.0
2026-09-25,동산,20,9.1,0.0
2026-09-25,동산,21,1.8,0.0
2026-09-25,동산,22,0.5,0.0
2026-09-25,동산,23,0.1,0.0
2026-09-25,새만금,0,0.0,0.0
2026-09-25,새만금,1,0.0,0.0
2026-09-25,새만금,2,0.1,0.0
2026-09-25,새만금,3,0.1,0.0
2026-09-25,새만금,4,0.0,0.0
2026-09-25,새만금,5,0.0,0.0
2026-09-25,새만금,6,0.2,0.0
2026-09-25,새만금,7,15.5,0.0
2026-09-25,새만금,8,52.0,0.0
2026-09-25,새만금,9,87.7,36.2
2026-09-25,새만금,10,136.5,0.0
2026-09-25,새만금,11,189.9,85.9
2026-09-25,새만금,12,184.3,102.6
2026-09-25,새만금,13,154.5,82.2
2026-09-25,새만금,14,123.3,56.3
2026-09-25,새만금,15,82.1,36.0
2026-09-25,새만금,16,70.4,0.0
2026-09-25,새만금,17,81.6,0.0
2026-09-25,새만금,18,65.1,0.0
2026-09-25,새만금,19,38.0,0.0
2026-09-25,새만금,20,9.1,0.0
2026-09-25,새만금,21,1.8,0.0
2026-09-25,새만금,22,0.5,0.0
2026-09-25,새만금,23,0.1,0.0
2026-09-25,장성,0,0.2,0.0
2026-09-25,장성,1,0.0,0.0
2026-09-25,장성,2,0.2,0.0
2026-09-25,장성,3,0.3,0.0
2026-09-25,장성,4,0.2,0.0
2026-09-25,장성,5,0.0,0.0
2026-09-25,장성,6,0.7,0.0
2026-09-25,장성,7,61.9,0.0
2026-09-25,장성,8,207.9,0.0
2026-09-25,장성,9,350.4,144.6
2026-09-25,장성,10,545.4,0.0
2026-09-25,장성,11,759.0,343.3
2026-09-25,장성,12,736.6,410.1
2026-09-25,장성,13,617.3,328.7
2026-09-25,장성,14,492.6,224.8
2026-09-25,장성,15,328.3,143.9
2026-09-25,장성,16,281.5,0.0
2026-09-25,장성,17,325.9,0.0
2026-09-25,장성,18,260.0,0.0
2026-09-25,장성,19,151.7,0.0
2026-09-25,장성,20,36.4,0.0
2026-09-25,장성,21,7.2,0.0
2026-09-25,장성,22,2.1,0.0
2026-09-25,장성,23,0.3,0.0
2026-09-26,남원,0,0.1,0.0
2026-09-26,남원,1,0.1,0.0
2026-09-26,남원,2,0.1,0.0
2026-09-26,남원,3,0.1,0.0
2026-09-26,남원,4,0.0,0.0
2026-09-26,남원,5,0.9,0.0
2026-09-26,남원,6,27.7,0.0
2026-09-26,남원,7,106.7,0.0
2026-09-26,남원,8,201.1,0.0
2026-09-26,남원,9,292.3,0.0
2026-09-26,남원,10,289.2,189.7
2026-09-26,남원,11,298.2,197.6
2026-09-26,남원,12,309.7,0.0
2026-09-26,남원,13,334.5,0.0
2026-09-26,남원,14,345.2,0.0
2026-09-26,남원,15,316.7,0.0
2026-09-26,남원,16,234.1,0.0
2026-09-26,남원,17,183.9,0.0
2026-09-26,남원,18,115.5,0.0
2026-09-26,남원,19,83.3,0.0
2026-09-26,남원,20,68.8,0.0
2026-09-26,남원,21,38.1,0.0
2026-09-26,남원,22,9.7,0.0
2026-09-26,남원,23,1.1,0.0
2026-09-26,동산,0,0.1,0.0
2026-09-26,동산,1,0.1,0.0
2026-09-26,동산,2,0.1,0.0
2026-09-26,동산,3,0.1,0.0
2026-09-26,동산,4,0.0,0.0
2026-09-26,동산,5,0.9,0.0
2026-09-26,동산,6,27.7,0.0
2026-09-26,동산,7,106.7,0.0
2026-09-26,동산,8,201.1,0.0
2026-09-26,동산,9,292.3,0.0
2026-09-26,동산,10,289.2,189.7
2026-09-26,동산,11,298.2,197.6
2026-09-26,동산,12,309.7,0.0
2026-09-26,동산,13,334.5,0.0
2026-09-26,동산,14,345.2,0.0
2026-09-26,동산,15,316.7,0.0
2026-09-26,동산,16,234.1,0.0
2026-09-26,동산,17,183.9,0.0
2026-09-26,동산,18,115.5,0.0
2026-09-26,동산,19,83.3,0.0
2026-09-26,동산,20,68.8,0.0
2026-09-26,동산,21,38.1,0.0
2026-09-26,동산,22,9.7,0.0
2026-09-26,동산,23,1.1,0.0
2026-09-26,새만금,0,0.1,0.0
2026-09-26,새만금,1,0.1,0.0
2026-09-26,새만금,2,0.1,0.0
2026-09-26,새만금,3,0.1,0.0
2026-09-26,새만금,4,0.0,0.0
2026-09-26,새만금,5,0.9,0.0
2026-09-26,새만금,6,27.7,0.0
2026-09-26,새만금,7,106.7,0.0
2026-09-26,새만금,8,201.1,0.0
2026-09-26,새만금,9,292.3,0.0
2026-09-26,새만금,10,289.2,189.7
2026-09-26,새만금,11,298.2,197.6
2026-09-26,새만금,12,309.7,0.0
2026-09-26,새만금,13,334.5,0.0
2026-09-26,새만금,14,345.2,0.0
2026-09-26,새만금,15,316.7,0.0
2026-09-26,새만금,16,234.1,0.0
2026-09-26,새만금,17,183.9,0.0
2026-09-26,새만금,18,115.5,0.0
2026-09-26,새만금,19,83.3,0.0
2026-09-26,새만금,20,68.8,0.0
2026-09-26,새만금,21,38.1,0.0
2026-09-26,새만금,22,9.7,0.0
2026-09-26,새만금,23,1.1,0.0
2026-09-26,장성,0,0.5,0.0
2026-09-26,장성,1,0.3,0.0
2026-09-26,장성,2,0.3,0.0
2026-09-26,장성,3,0.3,0.0
2026-09-26,장성,4,0.0,0.0
2026-09-26,장성,5,3.6,0.0
2026-09-26,장성,6,110.5,0.0
2026-09-26,장성,7,426.4,0.0
2026-09-26,장성,8,803.6,0.0
2026-09-26,장성,9,1168.3,0.0
2026-09-26,장성,10,1155.6,758.0
2026-09-26,장성,11,1191.6,789.4
2026-09-26,장성,12,1237.8,0.0
2026-09-26,장성,13,1336.9,0.0
2026-09-26,장성,14,1379.7,0.0
2026-09-26,장성,15,1265.7,0.0
2026-09-26,장성,16,935.6,0.0
2026-09-26,장성,17,734.8,0.0
2026-09-26,장성,18,461.5,0.0
2026-09-26,장성,19,332.8,0.0
2026-09-26,장성,20,274.8,0.0
2026-09-26,장성,21,152.1,0.0
2026-09-26,장성,22,38.8,0.0
2026-09-26,장성,23,4.2,0.0
2026-09-27,남원,0,0.1,0.0
2026-09-27,남원,1,0.1,0.0
2026-09-27,남원,2,0.1,0.0
2026-09-27,남원,3,0.1,0.0
2026-09-27,남원,4,0.0,0.0
2026-09-27,남원,5,0.0,0.0
2026-09-27,남원,6,5.0,0.0
2026-09-27,남원,7,68.2,0.0
2026-09-27,남원,8,184.4,0.0
2026-09-27,남원,9,294.6,0.0
2026-09-27,남원,10,309.2,40.3
2026-09-27,남원,11,345.7,153.2
2026-09-27,남원,12,349.9,159.4
2026-09-27,남원,13,363.0,20.4
2026-09-27,남원,14,278.0,0.0
2026-09-27,남원,15,130.4,0.0
2026-09-27,남원,16,86.2,0.0
2026-09-27,남원,17,120.4,0.0
2026-09-27,남원,18,92.8,0.0
2026-09-27,남원,19,80.3,0.0
2026-09-27,남원,20,60.1,0.0
2026-09-27,남원,21,28.4,0.0
2026-09-27,남원,22,6.8,0.0
2026-09-27,남원,23,0.8,0.0
2026-09-27,동산,0,0.1,0.0
2026-09-27,동산,1,0.1,0.0
2026-09-27,동산,2,0.1,0.0
2026-09-27,동산,3,0.1,0.0
2026-09-27,동산,4,0.0,0.0
2026-09-27,동산,5,0.0,0.0
2026-09-27,동산,6,5.0,0.0
2026-09-27,동산,7,68.2,0.0
2026-09-27,동산,8,184.4,0.0
2026-09-27,동산,9,294.6,0.0
2026-09-27,동산,10,309.2,40.3
2026-09-27,동산,11,345.7,153.2
2026-09-27,동산,12,349.9,159.4
2026-09-27,동산,13,363.0,20.4
2026-09-27,동산,14,278.0,0.0
2026-09-27,동산,15,130.4,0.0
2026-09-27,동산,16,86.2,0.0
2026-09-27,동산,17,120.4,0.0
2026-09-27,동산,18,92.8,0.0
2026-09-27,동산,19,80.3,0.0
2026-09-27,동산,20,60.1,0.0
2026-09-27,동산,21,28.4,0.0
2026-09-27,동산,22,6.8,0.0
2026-09-27,동산,23,0.8,0.0
2026-09-27,새만금,0,0.1,0.0
2026-09-27,새만금,1,0.1,0.0
2026-09-27,새만금,2,0.1,0.0
2026-09-27,새만금,3,0.1,0.0
2026-09-27,새만금,4,0.0,0.0
2026-09-27,새만금,5,0.0,0.0
2026-09-27,새만금,6,5.0,0.0
2026-09-27,새만금,7,68.2,0.0
2026-09-27,새만금,8,184.4,0.0
2026-09-27,새만금,9,294.6,0.0
2026-09-27,새만금,10,309.2,40.3
2026-09-27,새만금,11,345.7,153.2
2026-09-27,새만금,12,349.9,159.4
2026-09-27,새만금,13,363.0,20.4
2026-09-27,새만금,14,278.0,0.0
2026-09-27,새만금,15,130.4,0.0
2026-09-27,새만금,16,86.2,0.0
2026-09-27,새만금,17,120.4,0.0
2026-09-27,새만금,18,92.8,0.0
2026-09-27,새만금,19,80.3,0.0
2026-09-27,새만금,20,60.1,0.0
2026-09-27,새만금,21,28.4,0.0
2026-09-27,새만금,22,6.8,0.0
2026-09-27,새만금,23,0.8,0.0
2026-09-27,장성,0,0.5,0.0
2026-09-27,장성,1,0.3,0.0
2026-09-27,장성,2,0.3,0.0
2026-09-27,장성,3,0.3,0.0
2026-09-27,장성,4,0.0,0.0
2026-09-27,장성,5,0.1,0.0
2026-09-27,장성,6,20.1,0.0
2026-09-27,장성,7,272.5,0.0
2026-09-27,장성,8,736.9,0.0
2026-09-27,장성,9,1177.3,0.0
2026-09-27,장성,10,1235.6,161.1
2026-09-27,장성,11,1381.3,612.3
2026-09-27,장성,12,1398.3,637.1
2026-09-27,장성,13,1450.7,81.4
2026-09-27,장성,14,1110.9,0.0
2026-09-27,장성,15,521.3,0.0
2026-09-27,장성,16,344.4,0.0
2026-09-27,장성,17,481.3,0.0
2026-09-27,장성,18,370.9,0.0
2026-09-27,장성,19,320.8,0.0
2026-09-27,장성,20,240.4,0.0
2026-09-27,장성,21,113.5,0.0
2026-09-27,장성,22,27.2,0.0
2026-09-27,장성,23,3.2,0.0
2026-09-28,남원,0,0.1,0.0
2026-09-28,남원,1,0.1,0.0
2026-09-28,남원,2,0.1,0.0
2026-09-28,남원,3,0.1,0.0
2026-09-28,남원,4,0.0,0.0
2026-09-28,남원,5,0.0,0.0
2026-09-28,남원,6,7.6,0.0
2026-09-28,남원,7,60.8,0.0
2026-09-28,남원,8,130.4,58.6
2026-09-28,남원,9,153.2,66.0
2026-09-28,남원,10,150.6,62.8
2026-09-28,남원,11,117.0,75.5
2026-09-28,남원,12,102.5,55.9
2026-09-28,남원,13,93.7,49.2
2026-09-28,남원,14,64.2,0.0
2026-09-28,남원,15,40.8,0.0
2026-09-28,남원,16,34.6,0.0
2026-09-28,남원,17,77.8,0.0
2026-09-28,남원,18,51.3,0.0
2026-09-28,남원,19,11.3,0.0
2026-09-28,남원,20,3.1,0.0
2026-09-28,남원,21,0.7,0.0
2026-09-28,남원,22,0.1,0.0
2026-09-28,남원,23,0.0,0.0
2026-09-28,동산,0,0.1,0.0
2026-09-28,동산,1,0.1,0.0
2026-09-28,동산,2,0.1,0.0
2026-09-28,동산,3,0.1,0.0
2026-09-28,동산,4,0.0,0.0
2026-09-28,동산,5,0.0,0.0
2026-09-28,동산,6,7.6,0.0
2026-09-28,동산,7,60.8,0.0
2026-09-28,동산,8,130.4,58.6
2026-09-28,동산,9,153.2,66.0
2026-09-28,동산,10,150.6,62.8
2026-09-28,동산,11,117.0,75.5
2026-09-28,동산,12,102.5,55.9
2026-09-28,동산,13,93.7,49.2
2026-09-28,동산,14,64.2,0.0
2026-09-28,동산,15,40.8,0.0
2026-09-28,동산,16,34.6,0.0
2026-09-28,동산,17,77.8,0.0
2026-09-28,동산,18,51.3,0.0
2026-09-28,동산,19,11.3,0.0
2026-09-28,동산,20,3.1,0.0
2026-09-28,동산,21,0.7,0.0
2026-09-28,동산,22,0.1,0.0
2026-09-28,동산,23,0.0,0.0
2026-09-28,새만금,0,0.1,0.0
2026-09-28,새만금,1,0.1,0.0
2026-09-28,새만금,2,0.1,0.0
2026-09-28,새만금,3,0.1,0.0
2026-09-28,새만금,4,0.0,0.0
2026-09-28,새만금,5,0.0,0.0
2026-09-28,새만금,6,7.6,0.0
2026-09-28,새만금,7,60.8,0.0
2026-09-28,새만금,8,130.4,58.6
2026-09-28,새만금,9,153.2,66.0
2026-09-28,새만금,10,150.6,62.8
2026-09-28,새만금,11,117.0,75.5
2026-09-28,새만금,12,102.5,55.9
2026-09-28,새만금,13,93.7,49.2
2026-09-28,새만금,14,64.2,0.0
2026-09-28,새만금,15,40.8,0.0
2026-09-28,새만금,16,34.6,0.0
2026-09-28,새만금,17,77.8,0.0
2026-09-28,새만금,18,51.3,0.0
2026-09-28,새만금,19,11.3,0.0
2026-09-28,새만금,20,3.1,0.0
2026-09-28,새만금,21,0.7,0.0
2026-09-28,새만금,22,0.1,0.0
2026-09-28,새만금,23,0.0,0.0
2026-09-28,장성,0,0.5,0.0
2026-09-28,장성,1,0.3,0.0
2026-09-28,장성,2,0.3,0.0
2026-09-28,장성,3,0.3,0.0
2026-09-28,장성,4,0.0,0.0
2026-09-28,장성,5,0.0,0.0
2026-09-28,장성,6,30.4,0.0
2026-09-28,장성,7,242.9,0.0
2026-09-28,장성,8,521.0,234.1
2026-09-28,장성,9,612.2,263.7
2026-09-28,장성,10,601.8,250.8
2026-09-28,장성,11,467.4,301.5
2026-09-28,장성,12,409.7,223.4
2026-09-28,장성,13,374.3,196.4
2026-09-28,장성,14,256.5,0.0
2026-09-28,장성,15,163.0,0.0
2026-09-28,장성,16,138.4,0.0
2026-09-28,장성,17,310.9,0.0
2026-09-28,장성,18,205.1,0.0
2026-09-28,장성,19,45.3,0.0
2026-09-28,장성,20,12.3,0.0
2026-09-28,장성,21,2.7,0.0
2026-09-28,장성,22,0.4,0.0
2026-09-28,장성,23,0.0,0.0
2026-09-29,남원,0,0.0,0.0
2026-09-29,남원,1,0.1,0.0
2026-09-29,남원,2,0.0,0.0
2026-09-29,남원,3,0.0,0.0
2026-09-29,남원,4,0.0,0.0
2026-09-29,남원,5,0.0,0.0
2026-09-29,남원,6,10.8,0.0
2026-09-29,남원,7,78.9,0.0
2026-09-29,남원,8,188.3,0.0
2026-09-29,남원,9,296.0,0.0
2026-09-29,남원,10,312.1,0.0
2026-09-29,남원,11,356.2,0.0
2026-09-29,남원,12,390.2,188.5
2026-09-29,남원,13,434.1,156.0
2026-09-29,남원,14,436.1,0.0
2026-09-29,남원,15,367.4,0.0
2026-09-29,남원,16,262.3,0.0
2026-09-29,남원,17,174.7,0.0
2026-09-29,남원,18,102.3,0.0
2026-09-29,남원,19,82.6,0.0
2026-09-29,남원,20,68.8,0.0
2026-09-29,남원,21,35.3,0.0
2026-09-29,남원,22,8.6,0.0
2026-09-29,남원,23,0.9,0.0
2026-09-29,동산,0,0.0,0.0
2026-09-29,동산,1,0.1,0.0
2026-09-29,동산,2,0.0,0.0
2026-09-29,동산,3,0.0,0.0
2026-09-29,동산,4,0.0,0.0
2026-09-29,동산,5,0.0,0.0
2026-09-29,동산,6,10.8,0.0
2026-09-29,동산,7,78.9,0.0
2026-09-29,동산,8,188.3,0.0
2026-09-29,동산,9,296.0,0.0
2026-09-29,동산,10,312.1,0.0
2026-09-29,동산,11,356.2,0.0
2026-09-29,동산,12,390.2,188.5
2026-09-29,동산,13,434.1,156.0
2026-09-29,동산,14,436.1,0.0
2026-09-29,동산,15,367.4,0.0
2026-09-29,동산,16,262.3,0.0
2026-09-29,동산,17,174.7,0.0
2026-09-29,동산,18,102.3,0.0
2026-09-29,동산,19,82.6,0.0
2026-09-29,동산,20,68.8,0.0
2026-09-29,동산,21,35.3,0.0
2026-09-29,동산,22,8.6,0.0
2026-09-29,동산,23,0.9,0.0
2026-09-29,새만금,0,0.0,0.0
2026-09-29,새만금,1,0.1,0.0
2026-09-29,새만금,2,0.0,0.0
2026-09-29,새만금,3,0.0,0.0
2026-09-29,새만금,4,0.0,0.0
2026-09-29,새만금,5,0.0,0.0
2026-09-29,새만금,6,10.8,0.0
2026-09-29,새만금,7,78.9,0.0
2026-09-29,새만금,8,188.3,0.0
2026-09-29,새만금,9,296.0,0.0
2026-09-29,새만금,10,312.1,0.0
2026-09-29,새만금,11,356.2,0.0
2026-09-29,새만금,12,390.2,188.5
2026-09-29,새만금,13,434.1,156.0
2026-09-29,새만금,14,436.1,0.0
2026-09-29,새만금,15,367.4,0.0
2026-09-29,새만금,16,262.3,0.0
2026-09-29,새만금,17,174.7,0.0
2026-09-29,새만금,18,102.3,0.0
2026-09-29,새만금,19,82.6,0.0
2026-09-29,새만금,20,68.8,0.0
2026-09-29,새만금,21,35.3,0.0
2026-09-29,새만금,22,8.6,0.0
2026-09-29,새만금,23,0.9,0.0
2026-09-29,장성,0,0.0,0.0
2026-09-29,장성,1,0.2,0.0
2026-09-29,장성,2,0.2,0.0
2026-09-29,장성,3,0.0,0.0
2026-09-29,장성,4,0.0,0.0
2026-09-29,장성,5,0.1,0.0
2026-09-29,장성,6,43.1,0.0
2026-09-29,장성,7,315.5,0.0
2026-09-29,장성,8,752.6,0.0
2026-09-29,장성,9,1182.9,0.0
2026-09-29,장성,10,1247.2,0.0
2026-09-29,장성,11,1423.6,0.1
2026-09-29,장성,12,1559.4,753.4
2026-09-29,장성,13,1734.8,623.5
2026-09-29,장성,14,1742.6,0.0
2026-09-29,장성,15,1468.3,0.0
2026-09-29,장성,16,1048.1,0.0
2026-09-29,장성,17,698.3,0.0
2026-09-29,장성,18,408.9,0.0
2026-09-29,장성,19,329.9,0.0
2026-09-29,장성,20,274.8,0.0
2026-09-29,장성,21,141.2,0.0
2026-09-29,장성,22,34.4,0.0
2026-09-29,장성,23,3.7,0.0
2026-09-30,남원,0,0.1,0.0
2026-09-30,남원,1,0.0,0.0
2026-09-30,남원,2,0.1,0.0
2026-09-30,남원,3,0.1,0.0
2026-09-30,남원,4,0.0,0.0
2026-09-30,남원,5,0.0,0.0
2026-09-30,남원,6,0.0,0.0
2026-09-30,남원,7,11.4,0.0
2026-09-30,남원,8,83.6,0.0
2026-09-30,남원,9,197.1,0.0
2026-09-30,남원,10,220.3,71.6
2026-09-30,남원,11,248.4,92.3
2026-09-30,남원,12,254.7,69.4
2026-09-30,남원,13,240.5,81.6
2026-09-30,남원,14,239.4,0.0
2026-09-30,남원,15,175.6,0.0
2026-09-30,남원,16,81.8,0.0
2026-09-30,남원,17,73.9,0.0
2026-09-30,남원,18,78.6,0.0
2026-09-30,남원,19,71.0,0.0
2026-09-30,남원,20,35.7,0.0
2026-09-30,남원,21,7.8,0.0
2026-09-30,남원,22,2.1,0.0
2026-09-30,남원,23,0.3,0.0
2026-09-30,동산,0,0.1,0.0
2026-09-30,동산,1,0.0,0.0
2026-09-30,동산,2,0.1,0.0
2026-09-30,동산,3,0.1,0.0
2026-09-30,동산,4,0.0,0.0
2026-09-30,동산,5,0.0,0.0
2026-09-30,동산,6,0.0,0.0
2026-09-30,동산,7,11.4,0.0
2026-09-30,동산,8,83.6,0.0
2026-09-30,동산,9,197.1,0.0
2026-09-30,동산,10,220.3,71.6
2026-09-30,동산,11,248.4,92.3
2026-09-30,동산,12,254.7,69.4
2026-09-30,동산,13,240.5,81.6
2026-09-30,동산,14,239.4,0.0
2026-09-30,동산,15,175.6,0.0
2026-09-30,동산,16,81.8,0.0
2026-09-30,동산,17,73.9,0.0
2026-09-30,동산,18,78.6,0.0
2026-09-30,동산,19,71.0,0.0
2026-09-30,동산,20,35.7,0.0
2026-09-30,동산,21,7.8,0.0
2026-09-30,동산,22,2.1,0.0
2026-09-30,동산,23,0.3,0.0
2026-09-30,새만금,0,0.1,0.0
2026-09-30,새만금,1,0.0,0.0
2026-09-30,새만금,2,0.1,0.0
2026-09-30,새만금,3,0.1,0.0
2026-09-30,새만금,4,0.0,0.0
2026-09-30,새만금,5,0.0,0.0
2026-09-30,새만금,6,0.0,0.0
2026-09-30,새만금,7,11.4,0.0
2026-09-30,새만금,8,83.6,0.0
2026-09-30,새만금,9,197.1,0.0
2026-09-30,새만금,10,220.3,71.6
2026-09-30,새만금,11,248.4,92.3
2026-09-30,새만금,12,254.7,69.4
2026-09-30,새만금,13,240.5,81.6
2026-09-30,새만금,14,239.4,0.0
2026-09-30,새만금,15,175.6,0.0
2026-09-30,새만금,16,81.8,0.0
2026-09-30,새만금,17,73.9,0.0
2026-09-30,새만금,18,78.6,0.0
2026-09-30,새만금,19,71.0,0.0
2026-09-30,새만금,20,35.7,0.0
2026-09-30,새만금,21,7.8,0.0
2026-09-30,새만금,22,2.1,0.0
2026-09-30,새만금,23,0.3,0.0
2026-09-30,장성,0,0.3,0.0
2026-09-30,장성,1,0.0,0.0
2026-09-30,장성,2,0.2,0.0
2026-09-30,장성,3,0.3,0.0
2026-09-30,장성,4,0.2,0.0
2026-09-30,장성,5,0.0,0.0
2026-09-30,장성,6,0.1,0.0
2026-09-30,장성,7,45.5,0.0
2026-09-30,장성,8,333.9,0.0
2026-09-30,장성,9,787.5,0.0
2026-09-30,장성,10,880.4,286.2
2026-09-30,장성,11,992.7,368.7
2026-09-30,장성,12,1017.7,277.5
2026-09-30,장성,13,961.2,326.0
2026-09-30,장성,14,956.6,0.0
2026-09-30,장성,15,701.6,0.0
2026-09-30,장성,16,327.1,0.0
2026-09-30,장성,17,295.3,0.0
2026-09-30,장성,18,314.1,0.0
2026-09-30,장성,19,283.7,0.0
2026-09-30,장성,20,142.8,0.0
2026-09-30,장성,21,31.2,0.0
2026-09-30,장성,22,8.6,0.0
2026-09-30,장성,23,1.3,0.0
2026-10-01,남원,0,0.1,0.0
2026-10-01,남원,1,0.1,0.0
2026-10-01,남원,2,0.1,0.0
2026-10-01,남원,3,0.1,0.0
2026-10-01,남원,4,0.0,0.0
2026-10-01,남원,5,0.0,0.0
2026-10-01,남원,6,0.7,0.0
2026-10-01,남원,7,42.0,0.0
2026-10-01,남원,8,152.6,0.0
2026-10-01,남원,9,269.3,0.0
2026-10-01,남원,10,296.2,0.0
2026-10-01,남원,11,341.9,0.1
2026-10-01,남원,12,373.5,178.8
2026-10-01,남원,13,404.0,134.2
2026-10-01,남원,14,408.3,0.0
2026-10-01,남원,15,338.5,0.0
2026-10-01,남원,16,234.0,0.0
2026-10-01,남원,17,155.8,0.0
2026-10-01,남원,18,92.1,0.0
2026-10-01,남원,19,81.6,0.0
2026-10-01,남원,20,66.7,0.0
2026-10-01,남원,21,33.4,0.0
2026-10-01,남원,22,7.9,0.0
2026-10-01,남원,23,1.0,0.0
2026-10-01,동산,0,0.1,0.0
2026-10-01,동산,1,0.1,0.0
2026-10-01,동산,2,0.1,0.0
2026-10-01,동산,3,0.1,0.0
2026-10-01,동산,4,0.0,0.0
2026-10-01,동산,5,0.0,0.0
2026-10-01,동산,6,0.7,0.0
2026-10-01,동산,7,42.0,0.0
2026-10-01,동산,8,152.6,0.0
2026-10-01,동산,9,269.3,0.0
2026-10-01,동산,10,296.2,0.0
2026-10-01,동산,11,341.9,0.1
2026-10-01,동산,12,373.5,178.8
2026-10-01,동산,13,404.0,134.2
2026-10-01,동산,14,408.3,0.0
2026-10-01,동산,15,338.5,0.0
2026-10-01,동산,16,234.0,0.0
2026-10-01,동산,17,155.8,0.0
2026-10-01,동산,18,92.1,0.0
2026-10-01,동산,19,81.6,0.0
2026-10-01,동산,20,66.7,0.0
2026-10-01,동산,21,33.4,0.0
2026-10-01,동산,22,7.9,0.0
2026-10-01,동산,23,1.0,0.0
2026-10-01,새만금,0,0.1,0.0
2026-10-01,새만금,1,0.1,0.0
2026-10-01,새만금,2,0.1,0.0
2026-10-01,새만금,3,0.1,0.0
2026-10-01,새만금,4,0.0,0.0
2026-10-01,새만금,5,0.0,0.0
2026-10-01,새만금,6,0.7,0.0
2026-10-01,새만금,7,42.0,0.0
2026-10-01,새만금,8,152.6,0.0
2026-10-01,새만금,9,269.3,0.0
2026-10-01,새만금,10,296.2,0.0
2026-10-01,새만금,11,341.9,0.1
2026-10-01,새만금,12,373.5,178.8
2026-10-01,새만금,13,404.0,134.2
2026-10-01,새만금,14,408.3,0.0
2026-10-01,새만금,15,338.5,0.0
2026-10-01,새만금,16,234.0,0.0
2026-10-01,새만금,17,155.8,0.0
2026-10-01,새만금,18,92.1,0.0
2026-10-01,새만금,19,81.6,0.0
2026-10-01,새만금,20,66.7,0.0
2026-10-01,새만금,21,33.4,0.0
2026-10-01,새만금,22,7.9,0.0
2026-10-01,새만금,23,1.0,0.0
2026-10-01,장성,0,0.5,0.0
2026-10-01,장성,1,0.3,0.0
2026-10-01,장성,2,0.3,0.0
2026-10-01,장성,3,0.3,0.0
2026-10-01,장성,4,0.0,0.0
2026-10-01,장성,5,0.0,0.0
2026-10-01,장성,6,2.9,0.0
2026-10-01,장성,7,167.8,0.0
2026-10-01,장성,8,609.8,0.0
2026-10-01,장성,9,1076.3,0.0
2026-10-01,장성,10,1183.7,0.0
2026-10-01,장성,11,1366.4,0.3
2026-10-01,장성,12,1492.7,714.6
2026-10-01,장성,13,1614.6,536.4
2026-10-01,장성,14,1631.5,0.0
2026-10-01,장성,15,1352.8,0.0
2026-10-01,장성,16,935.0,0.0
2026-10-01,장성,17,622.4,0.0
2026-10-01,장성,18,367.9,0.0
2026-10-01,장성,19,326.0,0.0
2026-10-01,장성,20,266.7,0.0
2026-10-01,장성,21,133.4,0.0
2026-10-01,장성,22,31.6,0.0
2026-10-01,장성,23,3.8,0.0
2026-10-02,남원,0,0.1,0.0
2026-10-02,남원,1,0.1,0.0
2026-10-02,남원,2,0.1,0.0
2026-10-02,남원,3,0.1,0.0
2026-10-02,남원,4,0.0,0.0
2026-10-02,남원,5,0.0,0.0
2026-10-02,남원,6,0.1,0.0
2026-10-02,남원,7,29.9,0.0
2026-10-02,남원,8,150.8,0.0
2026-10-02,남원,9,276.0,0.0
2026-10-02,남원,10,301.8,0.0
2026-10-02,남원,11,346.3,0.0
2026-10-02,남원,12,358.7,179.0
2026-10-02,남원,13,396.6,129.6
2026-10-02,남원,14,410.1,0.0
2026-10-02,남원,15,327.8,0.0
2026-10-02,남원,16,208.9,0.0
2026-10-02,남원,17,131.6,0.0
2026-10-02,남원,18,85.9,0.0
2026-10-02,남원,19,81.3,0.0
2026-10-02,남원,20,63.8,0.0
2026-10-02,남원,21,27.6,0.0
2026-10-02,남원,22,6.9,0.0
2026-10-02,남원,23,1.0,0.0
2026-10-02,동산,0,0.1,0.0
2026-10-02,동산,1,0.1,0.0
2026-10-02,동산,2,0.1,0.0
2026-10-02,동산,3,0.1,0.0
2026-10-02,동산,4,0.0,0.0
2026-10-02,동산,5,0.0,0.0
2026-10-02,동산,6,0.1,0.0
2026-10-02,동산,7,29.9,0.0
2026-10-02,동산,8,150.8,0.0
2026-10-02,동산,9,276.0,0.0
2026-10-02,동산,10,301.8,0.0
2026-10-02,동산,11,346.3,0.0
2026-10-02,동산,12,358.7,179.0
2026-10-02,동산,13,396.6,129.6
2026-10-02,동산,14,410.1,0.0
2026-10-02,동산,15,327.8,0.0
2026-10-02,동산,16,208.9,0.0
2026-10-02,동산,17,131.6,0.0
2026-10-02,동산,18,85.9,0.0
2026-10-02,동산,19,81.3,0.0
2026-10-02,동산,20,63.8,0.0
2026-10-02,동산,21,27.6,0.0
2026-10-02,동산,22,6.9,0.0
2026-10-02,동산,23,1.0,0.0
2026-10-02,새만금,0,0.1,0.0
2026-10-02,새만금,1,0.1,0.0
2026-10-02,새만금,2,0.1,0.0
2026-10-02,새만금,3,0.1,0.0
2026-10-02,새만금,4,0.0,0.0
2026-10-02,새만금,5,0.0,0.0
2026-10-02,새만금,6,0.1,0.0
2026-10-02,새만금,7,29.9,0.0
2026-10-02,새만금,8,150.8,0.0
2026-10-02,새만금,9,276.0,0.0
2026-10-02,새만금,10,301.8,0.0
2026-10-02,새만금,11,346.3,0.0
2026-10-02,새만금,12,358.7,179.0
2026-10-02,새만금,13,396.6,129.6
2026-10-02,새만금,14,410.1,0.0
2026-10-02,새만금,15,327.8,0.0
2026-10-02,새만금,16,208.9,0.0
2026-10-02,새만금,17,131.6,0.0
2026-10-02,새만금,18,85.9,0.0
2026-10-02,새만금,19,81.3,0.0
2026-10-02,새만금,20,63.8,0.0
2026-10-02,새만금,21,27.6,0.0
2026-10-02,새만금,22,6.9,0.0
2026-10-02,새만금,23,1.0,0.0
2026-10-02,장성,0,0.4,0.0
2026-10-02,장성,1,0.3,0.0
2026-10-02,장성,2,0.3,0.0
2026-10-02,장성,3,0.3,0.0
2026-10-02,장성,4,0.0,0.0
2026-10-02,장성,5,0.0,0.0
2026-10-02,장성,6,0.5,0.0
2026-10-02,장성,7,119.5,0.0
2026-10-02,장성,8,602.5,0.0
2026-10-02,장성,9,1102.8,0.0
2026-10-02,장성,10,1205.9,0.0
2026-10-02,장성,11,1383.8,0.0
2026-10-02,장성,12,1433.3,715.3
2026-10-02,장성,13,1584.9,517.9
2026-10-02,장성,14,1638.9,0.0
2026-10-02,장성,15,1309.9,0.0
2026-10-02,장성,16,834.8,0.0
2026-10-02,장성,17,526.0,0.0
2026-10-02,장성,18,343.5,0.0
2026-10-02,장성,19,324.8,0.0
2026-10-02,장성,20,255.0,0.0
2026-10-02,장성,21,110.3,0.0
2026-10-02,장성,22,27.4,0.0
2026-10-02,장성,23,4.1,0.0
2026-10-03,남원,0,0.1,0.0
2026-10-03,남원,1,0.1,0.0
2026-10-03,남원,2,0.1,0.0
2026-10-03,남원,3,0.1,0.0
2026-10-03,남원,4,0.0,0.0
2026-10-03,남원,5,0.0,0.0
2026-10-03,남원,6,0.5,0.0
2026-10-03,남원,7,30.5,0.0
2026-10-03,남원,8,124.2,0.0
2026-10-03,남원,9,233.3,0.0
2026-10-03,남원,10,259.5,0.0
2026-10-03,남원,11,300.4,0.0
2026-10-03,남원,12,327.3,166.4
2026-10-03,남원,13,345.3,133.7
2026-10-03,남원,14,340.3,0.0
2026-10-03,남원,15,270.0,0.0
2026-10-03,남원,16,163.3,0.0
2026-10-03,남원,17,128.4,0.0
2026-10-03,남원,18,89.9,0.0
2026-10-03,남원,19,80.7,0.0
2026-10-03,남원,20,62.6,0.0
2026-10-03,남원,21,29.0,0.0
2026-10-03,남원,22,7.0,0.0
2026-10-03,남원,23,0.8,0.0
2026-10-03,동산,0,0.1,0.0
2026-10-03,동산,1,0.1,0.0
2026-10-03,동산,2,0.1,0.0
2026-10-03,동산,3,0.1,0.0
2026-10-03,동산,4,0.0,0.0
2026-10-03,동산,5,0.0,0.0
2026-10-03,동산,6,0.5,0.0
2026-10-03,동산,7,30.5,0.0
2026-10-03,동산,8,124.2,0.0
2026-10-03,동산,9,233.3,0.0
2026-10-03,동산,10,259.5,0.0
2026-10-03,동산,11,300.4,0.0
2026-10-03,동산,12,327.3,166.4
2026-10-03,동산,13,345.3,133.7
2026-10-03,동산,14,340.3,0.0
2026-10-03,동산,15,270.0,0.0
2026-10-03,동산,16,163.3,0.0
2026-10-03,동산,17,128.4,0.0
2026-10-03,동산,18,89.9,0.0
2026-10-03,동산,19,80.7,0.0
2026-10-03,동산,20,62.6,0.0
2026-10-03,동산,21,29.0,0.0
2026-10-03,동산,22,7.0,0.0
2026-10-03,동산,23,0.8,0.0
2026-10-03,새만금,0,0.1,0.0
2026-10-03,새만금,1,0.1,0.0
2026-10-03,새만금,2,0.1,0.0
2026-10-03,새만금,3,0.1,0.0
2026-10-03,새만금,4,0.0,0.0
2026-10-03,새만금,5,0.0,0.0
2026-10-03,새만금,6,0.5,0.0
2026-10-03,새만금,7,30.5,0.0
2026-10-03,새만금,8,124.2,0.0
2026-10-03,새만금,9,233.3,0.0
2026-10-03,새만금,10,259.5,0.0
2026-10-03,새만금,11,300.4,0.0
2026-10-03,새만금,12,327.3,166.4
2026-10-03,새만금,13,345.3,133.7
2026-10-03,새만금,14,340.3,0.0
2026-10-03,새만금,15,270.0,0.0
2026-10-03,새만금,16,163.3,0.0
2026-10-03,새만금,17,128.4,0.0
2026-10-03,새만금,18,89.9,0.0
2026-10-03,새만금,19,80.7,0.0
2026-10-03,새만금,20,62.6,0.0
2026-10-03,새만금,21,29.0,0.0
2026-10-03,새만금,22,7.0,0.0
2026-10-03,새만금,23,0.8,0.0
2026-10-03,장성,0,0.5,0.0
2026-10-03,장성,1,0.3,0.0
2026-10-03,장성,2,0.3,0.0
2026-10-03,장성,3,0.3,0.0
2026-10-03,장성,4,0.1,0.0
2026-10-03,장성,5,0.0,0.0
2026-10-03,장성,6,2.1,0.0
2026-10-03,장성,7,121.8,0.0
2026-10-03,장성,8,496.2,0.0
2026-10-03,장성,9,932.4,0.0
2026-10-03,장성,10,1037.0,0.0
2026-10-03,장성,11,1200.6,0.1
2026-10-03,장성,12,1307.9,665.0
2026-10-03,장성,13,1380.1,534.2
2026-10-03,장성,14,1359.8,0.0
2026-10-03,장성,15,1078.8,0.0
2026-10-03,장성,16,652.7,0.0
2026-10-03,장성,17,513.1,0.0
2026-10-03,장성,18,359.1,0.0
2026-10-03,장성,19,322.4,0.0
2026-10-03,장성,20,250.3,0.0
2026-10-03,장성,21,115.8,0.0
2026-10-03,장성,22,27.9,0.0
2026-10-03,장성,23,3.2,0.0
2026-10-04,남원,0,0.0,0.0
2026-10-04,남원,1,0.0,0.0
2026-10-04,남원,2,0.1,0.0
2026-10-04,남원,3,0.1,0.0
2026-10-04,남원,4,0.0,0.0
2026-10-04,남원,5,0.0,0.0
2026-10-04,남원,6,0.0,0.0
2026-10-04,남원,7,7.7,0.0
2026-10-04,남원,8,44.0,0.0
2026-10-04,남원,9,149.6,0.0
2026-10-04,남원,10,226.2,0.0
2026-10-04,남원,11,283.5,94.6
2026-10-04,남원,12,234.0,159.4
2026-10-04,남원,13,224.5,0.0
2026-10-04,남원,14,171.2,0.0
2026-10-04,남원,15,100.0,37.7
2026-10-04,남원,16,59.0,0.0
2026-10-04,남원,17,76.2,0.0
2026-10-04,남원,18,77.3,0.0
2026-10-04,남원,19,66.0,0.0
2026-10-04,남원,20,32.7,0.0
2026-10-04,남원,21,11.0,0.0
2026-10-04,남원,22,2.7,0.0
2026-10-04,남원,23,0.3,0.0
2026-10-04,동산,0,0.0,0.0
2026-10-04,동산,1,0.0,0.0
2026-10-04,동산,2,0.1,0.0
2026-10-04,동산,3,0.1,0.0
2026-10-04,동산,4,0.0,0.0
2026-10-04,동산,5,0.0,0.0
2026-10-04,동산,6,0.0,0.0
2026-10-04,동산,7,7.7,0.0
2026-10-04,동산,8,44.0,0.0
2026-10-04,동산,9,149.6,0.0
2026-10-04,동산,10,226.2,0.0
2026-10-04,동산,11,283.5,94.6
2026-10-04,동산,12,234.0,159.4
2026-10-04,동산,13,224.5,0.0
2026-10-04,동산,14,171.2,0.0
2026-10-04,동산,15,100.0,37.7
2026-10-04,동산,16,59.0,0.0
2026-10-04,동산,17,76.2,0.0
2026-10-04,동산,18,77.3,0.0
2026-10-04,동산,19,66.0,0.0
2026-10-04,동산,20,32.7,0.0
2026-10-04,동산,21,11.0,0.0
2026-10-04,동산,22,2.7,0.0
2026-10-04,동산,23,0.3,0.0
2026-10-04,새만금,0,0.0,0.0
2026-10-04,새만금,1,0.0,0.0
2026-10-04,새만금,2,0.1,0.0
2026-10-04,새만금,3,0.1,0.0
2026-10-04,새만금,4,0.0,0.0
2026-10-04,새만금,5,0.0,0.0
2026-10-04,새만금,6,0.0,0.0
2026-10-04,새만금,7,7.7,0.0
2026-10-04,새만금,8,44.0,0.0
2026-10-04,새만금,9,149.6,0.0
2026-10-04,새만금,10,226.2,0.0
2026-10-04,새만금,11,283.5,94.6
2026-10-04,새만금,12,234.0,159.4
2026-10-04,새만금,13,224.5,0.0
2026-10-04,새만금,14,171.2,0.0
2026-10-04,새만금,15,100.0,37.7
2026-10-04,새만금,16,59.0,0.0
2026-10-04,새만금,17,76.2,0.0
2026-10-04,새만금,18,77.3,0.0
2026-10-04,새만금,19,66.0,0.0
2026-10-04,새만금,20,32.7,0.0
2026-10-04,새만금,21,11.0,0.0
2026-10-04,새만금,22,2.7,0.0
2026-10-04,새만금,23,0.3,0.0
2026-10-04,장성,0,0.1,0.0
2026-10-04,장성,1,0.0,0.0
2026-10-04,장성,2,0.2,0.0
2026-10-04,장성,3,0.3,0.0
2026-10-04,장성,4,0.2,0.0
2026-10-04,장성,5,0.0,0.0
2026-10-04,장성,6,0.1,0.0
2026-10-04,장성,7,30.6,0.0
2026-10-04,장성,8,175.8,0.0
2026-10-04,장성,9,597.7,0.0
2026-10-04,장성,10,903.9,0.0
2026-10-04,장성,11,1132.8,378.2
2026-10-04,장성,12,934.9,637.0
2026-10-04,장성,13,897.1,0.0
2026-10-04,장성,14,684.3,0.0
2026-10-04,장성,15,399.6,150.6
2026-10-04,장성,16,235.6,0.0
2026-10-04,장성,17,304.3,0.0
2026-10-04,장성,18,309.0,0.0
2026-10-04,장성,19,263.9,0.0
2026-10-04,장성,20,130.7,0.0
2026-10-04,장성,21,44.1,0.0
2026-10-04,장성,22,10.6,0.0
2026-10-04,장성,23,1.3,0.0
2026-10-05,남원,0,0.1,0.0
2026-10-05,남원,1,0.1,0.0
2026-10-05,남원,2,0.1,0.0
2026-10-05,남원,3,0.1,0.0
2026-10-05,남원,4,0.0,0.0
2026-10-05,남원,5,0.0,0.0
2026-10-05,남원,6,2.6,0.0
2026-10-05,남원,7,50.7,0.0
2026-10-05,남원,8,156.8,0.0
2026-10-05,남원,9,284.2,0.0
2026-10-05,남원,10,315.1,0.0
2026-10-05,남원,11,360.8,0.0
2026-10-05,남원,12,378.5,154.2
2026-10-05,남원,13,380.7,130.5
2026-10-05,남원,14,389.1,0.0
2026-10-05,남원,15,340.3,0.0
2026-10-05,남원,16,237.0,0.0
2026-10-05,남원,17,163.2,0.0
2026-10-05,남원,18,97.7,0.0
2026-10-05,남원,19,82.5,0.0
2026-10-05,남원,20,67.3,0.0
2026-10-05,남원,21,34.2,0.0
2026-10-05,남원,22,8.4,0.0
2026-10-05,남원,23,0.9,0.0
2026-10-05,동산,0,0.1,0.0
2026-10-05,동산,1,0.1,0.0
2026-10-05,동산,2,0.1,0.0
2026-10-05,동산,3,0.1,0.0
2026-10-05,동산,4,0.0,0.0
2026-10-05,동산,5,0.0,0.0
2026-10-05,동산,6,2.6,0.0
2026-10-05,동산,7,50.7,0.0
2026-10-05,동산,8,156.8,0.0
2026-10-05,동산,9,284.2,0.0
2026-10-05,동산,10,315.1,0.0
2026-10-05,동산,11,360.8,0.0
2026-10-05,동산,12,378.5,154.2
2026-10-05,동산,13,380.7,130.5
2026-10-05,동산,14,389.1,0.0
2026-10-05,동산,15,340.3,0.0
2026-10-05,동산,16,237.0,0.0
2026-10-05,동산,17,163.2,0.0
2026-10-05,동산,18,97.7,0.0
2026-10-05,동산,19,82.5,0.0
2026-10-05,동산,20,67.3,0.0
2026-10-05,동산,21,34.2,0.0
2026-10-05,동산,22,8.4,0.0
2026-10-05,동산,23,0.9,0.0
2026-10-05,새만금,0,0.1,0.0
2026-10-05,새만금,1,0.1,0.0
2026-10-05,새만금,2,0.1,0.0
2026-10-05,새만금,3,0.1,0.0
2026-10-05,새만금,4,0.0,0.0
2026-10-05,새만금,5,0.0,0.0
2026-10-05,새만금,6,2.6,0.0
2026-10-05,새만금,7,50.7,0.0
2026-10-05,새만금,8,156.8,0.0
2026-10-05,새만금,9,284.2,0.0
2026-10-05,새만금,10,315.1,0.0
2026-10-05,새만금,11,360.8,0.0
2026-10-05,새만금,12,378.5,154.2
2026-10-05,새만금,13,380.7,130.5
2026-10-05,새만금,14,389.1,0.0
2026-10-05,새만금,15,340.3,0.0
2026-10-05,새만금,16,237.0,0.0
2026-10-05,새만금,17,163.2,0.0
2026-10-05,새만금,18,97.7,0.0
2026-10-05,새만금,19,82.5,0.0
2026-10-05,새만금,20,67.3,0.0
2026-10-05,새만금,21,34.2,0.0
2026-10-05,새만금,22,8.4,0.0
2026-10-05,새만금,23,0.9,0.0
2026-10-05,장성,0,0.2,0.0
2026-10-05,장성,1,0.3,0.0
2026-10-05,장성,2,0.3,0.0
2026-10-05,장성,3,0.3,0.0
2026-10-05,장성,4,0.0,0.0
2026-10-05,장성,5,0.1,0.0
2026-10-05,장성,6,10.4,0.0
2026-10-05,장성,7,202.4,0.0
2026-10-05,장성,8,626.6,0.0
2026-10-05,장성,9,1135.8,0.0
2026-10-05,장성,10,1259.2,0.0
2026-10-05,장성,11,1442.0,0.0
2026-10-05,장성,12,1512.4,616.3
2026-10-05,장성,13,1521.2,521.4
2026-10-05,장성,14,1555.1,0.0
2026-10-05,장성,15,1359.9,0.0
2026-10-05,장성,16,947.2,0.0
2026-10-05,장성,17,652.3,0.0
2026-10-05,장성,18,390.2,0.0
2026-10-05,장성,19,329.9,0.0
2026-10-05,장성,20,268.8,0.0
2026-10-05,장성,21,136.5,0.0
2026-10-05,장성,22,33.6,0.0
2026-10-05,장성,23,3.7,0.0
2026-10-06,남원,0,0.0,0.0
2026-10-06,남원,1,0.1,0.0
2026-10-06,남원,2,0.1,0.0
2026-10-06,남원,3,0.0,0.0
2026-10-06,남원,4,0.0,0.0
2026-10-06,남원,5,0.0,0.0
2026-10-06,남원,6,3.0,0.0
2026-10-06,남원,7,19.5,0.0
2026-10-06,남원,8,47.3,0.0
2026-10-06,남원,9,77.6,0.0
2026-10-06,남원,10,93.3,34.9
2026-10-06,남원,11,99.7,42.1
2026-10-06,남원,12,118.2,55.2
2026-10-06,남원,13,140.2,47.0
2026-10-06,남원,14,134.5,44.3
2026-10-06,남원,15,105.4,56.0
2026-10-06,남원,16,104.0,0.0
2026-10-06,남원,17,108.9,0.0
2026-10-06,남원,18,75.2,0.0
2026-10-06,남원,19,33.8,0.0
2026-10-06,남원,20,7.4,0.0
2026-10-06,남원,21,0.5,0.0
2026-10-06,남원,22,0.0,0.0
2026-10-06,남원,23,0.0,0.0
2026-10-06,동산,0,0.0,0.0
2026-10-06,동산,1,0.1,0.0
2026-10-06,동산,2,0.1,0.0
2026-10-06,동산,3,0.0,0.0
2026-10-06,동산,4,0.0,0.0
2026-10-06,동산,5,0.0,0.0
2026-10-06,동산,6,3.0,0.0
2026-10-06,동산,7,19.5,0.0
2026-10-06,동산,8,47.3,0.0
2026-10-06,동산,9,77.6,0.0
2026-10-06,동산,10,93.3,34.9
2026-10-06,동산,11,99.7,42.1
2026-10-06,동산,12,118.2,55.2
2026-10-06,동산,13,140.2,47.0
2026-10-06,동산,14,134.5,44.3
2026-10-06,동산,15,105.4,56.0
2026-10-06,동산,16,104.0,0.0
2026-10-06,동산,17,108.9,0.0
2026-10-06,동산,18,75.2,0.0
2026-10-06,동산,19,33.8,0.0
2026-10-06,동산,20,7.4,0.0
2026-10-06,동산,21,0.5,0.0
2026-10-06,동산,22,0.0,0.0
2026-10-06,동산,23,0.0,0.0
2026-10-06,새만금,0,0.0,0.0
2026-10-06,새만금,1,0.1,0.0
2026-10-06,새만금,2,0.1,0.0
2026-10-06,새만금,3,0.0,0.0
2026-10-06,새만금,4,0.0,0.0
2026-10-06,새만금,5,0.0,0.0
2026-10-06,새만금,6,3.0,0.0
2026-10-06,새만금,7,19.5,0.0
2026-10-06,새만금,8,47.3,0.0
2026-10-06,새만금,9,77.6,0.0
2026-10-06,새만금,10,93.3,34.9
2026-10-06,새만금,11,99.7,42.1
2026-10-06,새만금,12,118.2,55.2
2026-10-06,새만금,13,140.2,47.0
2026-10-06,새만금,14,134.5,44.3
2026-10-06,새만금,15,105.4,56.0
2026-10-06,새만금,16,104.0,0.0
2026-10-06,새만금,17,108.9,0.0
2026-10-06,새만금,18,75.2,0.0
2026-10-06,새만금,19,33.8,0.0
2026-10-06,새만금,20,7.4,0.0
2026-10-06,새만금,21,0.5,0.0
2026-10-06,새만금,22,0.0,0.0
2026-10-06,새만금,23,0.0,0.0
2026-10-06,장성,0,0.0,0.0
2026-10-06,장성,1,0.2,0.0
2026-10-06,장성,2,0.3,0.0
2026-10-06,장성,3,0.0,0.0
2026-10-06,장성,4,0.0,0.0
2026-10-06,장성,5,0.1,0.0
2026-10-06,장성,6,11.8,0.0
2026-10-06,장성,7,77.9,0.0
2026-10-06,장성,8,189.2,0.0
2026-10-06,장성,9,310.1,0.0
2026-10-06,장성,10,372.8,139.4
2026-10-06,장성,11,398.3,168.3
2026-10-06,장성,12,472.4,220.5
2026-10-06,장성,13,560.3,187.7
2026-10-06,장성,14,537.6,176.8
2026-10-06,장성,15,421.1,223.8
2026-10-06,장성,16,415.5,0.0
2026-10-06,장성,17,435.2,0.0
2026-10-06,장성,18,300.6,0.0
2026-10-06,장성,19,135.1,0.0
2026-10-06,장성,20,29.6,0.0
2026-10-06,장성,21,2.2,0.0
2026-10-06,장성,22,0.1,0.0
2026-10-06,장성,23,0.0,0.0
2026-10-07,남원,0,0.0,0.0
2026-10-07,남원,1,0.1,0.0
2026-10-07,남원,2,0.1,0.0
2026-10-07,남원,3,0.1,0.0
2026-10-07,남원,4,0.0,0.0
2026-10-07,남원,5,0.0,0.0
2026-10-07,남원,6,0.0,0.0
2026-10-07,남원,7,0.4,0.0
2026-10-07,남원,8,11.2,0.0
2026-10-07,남원,9,41.5,0.0
2026-10-07,남원,10,75.0,0.0
2026-10-07,남원,11,114.1,47.1
2026-10-07,남원,12,125.9,55.3
2026-10-07,남원,13,106.4,67.4
2026-10-07,남원,14,94.0,53.7
2026-10-07,남원,15,68.9,50.1
2026-10-07,남원,16,65.5,0.0
2026-10-07,남원,17,69.1,0.0
2026-10-07,남원,18,22.5,0.0
2026-10-07,남원,19,9.9,0.0
2026-10-07,남원,20,4.4,0.0
2026-10-07,남원,21,1.9,0.0
2026-10-07,남원,22,0.5,0.0
2026-10-07,남원,23,0.1,0.0
2026-10-07,동산,0,0.0,0.0
2026-10-07,동산,1,0.1,0.0
2026-10-07,동산,2,0.1,0.0
2026-10-07,동산,3,0.1,0.0
2026-10-07,동산,4,0.0,0.0
2026-10-07,동산,5,0.0,0.0
2026-10-07,동산,6,0.0,0.0
2026-10-07,동산,7,0.4,0.0
2026-10-07,동산,8,11.2,0.0
2026-10-07,동산,9,41.5,0.0
2026-10-07,동산,10,75.0,0.0
2026-10-07,동산,11,114.1,47.1
2026-10-07,동산,12,125.9,55.3
2026-10-07,동산,13,106.4,67.4
2026-10-07,동산,14,94.0,53.7
2026-10-07,동산,15,68.9,50.1
2026-10-07,동산,16,65.5,0.0
2026-10-07,동산,17,69.1,0.0
2026-10-07,동산,18,22.5,0.0
2026-10-07,동산,19,9.9,0.0
2026-10-07,동산,20,4.4,0.0
2026-10-07,동산,21,1.9,0.0
2026-10-07,동산,22,0.5,0.0
2026-10-07,동산,23,0.1,0.0
2026-10-07,새만금,0,0.0,0.0
2026-10-07,새만금,1,0.1,0.0
2026-10-07,새만금,2,0.1,0.0
2026-10-07,새만금,3,0.1,0.0
2026-10-07,새만금,4,0.0,0.0
2026-10-07,새만금,5,0.0,0.0
2026-10-07,새만금,6,0.0,0.0
2026-10-07,새만금,7,0.4,0.0
2026-10-07,새만금,8,11.2,0.0
2026-10-07,새만금,9,41.5,0.0
2026-10-07,새만금,10,75.0,0.0
2026-10-07,새만금,11,114.1,47.1
2026-10-07,새만금,12,125.9,55.3
2026-10-07,새만금,13,106.4,67.4
2026-10-07,새만금,14,94.0,53.7
2026-10-07,새만금,15,68.9,50.1
2026-10-07,새만금,16,65.5,0.0
2026-10-07,새만금,17,69.1,0.0
2026-10-07,새만금,18,22.5,0.0
2026-10-07,새만금,19,9.9,0.0
2026-10-07,새만금,20,4.4,0.0
2026-10-07,새만금,21,1.9,0.0
2026-10-07,새만금,22,0.5,0.0
2026-10-07,새만금,23,0.1,0.0
2026-10-07,장성,0,0.1,0.0
2026-10-07,장성,1,0.2,0.0
2026-10-07,장성,2,0.3,0.0
2026-10-07,장성,3,0.3,0.0
2026-10-07,장성,4,0.0,0.0
2026-10-07,장성,5,0.0,0.0
2026-10-07,장성,6,0.0,0.0
2026-10-07,장성,7,1.6,0.0
2026-10-07,장성,8,44.7,0.0
2026-10-07,장성,9,165.8,0.0
2026-10-07,장성,10,299.5,0.0
2026-10-07,장성,11,455.8,188.0
2026-10-07,장성,12,503.1,221.2
2026-10-07,장성,13,425.3,269.3
2026-10-07,장성,14,375.5,214.4
2026-10-07,장성,15,275.5,200.1
2026-10-07,장성,16,261.8,0.0
2026-10-07,장성,17,276.0,0.0
2026-10-07,장성,18,89.9,0.0
2026-10-07,장성,19,39.8,0.0
2026-10-07,장성,20,17.6,0.0
2026-10-07,장성,21,7.6,0.0
2026-10-07,장성,22,2.1,0.0
2026-10-07,장성,23,0.4,0.0
2026-10-08,남원,0,0.0,0.0
2026-10-08,남원,1,0.0,0.0
2026-10-08,남원,2,0.0,0.0
2026-10-08,남원,3,0.0,0.0
2026-10-08,남원,4,0.0,0.0
2026-10-08,남원,5,0.0,0.0
2026-10-08,남원,6,0.2,0.0
2026-10-08,남원,7,13.8,0.0
2026-10-08,남원,8,58.8,0.0
2026-10-08,남원,9,129.0,1.3
2026-10-08,남원,10,147.3,59.6
2026-10-08,남원,11,171.6,40.9
2026-10-08,남원,12,186.8,38.2
2026-10-08,남원,13,157.9,67.8
2026-10-08,남원,14,151.6,48.5
2026-10-08,남원,15,129.5,13.4
2026-10-08,남원,16,107.4,0.0
2026-10-08,남원,17,92.7,0.0
2026-10-08,남원,18,72.7,0.0
2026-10-08,남원,19,46.9,0.0
2026-10-08,남원,20,12.0,0.0
2026-10-08,남원,21,2.4,0.0
2026-10-08,남원,22,0.3,0.0
2026-10-08,남원,23,0.1,0.0
2026-10-08,동산,0,0.0,0.0
2026-10-08,동산,1,0.0,0.0
2026-10-08,동산,2,0.0,0.0
2026-10-08,동산,3,0.0,0.0
2026-10-08,동산,4,0.0,0.0
2026-10-08,동산,5,0.0,0.0
2026-10-08,동산,6,0.2,0.0
2026-10-08,동산,7,13.8,0.0
2026-10-08,동산,8,58.8,0.0
2026-10-08,동산,9,129.0,1.3
2026-10-08,동산,10,147.3,59.6
2026-10-08,동산,11,171.6,40.9
2026-10-08,동산,12,186.8,38.2
2026-10-08,동산,13,157.9,67.8
2026-10-08,동산,14,151.6,48.5
2026-10-08,동산,15,129.5,13.4
2026-10-08,동산,16,107.4,0.0
2026-10-08,동산,17,92.7,0.0
2026-10-08,동산,18,72.7,0.0
2026-10-08,동산,19,46.9,0.0
2026-10-08,동산,20,12.0,0.0
2026-10-08,동산,21,2.4,0.0
2026-10-08,동산,22,0.3,0.0
2026-10-08,동산,23,0.1,0.0
2026-10-08,새만금,0,0.0,0.0
2026-10-08,새만금,1,0.0,0.0
2026-10-08,새만금,2,0.0,0.0
2026-10-08,새만금,3,0.0,0.0
2026-10-08,새만금,4,0.0,0.0
2026-10-08,새만금,5,0.0,0.0
2026-10-08,새만금,6,0.2,0.0
2026-10-08,새만금,7,13.8,0.0
2026-10-08,새만금,8,58.8,0.0
2026-10-08,새만금,9,129.0,1.3
2026-10-08,새만금,10,147.3,59.6
2026-10-08,새만금,11,171.6,40.9
2026-10-08,새만금,12,186.8,38.2
2026-10-08,새만금,13,157.9,67.8
2026-10-08,새만금,14,151.6,48.5
2026-10-08,새만금,15,129.5,13.4
2026-10-08,새만금,16,107.4,0.0
2026-10-08,새만금,17,92.7,0.0
2026-10-08,새만금,18,72.7,0.0
2026-10-08,새만금,19,46.9,0.0
2026-10-08,새만금,20,12.0,0.0
2026-10-08,새만금,21,2.4,0.0
2026-10-08,새만금,22,0.3,0.0
2026-10-08,새만금,23,0.1,0.0
2026-10-08,장성,0,0.0,0.0
2026-10-08,장성,1,0.0,0.0
2026-10-08,장성,2,0.1,0.0
2026-10-08,장성,3,0.0,0.0
2026-10-08,장성,4,0.0,0.0
2026-10-08,장성,5,0.0,0.0
2026-10-08,장성,6,0.9,0.0
2026-10-08,장성,7,55.0,0.0
2026-10-08,장성,8,235.0,0.0
2026-10-08,장성,9,515.5,5.0
2026-10-08,장성,10,588.4,238.4
2026-10-08,장성,11,685.7,163.2
2026-10-08,장성,12,746.3,152.9
2026-10-08,장성,13,631.0,270.9
2026-10-08,장성,14,606.0,194.0
2026-10-08,장성,15,517.5,53.4
2026-10-08,장성,16,429.3,0.0
2026-10-08,장성,17,370.5,0.0
2026-10-08,장성,18,290.5,0.0
2026-10-08,장성,19,187.3,0.0
2026-10-08,장성,20,48.1,0.0
2026-10-08,장성,21,9.4,0.0
2026-10-08,장성,22,1.2,0.0
2026-10-08,장성,23,0.2,0.0
2026-10-09,남원,0,0.1,0.0
2026-10-09,남원,1,0.1,0.0
2026-10-09,남원,2,0.1,0.0
2026-10-09,남원,3,0.1,0.0
2026-10-09,남원,4,0.0,0.0
2026-10-09,남원,5,0.3,0.0
2026-10-09,남원,6,23.0,0.0
2026-10-09,남원,7,79.3,0.0
2026-10-09,남원,8,164.3,44.2
2026-10-09,남원,9,145.4,81.8
2026-10-09,남원,10,90.1,37.0
2026-10-09,남원,11,75.3,38.9
2026-10-09,남원,12,78.1,41.8
2026-10-09,남원,13,72.9,0.0
2026-10-09,남원,14,54.5,0.0
2026-10-09,남원,15,42.0,0.0
2026-10-09,남원,16,55.2,0.0
2026-10-09,남원,17,95.4,0.0
2026-10-09,남원,18,32.3,0.0
2026-10-09,남원,19,4.3,0.0
2026-10-09,남원,20,1.6,0.0
2026-10-09,남원,21,0.2,0.0
2026-10-09,남원,22,0.0,0.0
2026-10-09,남원,23,0.0,0.0
2026-10-09,동산,0,0.1,0.0
2026-10-09,동산,1,0.1,0.0
2026-10-09,동산,2,0.1,0.0
2026-10-09,동산,3,0.1,0.0
2026-10-09,동산,4,0.0,0.0
2026-10-09,동산,5,0.3,0.0
2026-10-09,동산,6,23.0,0.0
2026-10-09,동산,7,79.3,0.0
2026-10-09,동산,8,164.3,44.2
2026-10-09,동산,9,145.4,81.8
2026-10-09,동산,10,90.1,37.0
2026-10-09,동산,11,75.3,38.9
2026-10-09,동산,12,78.1,41.8
2026-10-09,동산,13,72.9,0.0
2026-10-09,동산,14,54.5,0.0
2026-10-09,동산,15,42.0,0.0
2026-10-09,동산,16,55.2,0.0
2026-10-09,동산,17,95.4,0.0
2026-10-09,동산,18,32.3,0.0
2026-10-09,동산,19,4.3,0.0
2026-10-09,동산,20,1.6,0.0
2026-10-09,동산,21,0.2,0.0
2026-10-09,동산,22,0.0,0.0
2026-10-09,동산,23,0.0,0.0
2026-10-09,새만금,0,0.1,0.0
2026-10-09,새만금,1,0.1,0.0
2026-10-09,새만금,2,0.1,0.0
2026-10-09,새만금,3,0.1,0.0
2026-10-09,새만금,4,0.0,0.0
2026-10-09,새만금,5,0.3,0.0
2026-10-09,새만금,6,23.0,0.0
2026-10-09,새만금,7,79.3,0.0
2026-10-09,새만금,8,164.3,44.2
2026-10-09,새만금,9,145.4,81.8
2026-10-09,새만금,10,90.1,37.0
2026-10-09,새만금,11,75.3,38.9
2026-10-09,새만금,12,78.1,41.8
2026-10-09,새만금,13,72.9,0.0
2026-10-09,새만금,14,54.5,0.0
2026-10-09,새만금,15,42.0,0.0
2026-10-09,새만금,16,55.2,0.0
2026-10-09,새만금,17,95.4,0.0
2026-10-09,새만금,18,32.3,0.0
2026-10-09,새만금,19,4.3,0.0
2026-10-09,새만금,20,1.6,0.0
2026-10-09,새만금,21,0.2,0.0
2026-10-09,새만금,22,0.0,0.0
2026-10-09,새만금,23,0.0,0.0
2026-10-09,장성,0,0.5,0.0
2026-10-09,장성,1,0.3,0.0
2026-10-09,장성,2,0.3,0.0
2026-10-09,장성,3,0.4,0.0
2026-10-09,장성,4,0.1,0.0
2026-10-09,장성,5,1.4,0.0
2026-10-09,장성,6,92.0,0.0
2026-10-09,장성,7,316.9,0.0
2026-10-09,장성,8,656.4,176.6
2026-10-09,장성,9,581.2,327.0
2026-10-09,장성,10,360.2,148.1
2026-10-09,장성,11,300.9,155.4
2026-10-09,장성,12,312.2,166.8
2026-10-09,장성,13,291.2,0.0
2026-10-09,장성,14,217.8,0.0
2026-10-09,장성,15,167.8,0.0
2026-10-09,장성,16,220.5,0.0
2026-10-09,장성,17,381.2,0.0
2026-10-09,장성,18,129.1,0.0
2026-10-09,장성,19,17.3,0.0
2026-10-09,장성,20,6.3,0.0
2026-10-09,장성,21,1.0,0.0
2026-10-09,장성,22,0.2,0.0
2026-10-09,장성,23,0.0,0.0
2026-10-10,남원,0,0.0,0.0
2026-10-10,남원,1,0.0,0.0
2026-10-10,남원,2,0.1,0.0
2026-10-10,남원,3,0.1,0.0
2026-10-10,남원,4,0.0,0.0
2026-10-10,남원,5,0.0,0.0
2026-10-10,남원,6,0.0,0.0
2026-10-10,남원,7,9.9,0.0
2026-10-10,남원,8,39.3,0.0
2026-10-10,남원,9,65.2,0.0
2026-10-10,남원,10,96.3,55.7
2026-10-10,남원,11,112.2,62.5
2026-10-10,남원,12,99.3,45.9
2026-10-10,남원,13,82.2,66.0
2026-10-10,남원,14,56.6,0.0
2026-10-10,남원,15,30.0,0.0
2026-10-10,남원,16,24.1,0.0
2026-10-10,남원,17,58.4,0.0
2026-10-10,남원,18,24.6,0.0
2026-10-10,남원,19,5.0,0.0
2026-10-10,남원,20,1.5,0.0
2026-10-10,남원,21,0.3,0.0
2026-10-10,남원,22,0.0,0.0
2026-10-10,남원,23,0.0,0.0
2026-10-10,동산,0,0.0,0.0
2026-10-10,동산,1,0.0,0.0
2026-10-10,동산,2,0.1,0.0
2026-10-10,동산,3,0.1,0.0
2026-10-10,동산,4,0.0,0.0
2026-10-10,동산,5,0.0,0.0
2026-10-10,동산,6,0.0,0.0
2026-10-10,동산,7,9.9,0.0
2026-10-10,동산,8,39.3,0.0
2026-10-10,동산,9,65.2,0.0
2026-10-10,동산,10,96.3,55.7
2026-10-10,동산,11,112.2,62.5
2026-10-10,동산,12,99.3,45.9
2026-10-10,동산,13,82.2,66.0
2026-10-10,동산,14,56.6,0.0
2026-10-10,동산,15,30.0,0.0
2026-10-10,동산,16,24.1,0.0
2026-10-10,동산,17,58.4,0.0
2026-10-10,동산,18,24.6,0.0
2026-10-10,동산,19,5.0,0.0
2026-10-10,동산,20,1.5,0.0
2026-10-10,동산,21,0.3,0.0
2026-10-10,동산,22,0.0,0.0
2026-10-10,동산,23,0.0,0.0
2026-10-10,새만금,0,0.0,0.0
2026-10-10,새만금,1,0.0,0.0
2026-10-10,새만금,2,0.1,0.0
2026-10-10,새만금,3,0.1,0.0
2026-10-10,새만금,4,0.0,0.0
2026-10-10,새만금,5,0.0,0.0
2026-10-10,새만금,6,0.0,0.0
2026-10-10,새만금,7,9.9,0.0
2026-10-10,새만금,8,39.3,0.0
2026-10-10,새만금,9,65.2,0.0
2026-10-10,새만금,10,96.3,55.7
2026-10-10,새만금,11,112.2,62.5
2026-10-10,새만금,12,99.3,45.9
2026-10-10,새만금,13,82.2,66.0
2026-10-10,새만금,14,56.6,0.0
2026-10-10,새만금,15,30.0,0.0
2026-10-10,새만금,16,24.1,0.0
2026-10-10,새만금,17,58.4,0.0
2026-10-10,새만금,18,24.6,0.0
2026-10-10,새만금,19,5.0,0.0
2026-10-10,새만금,20,1.5,0.0
2026-10-10,새만금,21,0.3,0.0
2026-10-10,새만금,22,0.0,0.0
2026-10-10,새만금,23,0.0,0.0
2026-10-10,장성,0,0.1,0.0
2026-10-10,장성,1,0.0,0.0
2026-10-10,장성,2,0.2,0.0
2026-10-10,장성,3,0.3,0.0
2026-10-10,장성,4,0.2,0.0
2026-10-10,장성,5,0.0,0.0
2026-10-10,장성,6,0.0,0.0
2026-10-10,장성,7,39.7,0.0
2026-10-10,장성,8,157.2,0.0
2026-10-10,장성,9,260.6,0.0
2026-10-10,장성,10,384.7,222.5
2026-10-10,장성,11,448.4,249.7
2026-10-10,장성,12,396.8,183.4
2026-10-10,장성,13,328.5,263.8
2026-10-10,장성,14,226.2,0.0
2026-10-10,장성,15,119.9,0.0
2026-10-10,장성,16,96.5,0.0
2026-10-10,장성,17,233.4,0.0
2026-10-10,장성,18,98.5,0.0
2026-10-10,장성,19,20.2,0.0
2026-10-10,장성,20,6.0,0.0
2026-10-10,장성,21,1.4,0.0
2026-10-10,장성,22,0.2,0.0
2026-10-10,장성,23,0.0,0.0
2026-10-11,남원,0,0.0,0.0
2026-10-11,남원,1,0.0,0.0
2026-10-11,남원,2,0.1,0.0
2026-10-11,남원,3,0.0,0.0
2026-10-11,남원,4,0.0,0.0
2026-10-11,남원,5,0.0,0.0
2026-10-11,남원,6,0.2,0.0
2026-10-11,남원,7,17.0,0.0
2026-10-11,남원,8,67.8,0.0
2026-10-11,남원,9,122.8,0.0
2026-10-11,남원,10,174.7,53.6
2026-10-11,남원,11,217.5,76.1
2026-10-11,남원,12,246.1,72.7
2026-10-11,남원,13,236.8,0.0
2026-10-11,남원,14,205.4,0.0
2026-10-11,남원,15,170.4,0.0
2026-10-11,남원,16,103.2,0.0
2026-10-11,남원,17,91.7,0.0
2026-10-11,남원,18,77.5,0.0
2026-10-11,남원,19,64.7,0.0
2026-10-11,남원,20,38.1,0.0
2026-10-11,남원,21,13.1,0.0
2026-10-11,남원,22,2.6,0.0
2026-10-11,남원,23,0.1,0.0
2026-10-11,동산,0,0.0,0.0
2026-10-11,동산,1,0.0,0.0
2026-10-11,동산,2,0.1,0.0
2026-10-11,동산,3,0.0,0.0
2026-10-11,동산,4,0.0,0.0
2026-10-11,동산,5,0.0,0.0
2026-10-11,동산,6,0.2,0.0
2026-10-11,동산,7,17.0,0.0
2026-10-11,동산,8,67.8,0.0
2026-10-11,동산,9,122.8,0.0
2026-10-11,동산,10,174.7,53.6
2026-10-11,동산,11,217.5,76.1
2026-10-11,동산,12,246.1,72.7
2026-10-11,동산,13,236.8,0.0
2026-10-11,동산,14,205.4,0.0
2026-10-11,동산,15,170.4,0.0
2026-10-11,동산,16,103.2,0.0
2026-10-11,동산,17,91.7,0.0
2026-10-11,동산,18,77.5,0.0
2026-10-11,동산,19,64.7,0.0
2026-10-11,동산,20,38.1,0.0
2026-10-11,동산,21,13.1,0.0
2026-10-11,동산,22,2.6,0.0
2026-10-11,동산,23,0.1,0.0
2026-10-11,새만금,0,0.0,0.0
2026-10-11,새만금,1,0.0,0.0
2026-10-11,새만금,2,0.1,0.0
2026-10-11,새만금,3,0.0,0.0
2026-10-11,새만금,4,0.0,0.0
2026-10-11,새만금,5,0.0,0.0
2026-10-11,새만금,6,0.2,0.0
2026-10-11,새만금,7,17.0,0.0
2026-10-11,새만금,8,67.8,0.0
2026-10-11,새만금,9,122.8,0.0
2026-10-11,새만금,10,174.7,53.6
2026-10-11,새만금,11,217.5,76.1
2026-10-11,새만금,12,246.1,72.7
2026-10-11,새만금,13,236.8,0.0
2026-10-11,새만금,14,205.4,0.0
2026-10-11,새만금,15,170.4,0.0
2026-10-11,새만금,16,103.2,0.0
2026-10-11,새만금,17,91.7,0.0
2026-10-11,새만금,18,77.5,0.0
2026-10-11,새만금,19,64.7,0.0
2026-10-11,새만금,20,38.1,0.0
2026-10-11,새만금,21,13.1,0.0
2026-10-11,새만금,22,2.6,0.0
2026-10-11,새만금,23,0.1,0.0
2026-10-11,장성,0,0.0,0.0
2026-10-11,장성,1,0.0,0.0
2026-10-11,장성,2,0.2,0.0
2026-10-11,장성,3,0.1,0.0
2026-10-11,장성,4,0.0,0.0
2026-10-11,장성,5,0.0,0.0
2026-10-11,장성,6,0.8,0.0
2026-10-11,장성,7,67.8,0.0
2026-10-11,장성,8,270.9,0.0
2026-10-11,장성,9,490.9,0.0
2026-10-11,장성,10,698.0,214.1
2026-10-11,장성,11,869.1,304.0
2026-10-11,장성,12,983.5,290.5
2026-10-11,장성,13,946.3,0.0
2026-10-11,장성,14,820.7,0.0
2026-10-11,장성,15,681.1,0.0
2026-10-11,장성,16,412.2,0.0
2026-10-11,장성,17,366.5,0.0
2026-10-11,장성,18,309.8,0.0
2026-10-11,장성,19,258.6,0.0
2026-10-11,장성,20,152.4,0.0
2026-10-11,장성,21,52.4,0.0
2026-10-11,장성,22,10.4,0.0
2026-10-11,장성,23,0.3,0.0
